order_ref,dispatch_no,invoice_no,dispatch_date,dispatch_time,dispatch_type,customer_agent,party_type,vehicle_id,driver_id,driver_name,trip_id,dispatched_by
ORD-01291,DSP-260823-0001,INV-2608-00001,2026-08-23,05:00,Store replenishment,Waypoint Fresh store OUT101,Own store,VEH058,DRV058,Ruwan Jayasinghe,TRP-260823-0001,dispatcher
ORD-01336,DSP-260823-0002,INV-2608-00002,2026-08-23,06:30,Store replenishment,Waypoint Fresh store OUT104,Own store,VEH040,DRV040,Dinesh Bandara,TRP-260823-0002,dispatcher
ORD-01220,DSP-260823-0003,INV-2608-00003,2026-08-23,05:45,Store replenishment,Waypoint Tech store OUT095,Own store,VEH040,DRV040,Dinesh Bandara,TRP-260823-0003,dispatcher
ORD-00477,DSP-260823-0004,INV-2608-00004,2026-08-23,04:00,Store replenishment,Waypoint Style store OUT037,Own store,VEH036,DRV036,Pradeep Silva,TRP-260823-0004,dispatcher
ORD-00284,DSP-260823-0005,INV-2608-00005,2026-08-23,07:15,Store replenishment,Waypoint Tech store OUT022,Own store,VEH029,DRV029,Tharindu Kumara,TRP-260823-0005,dispatcher
ORD-01428,DSP-260824-0006,INV-2608-00006,2026-08-24,09:45,Store replenishment,Waypoint Fresh store OUT112,Own store,VEH047,DRV047,Sampath Fernando,TRP-260824-0006,dispatcher
ORD-01108,DSP-260824-0007,INV-2608-00007,2026-08-24,06:30,Store replenishment,Waypoint Fresh store OUT086,Own store,VEH055,DRV055,Kasun Kumara,TRP-260824-0007,dispatcher
ORD-00987,DSP-260824-0008,INV-2608-00008,2026-08-24,06:45,Store replenishment,Waypoint Fresh store OUT076,Own store,VEH043,DRV043,Asanka Kumara,TRP-260824-0008,dispatcher
ORD-01177,DSP-260824-0009,INV-2608-00009,2026-08-24,08:00,Store replenishment,Waypoint Style store OUT091,Own store,VEH043,DRV043,Asanka Kumara,TRP-260824-0009,dispatcher
ORD-01460,DSP-260824-0010,INV-2608-00010,2026-08-24,09:30,Store replenishment,Waypoint Tech store OUT115,Own store,VEH051,DRV051,Janaka Fernando,TRP-260824-0010,dispatcher
ORD-00517,DSP-260824-0011,INV-2608-00011,2026-08-24,06:45,Store replenishment,Waypoint Fresh store OUT040,Own store,VEH005,DRV005,Tharindu Fernando,TRP-260824-0011,dispatcher
ORD-00567,DSP-260824-0011,INV-2608-00011,2026-08-24,06:45,Store replenishment,Waypoint Fresh store OUT044,Own store,VEH005,DRV005,Tharindu Fernando,TRP-260824-0011,dispatcher
ORD-00869,DSP-260824-0012,INV-2608-00012,2026-08-24,06:30,Store replenishment,Waypoint Fresh store OUT067,Own store,VEH005,DRV005,Tharindu Fernando,TRP-260824-0012,dispatcher
ORD-00773,DSP-260824-0013,INV-2608-00013,2026-08-24,05:30,Store replenishment,Waypoint Fresh store OUT060,Own store,VEH008,DRV008,Chaminda Bandara,TRP-260824-0013,dispatcher
ORD-00687,DSP-260824-0014,INV-2608-00014,2026-08-24,06:15,Store replenishment,Waypoint Fresh store OUT053,Own store,VEH003,DRV003,Nuwan Kumara,TRP-260824-0014,dispatcher
ORD-00714,DSP-260824-0014,INV-2608-00014,2026-08-24,06:15,Store replenishment,Waypoint Fresh store OUT055,Own store,VEH003,DRV003,Nuwan Kumara,TRP-260824-0014,dispatcher
ORD-00514,DSP-260824-0015,INV-2608-00015,2026-08-24,06:00,Store replenishment,Waypoint Fresh store OUT040,Own store,VEH035,DRV035,Sunil Kumara,TRP-260824-0015,dispatcher
ORD-00583,DSP-260824-0015,INV-2608-00015,2026-08-24,06:00,Store replenishment,Waypoint Fresh store OUT045,Own store,VEH035,DRV035,Sunil Kumara,TRP-260824-0015,dispatcher
ORD-00912,DSP-260824-0016,INV-2608-00016,2026-08-24,09:15,Store replenishment,Waypoint Style store OUT071,Own store,VEH026,DRV026,Kelum Rathnayake,TRP-260824-0016,dispatcher
ORD-01399,DSP-260825-0017,INV-2608-00017,2026-08-25,06:15,Store replenishment,Waypoint Fresh store OUT110,Own store,VEH060,DRV060,Amila Gunawardena,TRP-260825-0017,dispatcher
ORD-01000,DSP-260825-0018,INV-2608-00018,2026-08-25,08:30,Store replenishment,Waypoint Fresh store OUT077,Own store,VEH052,DRV052,Kasun Silva,TRP-260825-0018,dispatcher
ORD-01089,DSP-260825-0019,INV-2608-00019,2026-08-25,06:30,Store replenishment,Waypoint Fresh store OUT084,Own store,VEH042,DRV042,Roshan Perera,TRP-260825-0019,dispatcher
ORD-01455,DSP-260825-0020,INV-2608-00020,2026-08-25,05:30,Store replenishment,Waypoint Style store OUT114,Own store,VEH049,DRV049,Tharindu Herath,TRP-260825-0020,dispatcher
ORD-01172,DSP-260825-0021,INV-2608-00021,2026-08-25,07:45,Store replenishment,Waypoint Style store OUT091,Own store,VEH039,DRV039,Ruwan Bandara,TRP-260825-0021,dispatcher
ORD-00414,DSP-260825-0022,INV-2608-00022,2026-08-25,04:45,Store replenishment,Waypoint Fresh store OUT032,Own store,VEH029,DRV029,Tharindu Kumara,TRP-260825-0022,dispatcher
ORD-00853,DSP-260825-0023,INV-2608-00023,2026-08-25,06:00,Store replenishment,Waypoint Fresh store OUT066,Own store,VEH022,DRV022,Sunil Wijesinghe,TRP-260825-0023,dispatcher
ORD-00369,DSP-260825-0024,INV-2608-00024,2026-08-25,06:00,Store replenishment,Waypoint Fresh store OUT029,Own store,VEH002,DRV002,Janaka Perera,TRP-260825-0024,dispatcher
ORD-00894,DSP-260825-0025,INV-2608-00025,2026-08-25,06:30,Store replenishment,Waypoint Fresh store OUT069,Own store,VEH002,DRV002,Janaka Perera,TRP-260825-0025,dispatcher
ORD-00187,DSP-260825-0026,INV-2608-00026,2026-08-25,05:30,Store replenishment,Waypoint Style store OUT015,Own store,VEH003,DRV003,Nuwan Kumara,TRP-260825-0026,dispatcher
ORD-00215,DSP-260825-0026,INV-2608-00026,2026-08-25,05:30,Store replenishment,Waypoint Style store OUT017,Own store,VEH003,DRV003,Nuwan Kumara,TRP-260825-0026,dispatcher
ORD-00612,DSP-260825-0027,INV-2608-00027,2026-08-25,08:30,Store replenishment,Waypoint Style store OUT048,Own store,VEH009,DRV009,Janaka Jayasinghe,TRP-260825-0027,dispatcher
ORD-00281,DSP-260825-0028,INV-2608-00028,2026-08-25,05:45,Store replenishment,Waypoint Tech store OUT022,Own store,VEH026,DRV026,Kelum Rathnayake,TRP-260825-0028,dispatcher
ORD-00312,DSP-260825-0028,INV-2608-00028,2026-08-25,05:45,Store replenishment,Waypoint Tech store OUT024,Own store,VEH026,DRV026,Kelum Rathnayake,TRP-260825-0028,dispatcher
ORD-00495,DSP-260825-0029,INV-2608-00029,2026-08-25,05:30,Store replenishment,Waypoint Tech store OUT039,Own store,VEH021,DRV021,Amila Perera,TRP-260825-0029,dispatcher
ORD-01131,DSP-260826-0030,INV-2608-00030,2026-08-26,05:45,Store replenishment,Waypoint Fresh store OUT087,Own store,VEH040,DRV040,Dinesh Bandara,TRP-260826-0030,dispatcher
ORD-01285,DSP-260826-0031,INV-2608-00031,2026-08-26,06:00,Store replenishment,Waypoint Fresh store OUT100,Own store,VEH041,DRV041,Tharindu Dissanayake,TRP-260826-0031,dispatcher
ORD-01049,DSP-260826-0032,INV-2608-00032,2026-08-26,05:30,Store replenishment,Waypoint Fresh store OUT081,Own store,VEH057,DRV057,Roshan Senanayake,TRP-260826-0032,dispatcher
ORD-01480,DSP-260826-0033,INV-2608-00033,2026-08-26,06:00,Store replenishment,Waypoint Fresh store OUT116,Own store,VEH039,DRV039,Ruwan Bandara,TRP-260826-0033,dispatcher
ORD-01258,DSP-260826-0034,INV-2608-00034,2026-08-26,05:45,Store replenishment,Waypoint Fresh store OUT098,Own store,VEH041,DRV041,Tharindu Dissanayake,TRP-260826-0034,dispatcher
ORD-01265,DSP-260826-0034,INV-2608-00034,2026-08-26,05:45,Store replenishment,Waypoint Fresh store OUT098,Own store,VEH041,DRV041,Tharindu Dissanayake,TRP-260826-0034,dispatcher
ORD-01453,DSP-260826-0035,INV-2608-00035,2026-08-26,07:45,Store replenishment,Waypoint Style store OUT114,Own store,VEH039,DRV039,Ruwan Bandara,TRP-260826-0035,dispatcher
ORD-01193,DSP-260826-0036,INV-2608-00036,2026-08-26,05:00,Store replenishment,Waypoint Style store OUT092,Own store,VEH047,DRV047,Sampath Fernando,TRP-260826-0036,dispatcher
ORD-01314,DSP-260826-0037,INV-2608-00037,2026-08-26,06:00,Store replenishment,Waypoint Style store OUT102,Own store,VEH055,DRV055,Kasun Kumara,TRP-260826-0037,dispatcher
ORD-01391,DSP-260826-0038,INV-2608-00038,2026-08-26,06:00,Store replenishment,Waypoint Style store OUT109,Own store,VEH044,DRV044,Isuru Perera,TRP-260826-0038,dispatcher
ORD-01217,DSP-260826-0039,INV-2608-00039,2026-08-26,06:30,Store replenishment,Waypoint Tech store OUT094,Own store,VEH044,DRV044,Isuru Perera,TRP-260826-0039,dispatcher
ORD-00137,DSP-260826-0040,INV-2608-00040,2026-08-26,06:30,Store replenishment,Waypoint Fresh store OUT011,Own store,VEH020,DRV020,Kelum Fernando,TRP-260826-0040,dispatcher
ORD-00175,DSP-260826-0040,INV-2608-00040,2026-08-26,06:30,Store replenishment,Waypoint Fresh store OUT014,Own store,VEH020,DRV020,Kelum Fernando,TRP-260826-0040,dispatcher
ORD-00678,DSP-260826-0041,INV-2608-00041,2026-08-26,05:30,Store replenishment,Waypoint Fresh store OUT053,Own store,VEH029,DRV029,Tharindu Kumara,TRP-260826-0041,dispatcher
ORD-00695,DSP-260826-0041,INV-2608-00041,2026-08-26,05:30,Store replenishment,Waypoint Fresh store OUT054,Own store,VEH029,DRV029,Tharindu Kumara,TRP-260826-0041,dispatcher
ORD-00326,DSP-260826-0042,INV-2608-00042,2026-08-26,04:30,Store replenishment,Waypoint Fresh store OUT026,Own store,VEH023,DRV023,Nimal Silva,TRP-260826-0042,dispatcher
ORD-00548,DSP-260826-0043,INV-2608-00043,2026-08-26,04:00,Store replenishment,Waypoint Fresh store OUT043,Own store,VEH003,DRV003,Nuwan Kumara,TRP-260826-0043,dispatcher
ORD-00179,DSP-260826-0044,INV-2608-00044,2026-08-26,06:45,Store replenishment,Waypoint Fresh store OUT014,Own store,VEH036,DRV036,Pradeep Silva,TRP-260826-0044,dispatcher
ORD-00644,DSP-260826-0045,INV-2608-00045,2026-08-26,09:00,Store replenishment,Waypoint Fresh store OUT050,Own store,VEH004,DRV004,Nuwan Perera,TRP-260826-0045,dispatcher
ORD-00656,DSP-260826-0045,INV-2608-00045,2026-08-26,09:00,Store replenishment,Waypoint Fresh store OUT051,Own store,VEH004,DRV004,Nuwan Perera,TRP-260826-0045,dispatcher
ORD-00669,DSP-260826-0045,INV-2608-00045,2026-08-26,09:00,Store replenishment,Waypoint Fresh store OUT052,Own store,VEH004,DRV004,Nuwan Perera,TRP-260826-0045,dispatcher
ORD-00580,DSP-260826-0046,INV-2608-00046,2026-08-26,09:45,Store replenishment,Waypoint Fresh store OUT045,Own store,VEH007,DRV007,Pradeep Wijesinghe,TRP-260826-0046,dispatcher
ORD-00946,DSP-260826-0047,INV-2608-00047,2026-08-26,06:15,Store replenishment,Waypoint Fresh store OUT073,Own store,VEH036,DRV036,Pradeep Silva,TRP-260826-0047,dispatcher
ORD-00971,DSP-260826-0047,INV-2608-00047,2026-08-26,06:15,Store replenishment,Waypoint Fresh store OUT075,Own store,VEH036,DRV036,Pradeep Silva,TRP-260826-0047,dispatcher
ORD-00205,DSP-260826-0048,INV-2608-00048,2026-08-26,07:15,Store replenishment,Waypoint Style store OUT016,Own store,VEH015,DRV015,Kasun Herath,TRP-260826-0048,dispatcher
ORD-00223,DSP-260826-0048,INV-2608-00048,2026-08-26,07:15,Store replenishment,Waypoint Style store OUT018,Own store,VEH015,DRV015,Kasun Herath,TRP-260826-0048,dispatcher
ORD-00601,DSP-260826-0049,INV-2608-00049,2026-08-26,08:30,Store replenishment,Waypoint Style store OUT047,Own store,VEH009,DRV009,Janaka Jayasinghe,TRP-260826-0049,dispatcher
ORD-00914,DSP-260826-0050,INV-2608-00050,2026-08-26,05:00,Store replenishment,Waypoint Style store OUT071,Own store,VEH004,DRV004,Nuwan Perera,TRP-260826-0050,dispatcher
ORD-00743,DSP-260826-0051,INV-2608-00051,2026-08-26,06:45,Store replenishment,Waypoint Tech store OUT058,Own store,VEH005,DRV005,Tharindu Fernando,TRP-260826-0051,dispatcher
ORD-00498,DSP-260826-0052,INV-2608-00052,2026-08-26,04:00,Store replenishment,Waypoint Tech store OUT039,Own store,VEH011,DRV011,Kelum Wijesinghe,TRP-260826-0052,dispatcher
ORD-00825,DSP-260826-0053,INV-2608-00053,2026-08-26,06:15,Store replenishment,Waypoint Tech store OUT064,Own store,VEH025,DRV025,Isuru Jayasinghe,TRP-260826-0053,dispatcher
ORD-01402,DSP-260827-0054,INV-2608-00054,2026-08-27,04:45,Store replenishment,Waypoint Fresh store OUT110,Own store,VEH048,DRV048,Janaka Silva,TRP-260827-0054,dispatcher
ORD-01432,DSP-260827-0054,INV-2608-00054,2026-08-27,04:45,Store replenishment,Waypoint Fresh store OUT112,Own store,VEH048,DRV048,Janaka Silva,TRP-260827-0054,dispatcher
ORD-01056,DSP-260827-0055,INV-2608-00055,2026-08-27,05:30,Store replenishment,Waypoint Fresh store OUT082,Own store,VEH044,DRV044,Isuru Perera,TRP-260827-0055,dispatcher
ORD-01290,DSP-260827-0056,INV-2608-00056,2026-08-27,04:30,Store replenishment,Waypoint Fresh store OUT100,Own store,VEH053,DRV053,Kasun Gunawardena,TRP-260827-0056,dispatcher
ORD-01346,DSP-260827-0057,INV-2608-00057,2026-08-27,07:30,Store replenishment,Waypoint Fresh store OUT105,Own store,VEH050,DRV050,Sampath Wijesinghe,TRP-260827-0057,dispatcher
ORD-01358,DSP-260827-0057,INV-2608-00057,2026-08-27,07:30,Store replenishment,Waypoint Fresh store OUT106,Own store,VEH050,DRV050,Sampath Wijesinghe,TRP-260827-0057,dispatcher
ORD-01016,DSP-260827-0058,INV-2608-00058,2026-08-27,04:30,Store replenishment,Waypoint Fresh store OUT079,Own store,VEH040,DRV040,Dinesh Bandara,TRP-260827-0058,dispatcher
ORD-01245,DSP-260827-0059,INV-2608-00059,2026-08-27,07:15,Store replenishment,Waypoint Fresh store OUT097,Own store,VEH040,DRV040,Dinesh Bandara,TRP-260827-0059,dispatcher
ORD-01194,DSP-260827-0060,INV-2608-00060,2026-08-27,07:45,Store replenishment,Waypoint Style store OUT092,Own store,VEH039,DRV039,Ruwan Bandara,TRP-260827-0060,dispatcher
ORD-01210,DSP-260827-0061,INV-2608-00061,2026-08-27,09:30,Store replenishment,Waypoint Tech store OUT094,Own store,VEH041,DRV041,Tharindu Dissanayake,TRP-260827-0061,dispatcher
ORD-00314,DSP-260827-0062,INV-2608-00062,2026-08-27,06:15,Store replenishment,Waypoint Fresh store OUT025,Own store,VEH033,DRV033,Sampath Herath,TRP-260827-0062,dispatcher
ORD-00837,DSP-260827-0063,INV-2608-00063,2026-08-27,04:00,Store replenishment,Waypoint Fresh store OUT065,Own store,VEH033,DRV033,Sampath Herath,TRP-260827-0063,dispatcher
ORD-00771,DSP-260827-0064,INV-2608-00064,2026-08-27,05:15,Store replenishment,Waypoint Fresh store OUT060,Own store,VEH017,DRV017,Isuru Herath,TRP-260827-0064,dispatcher
ORD-00131,DSP-260827-0065,INV-2608-00065,2026-08-27,04:45,Store replenishment,Waypoint Fresh store OUT011,Own store,VEH007,DRV007,Pradeep Wijesinghe,TRP-260827-0065,dispatcher
ORD-00318,DSP-260827-0066,INV-2608-00066,2026-08-27,06:30,Store replenishment,Waypoint Fresh store OUT025,Own store,VEH001,DRV001,Mahesh Senanayake,TRP-260827-0066,dispatcher
ORD-00348,DSP-260827-0066,INV-2608-00066,2026-08-27,06:30,Store replenishment,Waypoint Fresh store OUT027,Own store,VEH001,DRV001,Mahesh Senanayake,TRP-260827-0066,dispatcher
ORD-00412,DSP-260827-0066,INV-2608-00066,2026-08-27,06:30,Store replenishment,Waypoint Fresh store OUT032,Own store,VEH001,DRV001,Mahesh Senanayake,TRP-260827-0066,dispatcher
ORD-00835,DSP-260827-0067,INV-2608-00067,2026-08-27,05:15,Store replenishment,Waypoint Fresh store OUT065,Own store,VEH004,DRV004,Nuwan Perera,TRP-260827-0067,dispatcher
ORD-00888,DSP-260827-0067,INV-2608-00067,2026-08-27,05:15,Store replenishment,Waypoint Fresh store OUT069,Own store,VEH004,DRV004,Nuwan Perera,TRP-260827-0067,dispatcher
ORD-00770,DSP-260827-0068,INV-2608-00068,2026-08-27,07:45,Store replenishment,Waypoint Fresh store OUT060,Own store,VEH007,DRV007,Pradeep Wijesinghe,TRP-260827-0068,dispatcher
ORD-00209,DSP-260827-0069,INV-2608-00069,2026-08-27,06:15,Store replenishment,Waypoint Style store OUT017,Own store,VEH010,DRV010,Roshan Jayasinghe,TRP-260827-0069,dispatcher
ORD-00218,DSP-260827-0069,INV-2608-00069,2026-08-27,06:15,Store replenishment,Waypoint Style store OUT017,Own store,VEH010,DRV010,Roshan Jayasinghe,TRP-260827-0069,dispatcher
ORD-00259,DSP-260827-0069,INV-2608-00069,2026-08-27,06:15,Store replenishment,Waypoint Style store OUT020,Own store,VEH010,DRV010,Roshan Jayasinghe,TRP-260827-0069,dispatcher
ORD-01422,DSP-260828-0070,INV-2608-00070,2026-08-28,08:15,Store replenishment,Waypoint Fresh store OUT111,Own store,VEH040,DRV040,Dinesh Bandara,TRP-260828-0070,dispatcher
ORD-01471,DSP-260828-0071,INV-2608-00071,2026-08-28,04:15,Store replenishment,Waypoint Fresh store OUT116,Own store,VEH055,DRV055,Kasun Kumara,TRP-260828-0071,dispatcher
ORD-01293,DSP-260828-0072,INV-2608-00072,2026-08-28,04:00,Store replenishment,Waypoint Fresh store OUT101,Own store,VEH041,DRV041,Tharindu Dissanayake,TRP-260828-0072,dispatcher
ORD-00992,DSP-260828-0073,INV-2608-00073,2026-08-28,07:00,Store replenishment,Waypoint Fresh store OUT077,Own store,VEH040,DRV040,Dinesh Bandara,TRP-260828-0073,dispatcher
ORD-01114,DSP-260828-0073,INV-2608-00073,2026-08-28,07:00,Store replenishment,Waypoint Fresh store OUT086,Own store,VEH040,DRV040,Dinesh Bandara,TRP-260828-0073,dispatcher
ORD-01133,DSP-260828-0074,INV-2608-00074,2026-08-28,09:00,Store replenishment,Waypoint Style store OUT088,Own store,VEH051,DRV051,Janaka Fernando,TRP-260828-0074,dispatcher
ORD-00035,DSP-260828-0075,INV-2608-00075,2026-08-28,06:45,Store replenishment,Waypoint Fresh store OUT003,Own store,VEH002,DRV002,Janaka Perera,TRP-260828-0075,dispatcher
ORD-00662,DSP-260828-0076,INV-2608-00076,2026-08-28,04:45,Store replenishment,Waypoint Fresh store OUT051,Own store,VEH017,DRV017,Isuru Herath,TRP-260828-0076,dispatcher
ORD-00377,DSP-260828-0077,INV-2608-00077,2026-08-28,05:00,Store replenishment,Waypoint Fresh store OUT029,Own store,VEH005,DRV005,Tharindu Fernando,TRP-260828-0077,dispatcher
ORD-00386,DSP-260828-0077,INV-2608-00077,2026-08-28,05:00,Store replenishment,Waypoint Fresh store OUT030,Own store,VEH005,DRV005,Tharindu Fernando,TRP-260828-0077,dispatcher
ORD-00854,DSP-260828-0078,INV-2608-00078,2026-08-28,06:00,Store replenishment,Waypoint Fresh store OUT066,Own store,VEH031,DRV031,Saman Herath,TRP-260828-0078,dispatcher
ORD-00790,DSP-260828-0079,INV-2608-00079,2026-08-28,06:15,Store replenishment,Waypoint Fresh store OUT061,Own store,VEH017,DRV017,Isuru Herath,TRP-260828-0079,dispatcher
ORD-00949,DSP-260828-0080,INV-2608-00080,2026-08-28,09:45,Store replenishment,Waypoint Fresh store OUT073,Own store,VEH015,DRV015,Kasun Herath,TRP-260828-0080,dispatcher
ORD-00519,DSP-260828-0081,INV-2608-00081,2026-08-28,05:45,Store replenishment,Waypoint Fresh store OUT040,Own store,VEH007,DRV007,Pradeep Wijesinghe,TRP-260828-0081,dispatcher
ORD-00529,DSP-260828-0081,INV-2608-00081,2026-08-28,05:45,Store replenishment,Waypoint Fresh store OUT041,Own store,VEH007,DRV007,Pradeep Wijesinghe,TRP-260828-0081,dispatcher
ORD-00545,DSP-260828-0081,INV-2608-00081,2026-08-28,05:45,Store replenishment,Waypoint Fresh store OUT042,Own store,VEH007,DRV007,Pradeep Wijesinghe,TRP-260828-0081,dispatcher
ORD-00944,DSP-260828-0082,INV-2608-00082,2026-08-28,04:15,Store replenishment,Waypoint Fresh store OUT073,Own store,VEH005,DRV005,Tharindu Fernando,TRP-260828-0082,dispatcher
ORD-00716,DSP-260828-0083,INV-2608-00083,2026-08-28,05:30,Store replenishment,Waypoint Style store OUT056,Own store,VEH005,DRV005,Tharindu Fernando,TRP-260828-0083,dispatcher
ORD-00745,DSP-260828-0084,INV-2608-00084,2026-08-28,06:15,Store replenishment,Waypoint Tech store OUT058,Own store,VEH017,DRV017,Isuru Herath,TRP-260828-0084,dispatcher
ORD-01352,DSP-260829-0085,INV-2608-00085,2026-08-29,09:00,Store replenishment,Waypoint Fresh store OUT106,Own store,VEH039,DRV039,Ruwan Bandara,TRP-260829-0085,dispatcher
ORD-01381,DSP-260829-0086,INV-2608-00086,2026-08-29,06:00,Store replenishment,Waypoint Fresh store OUT108,Own store,VEH042,DRV042,Roshan Perera,TRP-260829-0086,dispatcher
ORD-01394,DSP-260829-0087,INV-2608-00087,2026-08-29,09:30,Store replenishment,Waypoint Style store OUT109,Own store,VEH045,DRV045,Isuru Senanayake,TRP-260829-0087,dispatcher
ORD-01228,DSP-260829-0088,INV-2608-00088,2026-08-29,06:45,Store replenishment,Waypoint Tech store OUT095,Own store,VEH055,DRV055,Kasun Kumara,TRP-260829-0088,dispatcher
ORD-01318,DSP-260829-0089,INV-2608-00089,2026-08-29,09:00,Store replenishment,Waypoint Tech store OUT103,Own store,VEH053,DRV053,Kasun Gunawardena,TRP-260829-0089,dispatcher
ORD-00668,DSP-260829-0090,INV-2608-00090,2026-08-29,06:30,Store replenishment,Waypoint Fresh store OUT052,Own store,VEH036,DRV036,Pradeep Silva,TRP-260829-0090,dispatcher
ORD-00680,DSP-260829-0090,INV-2608-00090,2026-08-29,06:30,Store replenishment,Waypoint Fresh store OUT053,Own store,VEH036,DRV036,Pradeep Silva,TRP-260829-0090,dispatcher
ORD-00941,DSP-260829-0091,INV-2608-00091,2026-08-29,09:00,Store replenishment,Waypoint Fresh store OUT073,Own store,VEH006,DRV006,Asanka Rathnayake,TRP-260829-0091,dispatcher
ORD-00379,DSP-260829-0092,INV-2608-00092,2026-08-29,09:00,Store replenishment,Waypoint Fresh store OUT030,Own store,VEH005,DRV005,Tharindu Fernando,TRP-260829-0092,dispatcher
ORD-00577,DSP-260829-0093,INV-2608-00093,2026-08-29,09:30,Store replenishment,Waypoint Fresh store OUT045,Own store,VEH036,DRV036,Pradeep Silva,TRP-260829-0093,dispatcher
ORD-00244,DSP-260829-0094,INV-2608-00094,2026-08-29,06:15,Store replenishment,Waypoint Style store OUT019,Own store,VEH025,DRV025,Isuru Jayasinghe,TRP-260829-0094,dispatcher
ORD-00734,DSP-260829-0095,INV-2608-00095,2026-08-29,05:15,Store replenishment,Waypoint Style store OUT057,Own store,VEH005,DRV005,Tharindu Fernando,TRP-260829-0095,dispatcher
ORD-00736,DSP-260829-0095,INV-2608-00095,2026-08-29,05:15,Store replenishment,Waypoint Style store OUT057,Own store,VEH005,DRV005,Tharindu Fernando,TRP-260829-0095,dispatcher
ORD-00470,DSP-260829-0096,INV-2608-00096,2026-08-29,06:30,Store replenishment,Waypoint Style store OUT037,Own store,VEH034,DRV034,Lahiru Kumara,TRP-260829-0096,dispatcher
ORD-00263,DSP-260829-0097,INV-2608-00097,2026-08-29,06:00,Store replenishment,Waypoint Tech store OUT021,Own store,VEH009,DRV009,Janaka Jayasinghe,TRP-260829-0097,dispatcher
ORD-01407,DSP-260830-0098,INV-2608-00098,2026-08-30,06:45,Store replenishment,Waypoint Fresh store OUT110,Own store,VEH050,DRV050,Sampath Wijesinghe,TRP-260830-0098,dispatcher
ORD-01020,DSP-260830-0099,INV-2608-00099,2026-08-30,08:00,Store replenishment,Waypoint Fresh store OUT079,Own store,VEH054,DRV054,Buddhika Bandara,TRP-260830-0099,dispatcher
ORD-01125,DSP-260830-0099,INV-2608-00099,2026-08-30,08:00,Store replenishment,Waypoint Fresh store OUT087,Own store,VEH054,DRV054,Buddhika Bandara,TRP-260830-0099,dispatcher
ORD-01128,DSP-260830-0099,INV-2608-00099,2026-08-30,08:00,Store replenishment,Waypoint Fresh store OUT087,Own store,VEH054,DRV054,Buddhika Bandara,TRP-260830-0099,dispatcher
ORD-00993,DSP-260830-0100,INV-2608-00100,2026-08-30,04:45,Store replenishment,Waypoint Fresh store OUT077,Own store,VEH040,DRV040,Dinesh Bandara,TRP-260830-0100,dispatcher
ORD-01101,DSP-260830-0100,INV-2608-00100,2026-08-30,04:45,Store replenishment,Waypoint Fresh store OUT085,Own store,VEH040,DRV040,Dinesh Bandara,TRP-260830-0100,dispatcher
ORD-01119,DSP-260830-0100,INV-2608-00100,2026-08-30,04:45,Store replenishment,Waypoint Fresh store OUT087,Own store,VEH040,DRV040,Dinesh Bandara,TRP-260830-0100,dispatcher
ORD-01376,DSP-260830-0101,INV-2608-00101,2026-08-30,09:45,Store replenishment,Waypoint Fresh store OUT108,Own store,VEH057,DRV057,Roshan Senanayake,TRP-260830-0101,dispatcher
ORD-01469,DSP-260830-0102,INV-2608-00102,2026-08-30,05:45,Store replenishment,Waypoint Tech store OUT115,Own store,VEH048,DRV048,Janaka Silva,TRP-260830-0102,dispatcher
ORD-01322,DSP-260830-0103,INV-2608-00103,2026-08-30,08:30,Store replenishment,Waypoint Tech store OUT103,Own store,VEH050,DRV050,Sampath Wijesinghe,TRP-260830-0103,dispatcher
ORD-00145,DSP-260830-0104,INV-2608-00104,2026-08-30,07:00,Store replenishment,Waypoint Fresh store OUT012,Own store,VEH008,DRV008,Chaminda Bandara,TRP-260830-0104,dispatcher
ORD-00338,DSP-260830-0105,INV-2608-00105,2026-08-30,07:45,Store replenishment,Waypoint Fresh store OUT026,Own store,VEH021,DRV021,Amila Perera,TRP-260830-0105,dispatcher
ORD-00439,DSP-260830-0105,INV-2608-00105,2026-08-30,07:45,Store replenishment,Waypoint Fresh store OUT034,Own store,VEH021,DRV021,Amila Perera,TRP-260830-0105,dispatcher
ORD-00956,DSP-260830-0106,INV-2608-00106,2026-08-30,06:00,Store replenishment,Waypoint Fresh store OUT074,Own store,VEH008,DRV008,Chaminda Bandara,TRP-260830-0106,dispatcher
ORD-00066,DSP-260830-0107,INV-2608-00107,2026-08-30,06:30,Store replenishment,Waypoint Fresh store OUT006,Own store,VEH005,DRV005,Tharindu Fernando,TRP-260830-0107,dispatcher
ORD-00677,DSP-260830-0108,INV-2608-00108,2026-08-30,08:45,Store replenishment,Waypoint Fresh store OUT053,Own store,VEH002,DRV002,Janaka Perera,TRP-260830-0108,dispatcher
ORD-00445,DSP-260830-0109,INV-2608-00109,2026-08-30,05:30,Store replenishment,Waypoint Style store OUT035,Own store,VEH038,DRV038,Asanka Perera,TRP-260830-0109,dispatcher
ORD-00599,DSP-260830-0110,INV-2608-00110,2026-08-30,06:00,Store replenishment,Waypoint Style store OUT047,Own store,VEH028,DRV028,Sampath Silva,TRP-260830-0110,dispatcher
ORD-00603,DSP-260830-0110,INV-2608-00110,2026-08-30,06:00,Store replenishment,Waypoint Style store OUT047,Own store,VEH028,DRV028,Sampath Silva,TRP-260830-0110,dispatcher
ORD-00807,DSP-260830-0111,INV-2608-00111,2026-08-30,05:00,Store replenishment,Waypoint Style store OUT063,Own store,VEH018,DRV018,Asanka Bandara,TRP-260830-0111,dispatcher
ORD-00278,DSP-260830-0112,INV-2608-00112,2026-08-30,05:15,Store replenishment,Waypoint Tech store OUT022,Own store,VEH019,DRV019,Dinesh Herath,TRP-260830-0112,dispatcher
ORD-00820,DSP-260830-0113,INV-2608-00113,2026-08-30,08:30,Store replenishment,Waypoint Tech store OUT064,Own store,VEH018,DRV018,Asanka Bandara,TRP-260830-0113,dispatcher
ORD-01332,DSP-260831-0114,INV-2608-00114,2026-08-31,07:45,Store replenishment,Waypoint Fresh store OUT104,Own store,VEH045,DRV045,Isuru Senanayake,TRP-260831-0114,dispatcher
ORD-01355,DSP-260831-0114,INV-2608-00114,2026-08-31,07:45,Store replenishment,Waypoint Fresh store OUT106,Own store,VEH045,DRV045,Isuru Senanayake,TRP-260831-0114,dispatcher
ORD-01302,DSP-260831-0115,INV-2608-00115,2026-08-31,08:15,Store replenishment,Waypoint Fresh store OUT101,Own store,VEH039,DRV039,Ruwan Bandara,TRP-260831-0115,dispatcher
ORD-01178,DSP-260831-0116,INV-2608-00116,2026-08-31,04:45,Store replenishment,Waypoint Style store OUT091,Own store,VEH041,DRV041,Tharindu Dissanayake,TRP-260831-0116,dispatcher
ORD-01466,DSP-260831-0117,INV-2608-00117,2026-08-31,05:30,Store replenishment,Waypoint Tech store OUT115,Own store,VEH053,DRV053,Kasun Gunawardena,TRP-260831-0117,dispatcher
ORD-00132,DSP-260831-0118,INV-2608-00118,2026-08-31,04:15,Store replenishment,Waypoint Fresh store OUT011,Own store,VEH032,DRV032,Sampath Senanayake,TRP-260831-0118,dispatcher
ORD-00674,DSP-260831-0119,INV-2608-00119,2026-08-31,09:45,Store replenishment,Waypoint Fresh store OUT052,Own store,VEH011,DRV011,Kelum Wijesinghe,TRP-260831-0119,dispatcher
ORD-00094,DSP-260831-0120,INV-2608-00120,2026-08-31,06:30,Store replenishment,Waypoint Fresh store OUT008,Own store,VEH006,DRV006,Asanka Rathnayake,TRP-260831-0120,dispatcher
ORD-00673,DSP-260831-0121,INV-2608-00121,2026-08-31,06:45,Store replenishment,Waypoint Fresh store OUT052,Own store,VEH005,DRV005,Tharindu Fernando,TRP-260831-0121,dispatcher
ORD-00532,DSP-260831-0122,INV-2608-00122,2026-08-31,06:45,Store replenishment,Waypoint Fresh store OUT041,Own store,VEH004,DRV004,Nuwan Perera,TRP-260831-0122,dispatcher
ORD-00582,DSP-260831-0122,INV-2608-00122,2026-08-31,06:45,Store replenishment,Waypoint Fresh store OUT045,Own store,VEH004,DRV004,Nuwan Perera,TRP-260831-0122,dispatcher
ORD-00220,DSP-260831-0123,INV-2608-00123,2026-08-31,05:15,Store replenishment,Waypoint Style store OUT017,Own store,VEH026,DRV026,Kelum Rathnayake,TRP-260831-0123,dispatcher
ORD-00233,DSP-260831-0123,INV-2608-00123,2026-08-31,05:15,Store replenishment,Waypoint Style store OUT018,Own store,VEH026,DRV026,Kelum Rathnayake,TRP-260831-0123,dispatcher
ORD-00249,DSP-260831-0123,INV-2608-00123,2026-08-31,05:15,Store replenishment,Waypoint Style store OUT020,Own store,VEH026,DRV026,Kelum Rathnayake,TRP-260831-0123,dispatcher
ORD-00600,DSP-260831-0124,INV-2608-00124,2026-08-31,05:15,Store replenishment,Waypoint Style store OUT047,Own store,VEH011,DRV011,Kelum Wijesinghe,TRP-260831-0124,dispatcher
ORD-01445,DSP-260901-0125,INV-2609-00125,2026-09-01,09:15,Store replenishment,Waypoint Fresh store OUT113,Own store,VEH055,DRV055,Kasun Kumara,TRP-260901-0125,dispatcher
ORD-00995,DSP-260901-0126,INV-2609-00126,2026-09-01,07:45,Store replenishment,Waypoint Fresh store OUT077,Own store,VEH053,DRV053,Kasun Gunawardena,TRP-260901-0126,dispatcher
ORD-01012,DSP-260901-0126,INV-2609-00126,2026-09-01,07:45,Store replenishment,Waypoint Fresh store OUT078,Own store,VEH053,DRV053,Kasun Gunawardena,TRP-260901-0126,dispatcher
ORD-01074,DSP-260901-0126,INV-2609-00126,2026-09-01,07:45,Store replenishment,Waypoint Fresh store OUT083,Own store,VEH053,DRV053,Kasun Gunawardena,TRP-260901-0126,dispatcher
ORD-01120,DSP-260901-0126,INV-2609-00126,2026-09-01,07:45,Store replenishment,Waypoint Fresh store OUT087,Own store,VEH053,DRV053,Kasun Gunawardena,TRP-260901-0126,dispatcher
ORD-01438,DSP-260901-0127,INV-2609-00127,2026-09-01,05:15,Store replenishment,Waypoint Fresh store OUT113,Own store,VEH042,DRV042,Roshan Perera,TRP-260901-0127,dispatcher
ORD-01327,DSP-260901-0128,INV-2609-00128,2026-09-01,05:15,Store replenishment,Waypoint Fresh store OUT104,Own store,VEH040,DRV040,Dinesh Bandara,TRP-260901-0128,dispatcher
ORD-01378,DSP-260901-0128,INV-2609-00128,2026-09-01,05:15,Store replenishment,Waypoint Fresh store OUT108,Own store,VEH040,DRV040,Dinesh Bandara,TRP-260901-0128,dispatcher
ORD-01166,DSP-260901-0129,INV-2609-00129,2026-09-01,05:30,Store replenishment,Waypoint Style store OUT090,Own store,VEH049,DRV049,Tharindu Herath,TRP-260901-0129,dispatcher
ORD-01462,DSP-260901-0130,INV-2609-00130,2026-09-01,07:30,Store replenishment,Waypoint Tech store OUT115,Own store,VEH046,DRV046,Tharindu Jayasinghe,TRP-260901-0130,dispatcher
ORD-00122,DSP-260901-0131,INV-2609-00131,2026-09-01,06:00,Store replenishment,Waypoint Fresh store OUT010,Own store,VEH037,DRV037,Lahiru Gunawardena,TRP-260901-0131,dispatcher
ORD-00139,DSP-260901-0131,INV-2609-00131,2026-09-01,06:00,Store replenishment,Waypoint Fresh store OUT011,Own store,VEH037,DRV037,Lahiru Gunawardena,TRP-260901-0131,dispatcher
ORD-00660,DSP-260901-0132,INV-2609-00132,2026-09-01,08:45,Store replenishment,Waypoint Fresh store OUT051,Own store,VEH027,DRV027,Kasun Fernando,TRP-260901-0132,dispatcher
ORD-00384,DSP-260901-0133,INV-2609-00133,2026-09-01,06:45,Store replenishment,Waypoint Fresh store OUT030,Own store,VEH034,DRV034,Lahiru Kumara,TRP-260901-0133,dispatcher
ORD-00528,DSP-260901-0134,INV-2609-00134,2026-09-01,07:00,Store replenishment,Waypoint Fresh store OUT041,Own store,VEH018,DRV018,Asanka Bandara,TRP-260901-0134,dispatcher
ORD-00855,DSP-260901-0135,INV-2609-00135,2026-09-01,06:30,Store replenishment,Waypoint Fresh store OUT066,Own store,VEH032,DRV032,Sampath Senanayake,TRP-260901-0135,dispatcher
ORD-00886,DSP-260901-0135,INV-2609-00135,2026-09-01,06:30,Store replenishment,Waypoint Fresh store OUT069,Own store,VEH032,DRV032,Sampath Senanayake,TRP-260901-0135,dispatcher
ORD-00940,DSP-260901-0136,INV-2609-00136,2026-09-01,06:00,Store replenishment,Waypoint Fresh store OUT073,Own store,VEH009,DRV009,Janaka Jayasinghe,TRP-260901-0136,dispatcher
ORD-00942,DSP-260901-0136,INV-2609-00136,2026-09-01,06:00,Store replenishment,Waypoint Fresh store OUT073,Own store,VEH009,DRV009,Janaka Jayasinghe,TRP-260901-0136,dispatcher
ORD-00171,DSP-260901-0137,INV-2609-00137,2026-09-01,06:45,Store replenishment,Waypoint Fresh store OUT014,Own store,VEH005,DRV005,Tharindu Fernando,TRP-260901-0137,dispatcher
ORD-00789,DSP-260901-0138,INV-2609-00138,2026-09-01,09:45,Store replenishment,Waypoint Fresh store OUT061,Own store,VEH007,DRV007,Pradeep Wijesinghe,TRP-260901-0138,dispatcher
ORD-00258,DSP-260901-0139,INV-2609-00139,2026-09-01,04:15,Store replenishment,Waypoint Style store OUT020,Own store,VEH020,DRV020,Kelum Fernando,TRP-260901-0139,dispatcher
ORD-00460,DSP-260901-0140,INV-2609-00140,2026-09-01,08:45,Store replenishment,Waypoint Style store OUT036,Own store,VEH003,DRV003,Nuwan Kumara,TRP-260901-0140,dispatcher
ORD-00464,DSP-260901-0140,INV-2609-00140,2026-09-01,08:45,Store replenishment,Waypoint Style store OUT036,Own store,VEH003,DRV003,Nuwan Kumara,TRP-260901-0140,dispatcher
ORD-00985,DSP-260902-0141,INV-2609-00141,2026-09-02,09:00,Store replenishment,Waypoint Fresh store OUT076,Own store,VEH057,DRV057,Roshan Senanayake,TRP-260902-0141,dispatcher
ORD-01013,DSP-260902-0141,INV-2609-00141,2026-09-02,09:00,Store replenishment,Waypoint Fresh store OUT078,Own store,VEH057,DRV057,Roshan Senanayake,TRP-260902-0141,dispatcher
ORD-01335,DSP-260902-0142,INV-2609-00142,2026-09-02,08:45,Store replenishment,Waypoint Fresh store OUT104,Own store,VEH039,DRV039,Ruwan Bandara,TRP-260902-0142,dispatcher
ORD-00700,DSP-260902-0143,INV-2609-00143,2026-09-02,06:00,Store replenishment,Waypoint Fresh store OUT054,Own store,VEH029,DRV029,Tharindu Kumara,TRP-260902-0143,dispatcher
ORD-00398,DSP-260902-0144,INV-2609-00144,2026-09-02,05:15,Store replenishment,Waypoint Fresh store OUT031,Own store,VEH015,DRV015,Kasun Herath,TRP-260902-0144,dispatcher
ORD-00573,DSP-260902-0145,INV-2609-00145,2026-09-02,05:45,Store replenishment,Waypoint Fresh store OUT045,Own store,VEH034,DRV034,Lahiru Kumara,TRP-260902-0145,dispatcher
ORD-00892,DSP-260902-0146,INV-2609-00146,2026-09-02,04:00,Store replenishment,Waypoint Fresh store OUT069,Own store,VEH006,DRV006,Asanka Rathnayake,TRP-260902-0146,dispatcher
ORD-00021,DSP-260902-0147,INV-2609-00147,2026-09-02,06:00,Store replenishment,Waypoint Fresh store OUT002,Own store,VEH003,DRV003,Nuwan Kumara,TRP-260902-0147,dispatcher
ORD-00518,DSP-260902-0148,INV-2609-00148,2026-09-02,05:30,Store replenishment,Waypoint Fresh store OUT040,Own store,VEH005,DRV005,Tharindu Fernando,TRP-260902-0148,dispatcher
ORD-00479,DSP-260902-0149,INV-2609-00149,2026-09-02,08:00,Store replenishment,Waypoint Style store OUT037,Own store,VEH034,DRV034,Lahiru Kumara,TRP-260902-0149,dispatcher
ORD-01415,DSP-260903-0150,INV-2609-00150,2026-09-03,05:30,Store replenishment,Waypoint Fresh store OUT111,Own store,VEH042,DRV042,Roshan Perera,TRP-260903-0150,dispatcher
ORD-01003,DSP-260903-0151,INV-2609-00151,2026-09-03,06:45,Store replenishment,Waypoint Fresh store OUT078,Own store,VEH055,DRV055,Kasun Kumara,TRP-260903-0151,dispatcher
ORD-01106,DSP-260903-0151,INV-2609-00151,2026-09-03,06:45,Store replenishment,Waypoint Fresh store OUT086,Own store,VEH055,DRV055,Kasun Kumara,TRP-260903-0151,dispatcher
ORD-01239,DSP-260903-0152,INV-2609-00152,2026-09-03,06:00,Store replenishment,Waypoint Fresh store OUT096,Own store,VEH047,DRV047,Sampath Fernando,TRP-260903-0152,dispatcher
ORD-01295,DSP-260903-0152,INV-2609-00152,2026-09-03,06:00,Store replenishment,Waypoint Fresh store OUT101,Own store,VEH047,DRV047,Sampath Fernando,TRP-260903-0152,dispatcher
ORD-01467,DSP-260903-0153,INV-2609-00153,2026-09-03,06:45,Store replenishment,Waypoint Tech store OUT115,Own store,VEH039,DRV039,Ruwan Bandara,TRP-260903-0153,dispatcher
ORD-00713,DSP-260903-0154,INV-2609-00154,2026-09-03,07:15,Store replenishment,Waypoint Fresh store OUT055,Own store,VEH018,DRV018,Asanka Bandara,TRP-260903-0154,dispatcher
ORD-00322,DSP-260903-0155,INV-2609-00155,2026-09-03,06:15,Store replenishment,Waypoint Fresh store OUT025,Own store,VEH031,DRV031,Saman Herath,TRP-260903-0155,dispatcher
ORD-00380,DSP-260903-0155,INV-2609-00155,2026-09-03,06:15,Store replenishment,Waypoint Fresh store OUT030,Own store,VEH031,DRV031,Saman Herath,TRP-260903-0155,dispatcher
ORD-00563,DSP-260903-0156,INV-2609-00156,2026-09-03,08:30,Store replenishment,Waypoint Fresh store OUT044,Own store,VEH002,DRV002,Janaka Perera,TRP-260903-0156,dispatcher
ORD-00766,DSP-260903-0157,INV-2609-00157,2026-09-03,04:15,Store replenishment,Waypoint Fresh store OUT059,Own store,VEH004,DRV004,Nuwan Perera,TRP-260903-0157,dispatcher
ORD-00777,DSP-260903-0157,INV-2609-00157,2026-09-03,04:15,Store replenishment,Waypoint Fresh store OUT060,Own store,VEH004,DRV004,Nuwan Perera,TRP-260903-0157,dispatcher
ORD-00794,DSP-260903-0157,INV-2609-00157,2026-09-03,04:15,Store replenishment,Waypoint Fresh store OUT062,Own store,VEH004,DRV004,Nuwan Perera,TRP-260903-0157,dispatcher
ORD-00712,DSP-260903-0158,INV-2609-00158,2026-09-03,08:00,Store replenishment,Waypoint Fresh store OUT055,Own store,VEH035,DRV035,Sunil Kumara,TRP-260903-0158,dispatcher
ORD-00371,DSP-260903-0159,INV-2609-00159,2026-09-03,06:45,Store replenishment,Waypoint Fresh store OUT029,Own store,VEH005,DRV005,Tharindu Fernando,TRP-260903-0159,dispatcher
ORD-00961,DSP-260903-0160,INV-2609-00160,2026-09-03,06:45,Store replenishment,Waypoint Fresh store OUT074,Own store,VEH006,DRV006,Asanka Rathnayake,TRP-260903-0160,dispatcher
ORD-00254,DSP-260903-0161,INV-2609-00161,2026-09-03,07:45,Store replenishment,Waypoint Style store OUT020,Own store,VEH003,DRV003,Nuwan Kumara,TRP-260903-0161,dispatcher
ORD-00622,DSP-260903-0162,INV-2609-00162,2026-09-03,08:15,Store replenishment,Waypoint Style store OUT048,Own store,VEH024,DRV024,Sampath Kumara,TRP-260903-0162,dispatcher
ORD-00899,DSP-260903-0163,INV-2609-00163,2026-09-03,06:00,Store replenishment,Waypoint Style store OUT070,Own store,VEH001,DRV001,Mahesh Senanayake,TRP-260903-0163,dispatcher
ORD-01431,DSP-260904-0164,INV-2609-00164,2026-09-04,09:15,Store replenishment,Waypoint Fresh store OUT112,Own store,VEH045,DRV045,Isuru Senanayake,TRP-260904-0164,dispatcher
ORD-01087,DSP-260904-0165,INV-2609-00165,2026-09-04,06:15,Store replenishment,Waypoint Fresh store OUT084,Own store,VEH048,DRV048,Janaka Silva,TRP-260904-0165,dispatcher
ORD-01104,DSP-260904-0165,INV-2609-00165,2026-09-04,06:15,Store replenishment,Waypoint Fresh store OUT085,Own store,VEH048,DRV048,Janaka Silva,TRP-260904-0165,dispatcher
ORD-01475,DSP-260904-0166,INV-2609-00166,2026-09-04,06:30,Store replenishment,Waypoint Fresh store OUT116,Own store,VEH053,DRV053,Kasun Gunawardena,TRP-260904-0166,dispatcher
ORD-01238,DSP-260904-0167,INV-2609-00167,2026-09-04,05:45,Store replenishment,Waypoint Fresh store OUT096,Own store,VEH048,DRV048,Janaka Silva,TRP-260904-0167,dispatcher
ORD-01252,DSP-260904-0168,INV-2609-00168,2026-09-04,05:15,Store replenishment,Waypoint Fresh store OUT097,Own store,VEH043,DRV043,Asanka Kumara,TRP-260904-0168,dispatcher
ORD-01171,DSP-260904-0169,INV-2609-00169,2026-09-04,08:00,Store replenishment,Waypoint Style store OUT091,Own store,VEH054,DRV054,Buddhika Bandara,TRP-260904-0169,dispatcher
ORD-01188,DSP-260904-0169,INV-2609-00169,2026-09-04,08:00,Store replenishment,Waypoint Style store OUT092,Own store,VEH054,DRV054,Buddhika Bandara,TRP-260904-0169,dispatcher
ORD-01388,DSP-260904-0170,INV-2609-00170,2026-09-04,05:45,Store replenishment,Waypoint Style store OUT109,Own store,VEH058,DRV058,Ruwan Jayasinghe,TRP-260904-0170,dispatcher
ORD-01461,DSP-260904-0171,INV-2609-00171,2026-09-04,06:00,Store replenishment,Waypoint Tech store OUT115,Own store,VEH040,DRV040,Dinesh Bandara,TRP-260904-0171,dispatcher
ORD-00070,DSP-260904-0172,INV-2609-00172,2026-09-04,08:00,Store replenishment,Waypoint Fresh store OUT006,Own store,VEH010,DRV010,Roshan Jayasinghe,TRP-260904-0172,dispatcher
ORD-00072,DSP-260904-0172,INV-2609-00172,2026-09-04,08:00,Store replenishment,Waypoint Fresh store OUT006,Own store,VEH010,DRV010,Roshan Jayasinghe,TRP-260904-0172,dispatcher
ORD-00663,DSP-260904-0173,INV-2609-00173,2026-09-04,05:45,Store replenishment,Waypoint Fresh store OUT051,Own store,VEH004,DRV004,Nuwan Perera,TRP-260904-0173,dispatcher
ORD-00334,DSP-260904-0174,INV-2609-00174,2026-09-04,07:00,Store replenishment,Waypoint Fresh store OUT026,Own store,VEH029,DRV029,Tharindu Kumara,TRP-260904-0174,dispatcher
ORD-00393,DSP-260904-0174,INV-2609-00174,2026-09-04,07:00,Store replenishment,Waypoint Fresh store OUT031,Own store,VEH029,DRV029,Tharindu Kumara,TRP-260904-0174,dispatcher
ORD-00758,DSP-260904-0175,INV-2609-00175,2026-09-04,05:30,Store replenishment,Waypoint Fresh store OUT059,Own store,VEH006,DRV006,Asanka Rathnayake,TRP-260904-0175,dispatcher
ORD-00787,DSP-260904-0175,INV-2609-00175,2026-09-04,05:30,Store replenishment,Waypoint Fresh store OUT061,Own store,VEH006,DRV006,Asanka Rathnayake,TRP-260904-0175,dispatcher
ORD-00391,DSP-260904-0176,INV-2609-00176,2026-09-04,05:45,Store replenishment,Waypoint Fresh store OUT031,Own store,VEH004,DRV004,Nuwan Perera,TRP-260904-0176,dispatcher
ORD-00890,DSP-260904-0177,INV-2609-00177,2026-09-04,06:45,Store replenishment,Waypoint Fresh store OUT069,Own store,VEH001,DRV001,Mahesh Senanayake,TRP-260904-0177,dispatcher
ORD-00891,DSP-260904-0177,INV-2609-00177,2026-09-04,06:45,Store replenishment,Waypoint Fresh store OUT069,Own store,VEH001,DRV001,Mahesh Senanayake,TRP-260904-0177,dispatcher
ORD-00226,DSP-260904-0178,INV-2609-00178,2026-09-04,07:45,Store replenishment,Waypoint Style store OUT018,Own store,VEH024,DRV024,Sampath Kumara,TRP-260904-0178,dispatcher
ORD-00719,DSP-260904-0179,INV-2609-00179,2026-09-04,05:00,Store replenishment,Waypoint Style store OUT056,Own store,VEH011,DRV011,Kelum Wijesinghe,TRP-260904-0179,dispatcher
ORD-00903,DSP-260904-0180,INV-2609-00180,2026-09-04,06:00,Store replenishment,Waypoint Style store OUT070,Own store,VEH006,DRV006,Asanka Rathnayake,TRP-260904-0180,dispatcher
ORD-00292,DSP-260904-0181,INV-2609-00181,2026-09-04,08:00,Store replenishment,Waypoint Tech store OUT023,Own store,VEH023,DRV023,Nimal Silva,TRP-260904-0181,dispatcher
ORD-01111,DSP-260905-0182,INV-2609-00182,2026-09-05,06:45,Store replenishment,Waypoint Fresh store OUT086,Own store,VEH056,DRV056,Kasun Jayasinghe,TRP-260905-0182,dispatcher
ORD-01298,DSP-260905-0183,INV-2609-00183,2026-09-05,06:45,Store replenishment,Waypoint Fresh store OUT101,Own store,VEH050,DRV050,Sampath Wijesinghe,TRP-260905-0183,dispatcher
ORD-01429,DSP-260905-0184,INV-2609-00184,2026-09-05,04:45,Store replenishment,Waypoint Fresh store OUT112,Own store,VEH039,DRV039,Ruwan Bandara,TRP-260905-0184,dispatcher
ORD-00984,DSP-260905-0185,INV-2609-00185,2026-09-05,07:45,Store replenishment,Waypoint Fresh store OUT076,Own store,VEH040,DRV040,Dinesh Bandara,TRP-260905-0185,dispatcher
ORD-01137,DSP-260905-0186,INV-2609-00186,2026-09-05,07:30,Store replenishment,Waypoint Style store OUT088,Own store,VEH045,DRV045,Isuru Senanayake,TRP-260905-0186,dispatcher
ORD-01152,DSP-260905-0186,INV-2609-00186,2026-09-05,07:30,Store replenishment,Waypoint Style store OUT089,Own store,VEH045,DRV045,Isuru Senanayake,TRP-260905-0186,dispatcher
ORD-01393,DSP-260905-0187,INV-2609-00187,2026-09-05,04:45,Store replenishment,Waypoint Style store OUT109,Own store,VEH054,DRV054,Buddhika Bandara,TRP-260905-0187,dispatcher
ORD-00083,DSP-260905-0188,INV-2609-00188,2026-09-05,08:00,Store replenishment,Waypoint Fresh store OUT007,Own store,VEH016,DRV016,Kelum Jayasinghe,TRP-260905-0188,dispatcher
ORD-00135,DSP-260905-0188,INV-2609-00188,2026-09-05,08:00,Store replenishment,Waypoint Fresh store OUT011,Own store,VEH016,DRV016,Kelum Jayasinghe,TRP-260905-0188,dispatcher
ORD-00410,DSP-260905-0189,INV-2609-00189,2026-09-05,04:45,Store replenishment,Waypoint Fresh store OUT032,Own store,VEH025,DRV025,Isuru Jayasinghe,TRP-260905-0189,dispatcher
ORD-00584,DSP-260905-0190,INV-2609-00190,2026-09-05,04:30,Store replenishment,Waypoint Fresh store OUT045,Own store,VEH005,DRV005,Tharindu Fernando,TRP-260905-0190,dispatcher
ORD-00870,DSP-260905-0191,INV-2609-00191,2026-09-05,05:30,Store replenishment,Waypoint Fresh store OUT067,Own store,VEH013,DRV013,Pradeep Dissanayake,TRP-260905-0191,dispatcher
ORD-00872,DSP-260905-0191,INV-2609-00191,2026-09-05,05:30,Store replenishment,Waypoint Fresh store OUT068,Own store,VEH013,DRV013,Pradeep Dissanayake,TRP-260905-0191,dispatcher
ORD-00963,DSP-260905-0192,INV-2609-00192,2026-09-05,06:30,Store replenishment,Waypoint Fresh store OUT075,Own store,VEH024,DRV024,Sampath Kumara,TRP-260905-0192,dispatcher
ORD-00104,DSP-260905-0193,INV-2609-00193,2026-09-05,06:30,Store replenishment,Waypoint Fresh store OUT008,Own store,VEH001,DRV001,Mahesh Senanayake,TRP-260905-0193,dispatcher
ORD-00228,DSP-260905-0194,INV-2609-00194,2026-09-05,06:00,Store replenishment,Waypoint Style store OUT018,Own store,VEH018,DRV018,Asanka Bandara,TRP-260905-0194,dispatcher
ORD-00720,DSP-260905-0195,INV-2609-00195,2026-09-05,04:15,Store replenishment,Waypoint Style store OUT056,Own store,VEH005,DRV005,Tharindu Fernando,TRP-260905-0195,dispatcher
ORD-00448,DSP-260905-0196,INV-2609-00196,2026-09-05,09:45,Store replenishment,Waypoint Style store OUT035,Own store,VEH007,DRV007,Pradeep Wijesinghe,TRP-260905-0196,dispatcher
ORD-00473,DSP-260905-0196,INV-2609-00196,2026-09-05,09:45,Store replenishment,Waypoint Style store OUT037,Own store,VEH007,DRV007,Pradeep Wijesinghe,TRP-260905-0196,dispatcher
ORD-00604,DSP-260905-0197,INV-2609-00197,2026-09-05,06:45,Store replenishment,Waypoint Style store OUT047,Own store,VEH025,DRV025,Isuru Jayasinghe,TRP-260905-0197,dispatcher
ORD-00617,DSP-260905-0197,INV-2609-00197,2026-09-05,06:45,Store replenishment,Waypoint Style store OUT048,Own store,VEH025,DRV025,Isuru Jayasinghe,TRP-260905-0197,dispatcher
ORD-00496,DSP-260905-0198,INV-2609-00198,2026-09-05,05:45,Store replenishment,Waypoint Tech store OUT039,Own store,VEH032,DRV032,Sampath Senanayake,TRP-260905-0198,dispatcher
ORD-00826,DSP-260905-0199,INV-2609-00199,2026-09-05,04:30,Store replenishment,Waypoint Tech store OUT064,Own store,VEH012,DRV012,Pradeep Fernando,TRP-260905-0199,dispatcher
ORD-01044,DSP-260906-0200,INV-2609-00200,2026-09-06,06:30,Store replenishment,Waypoint Fresh store OUT081,Own store,VEH043,DRV043,Asanka Kumara,TRP-260906-0200,dispatcher
ORD-01490,DSP-260906-0201,INV-2609-00201,2026-09-06,09:30,Store replenishment,Waypoint Fresh store OUT117,Own store,VEH049,DRV049,Tharindu Herath,TRP-260906-0201,dispatcher
ORD-01301,DSP-260906-0202,INV-2609-00202,2026-09-06,05:15,Store replenishment,Waypoint Fresh store OUT101,Own store,VEH058,DRV058,Ruwan Jayasinghe,TRP-260906-0202,dispatcher
ORD-01497,DSP-260906-0203,INV-2609-00203,2026-09-06,05:15,Store replenishment,Waypoint Fresh store OUT118,Own store,VEH042,DRV042,Roshan Perera,TRP-260906-0203,dispatcher
ORD-01151,DSP-260906-0204,INV-2609-00204,2026-09-06,05:00,Store replenishment,Waypoint Style store OUT089,Own store,VEH052,DRV052,Kasun Silva,TRP-260906-0204,dispatcher
ORD-00140,DSP-260906-0205,INV-2609-00205,2026-09-06,07:15,Store replenishment,Waypoint Fresh store OUT011,Own store,VEH031,DRV031,Saman Herath,TRP-260906-0205,dispatcher
ORD-00676,DSP-260906-0206,INV-2609-00206,2026-09-06,05:00,Store replenishment,Waypoint Fresh store OUT052,Own store,VEH028,DRV028,Sampath Silva,TRP-260906-0206,dispatcher
ORD-00707,DSP-260906-0206,INV-2609-00206,2026-09-06,05:00,Store replenishment,Waypoint Fresh store OUT055,Own store,VEH028,DRV028,Sampath Silva,TRP-260906-0206,dispatcher
ORD-00511,DSP-260906-0207,INV-2609-00207,2026-09-06,05:15,Store replenishment,Waypoint Fresh store OUT040,Own store,VEH005,DRV005,Tharindu Fernando,TRP-260906-0207,dispatcher
ORD-00252,DSP-260906-0208,INV-2609-00208,2026-09-06,08:45,Store replenishment,Waypoint Style store OUT020,Own store,VEH007,DRV007,Pradeep Wijesinghe,TRP-260906-0208,dispatcher
ORD-01382,DSP-260907-0209,INV-2609-00209,2026-09-07,05:15,Store replenishment,Waypoint Fresh store OUT108,Own store,VEH053,DRV053,Kasun Gunawardena,TRP-260907-0209,dispatcher
ORD-01082,DSP-260907-0210,INV-2609-00210,2026-09-07,08:45,Store replenishment,Waypoint Fresh store OUT084,Own store,VEH040,DRV040,Dinesh Bandara,TRP-260907-0210,dispatcher
ORD-01485,DSP-260907-0211,INV-2609-00211,2026-09-07,06:00,Store replenishment,Waypoint Fresh store OUT117,Own store,VEH043,DRV043,Asanka Kumara,TRP-260907-0211,dispatcher
ORD-01367,DSP-260907-0212,INV-2609-00212,2026-09-07,06:30,Store replenishment,Waypoint Fresh store OUT107,Own store,VEH058,DRV058,Ruwan Jayasinghe,TRP-260907-0212,dispatcher
ORD-01189,DSP-260907-0213,INV-2609-00213,2026-09-07,06:30,Store replenishment,Waypoint Style store OUT092,Own store,VEH047,DRV047,Sampath Fernando,TRP-260907-0213,dispatcher
ORD-01392,DSP-260907-0214,INV-2609-00214,2026-09-07,06:15,Store replenishment,Waypoint Style store OUT109,Own store,VEH047,DRV047,Sampath Fernando,TRP-260907-0214,dispatcher
ORD-01198,DSP-260907-0215,INV-2609-00215,2026-09-07,06:15,Store replenishment,Waypoint Tech store OUT093,Own store,VEH053,DRV053,Kasun Gunawardena,TRP-260907-0215,dispatcher
ORD-01315,DSP-260907-0216,INV-2609-00216,2026-09-07,06:15,Store replenishment,Waypoint Tech store OUT103,Own store,VEH046,DRV046,Tharindu Jayasinghe,TRP-260907-0216,dispatcher
ORD-00639,DSP-260907-0217,INV-2609-00217,2026-09-07,06:30,Store replenishment,Waypoint Fresh store OUT050,Own store,VEH019,DRV019,Dinesh Herath,TRP-260907-0217,dispatcher
ORD-00640,DSP-260907-0217,INV-2609-00217,2026-09-07,06:30,Store replenishment,Waypoint Fresh store OUT050,Own store,VEH019,DRV019,Dinesh Herath,TRP-260907-0217,dispatcher
ORD-00408,DSP-260907-0218,INV-2609-00218,2026-09-07,08:30,Store replenishment,Waypoint Fresh store OUT032,Own store,VEH005,DRV005,Tharindu Fernando,TRP-260907-0218,dispatcher
ORD-00523,DSP-260907-0219,INV-2609-00219,2026-09-07,06:00,Store replenishment,Waypoint Fresh store OUT041,Own store,VEH016,DRV016,Kelum Jayasinghe,TRP-260907-0219,dispatcher
ORD-00858,DSP-260907-0220,INV-2609-00220,2026-09-07,04:00,Store replenishment,Waypoint Fresh store OUT066,Own store,VEH030,DRV030,Chaminda Wijesinghe,TRP-260907-0220,dispatcher
ORD-00037,DSP-260907-0221,INV-2609-00221,2026-09-07,09:15,Store replenishment,Waypoint Fresh store OUT003,Own store,VEH001,DRV001,Mahesh Senanayake,TRP-260907-0221,dispatcher
ORD-00064,DSP-260907-0221,INV-2609-00221,2026-09-07,09:15,Store replenishment,Waypoint Fresh store OUT005,Own store,VEH001,DRV001,Mahesh Senanayake,TRP-260907-0221,dispatcher
ORD-00091,DSP-260907-0221,INV-2609-00221,2026-09-07,09:15,Store replenishment,Waypoint Fresh store OUT007,Own store,VEH001,DRV001,Mahesh Senanayake,TRP-260907-0221,dispatcher
ORD-00666,DSP-260907-0222,INV-2609-00222,2026-09-07,07:00,Store replenishment,Waypoint Fresh store OUT052,Own store,VEH035,DRV035,Sunil Kumara,TRP-260907-0222,dispatcher
ORD-00552,DSP-260907-0223,INV-2609-00223,2026-09-07,06:00,Store replenishment,Waypoint Fresh store OUT043,Own store,VEH005,DRV005,Tharindu Fernando,TRP-260907-0223,dispatcher
ORD-00897,DSP-260907-0224,INV-2609-00224,2026-09-07,06:15,Store replenishment,Waypoint Fresh store OUT069,Own store,VEH001,DRV001,Mahesh Senanayake,TRP-260907-0224,dispatcher
ORD-00222,DSP-260907-0225,INV-2609-00225,2026-09-07,07:15,Store replenishment,Waypoint Style store OUT018,Own store,VEH005,DRV005,Tharindu Fernando,TRP-260907-0225,dispatcher
ORD-00917,DSP-260907-0226,INV-2609-00226,2026-09-07,06:00,Store replenishment,Waypoint Style store OUT071,Own store,VEH029,DRV029,Tharindu Kumara,TRP-260907-0226,dispatcher
ORD-00819,DSP-260907-0227,INV-2609-00227,2026-09-07,07:15,Store replenishment,Waypoint Style store OUT063,Own store,VEH007,DRV007,Pradeep Wijesinghe,TRP-260907-0227,dispatcher
ORD-01401,DSP-260908-0228,INV-2609-00228,2026-09-08,07:30,Store replenishment,Waypoint Fresh store OUT110,Own store,VEH040,DRV040,Dinesh Bandara,TRP-260908-0228,dispatcher
ORD-00999,DSP-260908-0229,INV-2609-00229,2026-09-08,04:15,Store replenishment,Waypoint Fresh store OUT077,Own store,VEH043,DRV043,Asanka Kumara,TRP-260908-0229,dispatcher
ORD-01500,DSP-260908-0230,INV-2609-00230,2026-09-08,04:15,Store replenishment,Waypoint Fresh store OUT118,Own store,VEH047,DRV047,Sampath Fernando,TRP-260908-0230,dispatcher
ORD-01442,DSP-260908-0231,INV-2609-00231,2026-09-08,04:30,Store replenishment,Waypoint Fresh store OUT113,Own store,VEH058,DRV058,Ruwan Jayasinghe,TRP-260908-0231,dispatcher
ORD-01248,DSP-260908-0232,INV-2609-00232,2026-09-08,07:15,Store replenishment,Waypoint Fresh store OUT097,Own store,VEH042,DRV042,Roshan Perera,TRP-260908-0232,dispatcher
ORD-01321,DSP-260908-0233,INV-2609-00233,2026-09-08,06:00,Store replenishment,Waypoint Tech store OUT103,Own store,VEH058,DRV058,Ruwan Jayasinghe,TRP-260908-0233,dispatcher
ORD-00059,DSP-260908-0234,INV-2609-00234,2026-09-08,04:45,Store replenishment,Waypoint Fresh store OUT005,Own store,VEH014,DRV014,Mahesh Kumara,TRP-260908-0234,dispatcher
ORD-00117,DSP-260908-0234,INV-2609-00234,2026-09-08,04:45,Store replenishment,Waypoint Fresh store OUT009,Own store,VEH014,DRV014,Mahesh Kumara,TRP-260908-0234,dispatcher
ORD-00539,DSP-260908-0235,INV-2609-00235,2026-09-08,09:00,Store replenishment,Waypoint Fresh store OUT042,Own store,VEH036,DRV036,Pradeep Silva,TRP-260908-0235,dispatcher
ORD-00565,DSP-260908-0235,INV-2609-00235,2026-09-08,09:00,Store replenishment,Waypoint Fresh store OUT044,Own store,VEH036,DRV036,Pradeep Silva,TRP-260908-0235,dispatcher
ORD-00861,DSP-260908-0236,INV-2609-00236,2026-09-08,05:45,Store replenishment,Waypoint Fresh store OUT067,Own store,VEH027,DRV027,Kasun Fernando,TRP-260908-0236,dispatcher
ORD-00006,DSP-260908-0237,INV-2609-00237,2026-09-08,05:00,Store replenishment,Waypoint Fresh store OUT001,Own store,VEH036,DRV036,Pradeep Silva,TRP-260908-0237,dispatcher
ORD-00107,DSP-260908-0237,INV-2609-00237,2026-09-08,05:00,Store replenishment,Waypoint Fresh store OUT009,Own store,VEH036,DRV036,Pradeep Silva,TRP-260908-0237,dispatcher
ORD-00306,DSP-260908-0238,INV-2609-00238,2026-09-08,08:30,Store replenishment,Waypoint Tech store OUT024,Own store,VEH011,DRV011,Kelum Wijesinghe,TRP-260908-0238,dispatcher
ORD-00489,DSP-260908-0239,INV-2609-00239,2026-09-08,06:30,Store replenishment,Waypoint Tech store OUT038,Own store,VEH027,DRV027,Kasun Fernando,TRP-260908-0239,dispatcher
ORD-01242,DSP-260909-0240,INV-2609-00240,2026-09-09,04:30,Store replenishment,Waypoint Fresh store OUT096,Own store,VEH052,DRV052,Kasun Silva,TRP-260909-0240,dispatcher
ORD-01116,DSP-260909-0241,INV-2609-00241,2026-09-09,07:45,Store replenishment,Waypoint Fresh store OUT086,Own store,VEH057,DRV057,Roshan Senanayake,TRP-260909-0241,dispatcher
ORD-01257,DSP-260909-0242,INV-2609-00242,2026-09-09,04:30,Store replenishment,Waypoint Fresh store OUT098,Own store,VEH042,DRV042,Roshan Perera,TRP-260909-0242,dispatcher
ORD-01146,DSP-260909-0243,INV-2609-00243,2026-09-09,06:45,Store replenishment,Waypoint Style store OUT089,Own store,VEH059,DRV059,Pradeep Herath,TRP-260909-0243,dispatcher
ORD-01306,DSP-260909-0244,INV-2609-00244,2026-09-09,06:00,Store replenishment,Waypoint Style store OUT102,Own store,VEH051,DRV051,Janaka Fernando,TRP-260909-0244,dispatcher
ORD-01316,DSP-260909-0245,INV-2609-00245,2026-09-09,05:45,Store replenishment,Waypoint Tech store OUT103,Own store,VEH052,DRV052,Kasun Silva,TRP-260909-0245,dispatcher
ORD-00061,DSP-260909-0246,INV-2609-00246,2026-09-09,05:45,Store replenishment,Waypoint Fresh store OUT005,Own store,VEH008,DRV008,Chaminda Bandara,TRP-260909-0246,dispatcher
ORD-00078,DSP-260909-0246,INV-2609-00246,2026-09-09,05:45,Store replenishment,Waypoint Fresh store OUT006,Own store,VEH008,DRV008,Chaminda Bandara,TRP-260909-0246,dispatcher
ORD-00691,DSP-260909-0247,INV-2609-00247,2026-09-09,07:45,Store replenishment,Waypoint Fresh store OUT054,Own store,VEH037,DRV037,Lahiru Gunawardena,TRP-260909-0247,dispatcher
ORD-00376,DSP-260909-0248,INV-2609-00248,2026-09-09,05:00,Store replenishment,Waypoint Fresh store OUT029,Own store,VEH011,DRV011,Kelum Wijesinghe,TRP-260909-0248,dispatcher
ORD-00383,DSP-260909-0248,INV-2609-00248,2026-09-09,05:00,Store replenishment,Waypoint Fresh store OUT030,Own store,VEH011,DRV011,Kelum Wijesinghe,TRP-260909-0248,dispatcher
ORD-00598,DSP-260909-0249,INV-2609-00249,2026-09-09,05:45,Store replenishment,Waypoint Fresh store OUT046,Own store,VEH004,DRV004,Nuwan Perera,TRP-260909-0249,dispatcher
ORD-00871,DSP-260909-0250,INV-2609-00250,2026-09-09,07:15,Store replenishment,Waypoint Fresh store OUT067,Own store,VEH006,DRV006,Asanka Rathnayake,TRP-260909-0250,dispatcher
ORD-00114,DSP-260909-0251,INV-2609-00251,2026-09-09,07:30,Store replenishment,Waypoint Fresh store OUT009,Own store,VEH003,DRV003,Nuwan Kumara,TRP-260909-0251,dispatcher
ORD-00156,DSP-260909-0251,INV-2609-00251,2026-09-09,07:30,Store replenishment,Waypoint Fresh store OUT012,Own store,VEH003,DRV003,Nuwan Kumara,TRP-260909-0251,dispatcher
ORD-00354,DSP-260909-0252,INV-2609-00252,2026-09-09,05:00,Store replenishment,Waypoint Fresh store OUT028,Own store,VEH003,DRV003,Nuwan Kumara,TRP-260909-0252,dispatcher
ORD-00508,DSP-260909-0253,INV-2609-00253,2026-09-09,08:45,Store replenishment,Waypoint Fresh store OUT040,Own store,VEH002,DRV002,Janaka Perera,TRP-260909-0253,dispatcher
ORD-00526,DSP-260909-0253,INV-2609-00253,2026-09-09,08:45,Store replenishment,Waypoint Fresh store OUT041,Own store,VEH002,DRV002,Janaka Perera,TRP-260909-0253,dispatcher
ORD-00530,DSP-260909-0253,INV-2609-00253,2026-09-09,08:45,Store replenishment,Waypoint Fresh store OUT041,Own store,VEH002,DRV002,Janaka Perera,TRP-260909-0253,dispatcher
ORD-00474,DSP-260909-0254,INV-2609-00254,2026-09-09,06:15,Store replenishment,Waypoint Style store OUT037,Own store,VEH013,DRV013,Pradeep Dissanayake,TRP-260909-0254,dispatcher
ORD-01093,DSP-260910-0255,INV-2609-00255,2026-09-10,09:30,Store replenishment,Waypoint Fresh store OUT085,Own store,VEH040,DRV040,Dinesh Bandara,TRP-260910-0255,dispatcher
ORD-01103,DSP-260910-0255,INV-2609-00255,2026-09-10,09:30,Store replenishment,Waypoint Fresh store OUT085,Own store,VEH040,DRV040,Dinesh Bandara,TRP-260910-0255,dispatcher
ORD-01117,DSP-260910-0255,INV-2609-00255,2026-09-10,09:30,Store replenishment,Waypoint Fresh store OUT086,Own store,VEH040,DRV040,Dinesh Bandara,TRP-260910-0255,dispatcher
ORD-01472,DSP-260910-0256,INV-2609-00256,2026-09-10,08:00,Store replenishment,Waypoint Fresh store OUT116,Own store,VEH040,DRV040,Dinesh Bandara,TRP-260910-0256,dispatcher
ORD-01299,DSP-260910-0257,INV-2609-00257,2026-09-10,05:15,Store replenishment,Waypoint Fresh store OUT101,Own store,VEH058,DRV058,Ruwan Jayasinghe,TRP-260910-0257,dispatcher
ORD-00976,DSP-260910-0258,INV-2609-00258,2026-09-10,08:15,Store replenishment,Waypoint Fresh store OUT076,Own store,VEH043,DRV043,Asanka Kumara,TRP-260910-0258,dispatcher
ORD-01478,DSP-260910-0259,INV-2609-00259,2026-09-10,09:15,Store replenishment,Waypoint Fresh store OUT116,Own store,VEH058,DRV058,Ruwan Jayasinghe,TRP-260910-0259,dispatcher
ORD-01132,DSP-260910-0260,INV-2609-00260,2026-09-10,06:00,Store replenishment,Waypoint Style store OUT088,Own store,VEH057,DRV057,Roshan Senanayake,TRP-260910-0260,dispatcher
ORD-01459,DSP-260910-0261,INV-2609-00261,2026-09-10,05:45,Store replenishment,Waypoint Tech store OUT115,Own store,VEH051,DRV051,Janaka Fernando,TRP-260910-0261,dispatcher
ORD-01465,DSP-260910-0261,INV-2609-00261,2026-09-10,05:45,Store replenishment,Waypoint Tech store OUT115,Own store,VEH051,DRV051,Janaka Fernando,TRP-260910-0261,dispatcher
ORD-01196,DSP-260910-0262,INV-2609-00262,2026-09-10,05:15,Store replenishment,Waypoint Tech store OUT093,Own store,VEH050,DRV050,Sampath Wijesinghe,TRP-260910-0262,dispatcher
ORD-01226,DSP-260910-0262,INV-2609-00262,2026-09-10,05:15,Store replenishment,Waypoint Tech store OUT095,Own store,VEH050,DRV050,Sampath Wijesinghe,TRP-260910-0262,dispatcher
ORD-01320,DSP-260910-0263,INV-2609-00263,2026-09-10,06:00,Store replenishment,Waypoint Tech store OUT103,Own store,VEH046,DRV046,Tharindu Jayasinghe,TRP-260910-0263,dispatcher
ORD-00098,DSP-260910-0264,INV-2609-00264,2026-09-10,04:30,Store replenishment,Waypoint Fresh store OUT008,Own store,VEH036,DRV036,Pradeep Silva,TRP-260910-0264,dispatcher
ORD-00849,DSP-260910-0265,INV-2609-00265,2026-09-10,08:45,Store replenishment,Waypoint Fresh store OUT066,Own store,VEH008,DRV008,Chaminda Bandara,TRP-260910-0265,dispatcher
ORD-00544,DSP-260910-0266,INV-2609-00266,2026-09-10,06:45,Store replenishment,Waypoint Fresh store OUT042,Own store,VEH036,DRV036,Pradeep Silva,TRP-260910-0266,dispatcher
ORD-00772,DSP-260910-0267,INV-2609-00267,2026-09-10,06:45,Store replenishment,Waypoint Fresh store OUT060,Own store,VEH005,DRV005,Tharindu Fernando,TRP-260910-0267,dispatcher
ORD-00798,DSP-260910-0267,INV-2609-00267,2026-09-10,06:45,Store replenishment,Waypoint Fresh store OUT062,Own store,VEH005,DRV005,Tharindu Fernando,TRP-260910-0267,dispatcher
ORD-00307,DSP-260910-0268,INV-2609-00268,2026-09-10,07:45,Store replenishment,Waypoint Tech store OUT024,Own store,VEH025,DRV025,Isuru Jayasinghe,TRP-260910-0268,dispatcher
ORD-00483,DSP-260910-0269,INV-2609-00269,2026-09-10,09:15,Store replenishment,Waypoint Tech store OUT038,Own store,VEH033,DRV033,Sampath Herath,TRP-260910-0269,dispatcher
ORD-00493,DSP-260910-0269,INV-2609-00269,2026-09-10,09:15,Store replenishment,Waypoint Tech store OUT038,Own store,VEH033,DRV033,Sampath Herath,TRP-260910-0269,dispatcher
ORD-00506,DSP-260910-0269,INV-2609-00269,2026-09-10,09:15,Store replenishment,Waypoint Tech store OUT039,Own store,VEH033,DRV033,Sampath Herath,TRP-260910-0269,dispatcher
ORD-01345,DSP-260911-0270,INV-2609-00270,2026-09-11,04:45,Store replenishment,Waypoint Fresh store OUT105,Own store,VEH039,DRV039,Ruwan Bandara,TRP-260911-0270,dispatcher
ORD-01384,DSP-260911-0270,INV-2609-00270,2026-09-11,04:45,Store replenishment,Waypoint Fresh store OUT108,Own store,VEH039,DRV039,Ruwan Bandara,TRP-260911-0270,dispatcher
ORD-01091,DSP-260911-0271,INV-2609-00271,2026-09-11,06:45,Store replenishment,Waypoint Fresh store OUT084,Own store,VEH042,DRV042,Roshan Perera,TRP-260911-0271,dispatcher
ORD-01473,DSP-260911-0272,INV-2609-00272,2026-09-11,09:15,Store replenishment,Waypoint Fresh store OUT116,Own store,VEH058,DRV058,Ruwan Jayasinghe,TRP-260911-0272,dispatcher
ORD-01153,DSP-260911-0273,INV-2609-00273,2026-09-11,08:00,Store replenishment,Waypoint Style store OUT089,Own store,VEH054,DRV054,Buddhika Bandara,TRP-260911-0273,dispatcher
ORD-01165,DSP-260911-0273,INV-2609-00273,2026-09-11,08:00,Store replenishment,Waypoint Style store OUT090,Own store,VEH054,DRV054,Buddhika Bandara,TRP-260911-0273,dispatcher
ORD-01303,DSP-260911-0274,INV-2609-00274,2026-09-11,05:30,Store replenishment,Waypoint Style store OUT102,Own store,VEH041,DRV041,Tharindu Dissanayake,TRP-260911-0274,dispatcher
ORD-01218,DSP-260911-0275,INV-2609-00275,2026-09-11,07:00,Store replenishment,Waypoint Tech store OUT094,Own store,VEH052,DRV052,Kasun Silva,TRP-260911-0275,dispatcher
ORD-00016,DSP-260911-0276,INV-2609-00276,2026-09-11,04:00,Store replenishment,Waypoint Fresh store OUT002,Own store,VEH029,DRV029,Tharindu Kumara,TRP-260911-0276,dispatcher
ORD-00315,DSP-260911-0277,INV-2609-00277,2026-09-11,05:30,Store replenishment,Waypoint Fresh store OUT025,Own store,VEH009,DRV009,Janaka Jayasinghe,TRP-260911-0277,dispatcher
ORD-00332,DSP-260911-0277,INV-2609-00277,2026-09-11,05:30,Store replenishment,Waypoint Fresh store OUT026,Own store,VEH009,DRV009,Janaka Jayasinghe,TRP-260911-0277,dispatcher
ORD-00873,DSP-260911-0278,INV-2609-00278,2026-09-11,05:00,Store replenishment,Waypoint Fresh store OUT068,Own store,VEH033,DRV033,Sampath Herath,TRP-260911-0278,dispatcher
ORD-00043,DSP-260911-0279,INV-2609-00279,2026-09-11,08:15,Store replenishment,Waypoint Fresh store OUT004,Own store,VEH036,DRV036,Pradeep Silva,TRP-260911-0279,dispatcher
ORD-00165,DSP-260911-0279,INV-2609-00279,2026-09-11,08:15,Store replenishment,Waypoint Fresh store OUT013,Own store,VEH036,DRV036,Pradeep Silva,TRP-260911-0279,dispatcher
ORD-00173,DSP-260911-0279,INV-2609-00279,2026-09-11,08:15,Store replenishment,Waypoint Fresh store OUT014,Own store,VEH036,DRV036,Pradeep Silva,TRP-260911-0279,dispatcher
ORD-00397,DSP-260911-0280,INV-2609-00280,2026-09-11,05:00,Store replenishment,Waypoint Fresh store OUT031,Own store,VEH001,DRV001,Mahesh Senanayake,TRP-260911-0280,dispatcher
ORD-00557,DSP-260911-0281,INV-2609-00281,2026-09-11,05:45,Store replenishment,Waypoint Fresh store OUT043,Own store,VEH004,DRV004,Nuwan Perera,TRP-260911-0281,dispatcher
ORD-00881,DSP-260911-0282,INV-2609-00282,2026-09-11,05:15,Store replenishment,Waypoint Fresh store OUT068,Own store,VEH005,DRV005,Tharindu Fernando,TRP-260911-0282,dispatcher
ORD-00749,DSP-260911-0283,INV-2609-00283,2026-09-11,07:30,Store replenishment,Waypoint Tech store OUT058,Own store,VEH005,DRV005,Tharindu Fernando,TRP-260911-0283,dispatcher
ORD-01112,DSP-260912-0284,INV-2609-00284,2026-09-12,07:30,Store replenishment,Waypoint Fresh store OUT086,Own store,VEH044,DRV044,Isuru Perera,TRP-260912-0284,dispatcher
ORD-01495,DSP-260912-0285,INV-2609-00285,2026-09-12,05:30,Store replenishment,Waypoint Fresh store OUT118,Own store,VEH053,DRV053,Kasun Gunawardena,TRP-260912-0285,dispatcher
ORD-00981,DSP-260912-0286,INV-2609-00286,2026-09-12,09:15,Store replenishment,Waypoint Fresh store OUT076,Own store,VEH043,DRV043,Asanka Kumara,TRP-260912-0286,dispatcher
ORD-01486,DSP-260912-0287,INV-2609-00287,2026-09-12,06:15,Store replenishment,Waypoint Fresh store OUT117,Own store,VEH043,DRV043,Asanka Kumara,TRP-260912-0287,dispatcher
ORD-01143,DSP-260912-0288,INV-2609-00288,2026-09-12,07:00,Store replenishment,Waypoint Style store OUT088,Own store,VEH049,DRV049,Tharindu Herath,TRP-260912-0288,dispatcher
ORD-00148,DSP-260912-0289,INV-2609-00289,2026-09-12,05:45,Store replenishment,Waypoint Fresh store OUT012,Own store,VEH013,DRV013,Pradeep Dissanayake,TRP-260912-0289,dispatcher
ORD-00692,DSP-260912-0290,INV-2609-00290,2026-09-12,06:30,Store replenishment,Waypoint Fresh store OUT054,Own store,VEH011,DRV011,Kelum Wijesinghe,TRP-260912-0290,dispatcher
ORD-00709,DSP-260912-0290,INV-2609-00290,2026-09-12,06:30,Store replenishment,Waypoint Fresh store OUT055,Own store,VEH011,DRV011,Kelum Wijesinghe,TRP-260912-0290,dispatcher
ORD-00433,DSP-260912-0291,INV-2609-00291,2026-09-12,05:30,Store replenishment,Waypoint Fresh store OUT034,Own store,VEH025,DRV025,Isuru Jayasinghe,TRP-260912-0291,dispatcher
ORD-00054,DSP-260912-0292,INV-2609-00292,2026-09-12,04:30,Store replenishment,Waypoint Fresh store OUT005,Own store,VEH002,DRV002,Janaka Perera,TRP-260912-0292,dispatcher
ORD-00336,DSP-260912-0293,INV-2609-00293,2026-09-12,05:30,Store replenishment,Waypoint Fresh store OUT026,Own store,VEH035,DRV035,Sunil Kumara,TRP-260912-0293,dispatcher
ORD-00467,DSP-260912-0294,INV-2609-00294,2026-09-12,08:30,Store replenishment,Waypoint Style store OUT036,Own store,VEH035,DRV035,Sunil Kumara,TRP-260912-0294,dispatcher
ORD-00902,DSP-260912-0295,INV-2609-00295,2026-09-12,08:30,Store replenishment,Waypoint Style store OUT070,Own store,VEH017,DRV017,Isuru Herath,TRP-260912-0295,dispatcher
ORD-00264,DSP-260912-0296,INV-2609-00296,2026-09-12,05:30,Store replenishment,Waypoint Tech store OUT021,Own store,VEH037,DRV037,Lahiru Gunawardena,TRP-260912-0296,dispatcher
ORD-00925,DSP-260912-0297,INV-2609-00297,2026-09-12,05:45,Store replenishment,Waypoint Tech store OUT072,Own store,VEH022,DRV022,Sunil Wijesinghe,TRP-260912-0297,dispatcher
ORD-00828,DSP-260912-0298,INV-2609-00298,2026-09-12,05:00,Store replenishment,Waypoint Tech store OUT064,Own store,VEH015,DRV015,Kasun Herath,TRP-260912-0298,dispatcher
ORD-00990,DSP-260913-0299,INV-2609-00299,2026-09-13,06:30,Store replenishment,Waypoint Fresh store OUT077,Own store,VEH048,DRV048,Janaka Silva,TRP-260913-0299,dispatcher
ORD-01404,DSP-260913-0300,INV-2609-00300,2026-09-13,07:00,Store replenishment,Waypoint Fresh store OUT110,Own store,VEH057,DRV057,Roshan Senanayake,TRP-260913-0300,dispatcher
ORD-00980,DSP-260913-0301,INV-2609-00301,2026-09-13,04:15,Store replenishment,Waypoint Fresh store OUT076,Own store,VEH057,DRV057,Roshan Senanayake,TRP-260913-0301,dispatcher
ORD-01043,DSP-260913-0301,INV-2609-00301,2026-09-13,04:15,Store replenishment,Waypoint Fresh store OUT081,Own store,VEH057,DRV057,Roshan Senanayake,TRP-260913-0301,dispatcher
ORD-01149,DSP-260913-0302,INV-2609-00302,2026-09-13,06:45,Store replenishment,Waypoint Style store OUT089,Own store,VEH043,DRV043,Asanka Kumara,TRP-260913-0302,dispatcher
ORD-01390,DSP-260913-0303,INV-2609-00303,2026-09-13,07:00,Store replenishment,Waypoint Style store OUT109,Own store,VEH052,DRV052,Kasun Silva,TRP-260913-0303,dispatcher
ORD-00022,DSP-260913-0304,INV-2609-00304,2026-09-13,09:15,Store replenishment,Waypoint Fresh store OUT002,Own store,VEH009,DRV009,Janaka Jayasinghe,TRP-260913-0304,dispatcher
ORD-00073,DSP-260913-0304,INV-2609-00304,2026-09-13,09:15,Store replenishment,Waypoint Fresh store OUT006,Own store,VEH009,DRV009,Janaka Jayasinghe,TRP-260913-0304,dispatcher
ORD-00569,DSP-260913-0305,INV-2609-00305,2026-09-13,04:00,Store replenishment,Waypoint Fresh store OUT044,Own store,VEH003,DRV003,Nuwan Kumara,TRP-260913-0305,dispatcher
ORD-00972,DSP-260913-0306,INV-2609-00306,2026-09-13,07:30,Store replenishment,Waypoint Fresh store OUT075,Own store,VEH001,DRV001,Mahesh Senanayake,TRP-260913-0306,dispatcher
ORD-00060,DSP-260913-0307,INV-2609-00307,2026-09-13,07:15,Store replenishment,Waypoint Fresh store OUT005,Own store,VEH002,DRV002,Janaka Perera,TRP-260913-0307,dispatcher
ORD-00133,DSP-260913-0307,INV-2609-00307,2026-09-13,07:15,Store replenishment,Waypoint Fresh store OUT011,Own store,VEH002,DRV002,Janaka Perera,TRP-260913-0307,dispatcher
ORD-00647,DSP-260913-0308,INV-2609-00308,2026-09-13,06:15,Store replenishment,Waypoint Fresh store OUT050,Own store,VEH007,DRV007,Pradeep Wijesinghe,TRP-260913-0308,dispatcher
ORD-00419,DSP-260913-0309,INV-2609-00309,2026-09-13,07:45,Store replenishment,Waypoint Fresh store OUT033,Own store,VEH004,DRV004,Nuwan Perera,TRP-260913-0309,dispatcher
ORD-00437,DSP-260913-0309,INV-2609-00309,2026-09-13,07:45,Store replenishment,Waypoint Fresh store OUT034,Own store,VEH004,DRV004,Nuwan Perera,TRP-260913-0309,dispatcher
ORD-00210,DSP-260913-0310,INV-2609-00310,2026-09-13,05:00,Store replenishment,Waypoint Style store OUT017,Own store,VEH011,DRV011,Kelum Wijesinghe,TRP-260913-0310,dispatcher
ORD-00214,DSP-260913-0310,INV-2609-00310,2026-09-13,05:00,Store replenishment,Waypoint Style store OUT017,Own store,VEH011,DRV011,Kelum Wijesinghe,TRP-260913-0310,dispatcher
ORD-00737,DSP-260913-0311,INV-2609-00311,2026-09-13,05:45,Store replenishment,Waypoint Style store OUT057,Own store,VEH016,DRV016,Kelum Jayasinghe,TRP-260913-0311,dispatcher
ORD-00478,DSP-260913-0312,INV-2609-00312,2026-09-13,05:15,Store replenishment,Waypoint Style store OUT037,Own store,VEH007,DRV007,Pradeep Wijesinghe,TRP-260913-0312,dispatcher
ORD-00978,DSP-260914-0313,INV-2609-00313,2026-09-14,06:45,Store replenishment,Waypoint Fresh store OUT076,Own store,VEH060,DRV060,Amila Gunawardena,TRP-260914-0313,dispatcher
ORD-01292,DSP-260914-0314,INV-2609-00314,2026-09-14,04:00,Store replenishment,Waypoint Fresh store OUT101,Own store,VEH047,DRV047,Sampath Fernando,TRP-260914-0314,dispatcher
ORD-01347,DSP-260914-0315,INV-2609-00315,2026-09-14,07:45,Store replenishment,Waypoint Fresh store OUT105,Own store,VEH057,DRV057,Roshan Senanayake,TRP-260914-0315,dispatcher
ORD-01308,DSP-260914-0316,INV-2609-00316,2026-09-14,09:15,Store replenishment,Waypoint Style store OUT102,Own store,VEH058,DRV058,Ruwan Jayasinghe,TRP-260914-0316,dispatcher
ORD-00025,DSP-260914-0317,INV-2609-00317,2026-09-14,04:00,Store replenishment,Waypoint Fresh store OUT002,Own store,VEH011,DRV011,Kelum Wijesinghe,TRP-260914-0317,dispatcher
ORD-00351,DSP-260914-0318,INV-2609-00318,2026-09-14,04:45,Store replenishment,Waypoint Fresh store OUT027,Own store,VEH004,DRV004,Nuwan Perera,TRP-260914-0318,dispatcher
ORD-00373,DSP-260914-0318,INV-2609-00318,2026-09-14,04:45,Store replenishment,Waypoint Fresh store OUT029,Own store,VEH004,DRV004,Nuwan Perera,TRP-260914-0318,dispatcher
ORD-00856,DSP-260914-0319,INV-2609-00319,2026-09-14,06:15,Store replenishment,Waypoint Fresh store OUT066,Own store,VEH012,DRV012,Pradeep Fernando,TRP-260914-0319,dispatcher
ORD-00759,DSP-260914-0320,INV-2609-00320,2026-09-14,05:00,Store replenishment,Waypoint Fresh store OUT059,Own store,VEH004,DRV004,Nuwan Perera,TRP-260914-0320,dispatcher
ORD-00435,DSP-260914-0321,INV-2609-00321,2026-09-14,06:15,Store replenishment,Waypoint Fresh store OUT034,Own store,VEH036,DRV036,Pradeep Silva,TRP-260914-0321,dispatcher
ORD-00267,DSP-260914-0322,INV-2609-00322,2026-09-14,06:45,Store replenishment,Waypoint Tech store OUT021,Own store,VEH027,DRV027,Kasun Fernando,TRP-260914-0322,dispatcher
ORD-00301,DSP-260914-0322,INV-2609-00322,2026-09-14,06:45,Store replenishment,Waypoint Tech store OUT024,Own store,VEH027,DRV027,Kasun Fernando,TRP-260914-0322,dispatcher
ORD-00996,DSP-260915-0323,INV-2609-00323,2026-09-15,05:30,Store replenishment,Waypoint Fresh store OUT077,Own store,VEH058,DRV058,Ruwan Jayasinghe,TRP-260915-0323,dispatcher
ORD-01494,DSP-260915-0324,INV-2609-00324,2026-09-15,06:00,Store replenishment,Waypoint Fresh store OUT117,Own store,VEH041,DRV041,Tharindu Dissanayake,TRP-260915-0324,dispatcher
ORD-01280,DSP-260915-0325,INV-2609-00325,2026-09-15,04:45,Store replenishment,Waypoint Fresh store OUT100,Own store,VEH054,DRV054,Buddhika Bandara,TRP-260915-0325,dispatcher
ORD-01129,DSP-260915-0326,INV-2609-00326,2026-09-15,08:45,Store replenishment,Waypoint Fresh store OUT087,Own store,VEH058,DRV058,Ruwan Jayasinghe,TRP-260915-0326,dispatcher
ORD-01350,DSP-260915-0327,INV-2609-00327,2026-09-15,09:15,Store replenishment,Waypoint Fresh store OUT105,Own store,VEH039,DRV039,Ruwan Bandara,TRP-260915-0327,dispatcher
ORD-01170,DSP-260915-0328,INV-2609-00328,2026-09-15,05:30,Store replenishment,Waypoint Style store OUT090,Own store,VEH046,DRV046,Tharindu Jayasinghe,TRP-260915-0328,dispatcher
ORD-00010,DSP-260915-0329,INV-2609-00329,2026-09-15,04:00,Store replenishment,Waypoint Fresh store OUT001,Own store,VEH015,DRV015,Kasun Herath,TRP-260915-0329,dispatcher
ORD-00027,DSP-260915-0329,INV-2609-00329,2026-09-15,04:00,Store replenishment,Waypoint Fresh store OUT003,Own store,VEH015,DRV015,Kasun Herath,TRP-260915-0329,dispatcher
ORD-00074,DSP-260915-0329,INV-2609-00329,2026-09-15,04:00,Store replenishment,Waypoint Fresh store OUT006,Own store,VEH015,DRV015,Kasun Herath,TRP-260915-0329,dispatcher
ORD-00158,DSP-260915-0329,INV-2609-00329,2026-09-15,04:00,Store replenishment,Waypoint Fresh store OUT013,Own store,VEH015,DRV015,Kasun Herath,TRP-260915-0329,dispatcher
ORD-00180,DSP-260915-0330,INV-2609-00330,2026-09-15,06:00,Store replenishment,Waypoint Fresh store OUT014,Own store,VEH022,DRV022,Sunil Wijesinghe,TRP-260915-0330,dispatcher
ORD-00696,DSP-260915-0331,INV-2609-00331,2026-09-15,08:30,Store replenishment,Waypoint Fresh store OUT054,Own store,VEH018,DRV018,Asanka Bandara,TRP-260915-0331,dispatcher
ORD-00033,DSP-260915-0332,INV-2609-00332,2026-09-15,06:00,Store replenishment,Waypoint Fresh store OUT003,Own store,VEH005,DRV005,Tharindu Fernando,TRP-260915-0332,dispatcher
ORD-00099,DSP-260915-0332,INV-2609-00332,2026-09-15,06:00,Store replenishment,Waypoint Fresh store OUT008,Own store,VEH005,DRV005,Tharindu Fernando,TRP-260915-0332,dispatcher
ORD-00664,DSP-260915-0333,INV-2609-00333,2026-09-15,04:15,Store replenishment,Waypoint Fresh store OUT052,Own store,VEH036,DRV036,Pradeep Silva,TRP-260915-0333,dispatcher
ORD-00428,DSP-260915-0334,INV-2609-00334,2026-09-15,06:15,Store replenishment,Waypoint Fresh store OUT033,Own store,VEH005,DRV005,Tharindu Fernando,TRP-260915-0334,dispatcher
ORD-00802,DSP-260915-0335,INV-2609-00335,2026-09-15,07:15,Store replenishment,Waypoint Fresh store OUT062,Own store,VEH003,DRV003,Nuwan Kumara,TRP-260915-0335,dispatcher
ORD-00201,DSP-260915-0336,INV-2609-00336,2026-09-15,07:15,Store replenishment,Waypoint Style store OUT016,Own store,VEH025,DRV025,Isuru Jayasinghe,TRP-260915-0336,dispatcher
ORD-00444,DSP-260915-0337,INV-2609-00337,2026-09-15,09:45,Store replenishment,Waypoint Style store OUT035,Own store,VEH025,DRV025,Isuru Jayasinghe,TRP-260915-0337,dispatcher
ORD-00906,DSP-260915-0338,INV-2609-00338,2026-09-15,04:00,Store replenishment,Waypoint Style store OUT070,Own store,VEH034,DRV034,Lahiru Kumara,TRP-260915-0338,dispatcher
ORD-00821,DSP-260915-0339,INV-2609-00339,2026-09-15,06:30,Store replenishment,Waypoint Tech store OUT064,Own store,VEH028,DRV028,Sampath Silva,TRP-260915-0339,dispatcher
ORD-00829,DSP-260915-0339,INV-2609-00339,2026-09-15,06:30,Store replenishment,Waypoint Tech store OUT064,Own store,VEH028,DRV028,Sampath Silva,TRP-260915-0339,dispatcher
ORD-01015,DSP-260916-0340,INV-2609-00340,2026-09-16,08:00,Store replenishment,Waypoint Fresh store OUT079,Own store,VEH045,DRV045,Isuru Senanayake,TRP-260916-0340,dispatcher
ORD-01033,DSP-260916-0340,INV-2609-00340,2026-09-16,08:00,Store replenishment,Waypoint Fresh store OUT080,Own store,VEH045,DRV045,Isuru Senanayake,TRP-260916-0340,dispatcher
ORD-01060,DSP-260916-0340,INV-2609-00340,2026-09-16,08:00,Store replenishment,Waypoint Fresh store OUT082,Own store,VEH045,DRV045,Isuru Senanayake,TRP-260916-0340,dispatcher
ORD-01342,DSP-260916-0341,INV-2609-00341,2026-09-16,05:15,Store replenishment,Waypoint Fresh store OUT105,Own store,VEH057,DRV057,Roshan Senanayake,TRP-260916-0341,dispatcher
ORD-01356,DSP-260916-0341,INV-2609-00341,2026-09-16,05:15,Store replenishment,Waypoint Fresh store OUT106,Own store,VEH057,DRV057,Roshan Senanayake,TRP-260916-0341,dispatcher
ORD-01276,DSP-260916-0342,INV-2609-00342,2026-09-16,04:00,Store replenishment,Waypoint Fresh store OUT099,Own store,VEH039,DRV039,Ruwan Bandara,TRP-260916-0342,dispatcher
ORD-01288,DSP-260916-0342,INV-2609-00342,2026-09-16,04:00,Store replenishment,Waypoint Fresh store OUT100,Own store,VEH039,DRV039,Ruwan Bandara,TRP-260916-0342,dispatcher
ORD-01313,DSP-260916-0343,INV-2609-00343,2026-09-16,05:30,Store replenishment,Waypoint Style store OUT102,Own store,VEH042,DRV042,Roshan Perera,TRP-260916-0343,dispatcher
ORD-00071,DSP-260916-0344,INV-2609-00344,2026-09-16,04:00,Store replenishment,Waypoint Fresh store OUT006,Own store,VEH010,DRV010,Roshan Jayasinghe,TRP-260916-0344,dispatcher
ORD-00675,DSP-260916-0345,INV-2609-00345,2026-09-16,05:00,Store replenishment,Waypoint Fresh store OUT052,Own store,VEH003,DRV003,Nuwan Kumara,TRP-260916-0345,dispatcher
ORD-00586,DSP-260916-0346,INV-2609-00346,2026-09-16,04:00,Store replenishment,Waypoint Fresh store OUT046,Own store,VEH005,DRV005,Tharindu Fernando,TRP-260916-0346,dispatcher
ORD-00400,DSP-260916-0347,INV-2609-00347,2026-09-16,06:00,Store replenishment,Waypoint Fresh store OUT031,Own store,VEH006,DRV006,Asanka Rathnayake,TRP-260916-0347,dispatcher
ORD-00571,DSP-260916-0348,INV-2609-00348,2026-09-16,05:15,Store replenishment,Waypoint Fresh store OUT044,Own store,VEH007,DRV007,Pradeep Wijesinghe,TRP-260916-0348,dispatcher
ORD-00775,DSP-260916-0349,INV-2609-00349,2026-09-16,06:00,Store replenishment,Waypoint Fresh store OUT060,Own store,VEH004,DRV004,Nuwan Perera,TRP-260916-0349,dispatcher
ORD-00213,DSP-260916-0350,INV-2609-00350,2026-09-16,04:00,Store replenishment,Waypoint Style store OUT017,Own store,VEH003,DRV003,Nuwan Kumara,TRP-260916-0350,dispatcher
ORD-00918,DSP-260916-0351,INV-2609-00351,2026-09-16,09:00,Store replenishment,Waypoint Style store OUT071,Own store,VEH019,DRV019,Dinesh Herath,TRP-260916-0351,dispatcher
ORD-00275,DSP-260916-0352,INV-2609-00352,2026-09-16,05:15,Store replenishment,Waypoint Tech store OUT022,Own store,VEH009,DRV009,Janaka Jayasinghe,TRP-260916-0352,dispatcher
ORD-00280,DSP-260916-0352,INV-2609-00352,2026-09-16,05:15,Store replenishment,Waypoint Tech store OUT022,Own store,VEH009,DRV009,Janaka Jayasinghe,TRP-260916-0352,dispatcher
ORD-01410,DSP-260917-0353,INV-2609-00353,2026-09-17,07:30,Store replenishment,Waypoint Fresh store OUT110,Own store,VEH048,DRV048,Janaka Silva,TRP-260917-0353,dispatcher
ORD-01426,DSP-260917-0353,INV-2609-00353,2026-09-17,07:30,Store replenishment,Waypoint Fresh store OUT112,Own store,VEH048,DRV048,Janaka Silva,TRP-260917-0353,dispatcher
ORD-01254,DSP-260917-0354,INV-2609-00354,2026-09-17,06:00,Store replenishment,Waypoint Fresh store OUT097,Own store,VEH052,DRV052,Kasun Silva,TRP-260917-0354,dispatcher
ORD-01086,DSP-260917-0355,INV-2609-00355,2026-09-17,06:30,Store replenishment,Waypoint Fresh store OUT084,Own store,VEH041,DRV041,Tharindu Dissanayake,TRP-260917-0355,dispatcher
ORD-01233,DSP-260917-0356,INV-2609-00356,2026-09-17,07:30,Store replenishment,Waypoint Fresh store OUT096,Own store,VEH039,DRV039,Ruwan Bandara,TRP-260917-0356,dispatcher
ORD-00018,DSP-260917-0357,INV-2609-00357,2026-09-17,09:30,Store replenishment,Waypoint Fresh store OUT002,Own store,VEH033,DRV033,Sampath Herath,TRP-260917-0357,dispatcher
ORD-00063,DSP-260917-0357,INV-2609-00357,2026-09-17,09:30,Store replenishment,Waypoint Fresh store OUT005,Own store,VEH033,DRV033,Sampath Herath,TRP-260917-0357,dispatcher
ORD-00097,DSP-260917-0357,INV-2609-00357,2026-09-17,09:30,Store replenishment,Waypoint Fresh store OUT008,Own store,VEH033,DRV033,Sampath Herath,TRP-260917-0357,dispatcher
ORD-00177,DSP-260917-0357,INV-2609-00357,2026-09-17,09:30,Store replenishment,Waypoint Fresh store OUT014,Own store,VEH033,DRV033,Sampath Herath,TRP-260917-0357,dispatcher
ORD-00679,DSP-260917-0358,INV-2609-00358,2026-09-17,08:00,Store replenishment,Waypoint Fresh store OUT053,Own store,VEH002,DRV002,Janaka Perera,TRP-260917-0358,dispatcher
ORD-00937,DSP-260917-0359,INV-2609-00359,2026-09-17,05:30,Store replenishment,Waypoint Fresh store OUT073,Own store,VEH028,DRV028,Sampath Silva,TRP-260917-0359,dispatcher
ORD-00124,DSP-260917-0360,INV-2609-00360,2026-09-17,04:15,Store replenishment,Waypoint Fresh store OUT010,Own store,VEH035,DRV035,Sunil Kumara,TRP-260917-0360,dispatcher
ORD-00553,DSP-260917-0361,INV-2609-00361,2026-09-17,06:15,Store replenishment,Waypoint Fresh store OUT043,Own store,VEH002,DRV002,Janaka Perera,TRP-260917-0361,dispatcher
ORD-00783,DSP-260917-0362,INV-2609-00362,2026-09-17,04:15,Store replenishment,Waypoint Fresh store OUT061,Own store,VEH007,DRV007,Pradeep Wijesinghe,TRP-260917-0362,dispatcher
ORD-00219,DSP-260917-0363,INV-2609-00363,2026-09-17,04:00,Store replenishment,Waypoint Style store OUT017,Own store,VEH019,DRV019,Dinesh Herath,TRP-260917-0363,dispatcher
ORD-00729,DSP-260917-0364,INV-2609-00364,2026-09-17,09:00,Store replenishment,Waypoint Style store OUT057,Own store,VEH023,DRV023,Nimal Silva,TRP-260917-0364,dispatcher
ORD-00447,DSP-260917-0365,INV-2609-00365,2026-09-17,05:45,Store replenishment,Waypoint Style store OUT035,Own store,VEH032,DRV032,Sampath Senanayake,TRP-260917-0365,dispatcher
ORD-00611,DSP-260917-0366,INV-2609-00366,2026-09-17,07:30,Store replenishment,Waypoint Style store OUT047,Own store,VEH038,DRV038,Asanka Perera,TRP-260917-0366,dispatcher
ORD-00624,DSP-260917-0366,INV-2609-00366,2026-09-17,07:30,Store replenishment,Waypoint Style store OUT048,Own store,VEH038,DRV038,Asanka Perera,TRP-260917-0366,dispatcher
ORD-00908,DSP-260917-0367,INV-2609-00367,2026-09-17,05:30,Store replenishment,Waypoint Style store OUT070,Own store,VEH037,DRV037,Lahiru Gunawardena,TRP-260917-0367,dispatcher
ORD-00814,DSP-260917-0368,INV-2609-00368,2026-09-17,06:45,Store replenishment,Waypoint Style store OUT063,Own store,VEH014,DRV014,Mahesh Kumara,TRP-260917-0368,dispatcher
ORD-00269,DSP-260917-0369,INV-2609-00369,2026-09-17,05:00,Store replenishment,Waypoint Tech store OUT021,Own store,VEH011,DRV011,Kelum Wijesinghe,TRP-260917-0369,dispatcher
ORD-00932,DSP-260917-0370,INV-2609-00370,2026-09-17,05:30,Store replenishment,Waypoint Tech store OUT072,Own store,VEH032,DRV032,Sampath Senanayake,TRP-260917-0370,dispatcher
ORD-01436,DSP-260918-0371,INV-2609-00371,2026-09-18,05:45,Store replenishment,Waypoint Fresh store OUT113,Own store,VEH050,DRV050,Sampath Wijesinghe,TRP-260918-0371,dispatcher
ORD-01041,DSP-260918-0372,INV-2609-00372,2026-09-18,05:45,Store replenishment,Waypoint Fresh store OUT081,Own store,VEH051,DRV051,Janaka Fernando,TRP-260918-0372,dispatcher
ORD-01085,DSP-260918-0372,INV-2609-00372,2026-09-18,05:45,Store replenishment,Waypoint Fresh store OUT084,Own store,VEH051,DRV051,Janaka Fernando,TRP-260918-0372,dispatcher
ORD-01284,DSP-260918-0373,INV-2609-00373,2026-09-18,04:30,Store replenishment,Waypoint Fresh store OUT100,Own store,VEH059,DRV059,Pradeep Herath,TRP-260918-0373,dispatcher
ORD-00977,DSP-260918-0374,INV-2609-00374,2026-09-18,06:30,Store replenishment,Waypoint Fresh store OUT076,Own store,VEH040,DRV040,Dinesh Bandara,TRP-260918-0374,dispatcher
ORD-01339,DSP-260918-0375,INV-2609-00375,2026-09-18,05:45,Store replenishment,Waypoint Fresh store OUT105,Own store,VEH042,DRV042,Roshan Perera,TRP-260918-0375,dispatcher
ORD-01373,DSP-260918-0375,INV-2609-00375,2026-09-18,05:45,Store replenishment,Waypoint Fresh store OUT107,Own store,VEH042,DRV042,Roshan Perera,TRP-260918-0375,dispatcher
ORD-01181,DSP-260918-0376,INV-2609-00376,2026-09-18,06:45,Store replenishment,Waypoint Style store OUT091,Own store,VEH059,DRV059,Pradeep Herath,TRP-260918-0376,dispatcher
ORD-00086,DSP-260918-0377,INV-2609-00377,2026-09-18,04:30,Store replenishment,Waypoint Fresh store OUT007,Own store,VEH009,DRV009,Janaka Jayasinghe,TRP-260918-0377,dispatcher
ORD-00344,DSP-260918-0378,INV-2609-00378,2026-09-18,07:15,Store replenishment,Waypoint Fresh store OUT027,Own store,VEH038,DRV038,Asanka Perera,TRP-260918-0378,dispatcher
ORD-00792,DSP-260918-0379,INV-2609-00379,2026-09-18,07:15,Store replenishment,Waypoint Fresh store OUT061,Own store,VEH029,DRV029,Tharindu Kumara,TRP-260918-0379,dispatcher
ORD-00969,DSP-260918-0380,INV-2609-00380,2026-09-18,09:30,Store replenishment,Waypoint Fresh store OUT075,Own store,VEH030,DRV030,Chaminda Wijesinghe,TRP-260918-0380,dispatcher
ORD-00174,DSP-260918-0381,INV-2609-00381,2026-09-18,05:30,Store replenishment,Waypoint Fresh store OUT014,Own store,VEH004,DRV004,Nuwan Perera,TRP-260918-0381,dispatcher
ORD-00329,DSP-260918-0382,INV-2609-00382,2026-09-18,06:15,Store replenishment,Waypoint Fresh store OUT026,Own store,VEH035,DRV035,Sunil Kumara,TRP-260918-0382,dispatcher
ORD-00346,DSP-260918-0382,INV-2609-00382,2026-09-18,06:15,Store replenishment,Waypoint Fresh store OUT027,Own store,VEH035,DRV035,Sunil Kumara,TRP-260918-0382,dispatcher
ORD-00556,DSP-260918-0383,INV-2609-00383,2026-09-18,06:15,Store replenishment,Waypoint Fresh store OUT043,Own store,VEH005,DRV005,Tharindu Fernando,TRP-260918-0383,dispatcher
ORD-00964,DSP-260918-0384,INV-2609-00384,2026-09-18,06:30,Store replenishment,Waypoint Fresh store OUT075,Own store,VEH003,DRV003,Nuwan Kumara,TRP-260918-0384,dispatcher
ORD-00207,DSP-260918-0385,INV-2609-00385,2026-09-18,07:15,Store replenishment,Waypoint Style store OUT016,Own store,VEH034,DRV034,Lahiru Kumara,TRP-260918-0385,dispatcher
ORD-00453,DSP-260918-0386,INV-2609-00386,2026-09-18,07:15,Store replenishment,Waypoint Style store OUT035,Own store,VEH016,DRV016,Kelum Jayasinghe,TRP-260918-0386,dispatcher
ORD-00459,DSP-260918-0386,INV-2609-00386,2026-09-18,07:15,Store replenishment,Waypoint Style store OUT036,Own store,VEH016,DRV016,Kelum Jayasinghe,TRP-260918-0386,dispatcher
ORD-00610,DSP-260918-0387,INV-2609-00387,2026-09-18,05:15,Store replenishment,Waypoint Style store OUT047,Own store,VEH017,DRV017,Isuru Herath,TRP-260918-0387,dispatcher
ORD-00904,DSP-260918-0388,INV-2609-00388,2026-09-18,06:45,Store replenishment,Waypoint Style store OUT070,Own store,VEH007,DRV007,Pradeep Wijesinghe,TRP-260918-0388,dispatcher
ORD-00929,DSP-260918-0389,INV-2609-00389,2026-09-18,05:30,Store replenishment,Waypoint Tech store OUT072,Own store,VEH010,DRV010,Roshan Jayasinghe,TRP-260918-0389,dispatcher
ORD-01029,DSP-260919-0390,INV-2609-00390,2026-09-19,08:30,Store replenishment,Waypoint Fresh store OUT080,Own store,VEH048,DRV048,Janaka Silva,TRP-260919-0390,dispatcher
ORD-01047,DSP-260919-0390,INV-2609-00390,2026-09-19,08:30,Store replenishment,Waypoint Fresh store OUT081,Own store,VEH048,DRV048,Janaka Silva,TRP-260919-0390,dispatcher
ORD-01069,DSP-260919-0390,INV-2609-00390,2026-09-19,08:30,Store replenishment,Waypoint Fresh store OUT083,Own store,VEH048,DRV048,Janaka Silva,TRP-260919-0390,dispatcher
ORD-01487,DSP-260919-0391,INV-2609-00391,2026-09-19,05:00,Store replenishment,Waypoint Fresh store OUT117,Own store,VEH045,DRV045,Isuru Senanayake,TRP-260919-0391,dispatcher
ORD-01343,DSP-260919-0392,INV-2609-00392,2026-09-19,06:45,Store replenishment,Waypoint Fresh store OUT105,Own store,VEH047,DRV047,Sampath Fernando,TRP-260919-0392,dispatcher
ORD-01363,DSP-260919-0392,INV-2609-00392,2026-09-19,06:45,Store replenishment,Waypoint Fresh store OUT107,Own store,VEH047,DRV047,Sampath Fernando,TRP-260919-0392,dispatcher
ORD-01364,DSP-260919-0392,INV-2609-00392,2026-09-19,06:45,Store replenishment,Waypoint Fresh store OUT107,Own store,VEH047,DRV047,Sampath Fernando,TRP-260919-0392,dispatcher
ORD-01417,DSP-260919-0393,INV-2609-00393,2026-09-19,04:00,Store replenishment,Waypoint Fresh store OUT111,Own store,VEH042,DRV042,Roshan Perera,TRP-260919-0393,dispatcher
ORD-01419,DSP-260919-0393,INV-2609-00393,2026-09-19,04:00,Store replenishment,Waypoint Fresh store OUT111,Own store,VEH042,DRV042,Roshan Perera,TRP-260919-0393,dispatcher
ORD-01070,DSP-260919-0394,INV-2609-00394,2026-09-19,08:15,Store replenishment,Waypoint Fresh store OUT083,Own store,VEH042,DRV042,Roshan Perera,TRP-260919-0394,dispatcher
ORD-01282,DSP-260919-0395,INV-2609-00395,2026-09-19,06:45,Store replenishment,Waypoint Fresh store OUT100,Own store,VEH043,DRV043,Asanka Kumara,TRP-260919-0395,dispatcher
ORD-00088,DSP-260919-0396,INV-2609-00396,2026-09-19,05:30,Store replenishment,Waypoint Fresh store OUT007,Own store,VEH002,DRV002,Janaka Perera,TRP-260919-0396,dispatcher
ORD-00101,DSP-260919-0396,INV-2609-00396,2026-09-19,05:30,Store replenishment,Waypoint Fresh store OUT008,Own store,VEH002,DRV002,Janaka Perera,TRP-260919-0396,dispatcher
ORD-00638,DSP-260919-0397,INV-2609-00397,2026-09-19,04:15,Store replenishment,Waypoint Fresh store OUT050,Own store,VEH026,DRV026,Kelum Rathnayake,TRP-260919-0397,dispatcher
ORD-00347,DSP-260919-0398,INV-2609-00398,2026-09-19,08:15,Store replenishment,Waypoint Fresh store OUT027,Own store,VEH028,DRV028,Sampath Silva,TRP-260919-0398,dispatcher
ORD-00416,DSP-260919-0398,INV-2609-00398,2026-09-19,08:15,Store replenishment,Waypoint Fresh store OUT032,Own store,VEH028,DRV028,Sampath Silva,TRP-260919-0398,dispatcher
ORD-00005,DSP-260919-0399,INV-2609-00399,2026-09-19,05:00,Store replenishment,Waypoint Fresh store OUT001,Own store,VEH004,DRV004,Nuwan Perera,TRP-260919-0399,dispatcher
ORD-00948,DSP-260919-0400,INV-2609-00400,2026-09-19,08:30,Store replenishment,Waypoint Fresh store OUT073,Own store,VEH035,DRV035,Sunil Kumara,TRP-260919-0400,dispatcher
ORD-00190,DSP-260919-0401,INV-2609-00401,2026-09-19,05:45,Store replenishment,Waypoint Style store OUT015,Own store,VEH017,DRV017,Isuru Herath,TRP-260919-0401,dispatcher
ORD-00225,DSP-260919-0401,INV-2609-00401,2026-09-19,05:45,Store replenishment,Waypoint Style store OUT018,Own store,VEH017,DRV017,Isuru Herath,TRP-260919-0401,dispatcher
ORD-00480,DSP-260919-0402,INV-2609-00402,2026-09-19,08:15,Store replenishment,Waypoint Style store OUT037,Own store,VEH016,DRV016,Kelum Jayasinghe,TRP-260919-0402,dispatcher
ORD-00295,DSP-260919-0403,INV-2609-00403,2026-09-19,08:45,Store replenishment,Waypoint Tech store OUT023,Own store,VEH017,DRV017,Isuru Herath,TRP-260919-0403,dispatcher
ORD-00635,DSP-260919-0404,INV-2609-00404,2026-09-19,04:45,Store replenishment,Waypoint Tech store OUT049,Own store,VEH030,DRV030,Chaminda Wijesinghe,TRP-260919-0404,dispatcher
ORD-01038,DSP-260920-0405,INV-2609-00405,2026-09-20,05:30,Store replenishment,Waypoint Fresh store OUT080,Own store,VEH055,DRV055,Kasun Kumara,TRP-260920-0405,dispatcher
ORD-01362,DSP-260920-0406,INV-2609-00406,2026-09-20,08:45,Store replenishment,Waypoint Fresh store OUT106,Own store,VEH039,DRV039,Ruwan Bandara,TRP-260920-0406,dispatcher
ORD-01405,DSP-260920-0407,INV-2609-00407,2026-09-20,04:30,Store replenishment,Waypoint Fresh store OUT110,Own store,VEH039,DRV039,Ruwan Bandara,TRP-260920-0407,dispatcher
ORD-01411,DSP-260920-0407,INV-2609-00407,2026-09-20,04:30,Store replenishment,Waypoint Fresh store OUT111,Own store,VEH039,DRV039,Ruwan Bandara,TRP-260920-0407,dispatcher
ORD-01386,DSP-260920-0408,INV-2609-00408,2026-09-20,06:15,Store replenishment,Waypoint Fresh store OUT108,Own store,VEH043,DRV043,Asanka Kumara,TRP-260920-0408,dispatcher
ORD-01135,DSP-260920-0409,INV-2609-00409,2026-09-20,07:00,Store replenishment,Waypoint Style store OUT088,Own store,VEH045,DRV045,Isuru Senanayake,TRP-260920-0409,dispatcher
ORD-00129,DSP-260920-0410,INV-2609-00410,2026-09-20,09:15,Store replenishment,Waypoint Fresh store OUT010,Own store,VEH037,DRV037,Lahiru Gunawardena,TRP-260920-0410,dispatcher
ORD-00157,DSP-260920-0410,INV-2609-00410,2026-09-20,09:15,Store replenishment,Waypoint Fresh store OUT013,Own store,VEH037,DRV037,Lahiru Gunawardena,TRP-260920-0410,dispatcher
ORD-00343,DSP-260920-0411,INV-2609-00411,2026-09-20,04:30,Store replenishment,Waypoint Fresh store OUT027,Own store,VEH031,DRV031,Saman Herath,TRP-260920-0411,dispatcher
ORD-00432,DSP-260920-0411,INV-2609-00411,2026-09-20,04:30,Store replenishment,Waypoint Fresh store OUT034,Own store,VEH031,DRV031,Saman Herath,TRP-260920-0411,dispatcher
ORD-00524,DSP-260920-0412,INV-2609-00412,2026-09-20,07:45,Store replenishment,Waypoint Fresh store OUT041,Own store,VEH034,DRV034,Lahiru Kumara,TRP-260920-0412,dispatcher
ORD-00833,DSP-260920-0413,INV-2609-00413,2026-09-20,06:15,Store replenishment,Waypoint Fresh store OUT065,Own store,VEH030,DRV030,Chaminda Wijesinghe,TRP-260920-0413,dispatcher
ORD-00839,DSP-260920-0413,INV-2609-00413,2026-09-20,06:15,Store replenishment,Waypoint Fresh store OUT065,Own store,VEH030,DRV030,Chaminda Wijesinghe,TRP-260920-0413,dispatcher
ORD-00115,DSP-260920-0414,INV-2609-00414,2026-09-20,05:30,Store replenishment,Waypoint Fresh store OUT009,Own store,VEH007,DRV007,Pradeep Wijesinghe,TRP-260920-0414,dispatcher
ORD-00939,DSP-260920-0415,INV-2609-00415,2026-09-20,06:30,Store replenishment,Waypoint Fresh store OUT073,Own store,VEH001,DRV001,Mahesh Senanayake,TRP-260920-0415,dispatcher
ORD-00974,DSP-260920-0415,INV-2609-00415,2026-09-20,06:30,Store replenishment,Waypoint Fresh store OUT075,Own store,VEH001,DRV001,Mahesh Senanayake,TRP-260920-0415,dispatcher
ORD-00248,DSP-260920-0416,INV-2609-00416,2026-09-20,08:00,Store replenishment,Waypoint Style store OUT020,Own store,VEH025,DRV025,Isuru Jayasinghe,TRP-260920-0416,dispatcher
ORD-00260,DSP-260920-0416,INV-2609-00416,2026-09-20,08:00,Store replenishment,Waypoint Style store OUT020,Own store,VEH025,DRV025,Isuru Jayasinghe,TRP-260920-0416,dispatcher
ORD-00742,DSP-260920-0417,INV-2609-00417,2026-09-20,05:45,Store replenishment,Waypoint Tech store OUT058,Own store,VEH001,DRV001,Mahesh Senanayake,TRP-260920-0417,dispatcher
ORD-00744,DSP-260920-0417,INV-2609-00417,2026-09-20,05:45,Store replenishment,Waypoint Tech store OUT058,Own store,VEH001,DRV001,Mahesh Senanayake,TRP-260920-0417,dispatcher
ORD-00629,DSP-260920-0418,INV-2609-00418,2026-09-20,07:30,Store replenishment,Waypoint Tech store OUT049,Own store,VEH027,DRV027,Kasun Fernando,TRP-260920-0418,dispatcher
ORD-00931,DSP-260920-0419,INV-2609-00419,2026-09-20,06:30,Store replenishment,Waypoint Tech store OUT072,Own store,VEH007,DRV007,Pradeep Wijesinghe,TRP-260920-0419,dispatcher
ORD-01434,DSP-260921-0420,INV-2609-00420,2026-09-21,06:45,Store replenishment,Waypoint Fresh store OUT112,Own store,VEH051,DRV051,Janaka Fernando,TRP-260921-0420,dispatcher
ORD-00986,DSP-260921-0421,INV-2609-00421,2026-09-21,06:15,Store replenishment,Waypoint Fresh store OUT076,Own store,VEH053,DRV053,Kasun Gunawardena,TRP-260921-0421,dispatcher
ORD-01008,DSP-260921-0421,INV-2609-00421,2026-09-21,06:15,Store replenishment,Waypoint Fresh store OUT078,Own store,VEH053,DRV053,Kasun Gunawardena,TRP-260921-0421,dispatcher
ORD-01267,DSP-260921-0422,INV-2609-00422,2026-09-21,05:15,Store replenishment,Waypoint Fresh store OUT099,Own store,VEH043,DRV043,Asanka Kumara,TRP-260921-0422,dispatcher
ORD-01300,DSP-260921-0422,INV-2609-00422,2026-09-21,05:15,Store replenishment,Waypoint Fresh store OUT101,Own store,VEH043,DRV043,Asanka Kumara,TRP-260921-0422,dispatcher
ORD-01425,DSP-260921-0423,INV-2609-00423,2026-09-21,06:15,Store replenishment,Waypoint Fresh store OUT112,Own store,VEH042,DRV042,Roshan Perera,TRP-260921-0423,dispatcher
ORD-01272,DSP-260921-0424,INV-2609-00424,2026-09-21,08:45,Store replenishment,Waypoint Fresh store OUT099,Own store,VEH041,DRV041,Tharindu Dissanayake,TRP-260921-0424,dispatcher
ORD-01184,DSP-260921-0425,INV-2609-00425,2026-09-21,05:45,Store replenishment,Waypoint Style store OUT092,Own store,VEH048,DRV048,Janaka Silva,TRP-260921-0425,dispatcher
ORD-00095,DSP-260921-0426,INV-2609-00426,2026-09-21,06:30,Store replenishment,Waypoint Fresh store OUT008,Own store,VEH023,DRV023,Nimal Silva,TRP-260921-0426,dispatcher
ORD-00665,DSP-260921-0427,INV-2609-00427,2026-09-21,06:45,Store replenishment,Waypoint Fresh store OUT052,Own store,VEH025,DRV025,Isuru Jayasinghe,TRP-260921-0427,dispatcher
ORD-00535,DSP-260921-0428,INV-2609-00428,2026-09-21,09:00,Store replenishment,Waypoint Fresh store OUT042,Own store,VEH012,DRV012,Pradeep Fernando,TRP-260921-0428,dispatcher
ORD-00595,DSP-260921-0428,INV-2609-00428,2026-09-21,09:00,Store replenishment,Waypoint Fresh store OUT046,Own store,VEH012,DRV012,Pradeep Fernando,TRP-260921-0428,dispatcher
ORD-00863,DSP-260921-0429,INV-2609-00429,2026-09-21,07:15,Store replenishment,Waypoint Fresh store OUT067,Own store,VEH018,DRV018,Asanka Bandara,TRP-260921-0429,dispatcher
ORD-00958,DSP-260921-0430,INV-2609-00430,2026-09-21,07:45,Store replenishment,Waypoint Fresh store OUT074,Own store,VEH020,DRV020,Kelum Fernando,TRP-260921-0430,dispatcher
ORD-00973,DSP-260921-0430,INV-2609-00430,2026-09-21,07:45,Store replenishment,Waypoint Fresh store OUT075,Own store,VEH020,DRV020,Kelum Fernando,TRP-260921-0430,dispatcher
ORD-00838,DSP-260921-0431,INV-2609-00431,2026-09-21,08:00,Store replenishment,Waypoint Fresh store OUT065,Own store,VEH035,DRV035,Sunil Kumara,TRP-260921-0431,dispatcher
ORD-00185,DSP-260921-0432,INV-2609-00432,2026-09-21,05:30,Store replenishment,Waypoint Style store OUT015,Own store,VEH024,DRV024,Sampath Kumara,TRP-260921-0432,dispatcher
ORD-00191,DSP-260921-0432,INV-2609-00432,2026-09-21,05:30,Store replenishment,Waypoint Style store OUT015,Own store,VEH024,DRV024,Sampath Kumara,TRP-260921-0432,dispatcher
ORD-00204,DSP-260921-0432,INV-2609-00432,2026-09-21,05:30,Store replenishment,Waypoint Style store OUT016,Own store,VEH024,DRV024,Sampath Kumara,TRP-260921-0432,dispatcher
ORD-00235,DSP-260921-0432,INV-2609-00432,2026-09-21,05:30,Store replenishment,Waypoint Style store OUT019,Own store,VEH024,DRV024,Sampath Kumara,TRP-260921-0432,dispatcher
ORD-00247,DSP-260921-0433,INV-2609-00433,2026-09-21,04:00,Store replenishment,Waypoint Style store OUT019,Own store,VEH025,DRV025,Isuru Jayasinghe,TRP-260921-0433,dispatcher
ORD-00721,DSP-260921-0434,INV-2609-00434,2026-09-21,07:15,Store replenishment,Waypoint Style store OUT056,Own store,VEH037,DRV037,Lahiru Gunawardena,TRP-260921-0434,dispatcher
ORD-00476,DSP-260921-0435,INV-2609-00435,2026-09-21,07:00,Store replenishment,Waypoint Style store OUT037,Own store,VEH034,DRV034,Lahiru Kumara,TRP-260921-0435,dispatcher
ORD-00481,DSP-260921-0435,INV-2609-00435,2026-09-21,07:00,Store replenishment,Waypoint Style store OUT037,Own store,VEH034,DRV034,Lahiru Kumara,TRP-260921-0435,dispatcher
ORD-00620,DSP-260921-0436,INV-2609-00436,2026-09-21,06:00,Store replenishment,Waypoint Style store OUT048,Own store,VEH001,DRV001,Mahesh Senanayake,TRP-260921-0436,dispatcher
ORD-00304,DSP-260921-0437,INV-2609-00437,2026-09-21,06:00,Store replenishment,Waypoint Tech store OUT024,Own store,VEH019,DRV019,Dinesh Herath,TRP-260921-0437,dispatcher
ORD-00933,DSP-260921-0438,INV-2609-00438,2026-09-21,05:15,Store replenishment,Waypoint Tech store OUT072,Own store,VEH038,DRV038,Asanka Perera,TRP-260921-0438,dispatcher
ORD-01403,DSP-260922-0439,INV-2609-00439,2026-09-22,09:30,Store replenishment,Waypoint Fresh store OUT110,Own store,VEH044,DRV044,Isuru Perera,TRP-260922-0439,dispatcher
ORD-01259,DSP-260922-0440,INV-2609-00440,2026-09-22,06:45,Store replenishment,Waypoint Fresh store OUT098,Own store,VEH043,DRV043,Asanka Kumara,TRP-260922-0440,dispatcher
ORD-01297,DSP-260922-0440,INV-2609-00440,2026-09-22,06:45,Store replenishment,Waypoint Fresh store OUT101,Own store,VEH043,DRV043,Asanka Kumara,TRP-260922-0440,dispatcher
ORD-01333,DSP-260922-0441,INV-2609-00441,2026-09-22,05:00,Store replenishment,Waypoint Fresh store OUT104,Own store,VEH056,DRV056,Kasun Jayasinghe,TRP-260922-0441,dispatcher
ORD-01340,DSP-260922-0441,INV-2609-00441,2026-09-22,05:00,Store replenishment,Waypoint Fresh store OUT105,Own store,VEH056,DRV056,Kasun Jayasinghe,TRP-260922-0441,dispatcher
ORD-01424,DSP-260922-0442,INV-2609-00442,2026-09-22,06:15,Store replenishment,Waypoint Fresh store OUT112,Own store,VEH057,DRV057,Roshan Senanayake,TRP-260922-0442,dispatcher
ORD-01105,DSP-260922-0443,INV-2609-00443,2026-09-22,06:00,Store replenishment,Waypoint Fresh store OUT085,Own store,VEH042,DRV042,Roshan Perera,TRP-260922-0443,dispatcher
ORD-01145,DSP-260922-0444,INV-2609-00444,2026-09-22,05:00,Store replenishment,Waypoint Style store OUT089,Own store,VEH053,DRV053,Kasun Gunawardena,TRP-260922-0444,dispatcher
ORD-01185,DSP-260922-0444,INV-2609-00444,2026-09-22,05:00,Store replenishment,Waypoint Style store OUT092,Own store,VEH053,DRV053,Kasun Gunawardena,TRP-260922-0444,dispatcher
ORD-00017,DSP-260922-0445,INV-2609-00445,2026-09-22,08:15,Store replenishment,Waypoint Fresh store OUT002,Own store,VEH017,DRV017,Isuru Herath,TRP-260922-0445,dispatcher
ORD-00430,DSP-260922-0446,INV-2609-00446,2026-09-22,09:45,Store replenishment,Waypoint Fresh store OUT034,Own store,VEH009,DRV009,Janaka Jayasinghe,TRP-260922-0446,dispatcher
ORD-00954,DSP-260922-0447,INV-2609-00447,2026-09-22,04:45,Store replenishment,Waypoint Fresh store OUT074,Own store,VEH036,DRV036,Pradeep Silva,TRP-260922-0447,dispatcher
ORD-00067,DSP-260922-0448,INV-2609-00448,2026-09-22,05:45,Store replenishment,Waypoint Fresh store OUT006,Own store,VEH035,DRV035,Sunil Kumara,TRP-260922-0448,dispatcher
ORD-00342,DSP-260922-0449,INV-2609-00449,2026-09-22,09:15,Store replenishment,Waypoint Fresh store OUT027,Own store,VEH004,DRV004,Nuwan Perera,TRP-260922-0449,dispatcher
ORD-00381,DSP-260922-0449,INV-2609-00449,2026-09-22,09:15,Store replenishment,Waypoint Fresh store OUT030,Own store,VEH004,DRV004,Nuwan Perera,TRP-260922-0449,dispatcher
ORD-00192,DSP-260922-0450,INV-2609-00450,2026-09-22,04:15,Store replenishment,Waypoint Style store OUT015,Own store,VEH035,DRV035,Sunil Kumara,TRP-260922-0450,dispatcher
ORD-00815,DSP-260922-0451,INV-2609-00451,2026-09-22,09:45,Store replenishment,Waypoint Style store OUT063,Own store,VEH021,DRV021,Amila Perera,TRP-260922-0451,dispatcher
ORD-00311,DSP-260922-0452,INV-2609-00452,2026-09-22,09:30,Store replenishment,Waypoint Tech store OUT024,Own store,VEH019,DRV019,Dinesh Herath,TRP-260922-0452,dispatcher
ORD-00628,DSP-260922-0453,INV-2609-00453,2026-09-22,08:00,Store replenishment,Waypoint Tech store OUT049,Own store,VEH028,DRV028,Sampath Silva,TRP-260922-0453,dispatcher
ORD-01006,DSP-260923-0454,INV-2609-00454,2026-09-23,07:00,Store replenishment,Waypoint Fresh store OUT078,Own store,VEH044,DRV044,Isuru Perera,TRP-260923-0454,dispatcher
ORD-01017,DSP-260923-0454,INV-2609-00454,2026-09-23,07:00,Store replenishment,Waypoint Fresh store OUT079,Own store,VEH044,DRV044,Isuru Perera,TRP-260923-0454,dispatcher
ORD-01052,DSP-260923-0454,INV-2609-00454,2026-09-23,07:00,Store replenishment,Waypoint Fresh store OUT081,Own store,VEH044,DRV044,Isuru Perera,TRP-260923-0454,dispatcher
ORD-01058,DSP-260923-0454,INV-2609-00454,2026-09-23,07:00,Store replenishment,Waypoint Fresh store OUT082,Own store,VEH044,DRV044,Isuru Perera,TRP-260923-0454,dispatcher
ORD-01071,DSP-260923-0455,INV-2609-00455,2026-09-23,04:30,Store replenishment,Waypoint Fresh store OUT083,Own store,VEH039,DRV039,Ruwan Bandara,TRP-260923-0455,dispatcher
ORD-01035,DSP-260923-0456,INV-2609-00456,2026-09-23,05:45,Store replenishment,Waypoint Fresh store OUT080,Own store,VEH058,DRV058,Ruwan Jayasinghe,TRP-260923-0456,dispatcher
ORD-01483,DSP-260923-0457,INV-2609-00457,2026-09-23,05:00,Store replenishment,Waypoint Fresh store OUT117,Own store,VEH042,DRV042,Roshan Perera,TRP-260923-0457,dispatcher
ORD-01161,DSP-260923-0458,INV-2609-00458,2026-09-23,08:15,Store replenishment,Waypoint Style store OUT090,Own store,VEH045,DRV045,Isuru Senanayake,TRP-260923-0458,dispatcher
ORD-01164,DSP-260923-0458,INV-2609-00458,2026-09-23,08:15,Store replenishment,Waypoint Style store OUT090,Own store,VEH045,DRV045,Isuru Senanayake,TRP-260923-0458,dispatcher
ORD-00041,DSP-260923-0459,INV-2609-00459,2026-09-23,05:30,Store replenishment,Waypoint Fresh store OUT004,Own store,VEH022,DRV022,Sunil Wijesinghe,TRP-260923-0459,dispatcher
ORD-00103,DSP-260923-0459,INV-2609-00459,2026-09-23,05:30,Store replenishment,Waypoint Fresh store OUT008,Own store,VEH022,DRV022,Sunil Wijesinghe,TRP-260923-0459,dispatcher
ORD-00118,DSP-260923-0459,INV-2609-00459,2026-09-23,05:30,Store replenishment,Waypoint Fresh store OUT010,Own store,VEH022,DRV022,Sunil Wijesinghe,TRP-260923-0459,dispatcher
ORD-00866,DSP-260923-0460,INV-2609-00460,2026-09-23,09:15,Store replenishment,Waypoint Fresh store OUT067,Own store,VEH022,DRV022,Sunil Wijesinghe,TRP-260923-0460,dispatcher
ORD-00570,DSP-260923-0461,INV-2609-00461,2026-09-23,08:30,Store replenishment,Waypoint Fresh store OUT044,Own store,VEH005,DRV005,Tharindu Fernando,TRP-260923-0461,dispatcher
ORD-00202,DSP-260923-0462,INV-2609-00462,2026-09-23,06:00,Store replenishment,Waypoint Style store OUT016,Own store,VEH028,DRV028,Sampath Silva,TRP-260923-0462,dispatcher
ORD-00724,DSP-260923-0463,INV-2609-00463,2026-09-23,06:30,Store replenishment,Waypoint Style store OUT056,Own store,VEH019,DRV019,Dinesh Herath,TRP-260923-0463,dispatcher
ORD-00608,DSP-260923-0464,INV-2609-00464,2026-09-23,08:30,Store replenishment,Waypoint Style store OUT047,Own store,VEH032,DRV032,Sampath Senanayake,TRP-260923-0464,dispatcher
ORD-00625,DSP-260923-0465,INV-2609-00465,2026-09-23,06:30,Store replenishment,Waypoint Tech store OUT049,Own store,VEH033,DRV033,Sampath Herath,TRP-260923-0465,dispatcher
ORD-01421,DSP-260924-0466,INV-2609-00466,2026-09-24,09:00,Store replenishment,Waypoint Fresh store OUT111,Own store,VEH045,DRV045,Isuru Senanayake,TRP-260924-0466,dispatcher
ORD-00989,DSP-260924-0467,INV-2609-00467,2026-09-24,06:30,Store replenishment,Waypoint Fresh store OUT077,Own store,VEH049,DRV049,Tharindu Herath,TRP-260924-0467,dispatcher
ORD-01348,DSP-260924-0468,INV-2609-00468,2026-09-24,05:00,Store replenishment,Waypoint Fresh store OUT105,Own store,VEH048,DRV048,Janaka Silva,TRP-260924-0468,dispatcher
ORD-00982,DSP-260924-0469,INV-2609-00469,2026-09-24,04:45,Store replenishment,Waypoint Fresh store OUT076,Own store,VEH058,DRV058,Ruwan Jayasinghe,TRP-260924-0469,dispatcher
ORD-01026,DSP-260924-0469,INV-2609-00469,2026-09-24,04:45,Store replenishment,Waypoint Fresh store OUT079,Own store,VEH058,DRV058,Ruwan Jayasinghe,TRP-260924-0469,dispatcher
ORD-01107,DSP-260924-0469,INV-2609-00469,2026-09-24,04:45,Store replenishment,Waypoint Fresh store OUT086,Own store,VEH058,DRV058,Ruwan Jayasinghe,TRP-260924-0469,dispatcher
ORD-01159,DSP-260924-0470,INV-2609-00470,2026-09-24,08:00,Store replenishment,Waypoint Style store OUT090,Own store,VEH056,DRV056,Kasun Jayasinghe,TRP-260924-0470,dispatcher
ORD-00704,DSP-260924-0471,INV-2609-00471,2026-09-24,06:00,Store replenishment,Waypoint Fresh store OUT055,Own store,VEH026,DRV026,Kelum Rathnayake,TRP-260924-0471,dispatcher
ORD-00335,DSP-260924-0472,INV-2609-00472,2026-09-24,04:15,Store replenishment,Waypoint Fresh store OUT026,Own store,VEH001,DRV001,Mahesh Senanayake,TRP-260924-0472,dispatcher
ORD-00564,DSP-260924-0473,INV-2609-00473,2026-09-24,04:45,Store replenishment,Waypoint Fresh store OUT044,Own store,VEH031,DRV031,Saman Herath,TRP-260924-0473,dispatcher
ORD-00077,DSP-260924-0474,INV-2609-00474,2026-09-24,05:15,Store replenishment,Waypoint Fresh store OUT006,Own store,VEH003,DRV003,Nuwan Kumara,TRP-260924-0474,dispatcher
ORD-00360,DSP-260924-0475,INV-2609-00475,2026-09-24,09:15,Store replenishment,Waypoint Fresh store OUT028,Own store,VEH001,DRV001,Mahesh Senanayake,TRP-260924-0475,dispatcher
ORD-00411,DSP-260924-0475,INV-2609-00475,2026-09-24,09:15,Store replenishment,Waypoint Fresh store OUT032,Own store,VEH001,DRV001,Mahesh Senanayake,TRP-260924-0475,dispatcher
ORD-00576,DSP-260924-0476,INV-2609-00476,2026-09-24,05:00,Store replenishment,Waypoint Fresh store OUT045,Own store,VEH002,DRV002,Janaka Perera,TRP-260924-0476,dispatcher
ORD-00877,DSP-260924-0477,INV-2609-00477,2026-09-24,05:00,Store replenishment,Waypoint Fresh store OUT068,Own store,VEH007,DRV007,Pradeep Wijesinghe,TRP-260924-0477,dispatcher
ORD-00883,DSP-260924-0477,INV-2609-00477,2026-09-24,05:00,Store replenishment,Waypoint Fresh store OUT068,Own store,VEH007,DRV007,Pradeep Wijesinghe,TRP-260924-0477,dispatcher
ORD-00950,DSP-260924-0478,INV-2609-00478,2026-09-24,05:30,Store replenishment,Waypoint Fresh store OUT074,Own store,VEH006,DRV006,Asanka Rathnayake,TRP-260924-0478,dispatcher
ORD-00186,DSP-260924-0479,INV-2609-00479,2026-09-24,06:30,Store replenishment,Waypoint Style store OUT015,Own store,VEH036,DRV036,Pradeep Silva,TRP-260924-0479,dispatcher
ORD-00197,DSP-260924-0479,INV-2609-00479,2026-09-24,06:30,Store replenishment,Waypoint Style store OUT016,Own store,VEH036,DRV036,Pradeep Silva,TRP-260924-0479,dispatcher
ORD-00229,DSP-260924-0479,INV-2609-00479,2026-09-24,06:30,Store replenishment,Waypoint Style store OUT018,Own store,VEH036,DRV036,Pradeep Silva,TRP-260924-0479,dispatcher
ORD-00449,DSP-260924-0480,INV-2609-00480,2026-09-24,08:00,Store replenishment,Waypoint Style store OUT035,Own store,VEH012,DRV012,Pradeep Fernando,TRP-260924-0480,dispatcher
ORD-00920,DSP-260924-0481,INV-2609-00481,2026-09-24,04:45,Store replenishment,Waypoint Style store OUT071,Own store,VEH021,DRV021,Amila Perera,TRP-260924-0481,dispatcher
ORD-00268,DSP-260924-0482,INV-2609-00482,2026-09-24,09:00,Store replenishment,Waypoint Tech store OUT021,Own store,VEH004,DRV004,Nuwan Perera,TRP-260924-0482,dispatcher
ORD-00273,DSP-260924-0482,INV-2609-00482,2026-09-24,09:00,Store replenishment,Waypoint Tech store OUT021,Own store,VEH004,DRV004,Nuwan Perera,TRP-260924-0482,dispatcher
ORD-00500,DSP-260924-0483,INV-2609-00483,2026-09-24,08:45,Store replenishment,Waypoint Tech store OUT039,Own store,VEH008,DRV008,Chaminda Bandara,TRP-260924-0483,dispatcher
ORD-00633,DSP-260924-0484,INV-2609-00484,2026-09-24,05:00,Store replenishment,Waypoint Tech store OUT049,Own store,VEH029,DRV029,Tharindu Kumara,TRP-260924-0484,dispatcher
ORD-01400,DSP-260925-0485,INV-2609-00485,2026-09-25,08:15,Store replenishment,Waypoint Fresh store OUT110,Own store,VEH060,DRV060,Amila Gunawardena,TRP-260925-0485,dispatcher
ORD-00998,DSP-260925-0486,INV-2609-00486,2026-09-25,08:00,Store replenishment,Waypoint Fresh store OUT077,Own store,VEH042,DRV042,Roshan Perera,TRP-260925-0486,dispatcher
ORD-01061,DSP-260925-0486,INV-2609-00486,2026-09-25,08:00,Store replenishment,Waypoint Fresh store OUT082,Own store,VEH042,DRV042,Roshan Perera,TRP-260925-0486,dispatcher
ORD-01127,DSP-260925-0486,INV-2609-00486,2026-09-25,08:00,Store replenishment,Waypoint Fresh store OUT087,Own store,VEH042,DRV042,Roshan Perera,TRP-260925-0486,dispatcher
ORD-01251,DSP-260925-0487,INV-2609-00487,2026-09-25,09:15,Store replenishment,Waypoint Fresh store OUT097,Own store,VEH039,DRV039,Ruwan Bandara,TRP-260925-0487,dispatcher
ORD-01268,DSP-260925-0487,INV-2609-00487,2026-09-25,09:15,Store replenishment,Waypoint Fresh store OUT099,Own store,VEH039,DRV039,Ruwan Bandara,TRP-260925-0487,dispatcher
ORD-01271,DSP-260925-0487,INV-2609-00487,2026-09-25,09:15,Store replenishment,Waypoint Fresh store OUT099,Own store,VEH039,DRV039,Ruwan Bandara,TRP-260925-0487,dispatcher
ORD-01383,DSP-260925-0488,INV-2609-00488,2026-09-25,04:45,Store replenishment,Waypoint Fresh store OUT108,Own store,VEH040,DRV040,Dinesh Bandara,TRP-260925-0488,dispatcher
ORD-01215,DSP-260925-0489,INV-2609-00489,2026-09-25,04:00,Store replenishment,Waypoint Tech store OUT094,Own store,VEH039,DRV039,Ruwan Bandara,TRP-260925-0489,dispatcher
ORD-00032,DSP-260925-0490,INV-2609-00490,2026-09-25,06:00,Store replenishment,Waypoint Fresh store OUT003,Own store,VEH006,DRV006,Asanka Rathnayake,TRP-260925-0490,dispatcher
ORD-00791,DSP-260925-0491,INV-2609-00491,2026-09-25,09:00,Store replenishment,Waypoint Fresh store OUT061,Own store,VEH009,DRV009,Janaka Jayasinghe,TRP-260925-0491,dispatcher
ORD-00968,DSP-260925-0492,INV-2609-00492,2026-09-25,06:45,Store replenishment,Waypoint Fresh store OUT075,Own store,VEH018,DRV018,Asanka Bandara,TRP-260925-0492,dispatcher
ORD-00127,DSP-260925-0493,INV-2609-00493,2026-09-25,04:30,Store replenishment,Waypoint Fresh store OUT010,Own store,VEH003,DRV003,Nuwan Kumara,TRP-260925-0493,dispatcher
ORD-00424,DSP-260925-0494,INV-2609-00494,2026-09-25,05:30,Store replenishment,Waypoint Fresh store OUT033,Own store,VEH003,DRV003,Nuwan Kumara,TRP-260925-0494,dispatcher
ORD-00943,DSP-260925-0495,INV-2609-00495,2026-09-25,09:45,Store replenishment,Waypoint Fresh store OUT073,Own store,VEH036,DRV036,Pradeep Silva,TRP-260925-0495,dispatcher
ORD-00188,DSP-260925-0496,INV-2609-00496,2026-09-25,04:00,Store replenishment,Waypoint Style store OUT015,Own store,VEH017,DRV017,Isuru Herath,TRP-260925-0496,dispatcher
ORD-00212,DSP-260925-0496,INV-2609-00496,2026-09-25,04:00,Store replenishment,Waypoint Style store OUT017,Own store,VEH017,DRV017,Isuru Herath,TRP-260925-0496,dispatcher
ORD-00446,DSP-260925-0497,INV-2609-00497,2026-09-25,04:00,Store replenishment,Waypoint Style store OUT035,Own store,VEH001,DRV001,Mahesh Senanayake,TRP-260925-0497,dispatcher
ORD-00923,DSP-260925-0498,INV-2609-00498,2026-09-25,08:30,Store replenishment,Waypoint Style store OUT071,Own store,VEH006,DRV006,Asanka Rathnayake,TRP-260925-0498,dispatcher
ORD-00277,DSP-260925-0499,INV-2609-00499,2026-09-25,05:45,Store replenishment,Waypoint Tech store OUT022,Own store,VEH020,DRV020,Kelum Fernando,TRP-260925-0499,dispatcher
ORD-00991,DSP-260926-0500,INV-2609-00500,2026-09-26,04:30,Store replenishment,Waypoint Fresh store OUT077,Own store,VEH058,DRV058,Ruwan Jayasinghe,TRP-260926-0500,dispatcher
ORD-01034,DSP-260926-0500,INV-2609-00500,2026-09-26,04:30,Store replenishment,Waypoint Fresh store OUT080,Own store,VEH058,DRV058,Ruwan Jayasinghe,TRP-260926-0500,dispatcher
ORD-01250,DSP-260926-0501,INV-2609-00501,2026-09-26,09:45,Store replenishment,Waypoint Fresh store OUT097,Own store,VEH050,DRV050,Sampath Wijesinghe,TRP-260926-0501,dispatcher
ORD-01334,DSP-260926-0502,INV-2609-00502,2026-09-26,05:15,Store replenishment,Waypoint Fresh store OUT104,Own store,VEH060,DRV060,Amila Gunawardena,TRP-260926-0502,dispatcher
ORD-01028,DSP-260926-0503,INV-2609-00503,2026-09-26,05:30,Store replenishment,Waypoint Fresh store OUT080,Own store,VEH058,DRV058,Ruwan Jayasinghe,TRP-260926-0503,dispatcher
ORD-01094,DSP-260926-0503,INV-2609-00503,2026-09-26,05:30,Store replenishment,Waypoint Fresh store OUT085,Own store,VEH058,DRV058,Ruwan Jayasinghe,TRP-260926-0503,dispatcher
ORD-01256,DSP-260926-0504,INV-2609-00504,2026-09-26,05:45,Store replenishment,Waypoint Fresh store OUT098,Own store,VEH057,DRV057,Roshan Senanayake,TRP-260926-0504,dispatcher
ORD-01351,DSP-260926-0505,INV-2609-00505,2026-09-26,08:45,Store replenishment,Waypoint Fresh store OUT106,Own store,VEH042,DRV042,Roshan Perera,TRP-260926-0505,dispatcher
ORD-01144,DSP-260926-0506,INV-2609-00506,2026-09-26,07:30,Store replenishment,Waypoint Style store OUT088,Own store,VEH047,DRV047,Sampath Fernando,TRP-260926-0506,dispatcher
ORD-01223,DSP-260926-0507,INV-2609-00507,2026-09-26,04:30,Store replenishment,Waypoint Tech store OUT095,Own store,VEH047,DRV047,Sampath Fernando,TRP-260926-0507,dispatcher
ORD-01324,DSP-260926-0508,INV-2609-00508,2026-09-26,04:15,Store replenishment,Waypoint Tech store OUT103,Own store,VEH058,DRV058,Ruwan Jayasinghe,TRP-260926-0508,dispatcher
ORD-00405,DSP-260926-0509,INV-2609-00509,2026-09-26,08:15,Store replenishment,Waypoint Fresh store OUT032,Own store,VEH020,DRV020,Kelum Fernando,TRP-260926-0509,dispatcher
ORD-00574,DSP-260926-0510,INV-2609-00510,2026-09-26,08:45,Store replenishment,Waypoint Fresh store OUT045,Own store,VEH025,DRV025,Isuru Jayasinghe,TRP-260926-0510,dispatcher
ORD-00762,DSP-260926-0511,INV-2609-00511,2026-09-26,09:30,Store replenishment,Waypoint Fresh store OUT059,Own store,VEH015,DRV015,Kasun Herath,TRP-260926-0511,dispatcher
ORD-00793,DSP-260926-0511,INV-2609-00511,2026-09-26,09:30,Store replenishment,Waypoint Fresh store OUT061,Own store,VEH015,DRV015,Kasun Herath,TRP-260926-0511,dispatcher
ORD-00703,DSP-260926-0512,INV-2609-00512,2026-09-26,07:30,Store replenishment,Waypoint Fresh store OUT055,Own store,VEH001,DRV001,Mahesh Senanayake,TRP-260926-0512,dispatcher
ORD-00554,DSP-260926-0513,INV-2609-00513,2026-09-26,08:15,Store replenishment,Waypoint Fresh store OUT043,Own store,VEH005,DRV005,Tharindu Fernando,TRP-260926-0513,dispatcher
ORD-00184,DSP-260926-0514,INV-2609-00514,2026-09-26,04:30,Store replenishment,Waypoint Style store OUT015,Own store,VEH038,DRV038,Asanka Perera,TRP-260926-0514,dispatcher
ORD-00723,DSP-260926-0515,INV-2609-00515,2026-09-26,05:30,Store replenishment,Waypoint Style store OUT056,Own store,VEH010,DRV010,Roshan Jayasinghe,TRP-260926-0515,dispatcher
ORD-00607,DSP-260926-0516,INV-2609-00516,2026-09-26,09:30,Store replenishment,Waypoint Style store OUT047,Own store,VEH036,DRV036,Pradeep Silva,TRP-260926-0516,dispatcher
ORD-00752,DSP-260926-0517,INV-2609-00517,2026-09-26,05:45,Store replenishment,Waypoint Tech store OUT058,Own store,VEH035,DRV035,Sunil Kumara,TRP-260926-0517,dispatcher
ORD-00754,DSP-260926-0517,INV-2609-00517,2026-09-26,05:45,Store replenishment,Waypoint Tech store OUT058,Own store,VEH035,DRV035,Sunil Kumara,TRP-260926-0517,dispatcher
ORD-00485,DSP-260926-0518,INV-2609-00518,2026-09-26,06:15,Store replenishment,Waypoint Tech store OUT038,Own store,VEH025,DRV025,Isuru Jayasinghe,TRP-260926-0518,dispatcher
ORD-00926,DSP-260926-0519,INV-2609-00519,2026-09-26,04:45,Store replenishment,Waypoint Tech store OUT072,Own store,VEH020,DRV020,Kelum Fernando,TRP-260926-0519,dispatcher
ORD-01435,DSP-260927-0520,INV-2609-00520,2026-09-27,06:30,Store replenishment,Waypoint Fresh store OUT113,Own store,VEH053,DRV053,Kasun Gunawardena,TRP-260927-0520,dispatcher
ORD-01002,DSP-260927-0521,INV-2609-00521,2026-09-27,04:45,Store replenishment,Waypoint Fresh store OUT078,Own store,VEH057,DRV057,Roshan Senanayake,TRP-260927-0521,dispatcher
ORD-01030,DSP-260927-0521,INV-2609-00521,2026-09-27,04:45,Store replenishment,Waypoint Fresh store OUT080,Own store,VEH057,DRV057,Roshan Senanayake,TRP-260927-0521,dispatcher
ORD-01078,DSP-260927-0521,INV-2609-00521,2026-09-27,04:45,Store replenishment,Waypoint Fresh store OUT083,Own store,VEH057,DRV057,Roshan Senanayake,TRP-260927-0521,dispatcher
ORD-01492,DSP-260927-0522,INV-2609-00522,2026-09-27,05:30,Store replenishment,Waypoint Fresh store OUT117,Own store,VEH053,DRV053,Kasun Gunawardena,TRP-260927-0522,dispatcher
ORD-01237,DSP-260927-0523,INV-2609-00523,2026-09-27,06:45,Store replenishment,Waypoint Fresh store OUT096,Own store,VEH041,DRV041,Tharindu Dissanayake,TRP-260927-0523,dispatcher
ORD-01283,DSP-260927-0523,INV-2609-00523,2026-09-27,06:45,Store replenishment,Waypoint Fresh store OUT100,Own store,VEH041,DRV041,Tharindu Dissanayake,TRP-260927-0523,dispatcher
ORD-01331,DSP-260927-0524,INV-2609-00524,2026-09-27,06:30,Store replenishment,Waypoint Fresh store OUT104,Own store,VEH057,DRV057,Roshan Senanayake,TRP-260927-0524,dispatcher
ORD-01046,DSP-260927-0525,INV-2609-00525,2026-09-27,06:15,Store replenishment,Waypoint Fresh store OUT081,Own store,VEH042,DRV042,Roshan Perera,TRP-260927-0525,dispatcher
ORD-01055,DSP-260927-0525,INV-2609-00525,2026-09-27,06:15,Store replenishment,Waypoint Fresh store OUT082,Own store,VEH042,DRV042,Roshan Perera,TRP-260927-0525,dispatcher
ORD-01068,DSP-260927-0525,INV-2609-00525,2026-09-27,06:15,Store replenishment,Waypoint Fresh store OUT083,Own store,VEH042,DRV042,Roshan Perera,TRP-260927-0525,dispatcher
ORD-01231,DSP-260927-0526,INV-2609-00526,2026-09-27,06:00,Store replenishment,Waypoint Fresh store OUT096,Own store,VEH040,DRV040,Dinesh Bandara,TRP-260927-0526,dispatcher
ORD-01232,DSP-260927-0526,INV-2609-00526,2026-09-27,06:00,Store replenishment,Waypoint Fresh store OUT096,Own store,VEH040,DRV040,Dinesh Bandara,TRP-260927-0526,dispatcher
ORD-01247,DSP-260927-0526,INV-2609-00526,2026-09-27,06:00,Store replenishment,Waypoint Fresh store OUT097,Own store,VEH040,DRV040,Dinesh Bandara,TRP-260927-0526,dispatcher
ORD-01365,DSP-260927-0527,INV-2609-00527,2026-09-27,06:30,Store replenishment,Waypoint Fresh store OUT107,Own store,VEH040,DRV040,Dinesh Bandara,TRP-260927-0527,dispatcher
ORD-01366,DSP-260927-0527,INV-2609-00527,2026-09-27,06:30,Store replenishment,Waypoint Fresh store OUT107,Own store,VEH040,DRV040,Dinesh Bandara,TRP-260927-0527,dispatcher
ORD-01385,DSP-260927-0527,INV-2609-00527,2026-09-27,06:30,Store replenishment,Waypoint Fresh store OUT108,Own store,VEH040,DRV040,Dinesh Bandara,TRP-260927-0527,dispatcher
ORD-01454,DSP-260927-0528,INV-2609-00528,2026-09-27,07:45,Store replenishment,Waypoint Style store OUT114,Own store,VEH057,DRV057,Roshan Senanayake,TRP-260927-0528,dispatcher
ORD-01139,DSP-260927-0529,INV-2609-00529,2026-09-27,05:15,Store replenishment,Waypoint Style store OUT088,Own store,VEH055,DRV055,Kasun Kumara,TRP-260927-0529,dispatcher
ORD-01158,DSP-260927-0529,INV-2609-00529,2026-09-27,05:15,Store replenishment,Waypoint Style store OUT090,Own store,VEH055,DRV055,Kasun Kumara,TRP-260927-0529,dispatcher
ORD-01160,DSP-260927-0529,INV-2609-00529,2026-09-27,05:15,Store replenishment,Waypoint Style store OUT090,Own store,VEH055,DRV055,Kasun Kumara,TRP-260927-0529,dispatcher
ORD-01169,DSP-260927-0529,INV-2609-00529,2026-09-27,05:15,Store replenishment,Waypoint Style store OUT090,Own store,VEH055,DRV055,Kasun Kumara,TRP-260927-0529,dispatcher
ORD-01186,DSP-260927-0530,INV-2609-00530,2026-09-27,09:30,Store replenishment,Waypoint Style store OUT092,Own store,VEH040,DRV040,Dinesh Bandara,TRP-260927-0530,dispatcher
ORD-01470,DSP-260927-0531,INV-2609-00531,2026-09-27,07:45,Store replenishment,Waypoint Tech store OUT115,Own store,VEH042,DRV042,Roshan Perera,TRP-260927-0531,dispatcher
ORD-01219,DSP-260927-0532,INV-2609-00532,2026-09-27,05:30,Store replenishment,Waypoint Tech store OUT095,Own store,VEH041,DRV041,Tharindu Dissanayake,TRP-260927-0532,dispatcher
ORD-01317,DSP-260927-0533,INV-2609-00533,2026-09-27,04:30,Store replenishment,Waypoint Tech store OUT103,Own store,VEH058,DRV058,Ruwan Jayasinghe,TRP-260927-0533,dispatcher
ORD-01323,DSP-260927-0533,INV-2609-00533,2026-09-27,04:30,Store replenishment,Waypoint Tech store OUT103,Own store,VEH058,DRV058,Ruwan Jayasinghe,TRP-260927-0533,dispatcher
ORD-00003,DSP-260927-0534,INV-2609-00534,2026-09-27,04:00,Store replenishment,Waypoint Fresh store OUT001,Own store,VEH018,DRV018,Asanka Bandara,TRP-260927-0534,dispatcher
ORD-00015,DSP-260927-0534,INV-2609-00534,2026-09-27,04:00,Store replenishment,Waypoint Fresh store OUT002,Own store,VEH018,DRV018,Asanka Bandara,TRP-260927-0534,dispatcher
ORD-00049,DSP-260927-0534,INV-2609-00534,2026-09-27,04:00,Store replenishment,Waypoint Fresh store OUT004,Own store,VEH018,DRV018,Asanka Bandara,TRP-260927-0534,dispatcher
ORD-00055,DSP-260927-0534,INV-2609-00534,2026-09-27,04:00,Store replenishment,Waypoint Fresh store OUT005,Own store,VEH018,DRV018,Asanka Bandara,TRP-260927-0534,dispatcher
ORD-00109,DSP-260927-0535,INV-2609-00535,2026-09-27,06:45,Store replenishment,Waypoint Fresh store OUT009,Own store,VEH003,DRV003,Nuwan Kumara,TRP-260927-0535,dispatcher
ORD-00643,DSP-260927-0536,INV-2609-00536,2026-09-27,06:30,Store replenishment,Waypoint Fresh store OUT050,Own store,VEH038,DRV038,Asanka Perera,TRP-260927-0536,dispatcher
ORD-00655,DSP-260927-0536,INV-2609-00536,2026-09-27,06:30,Store replenishment,Waypoint Fresh store OUT051,Own store,VEH038,DRV038,Asanka Perera,TRP-260927-0536,dispatcher
ORD-00316,DSP-260927-0537,INV-2609-00537,2026-09-27,08:00,Store replenishment,Waypoint Fresh store OUT025,Own store,VEH018,DRV018,Asanka Bandara,TRP-260927-0537,dispatcher
ORD-00323,DSP-260927-0537,INV-2609-00537,2026-09-27,08:00,Store replenishment,Waypoint Fresh store OUT025,Own store,VEH018,DRV018,Asanka Bandara,TRP-260927-0537,dispatcher
ORD-00331,DSP-260927-0537,INV-2609-00537,2026-09-27,08:00,Store replenishment,Waypoint Fresh store OUT026,Own store,VEH018,DRV018,Asanka Bandara,TRP-260927-0537,dispatcher
ORD-00353,DSP-260927-0537,INV-2609-00537,2026-09-27,08:00,Store replenishment,Waypoint Fresh store OUT028,Own store,VEH018,DRV018,Asanka Bandara,TRP-260927-0537,dispatcher
ORD-00362,DSP-260927-0538,INV-2609-00538,2026-09-27,05:30,Store replenishment,Waypoint Fresh store OUT028,Own store,VEH029,DRV029,Tharindu Kumara,TRP-260927-0538,dispatcher
ORD-00366,DSP-260927-0538,INV-2609-00538,2026-09-27,05:30,Store replenishment,Waypoint Fresh store OUT029,Own store,VEH029,DRV029,Tharindu Kumara,TRP-260927-0538,dispatcher
ORD-00401,DSP-260927-0538,INV-2609-00538,2026-09-27,05:30,Store replenishment,Waypoint Fresh store OUT031,Own store,VEH029,DRV029,Tharindu Kumara,TRP-260927-0538,dispatcher
ORD-00541,DSP-260927-0539,INV-2609-00539,2026-09-27,07:15,Store replenishment,Waypoint Fresh store OUT042,Own store,VEH003,DRV003,Nuwan Kumara,TRP-260927-0539,dispatcher
ORD-00543,DSP-260927-0539,INV-2609-00539,2026-09-27,07:15,Store replenishment,Waypoint Fresh store OUT042,Own store,VEH003,DRV003,Nuwan Kumara,TRP-260927-0539,dispatcher
ORD-00550,DSP-260927-0539,INV-2609-00539,2026-09-27,07:15,Store replenishment,Waypoint Fresh store OUT043,Own store,VEH003,DRV003,Nuwan Kumara,TRP-260927-0539,dispatcher
ORD-00561,DSP-260927-0539,INV-2609-00539,2026-09-27,07:15,Store replenishment,Waypoint Fresh store OUT044,Own store,VEH003,DRV003,Nuwan Kumara,TRP-260927-0539,dispatcher
ORD-00840,DSP-260927-0540,INV-2609-00540,2026-09-27,08:00,Store replenishment,Waypoint Fresh store OUT065,Own store,VEH012,DRV012,Pradeep Fernando,TRP-260927-0540,dispatcher
ORD-00884,DSP-260927-0540,INV-2609-00540,2026-09-27,08:00,Store replenishment,Waypoint Fresh store OUT068,Own store,VEH012,DRV012,Pradeep Fernando,TRP-260927-0540,dispatcher
ORD-00887,DSP-260927-0540,INV-2609-00540,2026-09-27,08:00,Store replenishment,Waypoint Fresh store OUT069,Own store,VEH012,DRV012,Pradeep Fernando,TRP-260927-0540,dispatcher
ORD-00767,DSP-260927-0541,INV-2609-00541,2026-09-27,04:00,Store replenishment,Waypoint Fresh store OUT059,Own store,VEH002,DRV002,Janaka Perera,TRP-260927-0541,dispatcher
ORD-00806,DSP-260927-0541,INV-2609-00541,2026-09-27,04:00,Store replenishment,Waypoint Fresh store OUT062,Own store,VEH002,DRV002,Janaka Perera,TRP-260927-0541,dispatcher
ORD-00102,DSP-260927-0542,INV-2609-00542,2026-09-27,07:45,Store replenishment,Waypoint Fresh store OUT008,Own store,VEH036,DRV036,Pradeep Silva,TRP-260927-0542,dispatcher
ORD-00136,DSP-260927-0542,INV-2609-00542,2026-09-27,07:45,Store replenishment,Waypoint Fresh store OUT011,Own store,VEH036,DRV036,Pradeep Silva,TRP-260927-0542,dispatcher
ORD-00681,DSP-260927-0543,INV-2609-00543,2026-09-27,05:45,Store replenishment,Waypoint Fresh store OUT053,Own store,VEH035,DRV035,Sunil Kumara,TRP-260927-0543,dispatcher
ORD-00357,DSP-260927-0544,INV-2609-00544,2026-09-27,05:30,Store replenishment,Waypoint Fresh store OUT028,Own store,VEH002,DRV002,Janaka Perera,TRP-260927-0544,dispatcher
ORD-00389,DSP-260927-0544,INV-2609-00544,2026-09-27,05:30,Store replenishment,Waypoint Fresh store OUT030,Own store,VEH002,DRV002,Janaka Perera,TRP-260927-0544,dispatcher
ORD-00399,DSP-260927-0544,INV-2609-00544,2026-09-27,05:30,Store replenishment,Waypoint Fresh store OUT031,Own store,VEH002,DRV002,Janaka Perera,TRP-260927-0544,dispatcher
ORD-00422,DSP-260927-0544,INV-2609-00544,2026-09-27,05:30,Store replenishment,Waypoint Fresh store OUT033,Own store,VEH002,DRV002,Janaka Perera,TRP-260927-0544,dispatcher
ORD-00427,DSP-260927-0545,INV-2609-00545,2026-09-27,06:00,Store replenishment,Waypoint Fresh store OUT033,Own store,VEH006,DRV006,Asanka Rathnayake,TRP-260927-0545,dispatcher
ORD-00429,DSP-260927-0545,INV-2609-00545,2026-09-27,06:00,Store replenishment,Waypoint Fresh store OUT033,Own store,VEH006,DRV006,Asanka Rathnayake,TRP-260927-0545,dispatcher
ORD-00547,DSP-260927-0546,INV-2609-00546,2026-09-27,08:15,Store replenishment,Waypoint Fresh store OUT043,Own store,VEH036,DRV036,Pradeep Silva,TRP-260927-0546,dispatcher
ORD-00875,DSP-260927-0547,INV-2609-00547,2026-09-27,05:30,Store replenishment,Waypoint Fresh store OUT068,Own store,VEH035,DRV035,Sunil Kumara,TRP-260927-0547,dispatcher
ORD-00804,DSP-260927-0548,INV-2609-00548,2026-09-27,06:15,Store replenishment,Waypoint Fresh store OUT062,Own store,VEH004,DRV004,Nuwan Perera,TRP-260927-0548,dispatcher
ORD-00966,DSP-260927-0549,INV-2609-00549,2026-09-27,06:30,Store replenishment,Waypoint Fresh store OUT075,Own store,VEH001,DRV001,Mahesh Senanayake,TRP-260927-0549,dispatcher
ORD-00183,DSP-260927-0550,INV-2609-00550,2026-09-27,04:00,Store replenishment,Waypoint Style store OUT015,Own store,VEH004,DRV004,Nuwan Perera,TRP-260927-0550,dispatcher
ORD-00198,DSP-260927-0550,INV-2609-00550,2026-09-27,04:00,Store replenishment,Waypoint Style store OUT016,Own store,VEH004,DRV004,Nuwan Perera,TRP-260927-0550,dispatcher
ORD-00206,DSP-260927-0550,INV-2609-00550,2026-09-27,04:00,Store replenishment,Waypoint Style store OUT016,Own store,VEH004,DRV004,Nuwan Perera,TRP-260927-0550,dispatcher
ORD-00231,DSP-260927-0550,INV-2609-00550,2026-09-27,04:00,Store replenishment,Waypoint Style store OUT018,Own store,VEH004,DRV004,Nuwan Perera,TRP-260927-0550,dispatcher
ORD-00234,DSP-260927-0551,INV-2609-00551,2026-09-27,09:00,Store replenishment,Waypoint Style store OUT018,Own store,VEH017,DRV017,Isuru Herath,TRP-260927-0551,dispatcher
ORD-00240,DSP-260927-0551,INV-2609-00551,2026-09-27,09:00,Store replenishment,Waypoint Style store OUT019,Own store,VEH017,DRV017,Isuru Herath,TRP-260927-0551,dispatcher
ORD-00255,DSP-260927-0551,INV-2609-00551,2026-09-27,09:00,Store replenishment,Waypoint Style store OUT020,Own store,VEH017,DRV017,Isuru Herath,TRP-260927-0551,dispatcher
ORD-00731,DSP-260927-0552,INV-2609-00552,2026-09-27,05:30,Store replenishment,Waypoint Style store OUT057,Own store,VEH007,DRV007,Pradeep Wijesinghe,TRP-260927-0552,dispatcher
ORD-00466,DSP-260927-0553,INV-2609-00553,2026-09-27,06:30,Store replenishment,Waypoint Style store OUT036,Own store,VEH001,DRV001,Mahesh Senanayake,TRP-260927-0553,dispatcher
ORD-00475,DSP-260927-0553,INV-2609-00553,2026-09-27,06:30,Store replenishment,Waypoint Style store OUT037,Own store,VEH001,DRV001,Mahesh Senanayake,TRP-260927-0553,dispatcher
ORD-00910,DSP-260927-0554,INV-2609-00554,2026-09-27,09:00,Store replenishment,Waypoint Style store OUT070,Own store,VEH038,DRV038,Asanka Perera,TRP-260927-0554,dispatcher
ORD-00270,DSP-260927-0555,INV-2609-00555,2026-09-27,07:30,Store replenishment,Waypoint Tech store OUT021,Own store,VEH031,DRV031,Saman Herath,TRP-260927-0555,dispatcher
ORD-00291,DSP-260927-0555,INV-2609-00555,2026-09-27,07:30,Store replenishment,Waypoint Tech store OUT023,Own store,VEH031,DRV031,Saman Herath,TRP-260927-0555,dispatcher
ORD-00302,DSP-260927-0555,INV-2609-00555,2026-09-27,07:30,Store replenishment,Waypoint Tech store OUT024,Own store,VEH031,DRV031,Saman Herath,TRP-260927-0555,dispatcher
ORD-00305,DSP-260927-0555,INV-2609-00555,2026-09-27,07:30,Store replenishment,Waypoint Tech store OUT024,Own store,VEH031,DRV031,Saman Herath,TRP-260927-0555,dispatcher
ORD-00310,DSP-260927-0556,INV-2609-00556,2026-09-27,08:00,Store replenishment,Waypoint Tech store OUT024,Own store,VEH017,DRV017,Isuru Herath,TRP-260927-0556,dispatcher
ORD-00747,DSP-260927-0557,INV-2609-00557,2026-09-27,09:45,Store replenishment,Waypoint Tech store OUT058,Own store,VEH024,DRV024,Sampath Kumara,TRP-260927-0557,dispatcher
ORD-00488,DSP-260927-0558,INV-2609-00558,2026-09-27,09:15,Store replenishment,Waypoint Tech store OUT038,Own store,VEH011,DRV011,Kelum Wijesinghe,TRP-260927-0558,dispatcher
ORD-00490,DSP-260927-0558,INV-2609-00558,2026-09-27,09:15,Store replenishment,Waypoint Tech store OUT038,Own store,VEH011,DRV011,Kelum Wijesinghe,TRP-260927-0558,dispatcher
ORD-00936,DSP-260927-0559,INV-2609-00559,2026-09-27,04:45,Store replenishment,Waypoint Tech store OUT072,Own store,VEH010,DRV010,Roshan Jayasinghe,TRP-260927-0559,dispatcher
ORD-01387,DSP-260928-0560,INV-2609-00560,2026-09-28,04:15,Store replenishment,Waypoint Style store OUT109,Own store,VEH045,DRV045,Isuru Senanayake,TRP-260928-0560,dispatcher
ORD-00246,DSP-260928-0561,INV-2609-00561,2026-09-28,05:30,Store replenishment,Waypoint Style store OUT019,Own store,VEH015,DRV015,Kasun Herath,TRP-260928-0561,dispatcher
ORD-00443,DSP-260928-0562,INV-2609-00562,2026-09-28,09:00,Store replenishment,Waypoint Style store OUT035,Own store,VEH009,DRV009,Janaka Jayasinghe,TRP-260928-0562,dispatcher
