order_ref,scenario,order_date,required_date,brand,outlet_id,outlet_name,district,depot,dock_type,parking_constraint,mall_window,window_open_time,window_close_time,category,temp_requirement,order_units,order_weight_kg,order_volume_m3,status,delivered_date,vehicle_id,trip_id
ORD-00001,APP,2026-09-05,2026-09-28,Fresh,OUT001,,Colombo,Peliyagoda,street,van_only,,05:00,07:30,Other Groceries,ambient,134,227.0,2.14,pending_load,,,
ORD-00002,APP,2026-08-29,2026-10-02,Fresh,OUT001,,Colombo,Peliyagoda,street,van_only,,05:00,07:30,Fresh Produce,ambient,82,171.2,1.19,deferred,,,
ORD-00003,APP,2026-09-19,2026-10-01,Fresh,OUT001,,Colombo,Peliyagoda,street,van_only,,05:00,07:30,Fresh Produce,ambient,125,151.2,2.05,loading,,,
ORD-00004,APP,2026-08-26,2026-09-28,Fresh,OUT001,,Colombo,Peliyagoda,street,van_only,,05:00,07:30,Frozen Food,chilled,98,210.2,1.59,deferred,,,
ORD-00005,APP,2026-09-19,2026-09-19,Fresh,OUT001,,Colombo,Peliyagoda,street,van_only,,05:00,07:30,Frozen Food,chilled,148,76.6,1.22,dispatched,,,
ORD-00006,APP,2026-09-07,2026-09-08,Fresh,OUT001,,Colombo,Peliyagoda,street,van_only,,05:00,07:30,Fresh Produce,chilled,87,46.6,0.2,delivered,2026-09-08,,
ORD-00007,APP,2026-09-22,2026-09-30,Fresh,OUT001,,Colombo,Peliyagoda,street,van_only,,05:00,07:30,Fresh Produce,ambient,113,269.0,2.0,deferred,,,
ORD-00008,APP,2026-09-24,2026-09-30,Fresh,OUT001,,Colombo,Peliyagoda,street,van_only,,05:00,07:30,Other Groceries,ambient,31,107.4,0.95,pending_load,,,
ORD-00009,APP,2026-09-23,2026-09-30,Fresh,OUT001,,Colombo,Peliyagoda,street,van_only,,05:00,07:30,Frozen Food,chilled,54,160.0,1.71,pending_approval,,,
ORD-00010,APP,2026-09-14,2026-09-15,Fresh,OUT001,,Colombo,Peliyagoda,street,van_only,,05:00,07:30,Fresh Produce,ambient,62,266.0,0.6,delivered,2026-09-15,,
ORD-00011,APP,2026-09-04,2026-09-29,Fresh,OUT001,,Colombo,Peliyagoda,street,van_only,,05:00,07:30,Frozen Food,chilled,120,233.1,1.2,deferred,,,
ORD-00012,APP,2026-09-24,2026-09-29,Fresh,OUT001,,Colombo,Peliyagoda,street,van_only,,05:00,07:30,Fresh Produce,ambient,75,95.4,2.18,pending_load,,,
ORD-00013,APP,2026-09-24,2026-09-28,Fresh,OUT001,,Colombo,Peliyagoda,street,van_only,,05:00,07:30,Fresh Produce,ambient,76,35.7,0.26,cancelled,,,
ORD-00014,APP,2026-08-25,2026-10-02,Fresh,OUT002,,Colombo,Peliyagoda,street,van_only,,05:30,08:00,Fresh Produce,ambient,25,162.9,1.95,cancelled,,,
ORD-00015,APP,2026-08-25,2026-10-02,Fresh,OUT002,,Colombo,Peliyagoda,street,van_only,,05:30,08:00,Fresh Produce,ambient,37,163.0,0.54,loading,,,
ORD-00016,APP,2026-09-10,2026-09-10,Fresh,OUT002,,Colombo,Peliyagoda,street,van_only,,05:30,08:00,Fresh Produce,ambient,74,273.9,1.64,delivered,2026-09-11,,
ORD-00017,APP,2026-09-22,2026-09-22,Fresh,OUT002,,Colombo,Peliyagoda,street,van_only,,05:30,08:00,Other Groceries,ambient,33,91.7,0.48,delivered,2026-09-22,,
ORD-00018,APP,2026-09-16,2026-09-16,Fresh,OUT002,,Colombo,Peliyagoda,street,van_only,,05:30,08:00,Fresh Produce,ambient,77,188.9,1.67,delivered,2026-09-17,,
ORD-00019,APP,2026-09-25,2026-10-01,Fresh,OUT002,,Colombo,Peliyagoda,street,van_only,,05:30,08:00,Frozen Food,chilled,96,83.1,0.52,pending_planning,,,
ORD-00020,APP,2026-09-15,2026-09-28,Fresh,OUT002,,Colombo,Peliyagoda,street,van_only,,05:30,08:00,Other Groceries,ambient,30,172.3,0.75,pending_load,,,
ORD-00021,APP,2026-09-01,2026-09-02,Fresh,OUT002,,Colombo,Peliyagoda,street,van_only,,05:30,08:00,Frozen Food,chilled,80,155.5,2.05,in_transit,,,
ORD-00022,APP,2026-09-12,2026-09-12,Fresh,OUT002,,Colombo,Peliyagoda,street,van_only,,05:30,08:00,Other Groceries,ambient,75,202.5,0.51,delivered,2026-09-13,,
ORD-00023,APP,2026-08-30,2026-10-02,Fresh,OUT002,,Colombo,Peliyagoda,street,van_only,,05:30,08:00,Fresh Produce,ambient,123,189.9,0.47,pending_load,,,
ORD-00024,APP,2026-09-15,2026-09-29,Fresh,OUT002,,Colombo,Peliyagoda,street,van_only,,05:30,08:00,Fresh Produce,ambient,42,136.3,1.46,pending_load,,,
ORD-00025,APP,2026-09-13,2026-09-14,Fresh,OUT002,,Colombo,Peliyagoda,street,van_only,,05:30,08:00,Fresh Produce,ambient,106,120.2,0.43,dispatched,,,
ORD-00026,APP,2026-09-23,2026-10-02,Fresh,OUT002,,Colombo,Peliyagoda,street,van_only,,05:30,08:00,Other Groceries,chilled,69,252.8,1.09,deferred,,,
ORD-00027,APP,2026-09-14,2026-09-15,Fresh,OUT003,,Colombo,Peliyagoda,street,van_only,,05:00,07:30,Other Groceries,ambient,136,173.4,0.34,delivered,2026-09-15,,
ORD-00028,APP,2026-09-07,2026-09-28,Fresh,OUT003,,Colombo,Peliyagoda,street,van_only,,05:00,07:30,Other Groceries,ambient,103,216.2,0.35,pending_approval,,,
ORD-00029,APP,2026-09-06,2026-10-01,Fresh,OUT003,,Colombo,Peliyagoda,street,van_only,,05:00,07:30,Other Groceries,ambient,81,216.1,1.35,approved,,,
ORD-00030,APP,2026-09-21,2026-10-01,Fresh,OUT003,,Colombo,Peliyagoda,street,van_only,,05:00,07:30,Other Groceries,ambient,45,49.5,0.35,deferred,,,
ORD-00031,APP,2026-09-26,2026-09-29,Fresh,OUT003,,Colombo,Peliyagoda,street,van_only,,05:00,07:30,Fresh Produce,ambient,66,167.5,2.11,pending_planning,,,
ORD-00032,APP,2026-09-25,2026-09-25,Fresh,OUT003,,Colombo,Peliyagoda,street,van_only,,05:00,07:30,Fresh Produce,ambient,104,184.4,0.94,dispatched,,,
ORD-00033,APP,2026-09-14,2026-09-15,Fresh,OUT003,,Colombo,Peliyagoda,street,van_only,,05:00,07:30,Other Groceries,chilled,85,50.6,1.95,dispatched,,,
ORD-00034,APP,2026-09-03,2026-10-02,Fresh,OUT003,,Colombo,Peliyagoda,street,van_only,,05:00,07:30,Fresh Produce,chilled,58,141.8,1.77,approved,,,
ORD-00035,APP,2026-08-28,2026-08-28,Fresh,OUT003,,Colombo,Peliyagoda,street,van_only,,05:00,07:30,Other Groceries,ambient,81,186.0,0.59,dispatched,,,
ORD-00036,APP,2026-09-10,2026-09-29,Fresh,OUT003,,Colombo,Peliyagoda,street,van_only,,05:00,07:30,Frozen Food,chilled,60,105.9,0.71,deferred,,,
ORD-00037,APP,2026-09-06,2026-09-07,Fresh,OUT003,,Colombo,Peliyagoda,street,van_only,,05:00,07:30,Other Groceries,chilled,126,132.4,2.06,delivered,2026-09-07,,
ORD-00038,APP,2026-09-02,2026-09-29,Fresh,OUT003,,Colombo,Peliyagoda,street,van_only,,05:00,07:30,Other Groceries,chilled,123,266.7,0.26,pending_load,,,
ORD-00039,APP,2026-09-01,2026-09-30,Fresh,OUT003,,Colombo,Peliyagoda,street,van_only,,05:00,07:30,Fresh Produce,chilled,72,128.3,0.4,pending_planning,,,
ORD-00040,APP,2026-09-07,2026-10-02,Fresh,OUT004,,Colombo,Peliyagoda,street,normal,,05:30,08:00,Frozen Food,chilled,96,238.9,1.06,pending_load,,,
ORD-00041,APP,2026-09-23,2026-09-23,Fresh,OUT004,,Colombo,Peliyagoda,street,normal,,05:30,08:00,Fresh Produce,ambient,78,177.9,0.78,dispatched,,,
ORD-00042,APP,2026-09-21,2026-09-30,Fresh,OUT004,,Colombo,Peliyagoda,street,normal,,05:30,08:00,Fresh Produce,ambient,80,109.4,0.62,pending_planning,,,
ORD-00043,APP,2026-09-10,2026-09-10,Fresh,OUT004,,Colombo,Peliyagoda,street,normal,,05:30,08:00,Other Groceries,chilled,129,188.7,0.29,delivered,2026-09-11,,
ORD-00044,APP,2026-09-05,2026-10-01,Fresh,OUT004,,Colombo,Peliyagoda,street,normal,,05:30,08:00,Fresh Produce,chilled,71,180.1,0.38,pending_approval,,,
ORD-00045,APP,2026-09-22,2026-10-01,Fresh,OUT004,,Colombo,Peliyagoda,street,normal,,05:30,08:00,Fresh Produce,chilled,91,89.5,0.34,deferred,,,
ORD-00046,APP,2026-09-22,2026-09-28,Fresh,OUT004,,Colombo,Peliyagoda,street,normal,,05:30,08:00,Fresh Produce,ambient,113,175.9,2.16,pending_planning,,,
ORD-00047,APP,2026-08-26,2026-10-02,Fresh,OUT004,,Colombo,Peliyagoda,street,normal,,05:30,08:00,Frozen Food,chilled,118,219.4,0.7,deferred,,,
ORD-00048,APP,2026-09-23,2026-10-02,Fresh,OUT004,,Colombo,Peliyagoda,street,normal,,05:30,08:00,Fresh Produce,chilled,68,52.3,2.0,pending_approval,,,
ORD-00049,APP,2026-09-22,2026-09-30,Fresh,OUT004,,Colombo,Peliyagoda,street,normal,,05:30,08:00,Fresh Produce,ambient,72,275.7,2.16,loading,,,
ORD-00050,APP,2026-08-31,2026-09-30,Fresh,OUT004,,Colombo,Peliyagoda,street,normal,,05:30,08:00,Frozen Food,chilled,109,142.3,0.82,pending_load,,,
ORD-00051,APP,2026-09-02,2026-10-01,Fresh,OUT004,,Colombo,Peliyagoda,street,normal,,05:30,08:00,Other Groceries,ambient,93,199.5,2.16,pending_approval,,,
ORD-00052,APP,2026-09-24,2026-10-02,Fresh,OUT004,,Colombo,Peliyagoda,street,normal,,05:30,08:00,Fresh Produce,ambient,20,122.2,2.01,approved,,,
ORD-00053,APP,2026-09-18,2026-09-28,Fresh,OUT005,,Colombo,Peliyagoda,rear_dock,normal,,04:00,07:45,Other Groceries,chilled,137,238.0,2.08,pending_planning,,,
ORD-00054,APP,2026-09-10,2026-09-11,Fresh,OUT005,,Colombo,Peliyagoda,rear_dock,normal,,04:00,07:45,Frozen Food,chilled,99,54.5,0.23,delivered,2026-09-12,,
ORD-00055,APP,2026-09-23,2026-09-28,Fresh,OUT005,,Colombo,Peliyagoda,rear_dock,normal,,04:00,07:45,Fresh Produce,ambient,22,196.7,2.09,loading,,,
ORD-00056,APP,2026-09-09,2026-09-29,Fresh,OUT005,,Colombo,Peliyagoda,rear_dock,normal,,04:00,07:45,Frozen Food,chilled,74,179.2,0.63,deferred,,,
ORD-00057,APP,2026-09-09,2026-10-01,Fresh,OUT005,,Colombo,Peliyagoda,rear_dock,normal,,04:00,07:45,Fresh Produce,ambient,126,58.6,1.43,pending_planning,,,
ORD-00058,APP,2026-09-04,2026-09-28,Fresh,OUT005,,Colombo,Peliyagoda,rear_dock,normal,,04:00,07:45,Frozen Food,chilled,148,132.5,0.74,cancelled,,,
ORD-00059,APP,2026-09-07,2026-09-08,Fresh,OUT005,,Colombo,Peliyagoda,rear_dock,normal,,04:00,07:45,Other Groceries,ambient,48,128.3,2.04,delivered,2026-09-08,,
ORD-00060,APP,2026-09-12,2026-09-13,Fresh,OUT005,,Colombo,Peliyagoda,rear_dock,normal,,04:00,07:45,Frozen Food,chilled,55,166.4,1.91,dispatched,,,
ORD-00061,APP,2026-09-08,2026-09-09,Fresh,OUT005,,Colombo,Peliyagoda,rear_dock,normal,,04:00,07:45,Fresh Produce,ambient,57,30.8,1.57,dispatched,,,
ORD-00062,APP,2026-09-15,2026-09-30,Fresh,OUT005,,Colombo,Peliyagoda,rear_dock,normal,,04:00,07:45,Fresh Produce,ambient,55,241.5,1.41,cancelled,,,
ORD-00063,APP,2026-09-17,2026-09-17,Fresh,OUT005,,Colombo,Peliyagoda,rear_dock,normal,,04:00,07:45,Fresh Produce,ambient,147,243.8,1.65,delivered,2026-09-17,,
ORD-00064,APP,2026-09-07,2026-09-07,Fresh,OUT005,,Colombo,Peliyagoda,rear_dock,normal,,04:00,07:45,Frozen Food,chilled,20,69.3,0.85,in_transit,,,
ORD-00065,APP,2026-09-24,2026-09-28,Fresh,OUT005,,Colombo,Peliyagoda,rear_dock,normal,,04:00,07:45,Other Groceries,ambient,28,267.4,1.66,deferred,,,
ORD-00066,APP,2026-08-29,2026-08-30,Fresh,OUT006,,Colombo,Peliyagoda,street,normal,,03:00,08:00,Other Groceries,chilled,98,264.8,0.93,in_transit,,,
ORD-00067,APP,2026-09-21,2026-09-22,Fresh,OUT006,,Colombo,Peliyagoda,street,normal,,03:00,08:00,Frozen Food,chilled,36,110.8,0.17,in_transit,,,
ORD-00068,APP,2026-09-15,2026-09-30,Fresh,OUT006,,Colombo,Peliyagoda,street,normal,,03:00,08:00,Other Groceries,ambient,77,173.6,0.32,pending_approval,,,
ORD-00069,APP,2026-09-15,2026-09-30,Fresh,OUT006,,Colombo,Peliyagoda,street,normal,,03:00,08:00,Fresh Produce,ambient,144,60.7,2.04,pending_planning,,,
ORD-00070,APP,2026-09-03,2026-09-03,Fresh,OUT006,,Colombo,Peliyagoda,street,normal,,03:00,08:00,Fresh Produce,ambient,68,168.6,1.11,delivered,2026-09-04,,
ORD-00071,APP,2026-09-15,2026-09-15,Fresh,OUT006,,Colombo,Peliyagoda,street,normal,,03:00,08:00,Other Groceries,ambient,43,67.0,0.84,delivered,2026-09-16,,
ORD-00072,APP,2026-09-03,2026-09-03,Fresh,OUT006,,Colombo,Peliyagoda,street,normal,,03:00,08:00,Fresh Produce,ambient,142,199.0,1.56,delivered,2026-09-04,,
ORD-00073,APP,2026-09-13,2026-09-13,Fresh,OUT006,,Colombo,Peliyagoda,street,normal,,03:00,08:00,Fresh Produce,ambient,128,278.6,0.41,delivered,2026-09-13,,
ORD-00074,APP,2026-09-13,2026-09-14,Fresh,OUT006,,Colombo,Peliyagoda,street,normal,,03:00,08:00,Fresh Produce,ambient,76,82.5,0.94,delivered,2026-09-15,,
ORD-00075,APP,2026-09-01,2026-09-29,Fresh,OUT006,,Colombo,Peliyagoda,street,normal,,03:00,08:00,Fresh Produce,ambient,121,74.2,1.7,deferred,,,
ORD-00076,APP,2026-09-10,2026-09-29,Fresh,OUT006,,Colombo,Peliyagoda,street,normal,,03:00,08:00,Frozen Food,chilled,120,68.0,1.97,deferred,,,
ORD-00077,APP,2026-09-23,2026-09-23,Fresh,OUT006,,Colombo,Peliyagoda,street,normal,,03:00,08:00,Frozen Food,chilled,63,227.2,0.27,delivered,2026-09-24,,
ORD-00078,APP,2026-09-08,2026-09-08,Fresh,OUT006,,Colombo,Peliyagoda,street,normal,,03:00,08:00,Other Groceries,ambient,22,275.9,0.31,delivered,2026-09-09,,
ORD-00079,APP,2026-09-13,2026-10-01,Fresh,OUT007,,Colombo,Peliyagoda,street,normal,,05:30,08:00,Fresh Produce,ambient,77,140.6,0.95,deferred,,,
ORD-00080,APP,2026-08-24,2026-10-02,Fresh,OUT007,,Colombo,Peliyagoda,street,normal,,05:30,08:00,Frozen Food,chilled,65,188.6,0.67,pending_planning,,,
ORD-00081,APP,2026-09-16,2026-10-02,Fresh,OUT007,,Colombo,Peliyagoda,street,normal,,05:30,08:00,Frozen Food,chilled,105,194.1,1.73,pending_planning,,,
ORD-00082,APP,2026-09-25,2026-09-28,Fresh,OUT007,,Colombo,Peliyagoda,street,normal,,05:30,08:00,Other Groceries,ambient,131,154.0,2.18,pending_approval,,,
ORD-00083,APP,2026-09-03,2026-09-04,Fresh,OUT007,,Colombo,Peliyagoda,street,normal,,05:30,08:00,Fresh Produce,ambient,27,61.0,1.96,delivered,2026-09-05,,
ORD-00084,APP,2026-09-01,2026-09-28,Fresh,OUT007,,Colombo,Peliyagoda,street,normal,,05:30,08:00,Other Groceries,ambient,90,207.6,1.58,pending_planning,,,
ORD-00085,APP,2026-09-25,2026-10-01,Fresh,OUT007,,Colombo,Peliyagoda,street,normal,,05:30,08:00,Fresh Produce,ambient,117,25.9,0.75,cancelled,,,
ORD-00086,APP,2026-09-16,2026-09-17,Fresh,OUT007,,Colombo,Peliyagoda,street,normal,,05:30,08:00,Fresh Produce,ambient,133,64.6,1.03,delivered,2026-09-18,,
ORD-00087,APP,2026-09-13,2026-10-01,Fresh,OUT007,,Colombo,Peliyagoda,street,normal,,05:30,08:00,Fresh Produce,ambient,60,113.8,1.34,pending_planning,,,
ORD-00088,APP,2026-09-18,2026-09-18,Fresh,OUT007,,Colombo,Peliyagoda,street,normal,,05:30,08:00,Other Groceries,ambient,58,237.5,1.26,delivered,2026-09-19,,
ORD-00089,APP,2026-08-23,2026-09-29,Fresh,OUT007,,Colombo,Peliyagoda,street,normal,,05:30,08:00,Fresh Produce,ambient,68,188.9,1.02,approved,,,
ORD-00090,APP,2026-09-13,2026-09-28,Fresh,OUT007,,Colombo,Peliyagoda,street,normal,,05:30,08:00,Frozen Food,chilled,88,110.5,0.97,pending_approval,,,
ORD-00091,APP,2026-09-07,2026-09-07,Fresh,OUT007,,Colombo,Peliyagoda,street,normal,,05:30,08:00,Frozen Food,chilled,77,55.4,0.97,delivered,2026-09-07,,
ORD-00092,APP,2026-09-09,2026-10-02,Fresh,OUT008,,Colombo,Peliyagoda,rear_dock,normal,,05:00,07:30,Fresh Produce,ambient,98,223.5,0.23,deferred,,,
ORD-00093,APP,2026-09-01,2026-10-01,Fresh,OUT008,,Colombo,Peliyagoda,rear_dock,normal,,05:00,07:30,Fresh Produce,ambient,100,242.0,0.74,deferred,,,
ORD-00094,APP,2026-08-29,2026-08-30,Fresh,OUT008,,Colombo,Peliyagoda,rear_dock,normal,,05:00,07:30,Fresh Produce,chilled,47,273.8,1.47,delivered,2026-08-31,,
ORD-00095,APP,2026-09-20,2026-09-20,Fresh,OUT008,,Colombo,Peliyagoda,rear_dock,normal,,05:00,07:30,Fresh Produce,ambient,139,237.0,1.47,delivered,2026-09-21,,
ORD-00096,APP,2026-09-21,2026-09-29,Fresh,OUT008,,Colombo,Peliyagoda,rear_dock,normal,,05:00,07:30,Other Groceries,ambient,137,130.0,0.21,cancelled,,,
ORD-00097,APP,2026-09-16,2026-09-16,Fresh,OUT008,,Colombo,Peliyagoda,rear_dock,normal,,05:00,07:30,Fresh Produce,ambient,122,212.6,2.03,delivered,2026-09-17,,
ORD-00098,APP,2026-09-10,2026-09-10,Fresh,OUT008,,Colombo,Peliyagoda,rear_dock,normal,,05:00,07:30,Other Groceries,ambient,36,72.6,1.89,delivered,2026-09-10,,
ORD-00099,APP,2026-09-15,2026-09-15,Fresh,OUT008,,Colombo,Peliyagoda,rear_dock,normal,,05:00,07:30,Frozen Food,chilled,42,145.5,0.35,dispatched,,,
ORD-00100,APP,2026-09-13,2026-10-02,Fresh,OUT008,,Colombo,Peliyagoda,rear_dock,normal,,05:00,07:30,Frozen Food,chilled,94,152.9,0.67,deferred,,,
ORD-00101,APP,2026-09-19,2026-09-19,Fresh,OUT008,,Colombo,Peliyagoda,rear_dock,normal,,05:00,07:30,Other Groceries,ambient,101,121.1,1.22,in_transit,,,
ORD-00102,APP,2026-09-25,2026-10-01,Fresh,OUT008,,Colombo,Peliyagoda,rear_dock,normal,,05:00,07:30,Frozen Food,chilled,44,63.2,1.89,loading,,,
ORD-00103,APP,2026-09-22,2026-09-23,Fresh,OUT008,,Colombo,Peliyagoda,rear_dock,normal,,05:00,07:30,Fresh Produce,ambient,75,172.2,1.76,in_transit,,,
ORD-00104,APP,2026-09-05,2026-09-05,Fresh,OUT008,,Colombo,Peliyagoda,rear_dock,normal,,05:00,07:30,Fresh Produce,chilled,21,186.7,0.94,in_transit,,,
ORD-00105,APP,2026-08-27,2026-09-28,Fresh,OUT009,,Colombo,Peliyagoda,rear_dock,normal,,04:00,07:45,Other Groceries,chilled,37,103.0,0.35,deferred,,,
ORD-00106,APP,2026-09-07,2026-09-29,Fresh,OUT009,,Colombo,Peliyagoda,rear_dock,normal,,04:00,07:45,Frozen Food,chilled,52,59.6,2.03,approved,,,
ORD-00107,APP,2026-09-08,2026-09-08,Fresh,OUT009,,Colombo,Peliyagoda,rear_dock,normal,,04:00,07:45,Frozen Food,chilled,42,101.0,1.96,dispatched,,,
ORD-00108,APP,2026-09-08,2026-09-30,Fresh,OUT009,,Colombo,Peliyagoda,rear_dock,normal,,04:00,07:45,Fresh Produce,ambient,54,269.5,1.95,deferred,,,
ORD-00109,APP,2026-09-05,2026-09-29,Fresh,OUT009,,Colombo,Peliyagoda,rear_dock,normal,,04:00,07:45,Fresh Produce,ambient,66,140.2,0.82,loading,,,
ORD-00110,APP,2026-08-26,2026-09-29,Fresh,OUT009,,Colombo,Peliyagoda,rear_dock,normal,,04:00,07:45,Frozen Food,chilled,144,31.4,0.48,deferred,,,
ORD-00111,APP,2026-09-08,2026-10-02,Fresh,OUT009,,Colombo,Peliyagoda,rear_dock,normal,,04:00,07:45,Frozen Food,chilled,103,272.3,2.14,pending_planning,,,
ORD-00112,APP,2026-09-02,2026-09-28,Fresh,OUT009,,Colombo,Peliyagoda,rear_dock,normal,,04:00,07:45,Fresh Produce,ambient,65,277.4,1.4,pending_approval,,,
ORD-00113,APP,2026-09-10,2026-09-29,Fresh,OUT009,,Colombo,Peliyagoda,rear_dock,normal,,04:00,07:45,Frozen Food,chilled,24,109.8,0.33,pending_planning,,,
ORD-00114,APP,2026-09-09,2026-09-09,Fresh,OUT009,,Colombo,Peliyagoda,rear_dock,normal,,04:00,07:45,Other Groceries,chilled,126,187.6,1.61,delivered,2026-09-09,,
ORD-00115,APP,2026-09-19,2026-09-20,Fresh,OUT009,,Colombo,Peliyagoda,rear_dock,normal,,04:00,07:45,Frozen Food,chilled,52,118.2,0.92,delivered,2026-09-20,,
ORD-00116,APP,2026-09-18,2026-09-29,Fresh,OUT009,,Colombo,Peliyagoda,rear_dock,normal,,04:00,07:45,Fresh Produce,ambient,135,224.9,0.73,pending_planning,,,
ORD-00117,APP,2026-09-07,2026-09-08,Fresh,OUT009,,Colombo,Peliyagoda,rear_dock,normal,,04:00,07:45,Fresh Produce,ambient,85,261.0,1.82,in_transit,,,
ORD-00118,APP,2026-09-23,2026-09-23,Fresh,OUT010,,Colombo,Peliyagoda,rear_dock,normal,,05:00,07:30,Fresh Produce,ambient,148,159.4,2.1,delivered,2026-09-23,,
ORD-00119,APP,2026-09-20,2026-09-29,Fresh,OUT010,,Colombo,Peliyagoda,rear_dock,normal,,05:00,07:30,Fresh Produce,ambient,37,102.9,1.63,pending_planning,,,
ORD-00120,APP,2026-08-31,2026-09-30,Fresh,OUT010,,Colombo,Peliyagoda,rear_dock,normal,,05:00,07:30,Frozen Food,chilled,57,69.9,1.9,cancelled,,,
ORD-00121,APP,2026-09-17,2026-09-29,Fresh,OUT010,,Colombo,Peliyagoda,rear_dock,normal,,05:00,07:30,Fresh Produce,ambient,122,243.2,0.19,pending_load,,,
ORD-00122,APP,2026-08-31,2026-09-01,Fresh,OUT010,,Colombo,Peliyagoda,rear_dock,normal,,05:00,07:30,Fresh Produce,ambient,81,60.7,1.51,in_transit,,,
ORD-00123,APP,2026-08-27,2026-10-01,Fresh,OUT010,,Colombo,Peliyagoda,rear_dock,normal,,05:00,07:30,Fresh Produce,chilled,27,260.3,0.15,pending_planning,,,
ORD-00124,APP,2026-09-17,2026-09-17,Fresh,OUT010,,Colombo,Peliyagoda,rear_dock,normal,,05:00,07:30,Frozen Food,chilled,138,208.0,1.05,delivered,2026-09-17,,
ORD-00125,APP,2026-08-28,2026-09-28,Fresh,OUT010,,Colombo,Peliyagoda,rear_dock,normal,,05:00,07:30,Other Groceries,ambient,71,81.3,0.77,pending_load,,,
ORD-00126,APP,2026-09-20,2026-10-02,Fresh,OUT010,,Colombo,Peliyagoda,rear_dock,normal,,05:00,07:30,Fresh Produce,ambient,90,106.4,1.05,pending_load,,,
ORD-00127,APP,2026-09-25,2026-09-25,Fresh,OUT010,,Colombo,Peliyagoda,rear_dock,normal,,05:00,07:30,Frozen Food,chilled,103,97.8,1.91,delivered,2026-09-25,,
ORD-00128,APP,2026-09-13,2026-09-28,Fresh,OUT010,,Colombo,Peliyagoda,rear_dock,normal,,05:00,07:30,Fresh Produce,chilled,88,202.4,0.69,cancelled,,,
ORD-00129,APP,2026-09-20,2026-09-20,Fresh,OUT010,,Colombo,Peliyagoda,rear_dock,normal,,05:00,07:30,Fresh Produce,ambient,116,156.3,1.79,delivered,2026-09-20,,
ORD-00130,APP,2026-09-05,2026-10-01,Fresh,OUT010,,Colombo,Peliyagoda,rear_dock,normal,,05:00,07:30,Other Groceries,ambient,70,204.8,0.73,cancelled,,,
ORD-00131,APP,2026-08-26,2026-08-27,Fresh,OUT011,,Colombo,Peliyagoda,rear_dock,normal,,03:00,08:00,Frozen Food,chilled,26,134.7,1.9,dispatched,,,
ORD-00132,APP,2026-08-31,2026-08-31,Fresh,OUT011,,Colombo,Peliyagoda,rear_dock,normal,,03:00,08:00,Fresh Produce,ambient,85,257.4,1.59,in_transit,,,
ORD-00133,APP,2026-09-11,2026-09-12,Fresh,OUT011,,Colombo,Peliyagoda,rear_dock,normal,,03:00,08:00,Frozen Food,chilled,25,154.3,1.48,delivered,2026-09-13,,
ORD-00134,APP,2026-09-24,2026-09-29,Fresh,OUT011,,Colombo,Peliyagoda,rear_dock,normal,,03:00,08:00,Fresh Produce,ambient,75,85.6,1.21,approved,,,
ORD-00135,APP,2026-09-05,2026-09-05,Fresh,OUT011,,Colombo,Peliyagoda,rear_dock,normal,,03:00,08:00,Fresh Produce,ambient,49,110.2,1.83,delivered,2026-09-05,,
ORD-00136,APP,2026-08-24,2026-09-29,Fresh,OUT011,,Colombo,Peliyagoda,rear_dock,normal,,03:00,08:00,Frozen Food,chilled,139,220.6,1.25,loading,,,
ORD-00137,APP,2026-08-25,2026-08-26,Fresh,OUT011,,Colombo,Peliyagoda,rear_dock,normal,,03:00,08:00,Fresh Produce,ambient,42,177.7,1.23,dispatched,,,
ORD-00138,APP,2026-08-29,2026-09-28,Fresh,OUT011,,Colombo,Peliyagoda,rear_dock,normal,,03:00,08:00,Fresh Produce,ambient,40,150.3,0.22,pending_load,,,
ORD-00139,APP,2026-09-01,2026-09-01,Fresh,OUT011,,Colombo,Peliyagoda,rear_dock,normal,,03:00,08:00,Fresh Produce,ambient,60,60.2,2.18,delivered,2026-09-01,,
ORD-00140,APP,2026-09-05,2026-09-06,Fresh,OUT011,,Colombo,Peliyagoda,rear_dock,normal,,03:00,08:00,Fresh Produce,ambient,36,27.0,1.48,delivered,2026-09-06,,
ORD-00141,APP,2026-09-11,2026-10-01,Fresh,OUT011,,Colombo,Peliyagoda,rear_dock,normal,,03:00,08:00,Fresh Produce,chilled,34,238.4,1.27,approved,,,
ORD-00142,APP,2026-08-24,2026-09-29,Fresh,OUT011,,Colombo,Peliyagoda,rear_dock,normal,,03:00,08:00,Fresh Produce,ambient,92,244.3,0.99,cancelled,,,
ORD-00143,APP,2026-09-08,2026-09-30,Fresh,OUT011,,Colombo,Peliyagoda,rear_dock,normal,,03:00,08:00,Frozen Food,chilled,56,97.4,1.98,deferred,,,
ORD-00144,APP,2026-09-04,2026-09-29,Fresh,OUT012,,Colombo,Peliyagoda,rear_dock,normal,,05:30,08:00,Fresh Produce,ambient,129,156.0,1.63,pending_approval,,,
ORD-00145,APP,2026-08-30,2026-08-30,Fresh,OUT012,,Colombo,Peliyagoda,rear_dock,normal,,05:30,08:00,Other Groceries,ambient,79,184.2,0.19,delivered,2026-08-30,,
ORD-00146,APP,2026-09-09,2026-09-29,Fresh,OUT012,,Colombo,Peliyagoda,rear_dock,normal,,05:30,08:00,Other Groceries,ambient,104,272.7,1.46,pending_approval,,,
ORD-00147,APP,2026-09-02,2026-09-29,Fresh,OUT012,,Colombo,Peliyagoda,rear_dock,normal,,05:30,08:00,Fresh Produce,ambient,113,118.9,0.89,approved,,,
ORD-00148,APP,2026-09-12,2026-09-12,Fresh,OUT012,,Colombo,Peliyagoda,rear_dock,normal,,05:30,08:00,Fresh Produce,ambient,102,200.6,0.27,dispatched,,,
ORD-00149,APP,2026-09-26,2026-10-02,Fresh,OUT012,,Colombo,Peliyagoda,rear_dock,normal,,05:30,08:00,Other Groceries,chilled,106,79.4,0.84,pending_planning,,,
ORD-00150,APP,2026-09-05,2026-10-01,Fresh,OUT012,,Colombo,Peliyagoda,rear_dock,normal,,05:30,08:00,Frozen Food,chilled,86,237.7,0.38,pending_planning,,,
ORD-00151,APP,2026-08-27,2026-10-02,Fresh,OUT012,,Colombo,Peliyagoda,rear_dock,normal,,05:30,08:00,Fresh Produce,chilled,81,198.1,1.52,pending_load,,,
ORD-00152,APP,2026-09-12,2026-09-29,Fresh,OUT012,,Colombo,Peliyagoda,rear_dock,normal,,05:30,08:00,Fresh Produce,ambient,21,156.3,1.47,pending_approval,,,
ORD-00153,APP,2026-09-05,2026-09-30,Fresh,OUT012,,Colombo,Peliyagoda,rear_dock,normal,,05:30,08:00,Fresh Produce,ambient,55,73.7,0.48,approved,,,
ORD-00154,APP,2026-09-24,2026-10-01,Fresh,OUT012,,Colombo,Peliyagoda,rear_dock,normal,,05:30,08:00,Frozen Food,chilled,131,263.1,1.78,pending_approval,,,
ORD-00155,APP,2026-08-25,2026-10-01,Fresh,OUT012,,Colombo,Peliyagoda,rear_dock,normal,,05:30,08:00,Other Groceries,ambient,118,168.4,0.66,approved,,,
ORD-00156,APP,2026-09-09,2026-09-09,Fresh,OUT012,,Colombo,Peliyagoda,rear_dock,normal,,05:30,08:00,Fresh Produce,chilled,103,220.5,0.25,in_transit,,,
ORD-00157,APP,2026-09-19,2026-09-20,Fresh,OUT013,,Colombo,Peliyagoda,rear_dock,normal,,05:00,07:30,Fresh Produce,ambient,41,191.8,0.85,delivered,2026-09-20,,
ORD-00158,APP,2026-09-15,2026-09-15,Fresh,OUT013,,Colombo,Peliyagoda,rear_dock,normal,,05:00,07:30,Fresh Produce,ambient,73,78.6,0.24,delivered,2026-09-15,,
ORD-00159,APP,2026-08-25,2026-09-28,Fresh,OUT013,,Colombo,Peliyagoda,rear_dock,normal,,05:00,07:30,Fresh Produce,ambient,125,116.4,1.71,deferred,,,
ORD-00160,APP,2026-09-24,2026-09-28,Fresh,OUT013,,Colombo,Peliyagoda,rear_dock,normal,,05:00,07:30,Other Groceries,ambient,62,153.1,0.49,pending_planning,,,
ORD-00161,APP,2026-09-14,2026-09-28,Fresh,OUT013,,Colombo,Peliyagoda,rear_dock,normal,,05:00,07:30,Fresh Produce,chilled,35,179.7,1.36,pending_planning,,,
ORD-00162,APP,2026-09-06,2026-10-02,Fresh,OUT013,,Colombo,Peliyagoda,rear_dock,normal,,05:00,07:30,Frozen Food,chilled,84,243.6,0.96,deferred,,,
ORD-00163,APP,2026-09-20,2026-10-01,Fresh,OUT013,,Colombo,Peliyagoda,rear_dock,normal,,05:00,07:30,Fresh Produce,ambient,114,149.5,1.74,pending_approval,,,
ORD-00164,APP,2026-08-24,2026-09-30,Fresh,OUT013,,Colombo,Peliyagoda,rear_dock,normal,,05:00,07:30,Fresh Produce,ambient,54,32.0,1.97,deferred,,,
ORD-00165,APP,2026-09-10,2026-09-11,Fresh,OUT013,,Colombo,Peliyagoda,rear_dock,normal,,05:00,07:30,Frozen Food,chilled,91,94.4,1.68,dispatched,,,
ORD-00166,APP,2026-09-07,2026-09-30,Fresh,OUT013,,Colombo,Peliyagoda,rear_dock,normal,,05:00,07:30,Fresh Produce,chilled,69,268.7,1.69,deferred,,,
ORD-00167,APP,2026-09-04,2026-09-28,Fresh,OUT013,,Colombo,Peliyagoda,rear_dock,normal,,05:00,07:30,Frozen Food,chilled,35,152.7,1.86,approved,,,
ORD-00168,APP,2026-09-03,2026-09-30,Fresh,OUT013,,Colombo,Peliyagoda,rear_dock,normal,,05:00,07:30,Other Groceries,ambient,61,155.3,1.12,approved,,,
ORD-00169,APP,2026-08-31,2026-09-29,Fresh,OUT013,,Colombo,Peliyagoda,rear_dock,normal,,05:00,07:30,Other Groceries,ambient,42,239.2,1.06,pending_planning,,,
ORD-00170,APP,2026-09-23,2026-09-28,Fresh,OUT014,,Colombo,Peliyagoda,street,normal,,05:30,08:00,Fresh Produce,ambient,83,64.4,0.61,approved,,,
ORD-00171,APP,2026-08-31,2026-08-31,Fresh,OUT014,,Colombo,Peliyagoda,street,normal,,05:30,08:00,Frozen Food,chilled,121,248.4,1.55,delivered,2026-09-01,,
ORD-00172,APP,2026-09-12,2026-10-01,Fresh,OUT014,,Colombo,Peliyagoda,street,normal,,05:30,08:00,Fresh Produce,ambient,109,113.4,1.19,cancelled,,,
ORD-00173,APP,2026-09-11,2026-09-11,Fresh,OUT014,,Colombo,Peliyagoda,street,normal,,05:30,08:00,Fresh Produce,chilled,112,69.5,0.36,dispatched,,,
ORD-00174,APP,2026-09-18,2026-09-18,Fresh,OUT014,,Colombo,Peliyagoda,street,normal,,05:30,08:00,Frozen Food,chilled,43,88.4,1.22,in_transit,,,
ORD-00175,APP,2026-08-25,2026-08-25,Fresh,OUT014,,Colombo,Peliyagoda,street,normal,,05:30,08:00,Fresh Produce,ambient,135,106.1,0.91,delivered,2026-08-26,,
ORD-00176,APP,2026-08-24,2026-09-28,Fresh,OUT014,,Colombo,Peliyagoda,street,normal,,05:30,08:00,Fresh Produce,ambient,134,184.9,2.0,deferred,,,
ORD-00177,APP,2026-09-17,2026-09-17,Fresh,OUT014,,Colombo,Peliyagoda,street,normal,,05:30,08:00,Fresh Produce,ambient,26,205.7,1.69,delivered,2026-09-17,,
ORD-00178,APP,2026-09-07,2026-10-01,Fresh,OUT014,,Colombo,Peliyagoda,street,normal,,05:30,08:00,Frozen Food,chilled,38,68.5,0.95,approved,,,
ORD-00179,APP,2026-08-24,2026-08-25,Fresh,OUT014,,Colombo,Peliyagoda,street,normal,,05:30,08:00,Frozen Food,chilled,43,197.5,1.45,delivered,2026-08-26,,
ORD-00180,APP,2026-09-14,2026-09-15,Fresh,OUT014,,Colombo,Peliyagoda,street,normal,,05:30,08:00,Other Groceries,ambient,127,60.7,0.59,in_transit,,,
ORD-00181,APP,2026-09-06,2026-10-01,Fresh,OUT014,,Colombo,Peliyagoda,street,normal,,05:30,08:00,Fresh Produce,ambient,114,238.7,1.63,deferred,,,
ORD-00182,APP,2026-09-13,2026-09-28,Fresh,OUT014,,Colombo,Peliyagoda,street,normal,,05:30,08:00,Other Groceries,ambient,29,178.9,1.25,deferred,,,
ORD-00183,APP,2026-09-04,2026-10-02,Style,OUT015,,Colombo,Peliyagoda,mall_bay,mall_dock,09:00-11:00,09:00,11:00,Women,ambient,42,74.7,0.94,loading,,,
ORD-00184,APP,2026-09-25,2026-09-26,Style,OUT015,,Colombo,Peliyagoda,mall_bay,mall_dock,09:00-11:00,09:00,11:00,Footwear,ambient,6,239.8,1.21,delivered,2026-09-26,,
ORD-00185,APP,2026-09-20,2026-09-21,Style,OUT015,,Colombo,Peliyagoda,mall_bay,mall_dock,09:00-11:00,09:00,11:00,Men,ambient,46,182.3,1.73,dispatched,,,
ORD-00186,APP,2026-09-24,2026-09-24,Style,OUT015,,Colombo,Peliyagoda,mall_bay,mall_dock,09:00-11:00,09:00,11:00,Women,ambient,33,215.8,1.0,delivered,2026-09-24,,
ORD-00187,APP,2026-08-23,2026-08-24,Style,OUT015,,Colombo,Peliyagoda,mall_bay,mall_dock,09:00-11:00,09:00,11:00,Kids,ambient,27,108.9,3.08,delivered,2026-08-25,,
ORD-00188,APP,2026-09-23,2026-09-24,Style,OUT015,,Colombo,Peliyagoda,mall_bay,mall_dock,09:00-11:00,09:00,11:00,Kids,ambient,73,59.4,2.13,delivered,2026-09-25,,
ORD-00189,APP,2026-09-13,2026-09-30,Style,OUT015,,Colombo,Peliyagoda,mall_bay,mall_dock,09:00-11:00,09:00,11:00,Kids,ambient,65,75.4,2.71,deferred,,,
ORD-00190,APP,2026-09-18,2026-09-19,Style,OUT015,,Colombo,Peliyagoda,mall_bay,mall_dock,09:00-11:00,09:00,11:00,Women,ambient,16,159.0,1.61,delivered,2026-09-19,,
ORD-00191,APP,2026-09-21,2026-09-21,Style,OUT015,,Colombo,Peliyagoda,mall_bay,mall_dock,09:00-11:00,09:00,11:00,Footwear,ambient,70,119.7,0.82,dispatched,,,
ORD-00192,APP,2026-09-22,2026-09-22,Style,OUT015,,Colombo,Peliyagoda,mall_bay,mall_dock,09:00-11:00,09:00,11:00,Women,ambient,23,87.7,3.02,delivered,2026-09-22,,
ORD-00193,APP,2026-09-09,2026-10-02,Style,OUT015,,Colombo,Peliyagoda,mall_bay,mall_dock,09:00-11:00,09:00,11:00,Men,ambient,38,42.6,4.36,pending_planning,,,
ORD-00194,APP,2026-09-08,2026-09-30,Style,OUT015,,Colombo,Peliyagoda,mall_bay,mall_dock,09:00-11:00,09:00,11:00,Men,ambient,6,230.9,1.23,pending_approval,,,
ORD-00195,APP,2026-09-23,2026-10-01,Style,OUT015,,Colombo,Peliyagoda,mall_bay,mall_dock,09:00-11:00,09:00,11:00,Women,ambient,46,214.3,3.47,pending_approval,,,
ORD-00196,APP,2026-08-29,2026-09-28,Style,OUT016,,Colombo,Peliyagoda,mall_bay,mall_dock,09:00-11:00,09:00,11:00,Women,ambient,39,150.1,0.74,cancelled,,,
ORD-00197,APP,2026-09-23,2026-09-23,Style,OUT016,,Colombo,Peliyagoda,mall_bay,mall_dock,09:00-11:00,09:00,11:00,Accessories,ambient,63,155.8,4.48,delivered,2026-09-24,,
ORD-00198,APP,2026-09-26,2026-09-27,Style,OUT016,,Colombo,Peliyagoda,mall_bay,mall_dock,09:00-11:00,09:00,11:00,Footwear,ambient,57,65.5,0.99,delivered,2026-09-27,,
ORD-00199,APP,2026-09-03,2026-09-29,Style,OUT016,,Colombo,Peliyagoda,mall_bay,mall_dock,09:00-11:00,09:00,11:00,Footwear,ambient,55,84.9,3.32,cancelled,,,
ORD-00200,APP,2026-09-25,2026-09-30,Style,OUT016,,Colombo,Peliyagoda,mall_bay,mall_dock,09:00-11:00,09:00,11:00,Men,ambient,63,63.3,4.29,pending_load,,,
ORD-00201,APP,2026-09-14,2026-09-14,Style,OUT016,,Colombo,Peliyagoda,mall_bay,mall_dock,09:00-11:00,09:00,11:00,Men,ambient,40,237.9,0.79,delivered,2026-09-15,,
ORD-00202,APP,2026-09-21,2026-09-22,Style,OUT016,,Colombo,Peliyagoda,mall_bay,mall_dock,09:00-11:00,09:00,11:00,Men,ambient,66,148.5,3.51,delivered,2026-09-23,,
ORD-00203,APP,2026-09-22,2026-09-29,Style,OUT016,,Colombo,Peliyagoda,mall_bay,mall_dock,09:00-11:00,09:00,11:00,Men,ambient,80,41.2,3.16,pending_approval,,,
ORD-00204,APP,2026-09-19,2026-09-20,Style,OUT016,,Colombo,Peliyagoda,mall_bay,mall_dock,09:00-11:00,09:00,11:00,Kids,ambient,15,70.3,3.22,delivered,2026-09-21,,
ORD-00205,APP,2026-08-25,2026-08-26,Style,OUT016,,Colombo,Peliyagoda,mall_bay,mall_dock,09:00-11:00,09:00,11:00,Kids,ambient,71,85.4,4.3,delivered,2026-08-26,,
ORD-00206,APP,2026-09-22,2026-09-29,Style,OUT016,,Colombo,Peliyagoda,mall_bay,mall_dock,09:00-11:00,09:00,11:00,Men,ambient,47,21.5,1.66,loading,,,
ORD-00207,APP,2026-09-17,2026-09-17,Style,OUT016,,Colombo,Peliyagoda,mall_bay,mall_dock,09:00-11:00,09:00,11:00,Men,ambient,36,52.9,2.18,delivered,2026-09-18,,
ORD-00208,APP,2026-09-09,2026-10-02,Style,OUT016,,Colombo,Peliyagoda,mall_bay,mall_dock,09:00-11:00,09:00,11:00,Men,ambient,55,104.0,0.96,approved,,,
ORD-00209,APP,2026-08-27,2026-08-27,Style,OUT017,,Colombo,Peliyagoda,mall_bay,mall_dock,10:30-12:30,10:30,12:30,Men,ambient,61,133.2,1.52,delivered,2026-08-27,,
ORD-00210,APP,2026-09-13,2026-09-13,Style,OUT017,,Colombo,Peliyagoda,mall_bay,mall_dock,10:30-12:30,10:30,12:30,Footwear,ambient,75,27.6,4.02,delivered,2026-09-13,,
ORD-00211,APP,2026-08-25,2026-10-01,Style,OUT017,,Colombo,Peliyagoda,mall_bay,mall_dock,10:30-12:30,10:30,12:30,Footwear,ambient,6,234.6,0.56,pending_load,,,
ORD-00212,APP,2026-09-25,2026-09-25,Style,OUT017,,Colombo,Peliyagoda,mall_bay,mall_dock,10:30-12:30,10:30,12:30,Women,ambient,6,40.4,3.6,in_transit,,,
ORD-00213,APP,2026-09-15,2026-09-15,Style,OUT017,,Colombo,Peliyagoda,mall_bay,mall_dock,10:30-12:30,10:30,12:30,Women,ambient,23,189.2,2.25,delivered,2026-09-16,,
ORD-00214,APP,2026-09-12,2026-09-13,Style,OUT017,,Colombo,Peliyagoda,mall_bay,mall_dock,10:30-12:30,10:30,12:30,Accessories,ambient,14,183.5,2.73,dispatched,,,
ORD-00215,APP,2026-08-25,2026-08-25,Style,OUT017,,Colombo,Peliyagoda,mall_bay,mall_dock,10:30-12:30,10:30,12:30,Kids,ambient,7,126.2,2.55,delivered,2026-08-25,,
ORD-00216,APP,2026-08-26,2026-09-30,Style,OUT017,,Colombo,Peliyagoda,mall_bay,mall_dock,10:30-12:30,10:30,12:30,Women,ambient,66,117.2,4.32,approved,,,
ORD-00217,APP,2026-08-29,2026-09-30,Style,OUT017,,Colombo,Peliyagoda,mall_bay,mall_dock,10:30-12:30,10:30,12:30,Footwear,ambient,34,83.8,2.53,deferred,,,
ORD-00218,APP,2026-08-26,2026-08-27,Style,OUT017,,Colombo,Peliyagoda,mall_bay,mall_dock,10:30-12:30,10:30,12:30,Women,ambient,50,223.4,1.45,delivered,2026-08-27,,
ORD-00219,APP,2026-09-17,2026-09-17,Style,OUT017,,Colombo,Peliyagoda,mall_bay,mall_dock,10:30-12:30,10:30,12:30,Men,ambient,70,21.3,2.94,delivered,2026-09-17,,
ORD-00220,APP,2026-08-31,2026-08-31,Style,OUT017,,Colombo,Peliyagoda,mall_bay,mall_dock,10:30-12:30,10:30,12:30,Footwear,ambient,6,52.9,3.5,delivered,2026-08-31,,
ORD-00221,APP,2026-09-05,2026-10-02,Style,OUT017,,Colombo,Peliyagoda,mall_bay,mall_dock,10:30-12:30,10:30,12:30,Women,ambient,39,197.0,3.64,pending_planning,,,
ORD-00222,APP,2026-09-06,2026-09-06,Style,OUT018,,Colombo,Peliyagoda,mall_bay,mall_dock,10:30-12:30,10:30,12:30,Men,ambient,69,179.1,2.34,delivered,2026-09-07,,
ORD-00223,APP,2026-08-25,2026-08-26,Style,OUT018,,Colombo,Peliyagoda,mall_bay,mall_dock,10:30-12:30,10:30,12:30,Kids,ambient,13,162.4,3.31,dispatched,,,
ORD-00224,APP,2026-08-23,2026-10-02,Style,OUT018,,Colombo,Peliyagoda,mall_bay,mall_dock,10:30-12:30,10:30,12:30,Men,ambient,47,147.5,4.34,pending_approval,,,
ORD-00225,APP,2026-09-18,2026-09-19,Style,OUT018,,Colombo,Peliyagoda,mall_bay,mall_dock,10:30-12:30,10:30,12:30,Accessories,ambient,14,100.0,2.73,delivered,2026-09-19,,
ORD-00226,APP,2026-09-04,2026-09-04,Style,OUT018,,Colombo,Peliyagoda,mall_bay,mall_dock,10:30-12:30,10:30,12:30,Men,ambient,70,160.3,3.79,in_transit,,,
ORD-00227,APP,2026-09-25,2026-09-28,Style,OUT018,,Colombo,Peliyagoda,mall_bay,mall_dock,10:30-12:30,10:30,12:30,Accessories,ambient,40,34.1,3.82,deferred,,,
ORD-00228,APP,2026-09-04,2026-09-05,Style,OUT018,,Colombo,Peliyagoda,mall_bay,mall_dock,10:30-12:30,10:30,12:30,Men,ambient,62,71.4,3.04,in_transit,,,
ORD-00229,APP,2026-09-24,2026-09-24,Style,OUT018,,Colombo,Peliyagoda,mall_bay,mall_dock,10:30-12:30,10:30,12:30,Kids,ambient,34,99.7,1.26,dispatched,,,
ORD-00230,APP,2026-08-25,2026-10-01,Style,OUT018,,Colombo,Peliyagoda,mall_bay,mall_dock,10:30-12:30,10:30,12:30,Men,ambient,44,23.8,4.47,pending_planning,,,
ORD-00231,APP,2026-08-28,2026-10-01,Style,OUT018,,Colombo,Peliyagoda,mall_bay,mall_dock,10:30-12:30,10:30,12:30,Kids,ambient,29,49.0,3.64,loading,,,
ORD-00232,APP,2026-09-20,2026-10-02,Style,OUT018,,Colombo,Peliyagoda,mall_bay,mall_dock,10:30-12:30,10:30,12:30,Footwear,ambient,36,215.2,2.1,cancelled,,,
ORD-00233,APP,2026-08-30,2026-08-31,Style,OUT018,,Colombo,Peliyagoda,mall_bay,mall_dock,10:30-12:30,10:30,12:30,Women,ambient,79,176.0,2.57,delivered,2026-08-31,,
ORD-00234,APP,2026-09-24,2026-10-01,Style,OUT018,,Colombo,Peliyagoda,mall_bay,mall_dock,10:30-12:30,10:30,12:30,Footwear,ambient,40,126.1,3.68,loading,,,
ORD-00235,APP,2026-09-21,2026-09-21,Style,OUT019,,Colombo,Peliyagoda,rear_dock,normal,,09:00,17:00,Men,ambient,61,76.6,4.04,in_transit,,,
ORD-00236,APP,2026-08-30,2026-10-01,Style,OUT019,,Colombo,Peliyagoda,rear_dock,normal,,09:00,17:00,Kids,ambient,23,179.4,3.99,pending_planning,,,
ORD-00237,APP,2026-09-23,2026-09-30,Style,OUT019,,Colombo,Peliyagoda,rear_dock,normal,,09:00,17:00,Kids,ambient,28,55.4,1.42,pending_planning,,,
ORD-00238,APP,2026-09-18,2026-10-01,Style,OUT019,,Colombo,Peliyagoda,rear_dock,normal,,09:00,17:00,Women,ambient,15,152.9,0.88,pending_approval,,,
ORD-00239,APP,2026-08-29,2026-09-28,Style,OUT019,,Colombo,Peliyagoda,rear_dock,normal,,09:00,17:00,Men,ambient,12,62.3,2.52,pending_planning,,,
ORD-00240,APP,2026-08-30,2026-10-01,Style,OUT019,,Colombo,Peliyagoda,rear_dock,normal,,09:00,17:00,Kids,ambient,11,47.0,3.98,loading,,,
ORD-00241,APP,2026-09-14,2026-09-28,Style,OUT019,,Colombo,Peliyagoda,rear_dock,normal,,09:00,17:00,Footwear,ambient,48,189.3,0.81,pending_planning,,,
ORD-00242,APP,2026-09-11,2026-09-29,Style,OUT019,,Colombo,Peliyagoda,rear_dock,normal,,09:00,17:00,Men,ambient,11,192.3,3.27,pending_load,,,
ORD-00243,APP,2026-09-01,2026-09-29,Style,OUT019,,Colombo,Peliyagoda,rear_dock,normal,,09:00,17:00,Kids,ambient,71,28.4,1.07,pending_approval,,,
ORD-00244,APP,2026-08-28,2026-08-29,Style,OUT019,,Colombo,Peliyagoda,rear_dock,normal,,09:00,17:00,Men,ambient,78,37.2,2.03,delivered,2026-08-29,,
ORD-00245,APP,2026-09-26,2026-09-30,Style,OUT019,,Colombo,Peliyagoda,rear_dock,normal,,09:00,17:00,Footwear,ambient,17,197.0,3.27,deferred,,,
ORD-00246,APP,2026-09-26,2026-09-27,Style,OUT019,,Colombo,Peliyagoda,rear_dock,normal,,09:00,17:00,Women,ambient,55,121.5,3.35,delivered,2026-09-28,,
ORD-00247,APP,2026-09-20,2026-09-20,Style,OUT019,,Colombo,Peliyagoda,rear_dock,normal,,09:00,17:00,Women,ambient,67,206.9,2.31,delivered,2026-09-21,,
ORD-00248,APP,2026-09-19,2026-09-19,Style,OUT020,,Colombo,Peliyagoda,street,normal,,09:00,17:00,Footwear,ambient,55,138.9,2.55,delivered,2026-09-20,,
ORD-00249,APP,2026-08-30,2026-08-31,Style,OUT020,,Colombo,Peliyagoda,street,normal,,09:00,17:00,Men,ambient,70,233.0,3.63,dispatched,,,
ORD-00250,APP,2026-09-04,2026-10-02,Style,OUT020,,Colombo,Peliyagoda,street,normal,,09:00,17:00,Women,ambient,75,146.3,2.07,pending_planning,,,
ORD-00251,APP,2026-09-23,2026-10-02,Style,OUT020,,Colombo,Peliyagoda,street,normal,,09:00,17:00,Kids,ambient,26,96.9,2.9,pending_approval,,,
ORD-00252,APP,2026-09-05,2026-09-06,Style,OUT020,,Colombo,Peliyagoda,street,normal,,09:00,17:00,Men,ambient,40,137.6,1.29,delivered,2026-09-06,,
ORD-00253,APP,2026-08-23,2026-10-02,Style,OUT020,,Colombo,Peliyagoda,street,normal,,09:00,17:00,Women,ambient,39,148.2,2.0,pending_load,,,
ORD-00254,APP,2026-09-02,2026-09-03,Style,OUT020,,Colombo,Peliyagoda,street,normal,,09:00,17:00,Footwear,ambient,70,202.5,1.5,delivered,2026-09-03,,
ORD-00255,APP,2026-09-20,2026-10-02,Style,OUT020,,Colombo,Peliyagoda,street,normal,,09:00,17:00,Women,ambient,76,49.5,2.65,loading,,,
ORD-00256,APP,2026-08-26,2026-10-01,Style,OUT020,,Colombo,Peliyagoda,street,normal,,09:00,17:00,Kids,ambient,80,227.2,3.9,deferred,,,
ORD-00257,APP,2026-09-16,2026-09-30,Style,OUT020,,Colombo,Peliyagoda,street,normal,,09:00,17:00,Footwear,ambient,27,76.6,4.24,approved,,,
ORD-00258,APP,2026-08-31,2026-09-01,Style,OUT020,,Colombo,Peliyagoda,street,normal,,09:00,17:00,Accessories,ambient,20,194.2,0.84,in_transit,,,
ORD-00259,APP,2026-08-26,2026-08-27,Style,OUT020,,Colombo,Peliyagoda,street,normal,,09:00,17:00,Kids,ambient,73,38.8,1.6,in_transit,,,
ORD-00260,APP,2026-09-19,2026-09-20,Style,OUT020,,Colombo,Peliyagoda,street,normal,,09:00,17:00,Accessories,ambient,14,140.3,2.31,delivered,2026-09-20,,
ORD-00261,APP,2026-09-12,2026-09-28,Tech,OUT021,,Colombo,Peliyagoda,mall_bay,mall_dock,10:30-12:30,10:30,12:30,Accessories,ambient,19,173.3,2.6,deferred,,,
ORD-00262,APP,2026-09-23,2026-09-29,Tech,OUT021,,Colombo,Peliyagoda,mall_bay,mall_dock,10:30-12:30,10:30,12:30,Tablets,ambient,1,128.8,3.12,deferred,,,
ORD-00263,APP,2026-08-28,2026-08-29,Tech,OUT021,,Colombo,Peliyagoda,mall_bay,mall_dock,10:30-12:30,10:30,12:30,Audio,ambient,16,95.6,4.6,in_transit,,,
ORD-00264,APP,2026-09-11,2026-09-11,Tech,OUT021,,Colombo,Peliyagoda,mall_bay,mall_dock,10:30-12:30,10:30,12:30,Computing,ambient,11,23.8,0.56,delivered,2026-09-12,,
ORD-00265,APP,2026-09-25,2026-09-28,Tech,OUT021,,Colombo,Peliyagoda,mall_bay,mall_dock,10:30-12:30,10:30,12:30,Accessories,ambient,25,264.5,4.88,approved,,,
ORD-00266,APP,2026-08-30,2026-09-29,Tech,OUT021,,Colombo,Peliyagoda,mall_bay,mall_dock,10:30-12:30,10:30,12:30,Audio,ambient,13,196.9,1.36,pending_load,,,
ORD-00267,APP,2026-09-13,2026-09-13,Tech,OUT021,,Colombo,Peliyagoda,mall_bay,mall_dock,10:30-12:30,10:30,12:30,Accessories,ambient,2,418.1,4.87,delivered,2026-09-14,,
ORD-00268,APP,2026-09-24,2026-09-24,Tech,OUT021,,Colombo,Peliyagoda,mall_bay,mall_dock,10:30-12:30,10:30,12:30,Tablets,ambient,25,111.4,5.02,in_transit,,,
ORD-00269,APP,2026-09-17,2026-09-17,Tech,OUT021,,Colombo,Peliyagoda,mall_bay,mall_dock,10:30-12:30,10:30,12:30,Computing,ambient,6,376.8,0.95,delivered,2026-09-17,,
ORD-00270,APP,2026-09-24,2026-09-29,Tech,OUT021,,Colombo,Peliyagoda,mall_bay,mall_dock,10:30-12:30,10:30,12:30,Audio,ambient,18,223.0,3.93,loading,,,
ORD-00271,APP,2026-09-11,2026-09-30,Tech,OUT021,,Colombo,Peliyagoda,mall_bay,mall_dock,10:30-12:30,10:30,12:30,Audio,ambient,23,310.4,1.43,pending_approval,,,
ORD-00272,APP,2026-09-24,2026-10-01,Tech,OUT021,,Colombo,Peliyagoda,mall_bay,mall_dock,10:30-12:30,10:30,12:30,Networking,ambient,24,320.3,0.89,pending_approval,,,
ORD-00273,APP,2026-09-23,2026-09-23,Tech,OUT021,,Colombo,Peliyagoda,mall_bay,mall_dock,10:30-12:30,10:30,12:30,Storage,ambient,25,230.5,3.8,delivered,2026-09-24,,
ORD-00274,APP,2026-09-13,2026-10-01,Tech,OUT022,,Colombo,Peliyagoda,mall_bay,mall_dock,10:00-12:00,10:00,12:00,Laptops,ambient,28,115.1,5.33,approved,,,
ORD-00275,APP,2026-09-15,2026-09-15,Tech,OUT022,,Colombo,Peliyagoda,mall_bay,mall_dock,10:00-12:00,10:00,12:00,Tablets,ambient,17,187.6,4.93,delivered,2026-09-16,,
ORD-00276,APP,2026-09-11,2026-10-01,Tech,OUT022,,Colombo,Peliyagoda,mall_bay,mall_dock,10:00-12:00,10:00,12:00,Audio,ambient,23,373.3,3.28,cancelled,,,
ORD-00277,APP,2026-09-24,2026-09-25,Tech,OUT022,,Colombo,Peliyagoda,mall_bay,mall_dock,10:00-12:00,10:00,12:00,Networking,ambient,13,315.8,4.35,delivered,2026-09-25,,
ORD-00278,APP,2026-08-28,2026-08-29,Tech,OUT022,,Colombo,Peliyagoda,mall_bay,mall_dock,10:00-12:00,10:00,12:00,Computing,ambient,21,55.0,4.94,delivered,2026-08-30,,
ORD-00279,APP,2026-09-12,2026-09-30,Tech,OUT022,,Colombo,Peliyagoda,mall_bay,mall_dock,10:00-12:00,10:00,12:00,Audio,ambient,28,184.4,1.16,approved,,,
ORD-00280,APP,2026-09-16,2026-09-16,Tech,OUT022,,Colombo,Peliyagoda,mall_bay,mall_dock,10:00-12:00,10:00,12:00,Audio,ambient,1,30.1,3.97,dispatched,,,
ORD-00281,APP,2026-08-23,2026-08-24,Tech,OUT022,,Colombo,Peliyagoda,mall_bay,mall_dock,10:00-12:00,10:00,12:00,Mobile Phones,ambient,26,146.0,2.07,delivered,2026-08-25,,
ORD-00282,APP,2026-09-04,2026-09-28,Tech,OUT022,,Colombo,Peliyagoda,mall_bay,mall_dock,10:00-12:00,10:00,12:00,Networking,ambient,23,269.3,2.79,pending_approval,,,
ORD-00283,APP,2026-09-08,2026-10-02,Tech,OUT022,,Colombo,Peliyagoda,mall_bay,mall_dock,10:00-12:00,10:00,12:00,Audio,ambient,28,364.0,1.96,deferred,,,
ORD-00284,APP,2026-08-23,2026-08-23,Tech,OUT022,,Colombo,Peliyagoda,mall_bay,mall_dock,10:00-12:00,10:00,12:00,Audio,ambient,19,224.1,3.62,in_transit,,,
ORD-00285,APP,2026-08-25,2026-09-29,Tech,OUT022,,Colombo,Peliyagoda,mall_bay,mall_dock,10:00-12:00,10:00,12:00,Computing,ambient,1,381.0,1.97,approved,,,
ORD-00286,APP,2026-09-01,2026-09-28,Tech,OUT022,,Colombo,Peliyagoda,mall_bay,mall_dock,10:00-12:00,10:00,12:00,Tablets,ambient,7,241.7,3.85,approved,,,
ORD-00287,APP,2026-09-01,2026-10-02,Tech,OUT023,,Colombo,Peliyagoda,street,normal,,09:00,17:00,Networking,ambient,9,166.6,2.22,pending_load,,,
ORD-00288,APP,2026-09-06,2026-10-02,Tech,OUT023,,Colombo,Peliyagoda,street,normal,,09:00,17:00,Mobile Phones,ambient,8,292.3,0.73,pending_planning,,,
ORD-00289,APP,2026-09-01,2026-10-01,Tech,OUT023,,Colombo,Peliyagoda,street,normal,,09:00,17:00,Mobile Phones,ambient,22,383.7,0.22,deferred,,,
ORD-00290,APP,2026-09-01,2026-09-30,Tech,OUT023,,Colombo,Peliyagoda,street,normal,,09:00,17:00,Accessories,ambient,14,27.7,1.38,pending_planning,,,
ORD-00291,APP,2026-09-01,2026-09-28,Tech,OUT023,,Colombo,Peliyagoda,street,normal,,09:00,17:00,Storage,ambient,15,157.1,1.86,loading,,,
ORD-00292,APP,2026-09-03,2026-09-04,Tech,OUT023,,Colombo,Peliyagoda,street,normal,,09:00,17:00,Laptops,ambient,5,351.9,2.72,in_transit,,,
ORD-00293,APP,2026-09-11,2026-10-02,Tech,OUT023,,Colombo,Peliyagoda,street,normal,,09:00,17:00,Laptops,ambient,12,39.2,5.42,deferred,,,
ORD-00294,APP,2026-09-01,2026-09-30,Tech,OUT023,,Colombo,Peliyagoda,street,normal,,09:00,17:00,Audio,ambient,8,356.2,2.74,pending_approval,,,
ORD-00295,APP,2026-09-19,2026-09-19,Tech,OUT023,,Colombo,Peliyagoda,street,normal,,09:00,17:00,Accessories,ambient,19,181.8,1.67,delivered,2026-09-19,,
ORD-00296,APP,2026-08-31,2026-09-30,Tech,OUT023,,Colombo,Peliyagoda,street,normal,,09:00,17:00,Mobile Phones,ambient,13,405.9,5.36,pending_approval,,,
ORD-00297,APP,2026-09-18,2026-09-29,Tech,OUT023,,Colombo,Peliyagoda,street,normal,,09:00,17:00,Mobile Phones,ambient,23,82.2,4.5,pending_approval,,,
ORD-00298,APP,2026-09-23,2026-09-28,Tech,OUT023,,Colombo,Peliyagoda,street,normal,,09:00,17:00,Networking,ambient,1,131.4,4.21,cancelled,,,
ORD-00299,APP,2026-09-24,2026-10-01,Tech,OUT023,,Colombo,Peliyagoda,street,normal,,09:00,17:00,Mobile Phones,ambient,27,151.4,4.06,pending_approval,,,
ORD-00300,APP,2026-09-18,2026-09-28,Tech,OUT024,,Colombo,Peliyagoda,rear_dock,normal,,09:00,17:00,Storage,ambient,6,44.3,2.18,pending_approval,,,
ORD-00301,APP,2026-09-12,2026-09-13,Tech,OUT024,,Colombo,Peliyagoda,rear_dock,normal,,09:00,17:00,Networking,ambient,2,391.2,4.58,delivered,2026-09-14,,
ORD-00302,APP,2026-09-05,2026-09-29,Tech,OUT024,,Colombo,Peliyagoda,rear_dock,normal,,09:00,17:00,Networking,ambient,7,116.2,0.43,loading,,,
ORD-00303,APP,2026-09-14,2026-10-02,Tech,OUT024,,Colombo,Peliyagoda,rear_dock,normal,,09:00,17:00,Storage,ambient,10,245.0,0.86,pending_load,,,
ORD-00304,APP,2026-09-19,2026-09-20,Tech,OUT024,,Colombo,Peliyagoda,rear_dock,normal,,09:00,17:00,Tablets,ambient,18,256.6,3.33,delivered,2026-09-21,,
ORD-00305,APP,2026-08-26,2026-10-01,Tech,OUT024,,Colombo,Peliyagoda,rear_dock,normal,,09:00,17:00,Laptops,ambient,17,328.5,2.95,loading,,,
ORD-00306,APP,2026-09-08,2026-09-08,Tech,OUT024,,Colombo,Peliyagoda,rear_dock,normal,,09:00,17:00,Networking,ambient,5,90.9,2.31,delivered,2026-09-08,,
ORD-00307,APP,2026-09-10,2026-09-10,Tech,OUT024,,Colombo,Peliyagoda,rear_dock,normal,,09:00,17:00,Tablets,ambient,1,36.9,1.65,dispatched,,,
ORD-00308,APP,2026-08-29,2026-09-28,Tech,OUT024,,Colombo,Peliyagoda,rear_dock,normal,,09:00,17:00,Audio,ambient,7,35.2,3.21,approved,,,
ORD-00309,APP,2026-09-14,2026-10-02,Tech,OUT024,,Colombo,Peliyagoda,rear_dock,normal,,09:00,17:00,Computing,ambient,17,302.0,2.45,deferred,,,
ORD-00310,APP,2026-08-24,2026-10-02,Tech,OUT024,,Colombo,Peliyagoda,rear_dock,normal,,09:00,17:00,Laptops,ambient,10,389.3,4.24,loading,,,
ORD-00311,APP,2026-09-21,2026-09-21,Tech,OUT024,,Colombo,Peliyagoda,rear_dock,normal,,09:00,17:00,Storage,ambient,27,302.5,1.0,delivered,2026-09-22,,
ORD-00312,APP,2026-08-25,2026-08-25,Tech,OUT024,,Colombo,Peliyagoda,rear_dock,normal,,09:00,17:00,Networking,ambient,14,269.6,3.74,dispatched,,,
ORD-00313,APP,2026-08-31,2026-10-01,Fresh,OUT025,,Gampaha,Peliyagoda,rear_dock,normal,,05:30,08:00,Fresh Produce,ambient,30,26.5,0.32,pending_approval,,,
ORD-00314,APP,2026-08-25,2026-08-26,Fresh,OUT025,,Gampaha,Peliyagoda,rear_dock,normal,,05:30,08:00,Fresh Produce,ambient,137,188.9,2.03,delivered,2026-08-27,,
ORD-00315,APP,2026-09-10,2026-09-10,Fresh,OUT025,,Gampaha,Peliyagoda,rear_dock,normal,,05:30,08:00,Fresh Produce,ambient,55,184.7,1.57,delivered,2026-09-11,,
ORD-00316,APP,2026-09-08,2026-10-02,Fresh,OUT025,,Gampaha,Peliyagoda,rear_dock,normal,,05:30,08:00,Fresh Produce,ambient,49,73.8,1.86,loading,,,
ORD-00317,APP,2026-09-24,2026-09-29,Fresh,OUT025,,Gampaha,Peliyagoda,rear_dock,normal,,05:30,08:00,Fresh Produce,ambient,69,63.4,0.74,pending_planning,,,
ORD-00318,APP,2026-08-26,2026-08-26,Fresh,OUT025,,Gampaha,Peliyagoda,rear_dock,normal,,05:30,08:00,Fresh Produce,chilled,105,271.0,1.14,delivered,2026-08-27,,
ORD-00319,APP,2026-09-08,2026-10-02,Fresh,OUT025,,Gampaha,Peliyagoda,rear_dock,normal,,05:30,08:00,Other Groceries,ambient,147,41.6,0.51,deferred,,,
ORD-00320,APP,2026-09-14,2026-10-01,Fresh,OUT025,,Gampaha,Peliyagoda,rear_dock,normal,,05:30,08:00,Fresh Produce,ambient,118,44.9,0.32,pending_load,,,
ORD-00321,APP,2026-09-05,2026-09-30,Fresh,OUT025,,Gampaha,Peliyagoda,rear_dock,normal,,05:30,08:00,Other Groceries,ambient,69,271.6,1.39,approved,,,
ORD-00322,APP,2026-09-01,2026-09-02,Fresh,OUT025,,Gampaha,Peliyagoda,rear_dock,normal,,05:30,08:00,Fresh Produce,ambient,109,34.9,1.65,delivered,2026-09-03,,
ORD-00323,APP,2026-09-05,2026-09-29,Fresh,OUT025,,Gampaha,Peliyagoda,rear_dock,normal,,05:30,08:00,Fresh Produce,ambient,47,122.9,1.77,loading,,,
ORD-00324,APP,2026-09-02,2026-09-29,Fresh,OUT025,,Gampaha,Peliyagoda,rear_dock,normal,,05:30,08:00,Fresh Produce,ambient,57,156.7,1.09,pending_load,,,
ORD-00325,APP,2026-08-26,2026-09-28,Fresh,OUT025,,Gampaha,Peliyagoda,rear_dock,normal,,05:30,08:00,Fresh Produce,ambient,119,266.6,1.61,deferred,,,
ORD-00326,APP,2026-08-26,2026-08-26,Fresh,OUT026,,Gampaha,Peliyagoda,rear_dock,normal,,03:00,08:00,Fresh Produce,ambient,77,30.6,0.21,delivered,2026-08-26,,
ORD-00327,APP,2026-09-09,2026-09-30,Fresh,OUT026,,Gampaha,Peliyagoda,rear_dock,normal,,03:00,08:00,Other Groceries,ambient,127,204.9,2.02,deferred,,,
ORD-00328,APP,2026-08-27,2026-10-01,Fresh,OUT026,,Gampaha,Peliyagoda,rear_dock,normal,,03:00,08:00,Fresh Produce,chilled,72,101.4,2.12,deferred,,,
ORD-00329,APP,2026-09-18,2026-09-18,Fresh,OUT026,,Gampaha,Peliyagoda,rear_dock,normal,,03:00,08:00,Frozen Food,chilled,56,260.6,0.66,delivered,2026-09-18,,
ORD-00330,APP,2026-09-18,2026-09-30,Fresh,OUT026,,Gampaha,Peliyagoda,rear_dock,normal,,03:00,08:00,Other Groceries,ambient,117,108.6,1.81,pending_load,,,
ORD-00331,APP,2026-09-11,2026-10-01,Fresh,OUT026,,Gampaha,Peliyagoda,rear_dock,normal,,03:00,08:00,Fresh Produce,ambient,22,177.2,0.97,loading,,,
ORD-00332,APP,2026-09-10,2026-09-11,Fresh,OUT026,,Gampaha,Peliyagoda,rear_dock,normal,,03:00,08:00,Fresh Produce,ambient,61,163.6,1.42,delivered,2026-09-11,,
ORD-00333,APP,2026-09-14,2026-10-02,Fresh,OUT026,,Gampaha,Peliyagoda,rear_dock,normal,,03:00,08:00,Frozen Food,chilled,78,173.6,1.07,approved,,,
ORD-00334,APP,2026-09-04,2026-09-04,Fresh,OUT026,,Gampaha,Peliyagoda,rear_dock,normal,,03:00,08:00,Other Groceries,ambient,44,123.4,1.75,dispatched,,,
ORD-00335,APP,2026-09-24,2026-09-24,Fresh,OUT026,,Gampaha,Peliyagoda,rear_dock,normal,,03:00,08:00,Fresh Produce,ambient,41,251.0,1.6,delivered,2026-09-24,,
ORD-00336,APP,2026-09-11,2026-09-12,Fresh,OUT026,,Gampaha,Peliyagoda,rear_dock,normal,,03:00,08:00,Frozen Food,chilled,93,190.4,0.56,dispatched,,,
ORD-00337,APP,2026-09-18,2026-09-28,Fresh,OUT026,,Gampaha,Peliyagoda,rear_dock,normal,,03:00,08:00,Frozen Food,chilled,25,172.4,0.83,approved,,,
ORD-00338,APP,2026-08-29,2026-08-29,Fresh,OUT026,,Gampaha,Peliyagoda,rear_dock,normal,,03:00,08:00,Fresh Produce,ambient,55,266.2,0.63,delivered,2026-08-30,,
ORD-00339,APP,2026-09-09,2026-09-29,Fresh,OUT027,,Gampaha,Peliyagoda,street,normal,,05:00,07:30,Fresh Produce,ambient,43,72.7,1.16,deferred,,,
ORD-00340,APP,2026-08-27,2026-10-02,Fresh,OUT027,,Gampaha,Peliyagoda,street,normal,,05:00,07:30,Frozen Food,chilled,146,105.2,1.34,deferred,,,
ORD-00341,APP,2026-08-29,2026-10-01,Fresh,OUT027,,Gampaha,Peliyagoda,street,normal,,05:00,07:30,Frozen Food,chilled,102,218.8,1.18,deferred,,,
ORD-00342,APP,2026-09-21,2026-09-22,Fresh,OUT027,,Gampaha,Peliyagoda,street,normal,,05:00,07:30,Fresh Produce,chilled,50,98.3,0.86,dispatched,,,
ORD-00343,APP,2026-09-19,2026-09-20,Fresh,OUT027,,Gampaha,Peliyagoda,street,normal,,05:00,07:30,Other Groceries,ambient,64,131.0,0.67,in_transit,,,
ORD-00344,APP,2026-09-16,2026-09-17,Fresh,OUT027,,Gampaha,Peliyagoda,street,normal,,05:00,07:30,Fresh Produce,ambient,130,257.2,1.54,delivered,2026-09-18,,
ORD-00345,APP,2026-09-07,2026-09-28,Fresh,OUT027,,Gampaha,Peliyagoda,street,normal,,05:00,07:30,Other Groceries,ambient,129,163.0,0.2,pending_planning,,,
ORD-00346,APP,2026-09-18,2026-09-18,Fresh,OUT027,,Gampaha,Peliyagoda,street,normal,,05:00,07:30,Frozen Food,chilled,116,144.0,1.87,delivered,2026-09-18,,
ORD-00347,APP,2026-09-19,2026-09-19,Fresh,OUT027,,Gampaha,Peliyagoda,street,normal,,05:00,07:30,Other Groceries,ambient,43,205.7,1.11,in_transit,,,
ORD-00348,APP,2026-08-27,2026-08-27,Fresh,OUT027,,Gampaha,Peliyagoda,street,normal,,05:00,07:30,Frozen Food,chilled,39,58.5,0.65,in_transit,,,
ORD-00349,APP,2026-09-26,2026-10-02,Fresh,OUT027,,Gampaha,Peliyagoda,street,normal,,05:00,07:30,Fresh Produce,ambient,84,222.2,1.49,pending_planning,,,
ORD-00350,APP,2026-09-13,2026-09-30,Fresh,OUT027,,Gampaha,Peliyagoda,street,normal,,05:00,07:30,Fresh Produce,chilled,103,160.1,0.18,cancelled,,,
ORD-00351,APP,2026-09-14,2026-09-14,Fresh,OUT027,,Gampaha,Peliyagoda,street,normal,,05:00,07:30,Fresh Produce,ambient,38,115.4,0.8,delivered,2026-09-14,,
ORD-00352,APP,2026-09-06,2026-09-29,Fresh,OUT028,,Gampaha,Peliyagoda,street,normal,,03:00,08:00,Fresh Produce,ambient,57,66.7,0.2,pending_planning,,,
ORD-00353,APP,2026-09-22,2026-10-02,Fresh,OUT028,,Gampaha,Peliyagoda,street,normal,,03:00,08:00,Other Groceries,ambient,84,166.9,1.05,loading,,,
ORD-00354,APP,2026-09-08,2026-09-09,Fresh,OUT028,,Gampaha,Peliyagoda,street,normal,,03:00,08:00,Frozen Food,chilled,63,155.2,2.12,delivered,2026-09-09,,
ORD-00355,APP,2026-08-25,2026-10-01,Fresh,OUT028,,Gampaha,Peliyagoda,street,normal,,03:00,08:00,Other Groceries,ambient,54,279.8,2.09,deferred,,,
ORD-00356,APP,2026-09-05,2026-09-29,Fresh,OUT028,,Gampaha,Peliyagoda,street,normal,,03:00,08:00,Fresh Produce,ambient,134,120.9,0.41,deferred,,,
ORD-00357,APP,2026-08-26,2026-09-28,Fresh,OUT028,,Gampaha,Peliyagoda,street,normal,,03:00,08:00,Fresh Produce,chilled,67,234.6,2.01,loading,,,
ORD-00358,APP,2026-09-15,2026-09-30,Fresh,OUT028,,Gampaha,Peliyagoda,street,normal,,03:00,08:00,Fresh Produce,ambient,53,196.9,1.89,pending_approval,,,
ORD-00359,APP,2026-09-22,2026-09-29,Fresh,OUT028,,Gampaha,Peliyagoda,street,normal,,03:00,08:00,Frozen Food,chilled,27,185.5,0.18,cancelled,,,
ORD-00360,APP,2026-09-22,2026-09-23,Fresh,OUT028,,Gampaha,Peliyagoda,street,normal,,03:00,08:00,Frozen Food,chilled,107,245.7,0.33,delivered,2026-09-24,,
ORD-00361,APP,2026-09-12,2026-10-01,Fresh,OUT028,,Gampaha,Peliyagoda,street,normal,,03:00,08:00,Fresh Produce,chilled,88,49.1,0.25,pending_load,,,
ORD-00362,APP,2026-09-15,2026-10-02,Fresh,OUT028,,Gampaha,Peliyagoda,street,normal,,03:00,08:00,Other Groceries,ambient,113,57.9,1.94,loading,,,
ORD-00363,APP,2026-09-15,2026-10-01,Fresh,OUT028,,Gampaha,Peliyagoda,street,normal,,03:00,08:00,Frozen Food,chilled,95,152.8,1.63,pending_load,,,
ORD-00364,APP,2026-08-30,2026-09-29,Fresh,OUT028,,Gampaha,Peliyagoda,street,normal,,03:00,08:00,Fresh Produce,ambient,141,227.3,1.23,deferred,,,
ORD-00365,APP,2026-09-04,2026-09-29,Fresh,OUT029,,Gampaha,Peliyagoda,rear_dock,normal,,05:30,08:00,Other Groceries,ambient,70,245.3,0.31,pending_planning,,,
ORD-00366,APP,2026-09-17,2026-10-02,Fresh,OUT029,,Gampaha,Peliyagoda,rear_dock,normal,,05:30,08:00,Fresh Produce,ambient,122,191.4,1.27,loading,,,
ORD-00367,APP,2026-08-31,2026-10-01,Fresh,OUT029,,Gampaha,Peliyagoda,rear_dock,normal,,05:30,08:00,Frozen Food,chilled,104,99.1,1.59,pending_load,,,
ORD-00368,APP,2026-08-26,2026-10-02,Fresh,OUT029,,Gampaha,Peliyagoda,rear_dock,normal,,05:30,08:00,Fresh Produce,ambient,80,211.2,0.76,deferred,,,
ORD-00369,APP,2026-08-24,2026-08-24,Fresh,OUT029,,Gampaha,Peliyagoda,rear_dock,normal,,05:30,08:00,Fresh Produce,chilled,79,61.0,1.74,delivered,2026-08-25,,
ORD-00370,APP,2026-08-25,2026-10-01,Fresh,OUT029,,Gampaha,Peliyagoda,rear_dock,normal,,05:30,08:00,Fresh Produce,ambient,102,28.3,1.54,pending_planning,,,
ORD-00371,APP,2026-09-01,2026-09-02,Fresh,OUT029,,Gampaha,Peliyagoda,rear_dock,normal,,05:30,08:00,Frozen Food,chilled,20,108.8,0.74,delivered,2026-09-03,,
ORD-00372,APP,2026-09-19,2026-10-02,Fresh,OUT029,,Gampaha,Peliyagoda,rear_dock,normal,,05:30,08:00,Other Groceries,ambient,106,127.2,1.24,approved,,,
ORD-00373,APP,2026-09-13,2026-09-13,Fresh,OUT029,,Gampaha,Peliyagoda,rear_dock,normal,,05:30,08:00,Other Groceries,ambient,55,144.4,1.37,delivered,2026-09-14,,
ORD-00374,APP,2026-09-16,2026-10-01,Fresh,OUT029,,Gampaha,Peliyagoda,rear_dock,normal,,05:30,08:00,Other Groceries,ambient,83,142.5,1.9,pending_load,,,
ORD-00375,APP,2026-08-28,2026-09-29,Fresh,OUT029,,Gampaha,Peliyagoda,rear_dock,normal,,05:30,08:00,Fresh Produce,chilled,26,54.7,0.92,deferred,,,
ORD-00376,APP,2026-09-08,2026-09-09,Fresh,OUT029,,Gampaha,Peliyagoda,rear_dock,normal,,05:30,08:00,Fresh Produce,ambient,71,27.8,2.09,in_transit,,,
ORD-00377,APP,2026-08-28,2026-08-28,Fresh,OUT029,,Gampaha,Peliyagoda,rear_dock,normal,,05:30,08:00,Fresh Produce,ambient,68,35.3,1.15,delivered,2026-08-28,,
ORD-00378,APP,2026-09-03,2026-10-01,Fresh,OUT030,,Gampaha,Peliyagoda,rear_dock,normal,,03:00,08:00,Fresh Produce,ambient,51,157.5,0.48,pending_approval,,,
ORD-00379,APP,2026-08-28,2026-08-29,Fresh,OUT030,,Gampaha,Peliyagoda,rear_dock,normal,,03:00,08:00,Frozen Food,chilled,88,109.4,1.75,dispatched,,,
ORD-00380,APP,2026-09-01,2026-09-02,Fresh,OUT030,,Gampaha,Peliyagoda,rear_dock,normal,,03:00,08:00,Fresh Produce,ambient,38,255.7,0.32,delivered,2026-09-03,,
ORD-00381,APP,2026-09-22,2026-09-22,Fresh,OUT030,,Gampaha,Peliyagoda,rear_dock,normal,,03:00,08:00,Other Groceries,chilled,88,205.0,1.51,delivered,2026-09-22,,
ORD-00382,APP,2026-08-30,2026-10-01,Fresh,OUT030,,Gampaha,Peliyagoda,rear_dock,normal,,03:00,08:00,Fresh Produce,ambient,149,26.8,0.17,pending_planning,,,
ORD-00383,APP,2026-09-09,2026-09-09,Fresh,OUT030,,Gampaha,Peliyagoda,rear_dock,normal,,03:00,08:00,Fresh Produce,ambient,75,157.5,0.83,in_transit,,,
ORD-00384,APP,2026-08-31,2026-08-31,Fresh,OUT030,,Gampaha,Peliyagoda,rear_dock,normal,,03:00,08:00,Fresh Produce,ambient,41,39.0,1.1,delivered,2026-09-01,,
ORD-00385,APP,2026-09-07,2026-09-29,Fresh,OUT030,,Gampaha,Peliyagoda,rear_dock,normal,,03:00,08:00,Other Groceries,ambient,107,94.8,1.56,deferred,,,
ORD-00386,APP,2026-08-27,2026-08-28,Fresh,OUT030,,Gampaha,Peliyagoda,rear_dock,normal,,03:00,08:00,Fresh Produce,ambient,56,206.1,1.87,in_transit,,,
ORD-00387,APP,2026-09-11,2026-09-29,Fresh,OUT030,,Gampaha,Peliyagoda,rear_dock,normal,,03:00,08:00,Other Groceries,ambient,148,188.0,0.29,pending_load,,,
ORD-00388,APP,2026-09-18,2026-10-01,Fresh,OUT030,,Gampaha,Peliyagoda,rear_dock,normal,,03:00,08:00,Fresh Produce,ambient,150,119.3,1.98,approved,,,
ORD-00389,APP,2026-09-23,2026-09-28,Fresh,OUT030,,Gampaha,Peliyagoda,rear_dock,normal,,03:00,08:00,Frozen Food,chilled,88,259.5,1.05,loading,,,
ORD-00390,APP,2026-09-16,2026-09-30,Fresh,OUT030,,Gampaha,Peliyagoda,rear_dock,normal,,03:00,08:00,Fresh Produce,ambient,82,257.0,1.52,pending_approval,,,
ORD-00391,APP,2026-09-03,2026-09-04,Fresh,OUT031,,Gampaha,Peliyagoda,rear_dock,normal,,03:00,08:00,Frozen Food,chilled,98,237.0,1.41,delivered,2026-09-04,,
ORD-00392,APP,2026-09-04,2026-09-30,Fresh,OUT031,,Gampaha,Peliyagoda,rear_dock,normal,,03:00,08:00,Other Groceries,chilled,52,243.5,0.76,pending_load,,,
ORD-00393,APP,2026-09-03,2026-09-04,Fresh,OUT031,,Gampaha,Peliyagoda,rear_dock,normal,,03:00,08:00,Fresh Produce,ambient,39,93.9,1.46,in_transit,,,
ORD-00394,APP,2026-09-03,2026-09-30,Fresh,OUT031,,Gampaha,Peliyagoda,rear_dock,normal,,03:00,08:00,Other Groceries,ambient,34,184.1,2.04,pending_planning,,,
ORD-00395,APP,2026-08-30,2026-09-30,Fresh,OUT031,,Gampaha,Peliyagoda,rear_dock,normal,,03:00,08:00,Frozen Food,chilled,51,97.0,1.0,pending_planning,,,
ORD-00396,APP,2026-09-04,2026-09-29,Fresh,OUT031,,Gampaha,Peliyagoda,rear_dock,normal,,03:00,08:00,Fresh Produce,ambient,55,263.2,2.12,pending_approval,,,
ORD-00397,APP,2026-09-10,2026-09-11,Fresh,OUT031,,Gampaha,Peliyagoda,rear_dock,normal,,03:00,08:00,Frozen Food,chilled,37,128.4,0.94,delivered,2026-09-11,,
ORD-00398,APP,2026-09-01,2026-09-01,Fresh,OUT031,,Gampaha,Peliyagoda,rear_dock,normal,,03:00,08:00,Fresh Produce,ambient,131,97.6,1.96,delivered,2026-09-02,,
ORD-00399,APP,2026-09-09,2026-10-01,Fresh,OUT031,,Gampaha,Peliyagoda,rear_dock,normal,,03:00,08:00,Frozen Food,chilled,39,154.3,1.19,loading,,,
ORD-00400,APP,2026-09-15,2026-09-16,Fresh,OUT031,,Gampaha,Peliyagoda,rear_dock,normal,,03:00,08:00,Frozen Food,chilled,56,271.0,2.05,in_transit,,,
ORD-00401,APP,2026-09-17,2026-09-28,Fresh,OUT031,,Gampaha,Peliyagoda,rear_dock,normal,,03:00,08:00,Fresh Produce,ambient,138,41.9,0.51,loading,,,
ORD-00402,APP,2026-09-04,2026-10-02,Fresh,OUT031,,Gampaha,Peliyagoda,rear_dock,normal,,03:00,08:00,Fresh Produce,ambient,150,131.3,0.59,pending_load,,,
ORD-00403,APP,2026-09-15,2026-09-29,Fresh,OUT031,,Gampaha,Peliyagoda,rear_dock,normal,,03:00,08:00,Frozen Food,chilled,41,51.4,1.52,deferred,,,
ORD-00404,APP,2026-08-26,2026-09-29,Fresh,OUT032,,Gampaha,Peliyagoda,rear_dock,normal,,04:00,07:45,Fresh Produce,ambient,122,276.3,0.98,pending_approval,,,
ORD-00405,APP,2026-09-26,2026-09-26,Fresh,OUT032,,Gampaha,Peliyagoda,rear_dock,normal,,04:00,07:45,Fresh Produce,ambient,94,127.5,0.79,delivered,2026-09-26,,
ORD-00406,APP,2026-08-26,2026-10-01,Fresh,OUT032,,Gampaha,Peliyagoda,rear_dock,normal,,04:00,07:45,Other Groceries,ambient,115,72.3,1.14,deferred,,,
ORD-00407,APP,2026-09-01,2026-09-29,Fresh,OUT032,,Gampaha,Peliyagoda,rear_dock,normal,,04:00,07:45,Frozen Food,chilled,57,65.6,2.08,pending_planning,,,
ORD-00408,APP,2026-09-06,2026-09-07,Fresh,OUT032,,Gampaha,Peliyagoda,rear_dock,normal,,04:00,07:45,Fresh Produce,ambient,115,167.3,0.32,in_transit,,,
ORD-00409,APP,2026-09-11,2026-09-28,Fresh,OUT032,,Gampaha,Peliyagoda,rear_dock,normal,,04:00,07:45,Other Groceries,chilled,25,120.8,1.62,pending_planning,,,
ORD-00410,APP,2026-09-04,2026-09-05,Fresh,OUT032,,Gampaha,Peliyagoda,rear_dock,normal,,04:00,07:45,Fresh Produce,ambient,50,140.2,1.74,delivered,2026-09-05,,
ORD-00411,APP,2026-09-23,2026-09-24,Fresh,OUT032,,Gampaha,Peliyagoda,rear_dock,normal,,04:00,07:45,Frozen Food,chilled,142,278.4,1.27,delivered,2026-09-24,,
ORD-00412,APP,2026-08-26,2026-08-27,Fresh,OUT032,,Gampaha,Peliyagoda,rear_dock,normal,,04:00,07:45,Frozen Food,chilled,132,82.7,1.43,dispatched,,,
ORD-00413,APP,2026-09-24,2026-09-30,Fresh,OUT032,,Gampaha,Peliyagoda,rear_dock,normal,,04:00,07:45,Frozen Food,chilled,112,136.7,0.87,cancelled,,,
ORD-00414,APP,2026-08-25,2026-08-25,Fresh,OUT032,,Gampaha,Peliyagoda,rear_dock,normal,,04:00,07:45,Other Groceries,ambient,150,167.0,1.84,dispatched,,,
ORD-00415,APP,2026-09-10,2026-10-01,Fresh,OUT032,,Gampaha,Peliyagoda,rear_dock,normal,,04:00,07:45,Frozen Food,chilled,58,249.2,1.13,pending_planning,,,
ORD-00416,APP,2026-09-18,2026-09-19,Fresh,OUT032,,Gampaha,Peliyagoda,rear_dock,normal,,04:00,07:45,Fresh Produce,ambient,127,116.5,2.07,dispatched,,,
ORD-00417,APP,2026-08-27,2026-10-02,Fresh,OUT033,,Gampaha,Peliyagoda,rear_dock,normal,,05:30,08:00,Fresh Produce,ambient,28,252.5,2.01,deferred,,,
ORD-00418,APP,2026-09-23,2026-09-30,Fresh,OUT033,,Gampaha,Peliyagoda,rear_dock,normal,,05:30,08:00,Fresh Produce,chilled,39,140.3,0.61,pending_planning,,,
ORD-00419,APP,2026-09-13,2026-09-13,Fresh,OUT033,,Gampaha,Peliyagoda,rear_dock,normal,,05:30,08:00,Other Groceries,chilled,128,102.2,1.93,in_transit,,,
ORD-00420,APP,2026-09-03,2026-09-28,Fresh,OUT033,,Gampaha,Peliyagoda,rear_dock,normal,,05:30,08:00,Other Groceries,chilled,103,194.8,1.35,cancelled,,,
ORD-00421,APP,2026-08-29,2026-09-28,Fresh,OUT033,,Gampaha,Peliyagoda,rear_dock,normal,,05:30,08:00,Frozen Food,chilled,122,111.2,0.19,cancelled,,,
ORD-00422,APP,2026-09-02,2026-09-29,Fresh,OUT033,,Gampaha,Peliyagoda,rear_dock,normal,,05:30,08:00,Fresh Produce,chilled,56,253.0,0.25,loading,,,
ORD-00423,APP,2026-08-26,2026-09-30,Fresh,OUT033,,Gampaha,Peliyagoda,rear_dock,normal,,05:30,08:00,Fresh Produce,chilled,110,177.3,0.95,pending_planning,,,
ORD-00424,APP,2026-09-24,2026-09-24,Fresh,OUT033,,Gampaha,Peliyagoda,rear_dock,normal,,05:30,08:00,Frozen Food,chilled,140,193.4,0.59,delivered,2026-09-25,,
ORD-00425,APP,2026-09-01,2026-10-01,Fresh,OUT033,,Gampaha,Peliyagoda,rear_dock,normal,,05:30,08:00,Other Groceries,chilled,69,214.9,1.04,deferred,,,
ORD-00426,APP,2026-09-02,2026-09-30,Fresh,OUT033,,Gampaha,Peliyagoda,rear_dock,normal,,05:30,08:00,Fresh Produce,ambient,45,257.3,0.76,deferred,,,
ORD-00427,APP,2026-08-23,2026-09-30,Fresh,OUT033,,Gampaha,Peliyagoda,rear_dock,normal,,05:30,08:00,Frozen Food,chilled,148,98.0,1.54,loading,,,
ORD-00428,APP,2026-09-13,2026-09-14,Fresh,OUT033,,Gampaha,Peliyagoda,rear_dock,normal,,05:30,08:00,Frozen Food,chilled,82,111.3,0.63,delivered,2026-09-15,,
ORD-00429,APP,2026-09-21,2026-09-29,Fresh,OUT033,,Gampaha,Peliyagoda,rear_dock,normal,,05:30,08:00,Frozen Food,chilled,77,62.6,0.74,loading,,,
ORD-00430,APP,2026-09-20,2026-09-21,Fresh,OUT034,,Gampaha,Peliyagoda,rear_dock,normal,,05:00,07:30,Fresh Produce,ambient,40,150.3,1.29,delivered,2026-09-22,,
ORD-00431,APP,2026-09-10,2026-09-28,Fresh,OUT034,,Gampaha,Peliyagoda,rear_dock,normal,,05:00,07:30,Frozen Food,chilled,148,170.8,0.6,deferred,,,
ORD-00432,APP,2026-09-19,2026-09-20,Fresh,OUT034,,Gampaha,Peliyagoda,rear_dock,normal,,05:00,07:30,Fresh Produce,ambient,105,190.0,1.08,in_transit,,,
ORD-00433,APP,2026-09-11,2026-09-12,Fresh,OUT034,,Gampaha,Peliyagoda,rear_dock,normal,,05:00,07:30,Fresh Produce,ambient,127,51.3,1.4,delivered,2026-09-12,,
ORD-00434,APP,2026-09-08,2026-10-01,Fresh,OUT034,,Gampaha,Peliyagoda,rear_dock,normal,,05:00,07:30,Fresh Produce,ambient,29,99.0,0.83,pending_approval,,,
ORD-00435,APP,2026-09-13,2026-09-14,Fresh,OUT034,,Gampaha,Peliyagoda,rear_dock,normal,,05:00,07:30,Frozen Food,chilled,42,77.8,1.44,delivered,2026-09-14,,
ORD-00436,APP,2026-09-21,2026-09-28,Fresh,OUT034,,Gampaha,Peliyagoda,rear_dock,normal,,05:00,07:30,Other Groceries,ambient,32,131.5,1.05,pending_planning,,,
ORD-00437,APP,2026-09-11,2026-09-12,Fresh,OUT034,,Gampaha,Peliyagoda,rear_dock,normal,,05:00,07:30,Fresh Produce,chilled,95,124.7,1.89,delivered,2026-09-13,,
ORD-00438,APP,2026-09-20,2026-09-30,Fresh,OUT034,,Gampaha,Peliyagoda,rear_dock,normal,,05:00,07:30,Frozen Food,chilled,62,234.4,0.35,approved,,,
ORD-00439,APP,2026-08-30,2026-08-30,Fresh,OUT034,,Gampaha,Peliyagoda,rear_dock,normal,,05:00,07:30,Other Groceries,ambient,100,67.4,1.39,delivered,2026-08-30,,
ORD-00440,APP,2026-08-31,2026-09-29,Fresh,OUT034,,Gampaha,Peliyagoda,rear_dock,normal,,05:00,07:30,Frozen Food,chilled,45,218.1,1.71,pending_load,,,
ORD-00441,APP,2026-09-03,2026-10-01,Fresh,OUT034,,Gampaha,Peliyagoda,rear_dock,normal,,05:00,07:30,Fresh Produce,ambient,97,27.9,0.95,pending_planning,,,
ORD-00442,APP,2026-08-30,2026-10-02,Fresh,OUT034,,Gampaha,Peliyagoda,rear_dock,normal,,05:00,07:30,Other Groceries,ambient,101,172.1,0.43,pending_load,,,
ORD-00443,APP,2026-09-26,2026-09-27,Style,OUT035,,Gampaha,Peliyagoda,mall_bay,mall_dock,10:30-12:30,10:30,12:30,Women,ambient,79,58.1,2.49,delivered,2026-09-28,,
ORD-00444,APP,2026-09-15,2026-09-15,Style,OUT035,,Gampaha,Peliyagoda,mall_bay,mall_dock,10:30-12:30,10:30,12:30,Women,ambient,34,174.6,4.45,delivered,2026-09-15,,
ORD-00445,APP,2026-08-30,2026-08-30,Style,OUT035,,Gampaha,Peliyagoda,mall_bay,mall_dock,10:30-12:30,10:30,12:30,Women,ambient,50,126.3,4.24,delivered,2026-08-30,,
ORD-00446,APP,2026-09-24,2026-09-25,Style,OUT035,,Gampaha,Peliyagoda,mall_bay,mall_dock,10:30-12:30,10:30,12:30,Kids,ambient,69,228.3,3.96,in_transit,,,
ORD-00447,APP,2026-09-16,2026-09-17,Style,OUT035,,Gampaha,Peliyagoda,mall_bay,mall_dock,10:30-12:30,10:30,12:30,Men,ambient,65,129.6,3.37,dispatched,,,
ORD-00448,APP,2026-09-04,2026-09-04,Style,OUT035,,Gampaha,Peliyagoda,mall_bay,mall_dock,10:30-12:30,10:30,12:30,Women,ambient,74,52.7,2.3,delivered,2026-09-05,,
ORD-00449,APP,2026-09-24,2026-09-24,Style,OUT035,,Gampaha,Peliyagoda,mall_bay,mall_dock,10:30-12:30,10:30,12:30,Accessories,ambient,77,48.2,1.11,delivered,2026-09-24,,
ORD-00450,APP,2026-09-10,2026-10-02,Style,OUT035,,Gampaha,Peliyagoda,mall_bay,mall_dock,10:30-12:30,10:30,12:30,Men,ambient,49,234.0,2.31,approved,,,
ORD-00451,APP,2026-08-24,2026-09-29,Style,OUT035,,Gampaha,Peliyagoda,mall_bay,mall_dock,10:30-12:30,10:30,12:30,Men,ambient,54,170.4,4.5,deferred,,,
ORD-00452,APP,2026-09-26,2026-10-01,Style,OUT035,,Gampaha,Peliyagoda,mall_bay,mall_dock,10:30-12:30,10:30,12:30,Kids,ambient,54,201.5,1.87,pending_approval,,,
ORD-00453,APP,2026-09-18,2026-09-18,Style,OUT035,,Gampaha,Peliyagoda,mall_bay,mall_dock,10:30-12:30,10:30,12:30,Women,ambient,59,199.3,3.65,dispatched,,,
ORD-00454,APP,2026-09-17,2026-09-30,Style,OUT035,,Gampaha,Peliyagoda,mall_bay,mall_dock,10:30-12:30,10:30,12:30,Kids,ambient,7,99.0,0.98,approved,,,
ORD-00455,APP,2026-09-21,2026-09-28,Style,OUT035,,Gampaha,Peliyagoda,mall_bay,mall_dock,10:30-12:30,10:30,12:30,Footwear,ambient,5,208.5,2.87,pending_approval,,,
ORD-00456,APP,2026-09-13,2026-09-29,Style,OUT036,,Gampaha,Peliyagoda,mall_bay,mall_dock,10:30-12:30,10:30,12:30,Accessories,ambient,39,141.9,1.47,pending_planning,,,
ORD-00457,APP,2026-08-23,2026-10-02,Style,OUT036,,Gampaha,Peliyagoda,mall_bay,mall_dock,10:30-12:30,10:30,12:30,Men,ambient,35,138.8,1.75,pending_load,,,
ORD-00458,APP,2026-09-07,2026-09-29,Style,OUT036,,Gampaha,Peliyagoda,mall_bay,mall_dock,10:30-12:30,10:30,12:30,Women,ambient,31,148.2,4.32,deferred,,,
ORD-00459,APP,2026-09-18,2026-09-18,Style,OUT036,,Gampaha,Peliyagoda,mall_bay,mall_dock,10:30-12:30,10:30,12:30,Accessories,ambient,76,52.0,1.46,dispatched,,,
ORD-00460,APP,2026-09-01,2026-09-01,Style,OUT036,,Gampaha,Peliyagoda,mall_bay,mall_dock,10:30-12:30,10:30,12:30,Women,ambient,31,92.2,1.26,dispatched,,,
ORD-00461,APP,2026-09-13,2026-10-01,Style,OUT036,,Gampaha,Peliyagoda,mall_bay,mall_dock,10:30-12:30,10:30,12:30,Accessories,ambient,73,85.0,3.62,approved,,,
ORD-00462,APP,2026-09-08,2026-09-30,Style,OUT036,,Gampaha,Peliyagoda,mall_bay,mall_dock,10:30-12:30,10:30,12:30,Men,ambient,38,159.1,1.34,cancelled,,,
ORD-00463,APP,2026-09-12,2026-10-02,Style,OUT036,,Gampaha,Peliyagoda,mall_bay,mall_dock,10:30-12:30,10:30,12:30,Women,ambient,47,23.6,3.39,approved,,,
ORD-00464,APP,2026-09-01,2026-09-01,Style,OUT036,,Gampaha,Peliyagoda,mall_bay,mall_dock,10:30-12:30,10:30,12:30,Kids,ambient,42,128.1,1.4,in_transit,,,
ORD-00465,APP,2026-09-08,2026-10-02,Style,OUT036,,Gampaha,Peliyagoda,mall_bay,mall_dock,10:30-12:30,10:30,12:30,Accessories,ambient,74,117.5,2.01,pending_approval,,,
ORD-00466,APP,2026-09-18,2026-09-30,Style,OUT036,,Gampaha,Peliyagoda,mall_bay,mall_dock,10:30-12:30,10:30,12:30,Women,ambient,80,146.8,3.97,loading,,,
ORD-00467,APP,2026-09-11,2026-09-11,Style,OUT036,,Gampaha,Peliyagoda,mall_bay,mall_dock,10:30-12:30,10:30,12:30,Kids,ambient,34,199.2,3.88,delivered,2026-09-12,,
ORD-00468,APP,2026-08-30,2026-09-28,Style,OUT036,,Gampaha,Peliyagoda,mall_bay,mall_dock,10:30-12:30,10:30,12:30,Kids,ambient,57,172.6,3.79,pending_load,,,
ORD-00469,APP,2026-09-18,2026-10-02,Style,OUT037,,Gampaha,Peliyagoda,street,normal,,09:00,17:00,Kids,ambient,7,107.8,2.76,deferred,,,
ORD-00470,APP,2026-08-28,2026-08-29,Style,OUT037,,Gampaha,Peliyagoda,street,normal,,09:00,17:00,Women,ambient,79,230.2,4.44,delivered,2026-08-29,,
ORD-00471,APP,2026-08-30,2026-09-30,Style,OUT037,,Gampaha,Peliyagoda,street,normal,,09:00,17:00,Footwear,ambient,12,77.0,1.1,pending_planning,,,
ORD-00472,APP,2026-09-05,2026-09-29,Style,OUT037,,Gampaha,Peliyagoda,street,normal,,09:00,17:00,Footwear,ambient,29,188.0,1.27,pending_approval,,,
ORD-00473,APP,2026-09-05,2026-09-05,Style,OUT037,,Gampaha,Peliyagoda,street,normal,,09:00,17:00,Footwear,ambient,60,61.4,2.83,dispatched,,,
ORD-00474,APP,2026-09-07,2026-09-08,Style,OUT037,,Gampaha,Peliyagoda,street,normal,,09:00,17:00,Kids,ambient,12,223.9,2.07,delivered,2026-09-09,,
ORD-00475,APP,2026-09-18,2026-10-02,Style,OUT037,,Gampaha,Peliyagoda,street,normal,,09:00,17:00,Women,ambient,14,142.1,3.1,loading,,,
ORD-00476,APP,2026-09-21,2026-09-21,Style,OUT037,,Gampaha,Peliyagoda,street,normal,,09:00,17:00,Men,ambient,21,142.0,0.87,dispatched,,,
ORD-00477,APP,2026-08-23,2026-08-23,Style,OUT037,,Gampaha,Peliyagoda,street,normal,,09:00,17:00,Footwear,ambient,61,218.0,1.48,delivered,2026-08-23,,
ORD-00478,APP,2026-09-11,2026-09-12,Style,OUT037,,Gampaha,Peliyagoda,street,normal,,09:00,17:00,Footwear,ambient,32,30.9,0.8,delivered,2026-09-13,,
ORD-00479,APP,2026-09-01,2026-09-02,Style,OUT037,,Gampaha,Peliyagoda,street,normal,,09:00,17:00,Kids,ambient,51,145.6,3.91,in_transit,,,
ORD-00480,APP,2026-09-19,2026-09-19,Style,OUT037,,Gampaha,Peliyagoda,street,normal,,09:00,17:00,Men,ambient,49,80.2,0.72,dispatched,,,
ORD-00481,APP,2026-09-20,2026-09-20,Style,OUT037,,Gampaha,Peliyagoda,street,normal,,09:00,17:00,Kids,ambient,79,197.5,3.5,delivered,2026-09-21,,
ORD-00482,APP,2026-08-31,2026-10-02,Tech,OUT038,,Gampaha,Peliyagoda,street,normal,,09:00,17:00,Audio,ambient,11,94.8,4.61,deferred,,,
ORD-00483,APP,2026-09-08,2026-09-09,Tech,OUT038,,Gampaha,Peliyagoda,street,normal,,09:00,17:00,Networking,ambient,22,347.1,2.95,delivered,2026-09-10,,
ORD-00484,APP,2026-09-07,2026-09-29,Tech,OUT038,,Gampaha,Peliyagoda,street,normal,,09:00,17:00,Accessories,ambient,25,203.7,4.95,pending_load,,,
ORD-00485,APP,2026-09-25,2026-09-26,Tech,OUT038,,Gampaha,Peliyagoda,street,normal,,09:00,17:00,Mobile Phones,ambient,11,261.1,3.42,dispatched,,,
ORD-00486,APP,2026-09-22,2026-10-02,Tech,OUT038,,Gampaha,Peliyagoda,street,normal,,09:00,17:00,Tablets,ambient,12,317.6,3.86,approved,,,
ORD-00487,APP,2026-09-06,2026-10-01,Tech,OUT038,,Gampaha,Peliyagoda,street,normal,,09:00,17:00,Computing,ambient,19,225.5,4.07,approved,,,
ORD-00488,APP,2026-08-30,2026-09-28,Tech,OUT038,,Gampaha,Peliyagoda,street,normal,,09:00,17:00,Laptops,ambient,15,250.2,3.65,loading,,,
ORD-00489,APP,2026-09-07,2026-09-08,Tech,OUT038,,Gampaha,Peliyagoda,street,normal,,09:00,17:00,Networking,ambient,2,377.2,3.13,in_transit,,,
ORD-00490,APP,2026-09-22,2026-10-02,Tech,OUT038,,Gampaha,Peliyagoda,street,normal,,09:00,17:00,Networking,ambient,4,375.5,2.13,loading,,,
ORD-00491,APP,2026-09-25,2026-09-30,Tech,OUT038,,Gampaha,Peliyagoda,street,normal,,09:00,17:00,Laptops,ambient,20,138.5,1.7,pending_approval,,,
ORD-00492,APP,2026-09-01,2026-09-28,Tech,OUT038,,Gampaha,Peliyagoda,street,normal,,09:00,17:00,Storage,ambient,6,316.8,0.95,deferred,,,
ORD-00493,APP,2026-09-09,2026-09-10,Tech,OUT038,,Gampaha,Peliyagoda,street,normal,,09:00,17:00,Computing,ambient,17,321.6,4.14,delivered,2026-09-10,,
ORD-00494,APP,2026-09-09,2026-09-28,Tech,OUT038,,Gampaha,Peliyagoda,street,normal,,09:00,17:00,Audio,ambient,2,360.7,2.26,pending_approval,,,
ORD-00495,APP,2026-08-25,2026-08-25,Tech,OUT039,,Gampaha,Peliyagoda,rear_dock,normal,,09:00,17:00,Storage,ambient,8,139.8,3.23,delivered,2026-08-25,,
ORD-00496,APP,2026-09-05,2026-09-05,Tech,OUT039,,Gampaha,Peliyagoda,rear_dock,normal,,09:00,17:00,Mobile Phones,ambient,28,272.9,3.34,dispatched,,,
ORD-00497,APP,2026-09-24,2026-09-30,Tech,OUT039,,Gampaha,Peliyagoda,rear_dock,normal,,09:00,17:00,Storage,ambient,12,52.7,4.64,pending_planning,,,
ORD-00498,APP,2026-08-24,2026-08-25,Tech,OUT039,,Gampaha,Peliyagoda,rear_dock,normal,,09:00,17:00,Networking,ambient,10,177.1,4.58,delivered,2026-08-26,,
ORD-00499,APP,2026-09-11,2026-10-01,Tech,OUT039,,Gampaha,Peliyagoda,rear_dock,normal,,09:00,17:00,Storage,ambient,4,386.5,0.45,deferred,,,
ORD-00500,APP,2026-09-24,2026-09-24,Tech,OUT039,,Gampaha,Peliyagoda,rear_dock,normal,,09:00,17:00,Audio,ambient,24,90.2,0.44,dispatched,,,
ORD-00501,APP,2026-08-31,2026-10-02,Tech,OUT039,,Gampaha,Peliyagoda,rear_dock,normal,,09:00,17:00,Accessories,ambient,1,50.9,1.97,deferred,,,
ORD-00502,APP,2026-08-27,2026-09-30,Tech,OUT039,,Gampaha,Peliyagoda,rear_dock,normal,,09:00,17:00,Tablets,ambient,18,252.2,5.26,pending_planning,,,
ORD-00503,APP,2026-08-26,2026-10-02,Tech,OUT039,,Gampaha,Peliyagoda,rear_dock,normal,,09:00,17:00,Storage,ambient,4,266.0,1.52,approved,,,
ORD-00504,APP,2026-08-24,2026-09-29,Tech,OUT039,,Gampaha,Peliyagoda,rear_dock,normal,,09:00,17:00,Audio,ambient,30,304.3,1.24,approved,,,
ORD-00505,APP,2026-08-24,2026-10-01,Tech,OUT039,,Gampaha,Peliyagoda,rear_dock,normal,,09:00,17:00,Computing,ambient,23,135.5,2.97,pending_approval,,,
ORD-00506,APP,2026-09-09,2026-09-09,Tech,OUT039,,Gampaha,Peliyagoda,rear_dock,normal,,09:00,17:00,Laptops,ambient,7,21.6,1.52,delivered,2026-09-10,,
ORD-00507,APP,2026-09-15,2026-10-02,Tech,OUT039,,Gampaha,Peliyagoda,rear_dock,normal,,09:00,17:00,Laptops,ambient,15,412.6,3.54,pending_approval,,,
ORD-00508,APP,2026-09-08,2026-09-09,Fresh,OUT040,,Kalutara,Peliyagoda,street,normal,,03:00,08:00,Frozen Food,chilled,147,150.9,0.75,delivered,2026-09-09,,
ORD-00509,APP,2026-08-29,2026-09-29,Fresh,OUT040,,Kalutara,Peliyagoda,street,normal,,03:00,08:00,Frozen Food,chilled,103,135.8,0.48,approved,,,
ORD-00510,APP,2026-09-20,2026-10-02,Fresh,OUT040,,Kalutara,Peliyagoda,street,normal,,03:00,08:00,Frozen Food,chilled,110,214.2,2.16,pending_approval,,,
ORD-00511,APP,2026-09-06,2026-09-06,Fresh,OUT040,,Kalutara,Peliyagoda,street,normal,,03:00,08:00,Frozen Food,chilled,77,253.8,0.76,delivered,2026-09-06,,
ORD-00512,APP,2026-09-20,2026-09-30,Fresh,OUT040,,Kalutara,Peliyagoda,street,normal,,03:00,08:00,Other Groceries,ambient,130,63.1,0.19,approved,,,
ORD-00513,APP,2026-09-10,2026-09-29,Fresh,OUT040,,Kalutara,Peliyagoda,street,normal,,03:00,08:00,Frozen Food,chilled,105,84.5,2.17,pending_approval,,,
ORD-00514,APP,2026-08-24,2026-08-24,Fresh,OUT040,,Kalutara,Peliyagoda,street,normal,,03:00,08:00,Frozen Food,chilled,61,171.2,0.21,dispatched,,,
ORD-00515,APP,2026-08-27,2026-09-29,Fresh,OUT040,,Kalutara,Peliyagoda,street,normal,,03:00,08:00,Fresh Produce,chilled,57,159.0,1.16,pending_load,,,
ORD-00516,APP,2026-08-30,2026-10-02,Fresh,OUT040,,Kalutara,Peliyagoda,street,normal,,03:00,08:00,Other Groceries,chilled,102,252.9,0.91,deferred,,,
ORD-00517,APP,2026-08-23,2026-08-24,Fresh,OUT040,,Kalutara,Peliyagoda,street,normal,,03:00,08:00,Fresh Produce,ambient,87,27.9,0.48,delivered,2026-08-24,,
ORD-00518,APP,2026-09-02,2026-09-02,Fresh,OUT040,,Kalutara,Peliyagoda,street,normal,,03:00,08:00,Frozen Food,chilled,63,70.6,1.5,in_transit,,,
ORD-00519,APP,2026-08-27,2026-08-27,Fresh,OUT040,,Kalutara,Peliyagoda,street,normal,,03:00,08:00,Other Groceries,chilled,35,121.1,1.51,delivered,2026-08-28,,
ORD-00520,APP,2026-08-31,2026-09-30,Fresh,OUT040,,Kalutara,Peliyagoda,street,normal,,03:00,08:00,Fresh Produce,ambient,108,203.9,0.82,pending_planning,,,
ORD-00521,APP,2026-08-25,2026-09-28,Fresh,OUT041,,Kalutara,Peliyagoda,rear_dock,normal,,05:00,07:30,Other Groceries,ambient,123,153.4,1.17,pending_approval,,,
ORD-00522,APP,2026-09-05,2026-10-01,Fresh,OUT041,,Kalutara,Peliyagoda,rear_dock,normal,,05:00,07:30,Frozen Food,chilled,81,157.6,1.74,pending_planning,,,
ORD-00523,APP,2026-09-05,2026-09-06,Fresh,OUT041,,Kalutara,Peliyagoda,rear_dock,normal,,05:00,07:30,Fresh Produce,ambient,56,83.9,0.18,delivered,2026-09-07,,
ORD-00524,APP,2026-09-18,2026-09-19,Fresh,OUT041,,Kalutara,Peliyagoda,rear_dock,normal,,05:00,07:30,Fresh Produce,ambient,33,262.5,1.46,delivered,2026-09-20,,
ORD-00525,APP,2026-09-01,2026-09-30,Fresh,OUT041,,Kalutara,Peliyagoda,rear_dock,normal,,05:00,07:30,Fresh Produce,ambient,35,57.4,0.41,pending_planning,,,
ORD-00526,APP,2026-09-08,2026-09-08,Fresh,OUT041,,Kalutara,Peliyagoda,rear_dock,normal,,05:00,07:30,Frozen Food,chilled,24,103.9,1.64,delivered,2026-09-09,,
ORD-00527,APP,2026-08-24,2026-10-02,Fresh,OUT041,,Kalutara,Peliyagoda,rear_dock,normal,,05:00,07:30,Fresh Produce,chilled,126,89.0,1.82,pending_load,,,
ORD-00528,APP,2026-08-31,2026-09-01,Fresh,OUT041,,Kalutara,Peliyagoda,rear_dock,normal,,05:00,07:30,Fresh Produce,ambient,97,185.3,0.45,delivered,2026-09-01,,
ORD-00529,APP,2026-08-26,2026-08-27,Fresh,OUT041,,Kalutara,Peliyagoda,rear_dock,normal,,05:00,07:30,Other Groceries,chilled,87,51.3,0.76,delivered,2026-08-28,,
ORD-00530,APP,2026-09-08,2026-09-08,Fresh,OUT041,,Kalutara,Peliyagoda,rear_dock,normal,,05:00,07:30,Frozen Food,chilled,93,192.0,1.43,delivered,2026-09-09,,
ORD-00531,APP,2026-09-10,2026-09-28,Fresh,OUT041,,Kalutara,Peliyagoda,rear_dock,normal,,05:00,07:30,Fresh Produce,ambient,147,98.8,2.17,pending_planning,,,
ORD-00532,APP,2026-08-30,2026-08-31,Fresh,OUT041,,Kalutara,Peliyagoda,rear_dock,normal,,05:00,07:30,Frozen Food,chilled,71,34.4,0.62,delivered,2026-08-31,,
ORD-00533,APP,2026-08-27,2026-09-30,Fresh,OUT041,,Kalutara,Peliyagoda,rear_dock,normal,,05:00,07:30,Frozen Food,chilled,71,114.9,0.53,pending_approval,,,
ORD-00534,APP,2026-09-07,2026-09-29,Fresh,OUT042,,Kalutara,Peliyagoda,rear_dock,normal,,03:00,08:00,Fresh Produce,ambient,94,45.5,1.9,deferred,,,
ORD-00535,APP,2026-09-20,2026-09-21,Fresh,OUT042,,Kalutara,Peliyagoda,rear_dock,normal,,03:00,08:00,Fresh Produce,ambient,73,110.6,1.59,delivered,2026-09-21,,
ORD-00536,APP,2026-09-12,2026-10-01,Fresh,OUT042,,Kalutara,Peliyagoda,rear_dock,normal,,03:00,08:00,Other Groceries,ambient,39,271.0,0.87,pending_planning,,,
ORD-00537,APP,2026-09-21,2026-09-30,Fresh,OUT042,,Kalutara,Peliyagoda,rear_dock,normal,,03:00,08:00,Other Groceries,chilled,45,193.1,1.25,pending_planning,,,
ORD-00538,APP,2026-08-27,2026-10-01,Fresh,OUT042,,Kalutara,Peliyagoda,rear_dock,normal,,03:00,08:00,Frozen Food,chilled,137,177.0,0.81,deferred,,,
ORD-00539,APP,2026-09-08,2026-09-08,Fresh,OUT042,,Kalutara,Peliyagoda,rear_dock,normal,,03:00,08:00,Fresh Produce,ambient,104,175.6,1.61,delivered,2026-09-08,,
ORD-00540,APP,2026-09-06,2026-09-30,Fresh,OUT042,,Kalutara,Peliyagoda,rear_dock,normal,,03:00,08:00,Fresh Produce,ambient,120,166.1,1.01,approved,,,
ORD-00541,APP,2026-09-01,2026-10-02,Fresh,OUT042,,Kalutara,Peliyagoda,rear_dock,normal,,03:00,08:00,Fresh Produce,ambient,119,215.8,1.45,loading,,,
ORD-00542,APP,2026-09-15,2026-10-01,Fresh,OUT042,,Kalutara,Peliyagoda,rear_dock,normal,,03:00,08:00,Frozen Food,chilled,22,41.2,0.63,cancelled,,,
ORD-00543,APP,2026-09-18,2026-09-28,Fresh,OUT042,,Kalutara,Peliyagoda,rear_dock,normal,,03:00,08:00,Fresh Produce,ambient,117,134.3,1.74,loading,,,
ORD-00544,APP,2026-09-09,2026-09-09,Fresh,OUT042,,Kalutara,Peliyagoda,rear_dock,normal,,03:00,08:00,Frozen Food,chilled,53,164.7,1.62,delivered,2026-09-10,,
ORD-00545,APP,2026-08-27,2026-08-28,Fresh,OUT042,,Kalutara,Peliyagoda,rear_dock,normal,,03:00,08:00,Frozen Food,chilled,144,129.9,1.7,in_transit,,,
ORD-00546,APP,2026-09-18,2026-09-30,Fresh,OUT042,,Kalutara,Peliyagoda,rear_dock,normal,,03:00,08:00,Fresh Produce,ambient,93,108.6,0.25,approved,,,
ORD-00547,APP,2026-09-20,2026-09-30,Fresh,OUT043,,Kalutara,Peliyagoda,street,normal,,05:00,07:30,Frozen Food,chilled,93,85.6,2.19,loading,,,
ORD-00548,APP,2026-08-24,2026-08-25,Fresh,OUT043,,Kalutara,Peliyagoda,street,normal,,05:00,07:30,Fresh Produce,ambient,33,101.4,0.69,delivered,2026-08-26,,
ORD-00549,APP,2026-08-31,2026-09-30,Fresh,OUT043,,Kalutara,Peliyagoda,street,normal,,05:00,07:30,Fresh Produce,ambient,94,131.6,0.84,approved,,,
ORD-00550,APP,2026-09-05,2026-10-02,Fresh,OUT043,,Kalutara,Peliyagoda,street,normal,,05:00,07:30,Fresh Produce,ambient,32,71.9,0.69,loading,,,
ORD-00551,APP,2026-09-17,2026-09-29,Fresh,OUT043,,Kalutara,Peliyagoda,street,normal,,05:00,07:30,Fresh Produce,ambient,26,175.9,1.9,pending_planning,,,
ORD-00552,APP,2026-09-07,2026-09-07,Fresh,OUT043,,Kalutara,Peliyagoda,street,normal,,05:00,07:30,Frozen Food,chilled,40,123.5,1.12,dispatched,,,
ORD-00553,APP,2026-09-16,2026-09-16,Fresh,OUT043,,Kalutara,Peliyagoda,street,normal,,05:00,07:30,Fresh Produce,chilled,85,271.0,1.92,delivered,2026-09-17,,
ORD-00554,APP,2026-09-25,2026-09-26,Fresh,OUT043,,Kalutara,Peliyagoda,street,normal,,05:00,07:30,Fresh Produce,chilled,122,147.9,1.69,dispatched,,,
ORD-00555,APP,2026-09-16,2026-09-30,Fresh,OUT043,,Kalutara,Peliyagoda,street,normal,,05:00,07:30,Frozen Food,chilled,146,213.7,1.97,pending_approval,,,
ORD-00556,APP,2026-09-18,2026-09-18,Fresh,OUT043,,Kalutara,Peliyagoda,street,normal,,05:00,07:30,Fresh Produce,chilled,57,127.9,1.31,in_transit,,,
ORD-00557,APP,2026-09-11,2026-09-11,Fresh,OUT043,,Kalutara,Peliyagoda,street,normal,,05:00,07:30,Other Groceries,chilled,129,72.6,0.78,delivered,2026-09-11,,
ORD-00558,APP,2026-08-24,2026-10-01,Fresh,OUT043,,Kalutara,Peliyagoda,street,normal,,05:00,07:30,Fresh Produce,ambient,93,85.1,2.13,pending_approval,,,
ORD-00559,APP,2026-09-16,2026-09-28,Fresh,OUT043,,Kalutara,Peliyagoda,street,normal,,05:00,07:30,Fresh Produce,ambient,134,247.8,0.9,cancelled,,,
ORD-00560,APP,2026-09-24,2026-09-30,Fresh,OUT044,,Kalutara,Peliyagoda,rear_dock,normal,,03:00,08:00,Frozen Food,chilled,38,224.3,1.84,deferred,,,
ORD-00561,APP,2026-09-05,2026-09-28,Fresh,OUT044,,Kalutara,Peliyagoda,rear_dock,normal,,03:00,08:00,Other Groceries,ambient,108,79.2,0.92,loading,,,
ORD-00562,APP,2026-09-15,2026-10-02,Fresh,OUT044,,Kalutara,Peliyagoda,rear_dock,normal,,03:00,08:00,Fresh Produce,ambient,86,121.1,2.1,approved,,,
ORD-00563,APP,2026-09-02,2026-09-03,Fresh,OUT044,,Kalutara,Peliyagoda,rear_dock,normal,,03:00,08:00,Fresh Produce,ambient,109,120.9,0.18,delivered,2026-09-03,,
ORD-00564,APP,2026-09-23,2026-09-23,Fresh,OUT044,,Kalutara,Peliyagoda,rear_dock,normal,,03:00,08:00,Other Groceries,ambient,82,106.3,1.21,delivered,2026-09-24,,
ORD-00565,APP,2026-09-08,2026-09-08,Fresh,OUT044,,Kalutara,Peliyagoda,rear_dock,normal,,03:00,08:00,Fresh Produce,ambient,61,118.5,0.86,dispatched,,,
ORD-00566,APP,2026-09-15,2026-09-28,Fresh,OUT044,,Kalutara,Peliyagoda,rear_dock,normal,,03:00,08:00,Frozen Food,chilled,117,212.7,0.7,pending_planning,,,
ORD-00567,APP,2026-08-24,2026-08-24,Fresh,OUT044,,Kalutara,Peliyagoda,rear_dock,normal,,03:00,08:00,Fresh Produce,ambient,78,166.3,0.19,delivered,2026-08-24,,
ORD-00568,APP,2026-09-15,2026-10-01,Fresh,OUT044,,Kalutara,Peliyagoda,rear_dock,normal,,03:00,08:00,Other Groceries,ambient,48,92.0,0.49,pending_planning,,,
ORD-00569,APP,2026-09-12,2026-09-13,Fresh,OUT044,,Kalutara,Peliyagoda,rear_dock,normal,,03:00,08:00,Other Groceries,ambient,22,33.8,0.68,dispatched,,,
ORD-00570,APP,2026-09-21,2026-09-22,Fresh,OUT044,,Kalutara,Peliyagoda,rear_dock,normal,,03:00,08:00,Other Groceries,chilled,150,227.7,1.97,delivered,2026-09-23,,
ORD-00571,APP,2026-09-15,2026-09-16,Fresh,OUT044,,Kalutara,Peliyagoda,rear_dock,normal,,03:00,08:00,Frozen Food,chilled,100,100.5,0.87,delivered,2026-09-16,,
ORD-00572,APP,2026-09-07,2026-10-01,Fresh,OUT044,,Kalutara,Peliyagoda,rear_dock,normal,,03:00,08:00,Other Groceries,chilled,67,50.6,1.49,approved,,,
ORD-00573,APP,2026-09-01,2026-09-02,Fresh,OUT045,,Kalutara,Peliyagoda,rear_dock,normal,,03:00,08:00,Other Groceries,ambient,120,209.5,0.82,delivered,2026-09-02,,
ORD-00574,APP,2026-09-25,2026-09-26,Fresh,OUT045,,Kalutara,Peliyagoda,rear_dock,normal,,03:00,08:00,Fresh Produce,ambient,25,133.2,1.37,delivered,2026-09-26,,
ORD-00575,APP,2026-09-10,2026-09-28,Fresh,OUT045,,Kalutara,Peliyagoda,rear_dock,normal,,03:00,08:00,Fresh Produce,ambient,107,95.6,1.32,deferred,,,
ORD-00576,APP,2026-09-23,2026-09-24,Fresh,OUT045,,Kalutara,Peliyagoda,rear_dock,normal,,03:00,08:00,Frozen Food,chilled,52,121.4,0.51,delivered,2026-09-24,,
ORD-00577,APP,2026-08-28,2026-08-29,Fresh,OUT045,,Kalutara,Peliyagoda,rear_dock,normal,,03:00,08:00,Frozen Food,chilled,36,99.3,0.93,delivered,2026-08-29,,
ORD-00578,APP,2026-09-17,2026-09-29,Fresh,OUT045,,Kalutara,Peliyagoda,rear_dock,normal,,03:00,08:00,Fresh Produce,ambient,43,160.2,2.15,pending_load,,,
ORD-00579,APP,2026-08-25,2026-09-30,Fresh,OUT045,,Kalutara,Peliyagoda,rear_dock,normal,,03:00,08:00,Fresh Produce,ambient,114,166.8,1.2,pending_approval,,,
ORD-00580,APP,2026-08-25,2026-08-26,Fresh,OUT045,,Kalutara,Peliyagoda,rear_dock,normal,,03:00,08:00,Fresh Produce,chilled,36,113.3,1.37,delivered,2026-08-26,,
ORD-00581,APP,2026-09-13,2026-09-29,Fresh,OUT045,,Kalutara,Peliyagoda,rear_dock,normal,,03:00,08:00,Fresh Produce,ambient,65,279.1,1.46,approved,,,
ORD-00582,APP,2026-08-31,2026-08-31,Fresh,OUT045,,Kalutara,Peliyagoda,rear_dock,normal,,03:00,08:00,Other Groceries,chilled,111,143.9,2.16,delivered,2026-08-31,,
ORD-00583,APP,2026-08-24,2026-08-24,Fresh,OUT045,,Kalutara,Peliyagoda,rear_dock,normal,,03:00,08:00,Frozen Food,chilled,121,185.6,1.77,delivered,2026-08-24,,
ORD-00584,APP,2026-09-04,2026-09-04,Fresh,OUT045,,Kalutara,Peliyagoda,rear_dock,normal,,03:00,08:00,Other Groceries,ambient,126,276.2,2.2,delivered,2026-09-05,,
ORD-00585,APP,2026-09-21,2026-10-02,Fresh,OUT045,,Kalutara,Peliyagoda,rear_dock,normal,,03:00,08:00,Other Groceries,ambient,110,200.9,1.06,deferred,,,
ORD-00586,APP,2026-09-15,2026-09-15,Fresh,OUT046,,Kalutara,Peliyagoda,rear_dock,normal,,05:00,07:30,Fresh Produce,ambient,72,80.0,1.47,delivered,2026-09-16,,
ORD-00587,APP,2026-09-15,2026-09-29,Fresh,OUT046,,Kalutara,Peliyagoda,rear_dock,normal,,05:00,07:30,Frozen Food,chilled,143,170.1,0.48,pending_planning,,,
ORD-00588,APP,2026-08-29,2026-09-28,Fresh,OUT046,,Kalutara,Peliyagoda,rear_dock,normal,,05:00,07:30,Other Groceries,ambient,67,218.7,0.67,approved,,,
ORD-00589,APP,2026-09-06,2026-09-30,Fresh,OUT046,,Kalutara,Peliyagoda,rear_dock,normal,,05:00,07:30,Fresh Produce,ambient,22,203.8,1.06,pending_approval,,,
ORD-00590,APP,2026-09-09,2026-10-02,Fresh,OUT046,,Kalutara,Peliyagoda,rear_dock,normal,,05:00,07:30,Other Groceries,ambient,84,30.2,1.29,pending_planning,,,
ORD-00591,APP,2026-09-02,2026-09-28,Fresh,OUT046,,Kalutara,Peliyagoda,rear_dock,normal,,05:00,07:30,Frozen Food,chilled,33,213.4,2.11,cancelled,,,
ORD-00592,APP,2026-08-26,2026-10-02,Fresh,OUT046,,Kalutara,Peliyagoda,rear_dock,normal,,05:00,07:30,Frozen Food,chilled,100,241.3,1.99,cancelled,,,
ORD-00593,APP,2026-09-03,2026-10-02,Fresh,OUT046,,Kalutara,Peliyagoda,rear_dock,normal,,05:00,07:30,Other Groceries,ambient,34,204.5,1.72,pending_approval,,,
ORD-00594,APP,2026-09-25,2026-09-30,Fresh,OUT046,,Kalutara,Peliyagoda,rear_dock,normal,,05:00,07:30,Fresh Produce,ambient,25,251.0,0.68,pending_load,,,
ORD-00595,APP,2026-09-19,2026-09-20,Fresh,OUT046,,Kalutara,Peliyagoda,rear_dock,normal,,05:00,07:30,Fresh Produce,ambient,71,186.9,0.6,delivered,2026-09-21,,
ORD-00596,APP,2026-09-22,2026-09-29,Fresh,OUT046,,Kalutara,Peliyagoda,rear_dock,normal,,05:00,07:30,Fresh Produce,ambient,70,206.0,1.95,approved,,,
ORD-00597,APP,2026-08-27,2026-09-29,Fresh,OUT046,,Kalutara,Peliyagoda,rear_dock,normal,,05:00,07:30,Fresh Produce,ambient,92,157.4,0.79,approved,,,
ORD-00598,APP,2026-09-07,2026-09-08,Fresh,OUT046,,Kalutara,Peliyagoda,rear_dock,normal,,05:00,07:30,Fresh Produce,ambient,50,55.9,1.48,delivered,2026-09-09,,
ORD-00599,APP,2026-08-30,2026-08-30,Style,OUT047,,Kalutara,Peliyagoda,street,normal,,09:00,17:00,Accessories,ambient,37,196.6,1.91,delivered,2026-08-30,,
ORD-00600,APP,2026-08-30,2026-08-31,Style,OUT047,,Kalutara,Peliyagoda,street,normal,,09:00,17:00,Women,ambient,35,63.1,1.8,delivered,2026-08-31,,
ORD-00601,APP,2026-08-25,2026-08-26,Style,OUT047,,Kalutara,Peliyagoda,street,normal,,09:00,17:00,Footwear,ambient,62,182.2,1.37,in_transit,,,
ORD-00602,APP,2026-09-13,2026-10-01,Style,OUT047,,Kalutara,Peliyagoda,street,normal,,09:00,17:00,Men,ambient,53,55.0,0.71,pending_load,,,
ORD-00603,APP,2026-08-28,2026-08-29,Style,OUT047,,Kalutara,Peliyagoda,street,normal,,09:00,17:00,Kids,ambient,13,202.1,2.04,delivered,2026-08-30,,
ORD-00604,APP,2026-09-04,2026-09-05,Style,OUT047,,Kalutara,Peliyagoda,street,normal,,09:00,17:00,Accessories,ambient,43,212.0,3.31,delivered,2026-09-05,,
ORD-00605,APP,2026-09-23,2026-10-02,Style,OUT047,,Kalutara,Peliyagoda,street,normal,,09:00,17:00,Men,ambient,31,79.6,4.47,pending_planning,,,
ORD-00606,APP,2026-09-17,2026-10-02,Style,OUT047,,Kalutara,Peliyagoda,street,normal,,09:00,17:00,Footwear,ambient,62,57.7,0.79,approved,,,
ORD-00607,APP,2026-09-25,2026-09-26,Style,OUT047,,Kalutara,Peliyagoda,street,normal,,09:00,17:00,Footwear,ambient,14,29.6,3.71,dispatched,,,
ORD-00608,APP,2026-09-23,2026-09-23,Style,OUT047,,Kalutara,Peliyagoda,street,normal,,09:00,17:00,Accessories,ambient,73,78.2,3.51,delivered,2026-09-23,,
ORD-00609,APP,2026-08-24,2026-09-30,Style,OUT047,,Kalutara,Peliyagoda,street,normal,,09:00,17:00,Kids,ambient,37,36.3,3.07,pending_load,,,
ORD-00610,APP,2026-09-18,2026-09-18,Style,OUT047,,Kalutara,Peliyagoda,street,normal,,09:00,17:00,Footwear,ambient,37,128.9,4.01,in_transit,,,
ORD-00611,APP,2026-09-16,2026-09-17,Style,OUT047,,Kalutara,Peliyagoda,street,normal,,09:00,17:00,Kids,ambient,60,96.7,0.82,dispatched,,,
ORD-00612,APP,2026-08-24,2026-08-25,Style,OUT048,,Kalutara,Peliyagoda,rear_dock,normal,,09:00,17:00,Men,ambient,80,233.4,4.12,dispatched,,,
ORD-00613,APP,2026-09-12,2026-09-29,Style,OUT048,,Kalutara,Peliyagoda,rear_dock,normal,,09:00,17:00,Accessories,ambient,67,151.4,2.48,pending_planning,,,
ORD-00614,APP,2026-09-12,2026-10-01,Style,OUT048,,Kalutara,Peliyagoda,rear_dock,normal,,09:00,17:00,Footwear,ambient,24,104.0,3.03,pending_planning,,,
ORD-00615,APP,2026-09-09,2026-09-29,Style,OUT048,,Kalutara,Peliyagoda,rear_dock,normal,,09:00,17:00,Accessories,ambient,80,34.5,1.66,cancelled,,,
ORD-00616,APP,2026-09-13,2026-10-02,Style,OUT048,,Kalutara,Peliyagoda,rear_dock,normal,,09:00,17:00,Footwear,ambient,38,165.4,3.1,pending_planning,,,
ORD-00617,APP,2026-09-04,2026-09-04,Style,OUT048,,Kalutara,Peliyagoda,rear_dock,normal,,09:00,17:00,Women,ambient,24,208.9,1.62,delivered,2026-09-05,,
ORD-00618,APP,2026-09-23,2026-09-29,Style,OUT048,,Kalutara,Peliyagoda,rear_dock,normal,,09:00,17:00,Footwear,ambient,61,233.8,1.17,deferred,,,
ORD-00619,APP,2026-09-24,2026-09-28,Style,OUT048,,Kalutara,Peliyagoda,rear_dock,normal,,09:00,17:00,Men,ambient,40,98.2,2.46,pending_approval,,,
ORD-00620,APP,2026-09-20,2026-09-20,Style,OUT048,,Kalutara,Peliyagoda,rear_dock,normal,,09:00,17:00,Men,ambient,73,105.7,4.3,delivered,2026-09-21,,
ORD-00621,APP,2026-09-17,2026-10-01,Style,OUT048,,Kalutara,Peliyagoda,rear_dock,normal,,09:00,17:00,Accessories,ambient,21,206.9,0.55,pending_approval,,,
ORD-00622,APP,2026-09-02,2026-09-03,Style,OUT048,,Kalutara,Peliyagoda,rear_dock,normal,,09:00,17:00,Kids,ambient,6,56.6,2.47,delivered,2026-09-03,,
ORD-00623,APP,2026-09-12,2026-10-02,Style,OUT048,,Kalutara,Peliyagoda,rear_dock,normal,,09:00,17:00,Kids,ambient,54,95.0,2.31,pending_approval,,,
ORD-00624,APP,2026-09-17,2026-09-17,Style,OUT048,,Kalutara,Peliyagoda,rear_dock,normal,,09:00,17:00,Men,ambient,45,212.8,4.36,dispatched,,,
ORD-00625,APP,2026-09-22,2026-09-23,Tech,OUT049,,Kalutara,Peliyagoda,street,normal,,09:00,17:00,Networking,ambient,21,357.3,3.28,delivered,2026-09-23,,
ORD-00626,APP,2026-09-13,2026-10-01,Tech,OUT049,,Kalutara,Peliyagoda,street,normal,,09:00,17:00,Networking,ambient,8,154.2,1.8,pending_planning,,,
ORD-00627,APP,2026-09-24,2026-09-30,Tech,OUT049,,Kalutara,Peliyagoda,street,normal,,09:00,17:00,Audio,ambient,19,345.5,3.28,approved,,,
ORD-00628,APP,2026-09-21,2026-09-22,Tech,OUT049,,Kalutara,Peliyagoda,street,normal,,09:00,17:00,Accessories,ambient,13,260.1,4.75,dispatched,,,
ORD-00629,APP,2026-09-20,2026-09-20,Tech,OUT049,,Kalutara,Peliyagoda,street,normal,,09:00,17:00,Mobile Phones,ambient,11,275.0,4.83,delivered,2026-09-20,,
ORD-00630,APP,2026-08-29,2026-09-30,Tech,OUT049,,Kalutara,Peliyagoda,street,normal,,09:00,17:00,Laptops,ambient,10,169.3,5.16,pending_load,,,
ORD-00631,APP,2026-09-20,2026-09-29,Tech,OUT049,,Kalutara,Peliyagoda,street,normal,,09:00,17:00,Mobile Phones,ambient,10,214.3,2.82,pending_planning,,,
ORD-00632,APP,2026-09-24,2026-10-01,Tech,OUT049,,Kalutara,Peliyagoda,street,normal,,09:00,17:00,Tablets,ambient,19,251.4,4.18,approved,,,
ORD-00633,APP,2026-09-24,2026-09-24,Tech,OUT049,,Kalutara,Peliyagoda,street,normal,,09:00,17:00,Audio,ambient,24,82.1,1.31,delivered,2026-09-24,,
ORD-00634,APP,2026-09-02,2026-09-28,Tech,OUT049,,Kalutara,Peliyagoda,street,normal,,09:00,17:00,Audio,ambient,25,187.8,5.3,pending_load,,,
ORD-00635,APP,2026-09-17,2026-09-18,Tech,OUT049,,Kalutara,Peliyagoda,street,normal,,09:00,17:00,Mobile Phones,ambient,28,83.1,1.99,delivered,2026-09-19,,
ORD-00636,APP,2026-09-12,2026-10-02,Tech,OUT049,,Kalutara,Peliyagoda,street,normal,,09:00,17:00,Accessories,ambient,12,275.8,1.74,approved,,,
ORD-00637,APP,2026-09-14,2026-09-30,Tech,OUT049,,Kalutara,Peliyagoda,street,normal,,09:00,17:00,Audio,ambient,12,258.6,3.3,pending_load,,,
ORD-00638,APP,2026-09-17,2026-09-18,Fresh,OUT050,,Galle,Peliyagoda,rear_dock,normal,,05:30,08:00,Fresh Produce,ambient,91,199.0,1.88,delivered,2026-09-19,,
ORD-00639,APP,2026-09-06,2026-09-07,Fresh,OUT050,,Galle,Peliyagoda,rear_dock,normal,,05:30,08:00,Fresh Produce,ambient,146,248.1,1.21,delivered,2026-09-07,,
ORD-00640,APP,2026-09-06,2026-09-07,Fresh,OUT050,,Galle,Peliyagoda,rear_dock,normal,,05:30,08:00,Fresh Produce,ambient,77,259.8,1.88,delivered,2026-09-07,,
ORD-00641,APP,2026-09-16,2026-10-01,Fresh,OUT050,,Galle,Peliyagoda,rear_dock,normal,,05:30,08:00,Fresh Produce,ambient,29,56.3,0.73,deferred,,,
ORD-00642,APP,2026-09-10,2026-10-02,Fresh,OUT050,,Galle,Peliyagoda,rear_dock,normal,,05:30,08:00,Fresh Produce,ambient,36,270.3,0.44,deferred,,,
ORD-00643,APP,2026-08-29,2026-09-30,Fresh,OUT050,,Galle,Peliyagoda,rear_dock,normal,,05:30,08:00,Other Groceries,ambient,134,27.1,0.87,loading,,,
ORD-00644,APP,2026-08-24,2026-08-25,Fresh,OUT050,,Galle,Peliyagoda,rear_dock,normal,,05:30,08:00,Other Groceries,chilled,139,220.6,1.66,delivered,2026-08-26,,
ORD-00645,APP,2026-09-06,2026-09-30,Fresh,OUT050,,Galle,Peliyagoda,rear_dock,normal,,05:30,08:00,Fresh Produce,ambient,66,146.7,2.16,deferred,,,
ORD-00646,APP,2026-08-23,2026-10-01,Fresh,OUT050,,Galle,Peliyagoda,rear_dock,normal,,05:30,08:00,Fresh Produce,ambient,52,211.6,1.3,cancelled,,,
ORD-00647,APP,2026-09-13,2026-09-13,Fresh,OUT050,,Galle,Peliyagoda,rear_dock,normal,,05:30,08:00,Fresh Produce,chilled,40,271.7,1.21,delivered,2026-09-13,,
ORD-00648,APP,2026-08-28,2026-10-02,Fresh,OUT050,,Galle,Peliyagoda,rear_dock,normal,,05:30,08:00,Frozen Food,chilled,131,204.6,1.85,pending_approval,,,
ORD-00649,APP,2026-09-17,2026-09-29,Fresh,OUT050,,Galle,Peliyagoda,rear_dock,normal,,05:30,08:00,Frozen Food,chilled,135,29.1,1.29,approved,,,
ORD-00650,APP,2026-09-18,2026-09-30,Fresh,OUT050,,Galle,Peliyagoda,rear_dock,normal,,05:30,08:00,Frozen Food,chilled,106,108.6,0.63,pending_load,,,
ORD-00651,APP,2026-09-26,2026-10-02,Fresh,OUT051,,Galle,Peliyagoda,street,normal,,03:00,08:00,Fresh Produce,ambient,36,218.4,0.19,deferred,,,
ORD-00652,APP,2026-08-28,2026-10-02,Fresh,OUT051,,Galle,Peliyagoda,street,normal,,03:00,08:00,Other Groceries,chilled,66,175.4,2.08,deferred,,,
ORD-00653,APP,2026-08-28,2026-09-30,Fresh,OUT051,,Galle,Peliyagoda,street,normal,,03:00,08:00,Fresh Produce,chilled,55,93.8,2.01,deferred,,,
ORD-00654,APP,2026-09-19,2026-09-30,Fresh,OUT051,,Galle,Peliyagoda,street,normal,,03:00,08:00,Frozen Food,chilled,98,187.5,0.57,deferred,,,
ORD-00655,APP,2026-09-26,2026-09-27,Fresh,OUT051,,Galle,Peliyagoda,street,normal,,03:00,08:00,Other Groceries,ambient,142,188.4,1.72,in_transit,,,
ORD-00656,APP,2026-08-25,2026-08-26,Fresh,OUT051,,Galle,Peliyagoda,street,normal,,03:00,08:00,Fresh Produce,chilled,65,170.1,1.92,delivered,2026-08-26,,
ORD-00657,APP,2026-09-26,2026-09-30,Fresh,OUT051,,Galle,Peliyagoda,street,normal,,03:00,08:00,Fresh Produce,ambient,84,224.2,0.22,deferred,,,
ORD-00658,APP,2026-08-23,2026-10-01,Fresh,OUT051,,Galle,Peliyagoda,street,normal,,03:00,08:00,Frozen Food,chilled,113,151.0,1.73,approved,,,
ORD-00659,APP,2026-08-26,2026-10-02,Fresh,OUT051,,Galle,Peliyagoda,street,normal,,03:00,08:00,Other Groceries,ambient,28,95.9,1.2,deferred,,,
ORD-00660,APP,2026-08-30,2026-08-31,Fresh,OUT051,,Galle,Peliyagoda,street,normal,,03:00,08:00,Other Groceries,ambient,36,234.9,1.46,delivered,2026-09-01,,
ORD-00661,APP,2026-08-30,2026-10-01,Fresh,OUT051,,Galle,Peliyagoda,street,normal,,03:00,08:00,Fresh Produce,ambient,149,203.6,0.6,approved,,,
ORD-00662,APP,2026-08-27,2026-08-27,Fresh,OUT051,,Galle,Peliyagoda,street,normal,,03:00,08:00,Fresh Produce,ambient,25,161.0,2.1,delivered,2026-08-28,,
ORD-00663,APP,2026-09-02,2026-09-03,Fresh,OUT051,,Galle,Peliyagoda,street,normal,,03:00,08:00,Fresh Produce,ambient,26,241.3,1.79,delivered,2026-09-04,,
ORD-00664,APP,2026-09-14,2026-09-15,Fresh,OUT052,,Galle,Peliyagoda,street,normal,,05:00,07:30,Fresh Produce,chilled,59,255.2,1.56,delivered,2026-09-15,,
ORD-00665,APP,2026-09-20,2026-09-21,Fresh,OUT052,,Galle,Peliyagoda,street,normal,,05:00,07:30,Fresh Produce,ambient,117,202.6,0.74,in_transit,,,
ORD-00666,APP,2026-09-06,2026-09-07,Fresh,OUT052,,Galle,Peliyagoda,street,normal,,05:00,07:30,Fresh Produce,chilled,73,70.2,1.1,dispatched,,,
ORD-00667,APP,2026-09-02,2026-10-02,Fresh,OUT052,,Galle,Peliyagoda,street,normal,,05:00,07:30,Frozen Food,chilled,92,237.5,1.39,approved,,,
ORD-00668,APP,2026-08-28,2026-08-28,Fresh,OUT052,,Galle,Peliyagoda,street,normal,,05:00,07:30,Fresh Produce,ambient,79,241.0,2.03,delivered,2026-08-29,,
ORD-00669,APP,2026-08-26,2026-08-26,Fresh,OUT052,,Galle,Peliyagoda,street,normal,,05:00,07:30,Frozen Food,chilled,27,63.1,1.45,delivered,2026-08-26,,
ORD-00670,APP,2026-09-20,2026-10-02,Fresh,OUT052,,Galle,Peliyagoda,street,normal,,05:00,07:30,Frozen Food,chilled,40,206.2,0.54,pending_planning,,,
ORD-00671,APP,2026-08-28,2026-09-29,Fresh,OUT052,,Galle,Peliyagoda,street,normal,,05:00,07:30,Other Groceries,chilled,85,204.7,1.56,deferred,,,
ORD-00672,APP,2026-09-11,2026-10-02,Fresh,OUT052,,Galle,Peliyagoda,street,normal,,05:00,07:30,Frozen Food,chilled,72,151.8,1.41,approved,,,
ORD-00673,APP,2026-08-29,2026-08-30,Fresh,OUT052,,Galle,Peliyagoda,street,normal,,05:00,07:30,Fresh Produce,chilled,63,38.1,1.4,delivered,2026-08-31,,
ORD-00674,APP,2026-08-30,2026-08-31,Fresh,OUT052,,Galle,Peliyagoda,street,normal,,05:00,07:30,Fresh Produce,ambient,32,229.9,0.28,delivered,2026-08-31,,
ORD-00675,APP,2026-09-16,2026-09-16,Fresh,OUT052,,Galle,Peliyagoda,street,normal,,05:00,07:30,Fresh Produce,ambient,44,98.7,0.27,dispatched,,,
ORD-00676,APP,2026-09-06,2026-09-06,Fresh,OUT052,,Galle,Peliyagoda,street,normal,,05:00,07:30,Fresh Produce,ambient,48,229.5,1.3,delivered,2026-09-06,,
ORD-00677,APP,2026-08-29,2026-08-30,Fresh,OUT053,,Galle,Peliyagoda,street,normal,,03:00,08:00,Frozen Food,chilled,50,31.6,0.23,delivered,2026-08-30,,
ORD-00678,APP,2026-08-25,2026-08-26,Fresh,OUT053,,Galle,Peliyagoda,street,normal,,03:00,08:00,Fresh Produce,ambient,92,63.7,0.56,in_transit,,,
ORD-00679,APP,2026-09-16,2026-09-17,Fresh,OUT053,,Galle,Peliyagoda,street,normal,,03:00,08:00,Fresh Produce,ambient,126,201.1,1.48,delivered,2026-09-17,,
ORD-00680,APP,2026-08-29,2026-08-29,Fresh,OUT053,,Galle,Peliyagoda,street,normal,,03:00,08:00,Fresh Produce,ambient,41,228.8,1.52,in_transit,,,
ORD-00681,APP,2026-09-24,2026-09-30,Fresh,OUT053,,Galle,Peliyagoda,street,normal,,03:00,08:00,Frozen Food,chilled,102,170.4,1.35,loading,,,
ORD-00682,APP,2026-08-31,2026-09-28,Fresh,OUT053,,Galle,Peliyagoda,street,normal,,03:00,08:00,Fresh Produce,ambient,131,229.1,0.27,deferred,,,
ORD-00683,APP,2026-09-09,2026-10-01,Fresh,OUT053,,Galle,Peliyagoda,street,normal,,03:00,08:00,Frozen Food,chilled,128,107.0,2.18,deferred,,,
ORD-00684,APP,2026-09-06,2026-10-02,Fresh,OUT053,,Galle,Peliyagoda,street,normal,,03:00,08:00,Fresh Produce,ambient,26,196.5,0.86,deferred,,,
ORD-00685,APP,2026-08-30,2026-09-29,Fresh,OUT053,,Galle,Peliyagoda,street,normal,,03:00,08:00,Fresh Produce,ambient,67,139.7,1.2,cancelled,,,
ORD-00686,APP,2026-09-18,2026-10-01,Fresh,OUT053,,Galle,Peliyagoda,street,normal,,03:00,08:00,Fresh Produce,ambient,98,220.4,0.68,pending_planning,,,
ORD-00687,APP,2026-08-23,2026-08-24,Fresh,OUT053,,Galle,Peliyagoda,street,normal,,03:00,08:00,Other Groceries,chilled,57,253.0,0.92,delivered,2026-08-24,,
ORD-00688,APP,2026-09-20,2026-09-28,Fresh,OUT053,,Galle,Peliyagoda,street,normal,,03:00,08:00,Frozen Food,chilled,36,271.2,0.37,cancelled,,,
ORD-00689,APP,2026-09-26,2026-09-30,Fresh,OUT053,,Galle,Peliyagoda,street,normal,,03:00,08:00,Other Groceries,ambient,103,97.1,0.78,deferred,,,
ORD-00690,APP,2026-09-11,2026-10-01,Fresh,OUT054,,Galle,Peliyagoda,rear_dock,normal,,05:00,07:30,Other Groceries,ambient,148,273.8,2.09,cancelled,,,
ORD-00691,APP,2026-09-09,2026-09-09,Fresh,OUT054,,Galle,Peliyagoda,rear_dock,normal,,05:00,07:30,Fresh Produce,ambient,93,210.8,1.25,in_transit,,,
ORD-00692,APP,2026-09-10,2026-09-11,Fresh,OUT054,,Galle,Peliyagoda,rear_dock,normal,,05:00,07:30,Fresh Produce,ambient,136,106.7,0.34,delivered,2026-09-12,,
ORD-00693,APP,2026-09-01,2026-10-01,Fresh,OUT054,,Galle,Peliyagoda,rear_dock,normal,,05:00,07:30,Other Groceries,chilled,107,26.8,1.48,cancelled,,,
ORD-00694,APP,2026-09-15,2026-09-28,Fresh,OUT054,,Galle,Peliyagoda,rear_dock,normal,,05:00,07:30,Frozen Food,chilled,45,133.3,2.0,cancelled,,,
ORD-00695,APP,2026-08-26,2026-08-26,Fresh,OUT054,,Galle,Peliyagoda,rear_dock,normal,,05:00,07:30,Fresh Produce,ambient,126,238.1,0.6,delivered,2026-08-26,,
ORD-00696,APP,2026-09-15,2026-09-15,Fresh,OUT054,,Galle,Peliyagoda,rear_dock,normal,,05:00,07:30,Other Groceries,ambient,149,267.3,0.36,in_transit,,,
ORD-00697,APP,2026-09-18,2026-10-02,Fresh,OUT054,,Galle,Peliyagoda,rear_dock,normal,,05:00,07:30,Fresh Produce,ambient,66,41.4,1.99,deferred,,,
ORD-00698,APP,2026-09-22,2026-09-30,Fresh,OUT054,,Galle,Peliyagoda,rear_dock,normal,,05:00,07:30,Other Groceries,ambient,44,60.1,1.26,pending_approval,,,
ORD-00699,APP,2026-08-30,2026-10-01,Fresh,OUT054,,Galle,Peliyagoda,rear_dock,normal,,05:00,07:30,Fresh Produce,ambient,111,72.0,0.62,pending_planning,,,
ORD-00700,APP,2026-08-31,2026-09-01,Fresh,OUT054,,Galle,Peliyagoda,rear_dock,normal,,05:00,07:30,Other Groceries,ambient,24,252.4,0.56,delivered,2026-09-02,,
ORD-00701,APP,2026-09-08,2026-10-01,Fresh,OUT054,,Galle,Peliyagoda,rear_dock,normal,,05:00,07:30,Frozen Food,chilled,87,111.0,1.27,pending_planning,,,
ORD-00702,APP,2026-09-09,2026-10-01,Fresh,OUT054,,Galle,Peliyagoda,rear_dock,normal,,05:00,07:30,Fresh Produce,ambient,72,211.2,0.41,cancelled,,,
ORD-00703,APP,2026-09-26,2026-09-26,Fresh,OUT055,,Galle,Peliyagoda,street,normal,,05:00,07:30,Frozen Food,chilled,50,192.0,0.62,dispatched,,,
ORD-00704,APP,2026-09-22,2026-09-23,Fresh,OUT055,,Galle,Peliyagoda,street,normal,,05:00,07:30,Fresh Produce,ambient,63,155.0,2.03,delivered,2026-09-24,,
ORD-00705,APP,2026-09-04,2026-09-30,Fresh,OUT055,,Galle,Peliyagoda,street,normal,,05:00,07:30,Frozen Food,chilled,126,94.5,1.57,cancelled,,,
ORD-00706,APP,2026-09-21,2026-09-29,Fresh,OUT055,,Galle,Peliyagoda,street,normal,,05:00,07:30,Other Groceries,chilled,29,262.1,0.38,pending_approval,,,
ORD-00707,APP,2026-09-06,2026-09-06,Fresh,OUT055,,Galle,Peliyagoda,street,normal,,05:00,07:30,Other Groceries,ambient,141,202.9,1.72,in_transit,,,
ORD-00708,APP,2026-09-18,2026-09-30,Fresh,OUT055,,Galle,Peliyagoda,street,normal,,05:00,07:30,Frozen Food,chilled,112,72.9,1.42,pending_approval,,,
ORD-00709,APP,2026-09-12,2026-09-12,Fresh,OUT055,,Galle,Peliyagoda,street,normal,,05:00,07:30,Fresh Produce,ambient,84,187.3,0.36,delivered,2026-09-12,,
ORD-00710,APP,2026-09-17,2026-09-28,Fresh,OUT055,,Galle,Peliyagoda,street,normal,,05:00,07:30,Fresh Produce,ambient,109,241.5,1.08,pending_planning,,,
ORD-00711,APP,2026-09-09,2026-09-30,Fresh,OUT055,,Galle,Peliyagoda,street,normal,,05:00,07:30,Fresh Produce,chilled,40,196.8,0.23,approved,,,
ORD-00712,APP,2026-09-01,2026-09-02,Fresh,OUT055,,Galle,Peliyagoda,street,normal,,05:00,07:30,Frozen Food,chilled,132,220.3,1.89,delivered,2026-09-03,,
ORD-00713,APP,2026-09-03,2026-09-03,Fresh,OUT055,,Galle,Peliyagoda,street,normal,,05:00,07:30,Fresh Produce,ambient,82,32.3,0.86,dispatched,,,
ORD-00714,APP,2026-08-23,2026-08-24,Fresh,OUT055,,Galle,Peliyagoda,street,normal,,05:00,07:30,Frozen Food,chilled,140,36.5,1.91,dispatched,,,
ORD-00715,APP,2026-09-14,2026-09-28,Fresh,OUT055,,Galle,Peliyagoda,street,normal,,05:00,07:30,Frozen Food,chilled,105,212.4,0.71,pending_load,,,
ORD-00716,APP,2026-08-26,2026-08-27,Style,OUT056,,Galle,Peliyagoda,mall_bay,mall_dock,10:00-12:00,10:00,12:00,Men,ambient,79,193.0,3.61,delivered,2026-08-28,,
ORD-00717,APP,2026-09-10,2026-09-30,Style,OUT056,,Galle,Peliyagoda,mall_bay,mall_dock,10:00-12:00,10:00,12:00,Kids,ambient,25,208.6,3.77,pending_planning,,,
ORD-00718,APP,2026-09-13,2026-10-02,Style,OUT056,,Galle,Peliyagoda,mall_bay,mall_dock,10:00-12:00,10:00,12:00,Men,ambient,21,90.4,2.04,deferred,,,
ORD-00719,APP,2026-09-03,2026-09-04,Style,OUT056,,Galle,Peliyagoda,mall_bay,mall_dock,10:00-12:00,10:00,12:00,Accessories,ambient,53,158.4,3.2,delivered,2026-09-04,,
ORD-00720,APP,2026-09-04,2026-09-05,Style,OUT056,,Galle,Peliyagoda,mall_bay,mall_dock,10:00-12:00,10:00,12:00,Men,ambient,76,57.9,2.15,dispatched,,,
ORD-00721,APP,2026-09-20,2026-09-21,Style,OUT056,,Galle,Peliyagoda,mall_bay,mall_dock,10:00-12:00,10:00,12:00,Women,ambient,62,107.2,3.25,dispatched,,,
ORD-00722,APP,2026-09-08,2026-09-28,Style,OUT056,,Galle,Peliyagoda,mall_bay,mall_dock,10:00-12:00,10:00,12:00,Men,ambient,61,70.3,1.87,pending_load,,,
ORD-00723,APP,2026-09-25,2026-09-25,Style,OUT056,,Galle,Peliyagoda,mall_bay,mall_dock,10:00-12:00,10:00,12:00,Accessories,ambient,18,26.1,2.45,delivered,2026-09-26,,
ORD-00724,APP,2026-09-23,2026-09-23,Style,OUT056,,Galle,Peliyagoda,mall_bay,mall_dock,10:00-12:00,10:00,12:00,Accessories,ambient,70,170.4,2.46,dispatched,,,
ORD-00725,APP,2026-08-28,2026-09-29,Style,OUT056,,Galle,Peliyagoda,mall_bay,mall_dock,10:00-12:00,10:00,12:00,Kids,ambient,67,46.6,2.01,deferred,,,
ORD-00726,APP,2026-08-26,2026-10-01,Style,OUT056,,Galle,Peliyagoda,mall_bay,mall_dock,10:00-12:00,10:00,12:00,Men,ambient,79,202.1,0.86,cancelled,,,
ORD-00727,APP,2026-08-29,2026-09-28,Style,OUT056,,Galle,Peliyagoda,mall_bay,mall_dock,10:00-12:00,10:00,12:00,Kids,ambient,56,147.1,3.42,pending_planning,,,
ORD-00728,APP,2026-09-14,2026-09-28,Style,OUT056,,Galle,Peliyagoda,mall_bay,mall_dock,10:00-12:00,10:00,12:00,Footwear,ambient,65,232.8,0.71,cancelled,,,
ORD-00729,APP,2026-09-17,2026-09-17,Style,OUT057,,Galle,Peliyagoda,street,normal,,09:00,17:00,Kids,ambient,5,40.7,2.28,delivered,2026-09-17,,
ORD-00730,APP,2026-09-15,2026-09-30,Style,OUT057,,Galle,Peliyagoda,street,normal,,09:00,17:00,Footwear,ambient,57,60.2,2.73,cancelled,,,
ORD-00731,APP,2026-09-05,2026-09-29,Style,OUT057,,Galle,Peliyagoda,street,normal,,09:00,17:00,Men,ambient,68,134.1,4.33,loading,,,
ORD-00732,APP,2026-09-12,2026-10-01,Style,OUT057,,Galle,Peliyagoda,street,normal,,09:00,17:00,Accessories,ambient,11,100.6,3.64,deferred,,,
ORD-00733,APP,2026-09-12,2026-09-28,Style,OUT057,,Galle,Peliyagoda,street,normal,,09:00,17:00,Accessories,ambient,18,138.7,3.26,pending_planning,,,
ORD-00734,APP,2026-08-27,2026-08-28,Style,OUT057,,Galle,Peliyagoda,street,normal,,09:00,17:00,Men,ambient,63,104.2,3.55,delivered,2026-08-29,,
ORD-00735,APP,2026-08-30,2026-10-01,Style,OUT057,,Galle,Peliyagoda,street,normal,,09:00,17:00,Women,ambient,36,115.2,1.16,deferred,,,
ORD-00736,APP,2026-08-28,2026-08-29,Style,OUT057,,Galle,Peliyagoda,street,normal,,09:00,17:00,Men,ambient,57,57.2,1.4,delivered,2026-08-29,,
ORD-00737,APP,2026-09-13,2026-09-13,Style,OUT057,,Galle,Peliyagoda,street,normal,,09:00,17:00,Accessories,ambient,77,86.8,3.53,delivered,2026-09-13,,
ORD-00738,APP,2026-09-03,2026-10-01,Style,OUT057,,Galle,Peliyagoda,street,normal,,09:00,17:00,Men,ambient,20,144.8,1.96,cancelled,,,
ORD-00739,APP,2026-09-14,2026-09-28,Style,OUT057,,Galle,Peliyagoda,street,normal,,09:00,17:00,Kids,ambient,47,37.7,2.15,approved,,,
ORD-00740,APP,2026-08-29,2026-09-29,Style,OUT057,,Galle,Peliyagoda,street,normal,,09:00,17:00,Accessories,ambient,27,31.9,2.93,deferred,,,
ORD-00741,APP,2026-09-09,2026-09-28,Style,OUT057,,Galle,Peliyagoda,street,normal,,09:00,17:00,Women,ambient,62,188.9,2.25,pending_planning,,,
ORD-00742,APP,2026-09-20,2026-09-20,Tech,OUT058,,Galle,Peliyagoda,rear_dock,normal,,09:00,17:00,Laptops,ambient,2,26.6,4.55,dispatched,,,
ORD-00743,APP,2026-08-26,2026-08-26,Tech,OUT058,,Galle,Peliyagoda,rear_dock,normal,,09:00,17:00,Storage,ambient,19,141.8,4.75,delivered,2026-08-26,,
ORD-00744,APP,2026-09-20,2026-09-20,Tech,OUT058,,Galle,Peliyagoda,rear_dock,normal,,09:00,17:00,Audio,ambient,15,213.7,0.58,delivered,2026-09-20,,
ORD-00745,APP,2026-08-27,2026-08-28,Tech,OUT058,,Galle,Peliyagoda,rear_dock,normal,,09:00,17:00,Laptops,ambient,8,187.6,4.43,delivered,2026-08-28,,
ORD-00746,APP,2026-09-17,2026-10-01,Tech,OUT058,,Galle,Peliyagoda,rear_dock,normal,,09:00,17:00,Laptops,ambient,20,26.4,2.68,pending_approval,,,
ORD-00747,APP,2026-09-10,2026-09-29,Tech,OUT058,,Galle,Peliyagoda,rear_dock,normal,,09:00,17:00,Accessories,ambient,18,154.2,0.94,loading,,,
ORD-00748,APP,2026-08-28,2026-10-01,Tech,OUT058,,Galle,Peliyagoda,rear_dock,normal,,09:00,17:00,Laptops,ambient,8,387.5,1.75,deferred,,,
ORD-00749,APP,2026-09-10,2026-09-11,Tech,OUT058,,Galle,Peliyagoda,rear_dock,normal,,09:00,17:00,Mobile Phones,ambient,15,37.9,1.46,delivered,2026-09-11,,
ORD-00750,APP,2026-09-07,2026-09-28,Tech,OUT058,,Galle,Peliyagoda,rear_dock,normal,,09:00,17:00,Computing,ambient,5,235.6,4.67,cancelled,,,
ORD-00751,APP,2026-09-20,2026-09-28,Tech,OUT058,,Galle,Peliyagoda,rear_dock,normal,,09:00,17:00,Storage,ambient,2,291.2,0.43,pending_planning,,,
ORD-00752,APP,2026-09-26,2026-09-26,Tech,OUT058,,Galle,Peliyagoda,rear_dock,normal,,09:00,17:00,Storage,ambient,2,350.6,2.67,delivered,2026-09-26,,
ORD-00753,APP,2026-09-01,2026-09-28,Tech,OUT058,,Galle,Peliyagoda,rear_dock,normal,,09:00,17:00,Mobile Phones,ambient,10,354.3,3.83,cancelled,,,
ORD-00754,APP,2026-09-26,2026-09-26,Tech,OUT058,,Galle,Peliyagoda,rear_dock,normal,,09:00,17:00,Networking,ambient,26,77.1,1.55,in_transit,,,
ORD-00755,APP,2026-09-04,2026-09-28,Fresh,OUT059,,Matara,Peliyagoda,rear_dock,normal,,04:00,07:45,Other Groceries,chilled,79,98.2,1.32,pending_approval,,,
ORD-00756,APP,2026-08-29,2026-09-30,Fresh,OUT059,,Matara,Peliyagoda,rear_dock,normal,,04:00,07:45,Other Groceries,chilled,108,275.2,2.01,approved,,,
ORD-00757,APP,2026-09-26,2026-09-28,Fresh,OUT059,,Matara,Peliyagoda,rear_dock,normal,,04:00,07:45,Other Groceries,chilled,86,219.5,0.65,pending_approval,,,
ORD-00758,APP,2026-09-03,2026-09-04,Fresh,OUT059,,Matara,Peliyagoda,rear_dock,normal,,04:00,07:45,Fresh Produce,ambient,24,102.8,0.76,in_transit,,,
ORD-00759,APP,2026-09-13,2026-09-14,Fresh,OUT059,,Matara,Peliyagoda,rear_dock,normal,,04:00,07:45,Fresh Produce,ambient,149,175.6,0.6,delivered,2026-09-14,,
ORD-00760,APP,2026-08-25,2026-10-02,Fresh,OUT059,,Matara,Peliyagoda,rear_dock,normal,,04:00,07:45,Fresh Produce,ambient,51,130.0,0.26,pending_approval,,,
ORD-00761,APP,2026-08-26,2026-09-28,Fresh,OUT059,,Matara,Peliyagoda,rear_dock,normal,,04:00,07:45,Frozen Food,chilled,138,220.3,1.72,approved,,,
ORD-00762,APP,2026-09-26,2026-09-26,Fresh,OUT059,,Matara,Peliyagoda,rear_dock,normal,,04:00,07:45,Other Groceries,ambient,21,163.5,1.54,delivered,2026-09-26,,
ORD-00763,APP,2026-09-13,2026-10-02,Fresh,OUT059,,Matara,Peliyagoda,rear_dock,normal,,04:00,07:45,Fresh Produce,chilled,133,115.3,1.49,deferred,,,
ORD-00764,APP,2026-09-26,2026-10-02,Fresh,OUT059,,Matara,Peliyagoda,rear_dock,normal,,04:00,07:45,Frozen Food,chilled,38,219.3,0.73,pending_load,,,
ORD-00765,APP,2026-09-06,2026-09-30,Fresh,OUT059,,Matara,Peliyagoda,rear_dock,normal,,04:00,07:45,Other Groceries,ambient,72,263.2,1.06,deferred,,,
ORD-00766,APP,2026-09-03,2026-09-03,Fresh,OUT059,,Matara,Peliyagoda,rear_dock,normal,,04:00,07:45,Other Groceries,ambient,85,193.0,0.45,delivered,2026-09-03,,
ORD-00767,APP,2026-09-26,2026-09-27,Fresh,OUT059,,Matara,Peliyagoda,rear_dock,normal,,04:00,07:45,Fresh Produce,ambient,78,170.6,0.57,delivered,2026-09-27,,
ORD-00768,APP,2026-09-08,2026-10-01,Fresh,OUT060,,Matara,Peliyagoda,rear_dock,normal,,03:00,08:00,Other Groceries,ambient,47,149.5,1.46,deferred,,,
ORD-00769,APP,2026-09-20,2026-09-28,Fresh,OUT060,,Matara,Peliyagoda,rear_dock,normal,,03:00,08:00,Fresh Produce,ambient,137,94.4,0.26,deferred,,,
ORD-00770,APP,2026-08-27,2026-08-27,Fresh,OUT060,,Matara,Peliyagoda,rear_dock,normal,,03:00,08:00,Fresh Produce,chilled,85,195.4,1.39,in_transit,,,
ORD-00771,APP,2026-08-25,2026-08-26,Fresh,OUT060,,Matara,Peliyagoda,rear_dock,normal,,03:00,08:00,Fresh Produce,ambient,34,38.9,2.09,delivered,2026-08-27,,
ORD-00772,APP,2026-09-09,2026-09-09,Fresh,OUT060,,Matara,Peliyagoda,rear_dock,normal,,03:00,08:00,Frozen Food,chilled,135,39.5,0.19,delivered,2026-09-10,,
ORD-00773,APP,2026-08-23,2026-08-24,Fresh,OUT060,,Matara,Peliyagoda,rear_dock,normal,,03:00,08:00,Fresh Produce,ambient,36,77.9,0.78,in_transit,,,
ORD-00774,APP,2026-08-24,2026-09-29,Fresh,OUT060,,Matara,Peliyagoda,rear_dock,normal,,03:00,08:00,Other Groceries,ambient,71,39.3,1.49,pending_approval,,,
ORD-00775,APP,2026-09-16,2026-09-16,Fresh,OUT060,,Matara,Peliyagoda,rear_dock,normal,,03:00,08:00,Fresh Produce,chilled,23,161.8,0.38,in_transit,,,
ORD-00776,APP,2026-09-21,2026-09-29,Fresh,OUT060,,Matara,Peliyagoda,rear_dock,normal,,03:00,08:00,Other Groceries,ambient,137,225.2,0.87,pending_planning,,,
ORD-00777,APP,2026-09-02,2026-09-03,Fresh,OUT060,,Matara,Peliyagoda,rear_dock,normal,,03:00,08:00,Other Groceries,ambient,82,213.8,1.49,delivered,2026-09-03,,
ORD-00778,APP,2026-09-04,2026-10-02,Fresh,OUT060,,Matara,Peliyagoda,rear_dock,normal,,03:00,08:00,Frozen Food,chilled,80,236.4,1.97,deferred,,,
ORD-00779,APP,2026-08-26,2026-09-28,Fresh,OUT060,,Matara,Peliyagoda,rear_dock,normal,,03:00,08:00,Fresh Produce,ambient,21,53.5,2.0,cancelled,,,
ORD-00780,APP,2026-09-05,2026-09-29,Fresh,OUT060,,Matara,Peliyagoda,rear_dock,normal,,03:00,08:00,Frozen Food,chilled,20,67.8,2.15,deferred,,,
ORD-00781,APP,2026-08-27,2026-09-28,Fresh,OUT061,,Matara,Peliyagoda,rear_dock,normal,,05:00,07:30,Frozen Food,chilled,89,224.0,1.55,pending_planning,,,
ORD-00782,APP,2026-09-18,2026-10-01,Fresh,OUT061,,Matara,Peliyagoda,rear_dock,normal,,05:00,07:30,Fresh Produce,ambient,109,245.8,0.22,pending_approval,,,
ORD-00783,APP,2026-09-16,2026-09-17,Fresh,OUT061,,Matara,Peliyagoda,rear_dock,normal,,05:00,07:30,Frozen Food,chilled,23,223.1,1.64,in_transit,,,
ORD-00784,APP,2026-08-29,2026-09-29,Fresh,OUT061,,Matara,Peliyagoda,rear_dock,normal,,05:00,07:30,Fresh Produce,ambient,100,81.2,0.66,approved,,,
ORD-00785,APP,2026-09-15,2026-10-02,Fresh,OUT061,,Matara,Peliyagoda,rear_dock,normal,,05:00,07:30,Fresh Produce,ambient,48,85.1,1.61,deferred,,,
ORD-00786,APP,2026-09-01,2026-10-02,Fresh,OUT061,,Matara,Peliyagoda,rear_dock,normal,,05:00,07:30,Other Groceries,chilled,33,85.6,1.95,pending_approval,,,
ORD-00787,APP,2026-09-04,2026-09-04,Fresh,OUT061,,Matara,Peliyagoda,rear_dock,normal,,05:00,07:30,Fresh Produce,ambient,74,70.7,0.98,dispatched,,,
ORD-00788,APP,2026-08-29,2026-09-29,Fresh,OUT061,,Matara,Peliyagoda,rear_dock,normal,,05:00,07:30,Fresh Produce,ambient,20,208.7,1.52,deferred,,,
ORD-00789,APP,2026-09-01,2026-09-01,Fresh,OUT061,,Matara,Peliyagoda,rear_dock,normal,,05:00,07:30,Frozen Food,chilled,78,277.3,0.35,delivered,2026-09-01,,
ORD-00790,APP,2026-08-28,2026-08-28,Fresh,OUT061,,Matara,Peliyagoda,rear_dock,normal,,05:00,07:30,Fresh Produce,ambient,120,275.6,0.95,delivered,2026-08-28,,
ORD-00791,APP,2026-09-24,2026-09-25,Fresh,OUT061,,Matara,Peliyagoda,rear_dock,normal,,05:00,07:30,Other Groceries,ambient,123,275.2,0.67,dispatched,,,
ORD-00792,APP,2026-09-17,2026-09-17,Fresh,OUT061,,Matara,Peliyagoda,rear_dock,normal,,05:00,07:30,Fresh Produce,ambient,70,187.7,0.49,delivered,2026-09-18,,
ORD-00793,APP,2026-09-25,2026-09-25,Fresh,OUT061,,Matara,Peliyagoda,rear_dock,normal,,05:00,07:30,Fresh Produce,ambient,22,214.6,0.6,delivered,2026-09-26,,
ORD-00794,APP,2026-09-03,2026-09-03,Fresh,OUT062,,Matara,Peliyagoda,rear_dock,normal,,05:30,08:00,Fresh Produce,ambient,37,191.3,0.86,delivered,2026-09-03,,
ORD-00795,APP,2026-09-14,2026-09-30,Fresh,OUT062,,Matara,Peliyagoda,rear_dock,normal,,05:30,08:00,Frozen Food,chilled,65,216.5,0.94,pending_approval,,,
ORD-00796,APP,2026-09-24,2026-09-28,Fresh,OUT062,,Matara,Peliyagoda,rear_dock,normal,,05:30,08:00,Fresh Produce,ambient,84,126.2,1.82,cancelled,,,
ORD-00797,APP,2026-09-10,2026-09-29,Fresh,OUT062,,Matara,Peliyagoda,rear_dock,normal,,05:30,08:00,Fresh Produce,chilled,43,122.6,0.58,cancelled,,,
ORD-00798,APP,2026-09-09,2026-09-10,Fresh,OUT062,,Matara,Peliyagoda,rear_dock,normal,,05:30,08:00,Frozen Food,chilled,102,213.5,2.03,delivered,2026-09-10,,
ORD-00799,APP,2026-09-24,2026-10-02,Fresh,OUT062,,Matara,Peliyagoda,rear_dock,normal,,05:30,08:00,Frozen Food,chilled,75,31.7,1.19,pending_planning,,,
ORD-00800,APP,2026-09-20,2026-10-01,Fresh,OUT062,,Matara,Peliyagoda,rear_dock,normal,,05:30,08:00,Frozen Food,chilled,148,133.6,2.04,approved,,,
ORD-00801,APP,2026-09-11,2026-09-28,Fresh,OUT062,,Matara,Peliyagoda,rear_dock,normal,,05:30,08:00,Frozen Food,chilled,129,82.2,1.91,pending_planning,,,
ORD-00802,APP,2026-09-13,2026-09-14,Fresh,OUT062,,Matara,Peliyagoda,rear_dock,normal,,05:30,08:00,Frozen Food,chilled,95,230.4,0.69,delivered,2026-09-15,,
ORD-00803,APP,2026-09-19,2026-09-28,Fresh,OUT062,,Matara,Peliyagoda,rear_dock,normal,,05:30,08:00,Fresh Produce,ambient,29,164.3,0.86,pending_approval,,,
ORD-00804,APP,2026-09-26,2026-09-27,Fresh,OUT062,,Matara,Peliyagoda,rear_dock,normal,,05:30,08:00,Frozen Food,chilled,117,223.7,0.3,delivered,2026-09-27,,
ORD-00805,APP,2026-09-13,2026-09-28,Fresh,OUT062,,Matara,Peliyagoda,rear_dock,normal,,05:30,08:00,Other Groceries,ambient,55,219.4,0.29,deferred,,,
ORD-00806,APP,2026-08-29,2026-09-30,Fresh,OUT062,,Matara,Peliyagoda,rear_dock,normal,,05:30,08:00,Fresh Produce,ambient,64,38.8,1.86,loading,,,
ORD-00807,APP,2026-08-29,2026-08-30,Style,OUT063,,Matara,Peliyagoda,street,normal,,09:00,17:00,Women,ambient,78,124.8,3.94,in_transit,,,
ORD-00808,APP,2026-09-17,2026-10-02,Style,OUT063,,Matara,Peliyagoda,street,normal,,09:00,17:00,Women,ambient,65,175.2,1.49,cancelled,,,
ORD-00809,APP,2026-08-28,2026-09-28,Style,OUT063,,Matara,Peliyagoda,street,normal,,09:00,17:00,Footwear,ambient,24,195.7,2.9,pending_planning,,,
ORD-00810,APP,2026-09-24,2026-10-01,Style,OUT063,,Matara,Peliyagoda,street,normal,,09:00,17:00,Accessories,ambient,44,128.2,1.95,pending_approval,,,
ORD-00811,APP,2026-09-01,2026-09-30,Style,OUT063,,Matara,Peliyagoda,street,normal,,09:00,17:00,Footwear,ambient,44,54.1,1.3,pending_approval,,,
ORD-00812,APP,2026-09-22,2026-10-01,Style,OUT063,,Matara,Peliyagoda,street,normal,,09:00,17:00,Women,ambient,28,176.1,1.76,pending_planning,,,
ORD-00813,APP,2026-09-10,2026-10-01,Style,OUT063,,Matara,Peliyagoda,street,normal,,09:00,17:00,Women,ambient,44,58.9,2.02,approved,,,
ORD-00814,APP,2026-09-17,2026-09-17,Style,OUT063,,Matara,Peliyagoda,street,normal,,09:00,17:00,Kids,ambient,73,68.5,0.64,dispatched,,,
ORD-00815,APP,2026-09-20,2026-09-21,Style,OUT063,,Matara,Peliyagoda,street,normal,,09:00,17:00,Footwear,ambient,40,192.9,4.23,delivered,2026-09-22,,
ORD-00816,APP,2026-09-16,2026-09-28,Style,OUT063,,Matara,Peliyagoda,street,normal,,09:00,17:00,Men,ambient,5,88.0,3.8,approved,,,
ORD-00817,APP,2026-09-10,2026-09-29,Style,OUT063,,Matara,Peliyagoda,street,normal,,09:00,17:00,Accessories,ambient,16,54.5,2.91,pending_planning,,,
ORD-00818,APP,2026-08-24,2026-09-28,Style,OUT063,,Matara,Peliyagoda,street,normal,,09:00,17:00,Women,ambient,11,113.8,1.51,pending_approval,,,
ORD-00819,APP,2026-09-05,2026-09-06,Style,OUT063,,Matara,Peliyagoda,street,normal,,09:00,17:00,Kids,ambient,34,158.4,2.42,delivered,2026-09-07,,
ORD-00820,APP,2026-08-29,2026-08-30,Tech,OUT064,,Matara,Peliyagoda,rear_dock,normal,,09:00,17:00,Tablets,ambient,8,43.1,4.86,delivered,2026-08-30,,
ORD-00821,APP,2026-09-15,2026-09-15,Tech,OUT064,,Matara,Peliyagoda,rear_dock,normal,,09:00,17:00,Storage,ambient,28,241.8,3.35,dispatched,,,
ORD-00822,APP,2026-09-13,2026-10-02,Tech,OUT064,,Matara,Peliyagoda,rear_dock,normal,,09:00,17:00,Audio,ambient,26,201.2,5.0,deferred,,,
ORD-00823,APP,2026-09-19,2026-09-30,Tech,OUT064,,Matara,Peliyagoda,rear_dock,normal,,09:00,17:00,Mobile Phones,ambient,28,127.5,2.84,deferred,,,
ORD-00824,APP,2026-08-28,2026-09-28,Tech,OUT064,,Matara,Peliyagoda,rear_dock,normal,,09:00,17:00,Audio,ambient,14,205.1,0.9,pending_planning,,,
ORD-00825,APP,2026-08-25,2026-08-25,Tech,OUT064,,Matara,Peliyagoda,rear_dock,normal,,09:00,17:00,Networking,ambient,20,282.3,4.86,delivered,2026-08-26,,
ORD-00826,APP,2026-09-04,2026-09-05,Tech,OUT064,,Matara,Peliyagoda,rear_dock,normal,,09:00,17:00,Audio,ambient,10,143.6,3.74,delivered,2026-09-05,,
ORD-00827,APP,2026-09-21,2026-10-01,Tech,OUT064,,Matara,Peliyagoda,rear_dock,normal,,09:00,17:00,Tablets,ambient,9,173.4,3.37,deferred,,,
ORD-00828,APP,2026-09-11,2026-09-12,Tech,OUT064,,Matara,Peliyagoda,rear_dock,normal,,09:00,17:00,Networking,ambient,18,319.7,1.01,delivered,2026-09-12,,
ORD-00829,APP,2026-09-14,2026-09-14,Tech,OUT064,,Matara,Peliyagoda,rear_dock,normal,,09:00,17:00,Tablets,ambient,27,18.7,4.28,delivered,2026-09-15,,
ORD-00830,APP,2026-08-23,2026-09-29,Tech,OUT064,,Matara,Peliyagoda,rear_dock,normal,,09:00,17:00,Computing,ambient,14,208.3,2.95,pending_load,,,
ORD-00831,APP,2026-09-02,2026-09-29,Tech,OUT064,,Matara,Peliyagoda,rear_dock,normal,,09:00,17:00,Mobile Phones,ambient,23,331.3,3.53,approved,,,
ORD-00832,APP,2026-09-03,2026-09-30,Tech,OUT064,,Matara,Peliyagoda,rear_dock,normal,,09:00,17:00,Laptops,ambient,14,292.5,4.1,deferred,,,
ORD-00833,APP,2026-09-19,2026-09-19,Fresh,OUT065,,Kurunegala,Peliyagoda,rear_dock,normal,,05:30,08:00,Other Groceries,ambient,126,182.1,0.25,delivered,2026-09-20,,
ORD-00834,APP,2026-08-25,2026-09-28,Fresh,OUT065,,Kurunegala,Peliyagoda,rear_dock,normal,,05:30,08:00,Fresh Produce,ambient,133,258.7,0.28,pending_approval,,,
ORD-00835,APP,2026-08-26,2026-08-27,Fresh,OUT065,,Kurunegala,Peliyagoda,rear_dock,normal,,05:30,08:00,Frozen Food,chilled,59,71.0,2.19,in_transit,,,
ORD-00836,APP,2026-09-25,2026-09-30,Fresh,OUT065,,Kurunegala,Peliyagoda,rear_dock,normal,,05:30,08:00,Fresh Produce,ambient,28,221.6,0.23,pending_approval,,,
ORD-00837,APP,2026-08-26,2026-08-27,Fresh,OUT065,,Kurunegala,Peliyagoda,rear_dock,normal,,05:30,08:00,Other Groceries,ambient,56,127.9,0.39,dispatched,,,
ORD-00838,APP,2026-09-20,2026-09-21,Fresh,OUT065,,Kurunegala,Peliyagoda,rear_dock,normal,,05:30,08:00,Fresh Produce,chilled,117,37.8,1.92,delivered,2026-09-21,,
ORD-00839,APP,2026-09-19,2026-09-19,Fresh,OUT065,,Kurunegala,Peliyagoda,rear_dock,normal,,05:30,08:00,Fresh Produce,ambient,105,213.8,1.66,delivered,2026-09-20,,
ORD-00840,APP,2026-09-23,2026-10-01,Fresh,OUT065,,Kurunegala,Peliyagoda,rear_dock,normal,,05:30,08:00,Other Groceries,ambient,88,248.2,2.04,loading,,,
ORD-00841,APP,2026-08-30,2026-09-29,Fresh,OUT065,,Kurunegala,Peliyagoda,rear_dock,normal,,05:30,08:00,Other Groceries,ambient,46,278.7,2.07,deferred,,,
ORD-00842,APP,2026-09-02,2026-09-28,Fresh,OUT065,,Kurunegala,Peliyagoda,rear_dock,normal,,05:30,08:00,Fresh Produce,ambient,23,196.0,1.74,approved,,,
ORD-00843,APP,2026-09-13,2026-10-01,Fresh,OUT065,,Kurunegala,Peliyagoda,rear_dock,normal,,05:30,08:00,Other Groceries,ambient,149,60.3,1.3,cancelled,,,
ORD-00844,APP,2026-09-06,2026-10-02,Fresh,OUT065,,Kurunegala,Peliyagoda,rear_dock,normal,,05:30,08:00,Fresh Produce,ambient,37,158.8,0.93,approved,,,
ORD-00845,APP,2026-09-05,2026-10-01,Fresh,OUT065,,Kurunegala,Peliyagoda,rear_dock,normal,,05:30,08:00,Other Groceries,chilled,87,180.4,0.92,pending_approval,,,
ORD-00846,APP,2026-09-04,2026-10-02,Fresh,OUT066,,Kurunegala,Peliyagoda,rear_dock,normal,,04:00,07:45,Frozen Food,chilled,51,200.2,1.73,cancelled,,,
ORD-00847,APP,2026-09-02,2026-09-30,Fresh,OUT066,,Kurunegala,Peliyagoda,rear_dock,normal,,04:00,07:45,Fresh Produce,ambient,93,200.7,0.48,deferred,,,
ORD-00848,APP,2026-09-08,2026-09-28,Fresh,OUT066,,Kurunegala,Peliyagoda,rear_dock,normal,,04:00,07:45,Fresh Produce,ambient,72,191.5,2.09,pending_planning,,,
ORD-00849,APP,2026-09-09,2026-09-09,Fresh,OUT066,,Kurunegala,Peliyagoda,rear_dock,normal,,04:00,07:45,Other Groceries,ambient,40,33.9,0.56,delivered,2026-09-10,,
ORD-00850,APP,2026-09-15,2026-09-30,Fresh,OUT066,,Kurunegala,Peliyagoda,rear_dock,normal,,04:00,07:45,Fresh Produce,ambient,133,79.6,2.19,pending_planning,,,
ORD-00851,APP,2026-09-02,2026-09-29,Fresh,OUT066,,Kurunegala,Peliyagoda,rear_dock,normal,,04:00,07:45,Fresh Produce,ambient,99,241.7,1.63,deferred,,,
ORD-00852,APP,2026-09-06,2026-09-29,Fresh,OUT066,,Kurunegala,Peliyagoda,rear_dock,normal,,04:00,07:45,Frozen Food,chilled,45,37.1,0.54,deferred,,,
ORD-00853,APP,2026-08-24,2026-08-25,Fresh,OUT066,,Kurunegala,Peliyagoda,rear_dock,normal,,04:00,07:45,Fresh Produce,ambient,59,214.3,1.73,delivered,2026-08-25,,
ORD-00854,APP,2026-08-27,2026-08-28,Fresh,OUT066,,Kurunegala,Peliyagoda,rear_dock,normal,,04:00,07:45,Fresh Produce,ambient,135,201.5,1.66,dispatched,,,
ORD-00855,APP,2026-09-01,2026-09-01,Fresh,OUT066,,Kurunegala,Peliyagoda,rear_dock,normal,,04:00,07:45,Fresh Produce,ambient,102,72.7,1.04,in_transit,,,
ORD-00856,APP,2026-09-13,2026-09-14,Fresh,OUT066,,Kurunegala,Peliyagoda,rear_dock,normal,,04:00,07:45,Fresh Produce,ambient,32,167.1,1.32,in_transit,,,
ORD-00857,APP,2026-08-26,2026-09-28,Fresh,OUT066,,Kurunegala,Peliyagoda,rear_dock,normal,,04:00,07:45,Fresh Produce,ambient,97,107.5,2.18,pending_planning,,,
ORD-00858,APP,2026-09-06,2026-09-06,Fresh,OUT066,,Kurunegala,Peliyagoda,rear_dock,normal,,04:00,07:45,Other Groceries,ambient,73,241.5,0.85,delivered,2026-09-07,,
ORD-00859,APP,2026-09-19,2026-10-02,Fresh,OUT067,,Kurunegala,Peliyagoda,rear_dock,normal,,05:00,07:30,Fresh Produce,ambient,45,46.7,1.16,deferred,,,
ORD-00860,APP,2026-09-24,2026-09-28,Fresh,OUT067,,Kurunegala,Peliyagoda,rear_dock,normal,,05:00,07:30,Other Groceries,ambient,101,228.8,1.36,deferred,,,
ORD-00861,APP,2026-09-07,2026-09-08,Fresh,OUT067,,Kurunegala,Peliyagoda,rear_dock,normal,,05:00,07:30,Fresh Produce,ambient,119,163.1,0.97,dispatched,,,
ORD-00862,APP,2026-09-02,2026-10-01,Fresh,OUT067,,Kurunegala,Peliyagoda,rear_dock,normal,,05:00,07:30,Fresh Produce,ambient,99,32.1,1.37,approved,,,
ORD-00863,APP,2026-09-19,2026-09-20,Fresh,OUT067,,Kurunegala,Peliyagoda,rear_dock,normal,,05:00,07:30,Fresh Produce,ambient,136,110.0,0.95,delivered,2026-09-21,,
ORD-00864,APP,2026-09-18,2026-10-02,Fresh,OUT067,,Kurunegala,Peliyagoda,rear_dock,normal,,05:00,07:30,Fresh Produce,ambient,20,28.3,1.73,deferred,,,
ORD-00865,APP,2026-09-23,2026-10-02,Fresh,OUT067,,Kurunegala,Peliyagoda,rear_dock,normal,,05:00,07:30,Fresh Produce,chilled,69,277.8,0.98,deferred,,,
ORD-00866,APP,2026-09-22,2026-09-22,Fresh,OUT067,,Kurunegala,Peliyagoda,rear_dock,normal,,05:00,07:30,Other Groceries,ambient,112,179.7,2.01,delivered,2026-09-23,,
ORD-00867,APP,2026-09-25,2026-09-29,Fresh,OUT067,,Kurunegala,Peliyagoda,rear_dock,normal,,05:00,07:30,Other Groceries,ambient,143,220.8,0.52,pending_planning,,,
ORD-00868,APP,2026-09-10,2026-09-28,Fresh,OUT067,,Kurunegala,Peliyagoda,rear_dock,normal,,05:00,07:30,Fresh Produce,ambient,30,71.2,0.24,pending_approval,,,
ORD-00869,APP,2026-08-24,2026-08-24,Fresh,OUT067,,Kurunegala,Peliyagoda,rear_dock,normal,,05:00,07:30,Fresh Produce,ambient,77,62.9,1.39,dispatched,,,
ORD-00870,APP,2026-09-04,2026-09-05,Fresh,OUT067,,Kurunegala,Peliyagoda,rear_dock,normal,,05:00,07:30,Fresh Produce,ambient,146,61.5,0.47,in_transit,,,
ORD-00871,APP,2026-09-08,2026-09-09,Fresh,OUT067,,Kurunegala,Peliyagoda,rear_dock,normal,,05:00,07:30,Fresh Produce,ambient,80,166.2,1.9,dispatched,,,
ORD-00872,APP,2026-09-05,2026-09-05,Fresh,OUT068,,Kurunegala,Peliyagoda,rear_dock,normal,,03:00,08:00,Other Groceries,ambient,100,240.8,2.04,dispatched,,,
ORD-00873,APP,2026-09-11,2026-09-11,Fresh,OUT068,,Kurunegala,Peliyagoda,rear_dock,normal,,03:00,08:00,Fresh Produce,ambient,32,38.0,0.93,delivered,2026-09-11,,
ORD-00874,APP,2026-09-04,2026-09-28,Fresh,OUT068,,Kurunegala,Peliyagoda,rear_dock,normal,,03:00,08:00,Other Groceries,chilled,62,149.8,1.19,pending_planning,,,
ORD-00875,APP,2026-09-26,2026-09-26,Fresh,OUT068,,Kurunegala,Peliyagoda,rear_dock,normal,,03:00,08:00,Frozen Food,chilled,100,251.3,1.68,delivered,2026-09-27,,
ORD-00876,APP,2026-08-30,2026-10-02,Fresh,OUT068,,Kurunegala,Peliyagoda,rear_dock,normal,,03:00,08:00,Other Groceries,ambient,106,141.1,1.91,pending_planning,,,
ORD-00877,APP,2026-09-23,2026-09-24,Fresh,OUT068,,Kurunegala,Peliyagoda,rear_dock,normal,,03:00,08:00,Frozen Food,chilled,74,213.8,0.69,delivered,2026-09-24,,
ORD-00878,APP,2026-08-29,2026-10-02,Fresh,OUT068,,Kurunegala,Peliyagoda,rear_dock,normal,,03:00,08:00,Other Groceries,chilled,108,138.3,1.81,approved,,,
ORD-00879,APP,2026-09-02,2026-09-28,Fresh,OUT068,,Kurunegala,Peliyagoda,rear_dock,normal,,03:00,08:00,Other Groceries,ambient,100,98.0,0.16,approved,,,
ORD-00880,APP,2026-09-11,2026-09-28,Fresh,OUT068,,Kurunegala,Peliyagoda,rear_dock,normal,,03:00,08:00,Other Groceries,ambient,86,74.7,0.84,pending_planning,,,
ORD-00881,APP,2026-09-11,2026-09-11,Fresh,OUT068,,Kurunegala,Peliyagoda,rear_dock,normal,,03:00,08:00,Frozen Food,chilled,131,205.3,2.17,dispatched,,,
ORD-00882,APP,2026-09-02,2026-10-02,Fresh,OUT068,,Kurunegala,Peliyagoda,rear_dock,normal,,03:00,08:00,Fresh Produce,chilled,56,52.9,0.96,deferred,,,
ORD-00883,APP,2026-09-23,2026-09-24,Fresh,OUT068,,Kurunegala,Peliyagoda,rear_dock,normal,,03:00,08:00,Frozen Food,chilled,134,228.2,2.18,dispatched,,,
ORD-00884,APP,2026-09-03,2026-10-01,Fresh,OUT068,,Kurunegala,Peliyagoda,rear_dock,normal,,03:00,08:00,Fresh Produce,ambient,89,45.5,1.94,loading,,,
ORD-00885,APP,2026-08-30,2026-09-30,Fresh,OUT069,,Kurunegala,Peliyagoda,rear_dock,normal,,05:30,08:00,Other Groceries,ambient,132,48.3,2.19,approved,,,
ORD-00886,APP,2026-08-31,2026-09-01,Fresh,OUT069,,Kurunegala,Peliyagoda,rear_dock,normal,,05:30,08:00,Other Groceries,ambient,94,170.7,0.22,dispatched,,,
ORD-00887,APP,2026-09-17,2026-09-28,Fresh,OUT069,,Kurunegala,Peliyagoda,rear_dock,normal,,05:30,08:00,Fresh Produce,ambient,100,208.6,1.58,loading,,,
ORD-00888,APP,2026-08-26,2026-08-26,Fresh,OUT069,,Kurunegala,Peliyagoda,rear_dock,normal,,05:30,08:00,Frozen Food,chilled,87,33.8,0.91,delivered,2026-08-27,,
ORD-00889,APP,2026-09-15,2026-09-28,Fresh,OUT069,,Kurunegala,Peliyagoda,rear_dock,normal,,05:30,08:00,Fresh Produce,ambient,65,121.9,2.04,approved,,,
ORD-00890,APP,2026-09-03,2026-09-04,Fresh,OUT069,,Kurunegala,Peliyagoda,rear_dock,normal,,05:30,08:00,Other Groceries,chilled,32,239.3,1.03,dispatched,,,
ORD-00891,APP,2026-09-02,2026-09-03,Fresh,OUT069,,Kurunegala,Peliyagoda,rear_dock,normal,,05:30,08:00,Frozen Food,chilled,145,149.0,1.91,delivered,2026-09-04,,
ORD-00892,APP,2026-09-02,2026-09-02,Fresh,OUT069,,Kurunegala,Peliyagoda,rear_dock,normal,,05:30,08:00,Fresh Produce,ambient,24,240.6,0.54,delivered,2026-09-02,,
ORD-00893,APP,2026-08-30,2026-09-28,Fresh,OUT069,,Kurunegala,Peliyagoda,rear_dock,normal,,05:30,08:00,Frozen Food,chilled,28,220.5,0.68,pending_planning,,,
ORD-00894,APP,2026-08-24,2026-08-25,Fresh,OUT069,,Kurunegala,Peliyagoda,rear_dock,normal,,05:30,08:00,Frozen Food,chilled,72,139.0,0.86,dispatched,,,
ORD-00895,APP,2026-09-26,2026-10-02,Fresh,OUT069,,Kurunegala,Peliyagoda,rear_dock,normal,,05:30,08:00,Fresh Produce,ambient,83,136.5,1.52,cancelled,,,
ORD-00896,APP,2026-09-25,2026-09-30,Fresh,OUT069,,Kurunegala,Peliyagoda,rear_dock,normal,,05:30,08:00,Fresh Produce,ambient,148,159.9,1.01,approved,,,
ORD-00897,APP,2026-09-06,2026-09-06,Fresh,OUT069,,Kurunegala,Peliyagoda,rear_dock,normal,,05:30,08:00,Frozen Food,chilled,113,140.8,1.96,delivered,2026-09-07,,
ORD-00898,APP,2026-09-14,2026-10-02,Style,OUT070,,Kurunegala,Peliyagoda,rear_dock,normal,,09:00,17:00,Accessories,ambient,9,37.5,3.24,pending_approval,,,
ORD-00899,APP,2026-09-02,2026-09-03,Style,OUT070,,Kurunegala,Peliyagoda,rear_dock,normal,,09:00,17:00,Kids,ambient,66,234.1,1.39,delivered,2026-09-03,,
ORD-00900,APP,2026-09-26,2026-10-02,Style,OUT070,,Kurunegala,Peliyagoda,rear_dock,normal,,09:00,17:00,Accessories,ambient,31,235.5,1.02,cancelled,,,
ORD-00901,APP,2026-09-04,2026-09-30,Style,OUT070,,Kurunegala,Peliyagoda,rear_dock,normal,,09:00,17:00,Footwear,ambient,60,140.4,0.99,pending_load,,,
ORD-00902,APP,2026-09-11,2026-09-12,Style,OUT070,,Kurunegala,Peliyagoda,rear_dock,normal,,09:00,17:00,Kids,ambient,13,160.6,2.72,delivered,2026-09-12,,
ORD-00903,APP,2026-09-03,2026-09-03,Style,OUT070,,Kurunegala,Peliyagoda,rear_dock,normal,,09:00,17:00,Women,ambient,45,36.3,3.0,delivered,2026-09-04,,
ORD-00904,APP,2026-09-17,2026-09-18,Style,OUT070,,Kurunegala,Peliyagoda,rear_dock,normal,,09:00,17:00,Footwear,ambient,47,55.1,1.46,in_transit,,,
ORD-00905,APP,2026-09-10,2026-09-28,Style,OUT070,,Kurunegala,Peliyagoda,rear_dock,normal,,09:00,17:00,Kids,ambient,12,228.6,0.57,deferred,,,
ORD-00906,APP,2026-09-14,2026-09-15,Style,OUT070,,Kurunegala,Peliyagoda,rear_dock,normal,,09:00,17:00,Accessories,ambient,41,23.8,3.93,dispatched,,,
ORD-00907,APP,2026-09-17,2026-09-30,Style,OUT070,,Kurunegala,Peliyagoda,rear_dock,normal,,09:00,17:00,Men,ambient,29,161.3,4.4,pending_planning,,,
ORD-00908,APP,2026-09-16,2026-09-16,Style,OUT070,,Kurunegala,Peliyagoda,rear_dock,normal,,09:00,17:00,Footwear,ambient,17,102.1,4.45,delivered,2026-09-17,,
ORD-00909,APP,2026-09-25,2026-10-02,Style,OUT070,,Kurunegala,Peliyagoda,rear_dock,normal,,09:00,17:00,Footwear,ambient,8,117.7,3.64,deferred,,,
ORD-00910,APP,2026-09-24,2026-09-28,Style,OUT070,,Kurunegala,Peliyagoda,rear_dock,normal,,09:00,17:00,Women,ambient,21,196.6,0.66,loading,,,
ORD-00911,APP,2026-09-23,2026-09-30,Style,OUT071,,Kurunegala,Peliyagoda,street,normal,,09:00,17:00,Accessories,ambient,62,57.3,2.65,pending_approval,,,
ORD-00912,APP,2026-08-23,2026-08-23,Style,OUT071,,Kurunegala,Peliyagoda,street,normal,,09:00,17:00,Men,ambient,60,27.9,3.2,delivered,2026-08-24,,
ORD-00913,APP,2026-08-24,2026-10-02,Style,OUT071,,Kurunegala,Peliyagoda,street,normal,,09:00,17:00,Accessories,ambient,53,154.4,0.9,approved,,,
ORD-00914,APP,2026-08-25,2026-08-26,Style,OUT071,,Kurunegala,Peliyagoda,street,normal,,09:00,17:00,Men,ambient,37,24.9,4.34,delivered,2026-08-26,,
ORD-00915,APP,2026-09-24,2026-09-28,Style,OUT071,,Kurunegala,Peliyagoda,street,normal,,09:00,17:00,Kids,ambient,58,89.3,1.46,deferred,,,
ORD-00916,APP,2026-09-01,2026-10-01,Style,OUT071,,Kurunegala,Peliyagoda,street,normal,,09:00,17:00,Accessories,ambient,38,40.0,2.94,pending_planning,,,
ORD-00917,APP,2026-09-05,2026-09-06,Style,OUT071,,Kurunegala,Peliyagoda,street,normal,,09:00,17:00,Women,ambient,65,179.4,4.31,delivered,2026-09-07,,
ORD-00918,APP,2026-09-14,2026-09-15,Style,OUT071,,Kurunegala,Peliyagoda,street,normal,,09:00,17:00,Men,ambient,56,93.5,4.29,delivered,2026-09-16,,
ORD-00919,APP,2026-08-24,2026-09-28,Style,OUT071,,Kurunegala,Peliyagoda,street,normal,,09:00,17:00,Footwear,ambient,31,81.6,2.24,deferred,,,
ORD-00920,APP,2026-09-23,2026-09-24,Style,OUT071,,Kurunegala,Peliyagoda,street,normal,,09:00,17:00,Kids,ambient,25,157.5,3.07,delivered,2026-09-24,,
ORD-00921,APP,2026-09-08,2026-09-29,Style,OUT071,,Kurunegala,Peliyagoda,street,normal,,09:00,17:00,Kids,ambient,12,118.1,1.78,approved,,,
ORD-00922,APP,2026-09-09,2026-09-30,Style,OUT071,,Kurunegala,Peliyagoda,street,normal,,09:00,17:00,Men,ambient,21,223.5,1.66,approved,,,
ORD-00923,APP,2026-09-25,2026-09-25,Style,OUT071,,Kurunegala,Peliyagoda,street,normal,,09:00,17:00,Accessories,ambient,58,23.8,2.1,delivered,2026-09-25,,
ORD-00924,APP,2026-09-02,2026-09-30,Tech,OUT072,,Kurunegala,Peliyagoda,rear_dock,normal,,09:00,17:00,Tablets,ambient,13,157.0,1.94,approved,,,
ORD-00925,APP,2026-09-12,2026-09-12,Tech,OUT072,,Kurunegala,Peliyagoda,rear_dock,normal,,09:00,17:00,Tablets,ambient,2,378.8,3.19,delivered,2026-09-12,,
ORD-00926,APP,2026-09-26,2026-09-26,Tech,OUT072,,Kurunegala,Peliyagoda,rear_dock,normal,,09:00,17:00,Audio,ambient,9,156.2,2.31,dispatched,,,
ORD-00927,APP,2026-09-03,2026-09-28,Tech,OUT072,,Kurunegala,Peliyagoda,rear_dock,normal,,09:00,17:00,Tablets,ambient,10,68.9,2.83,pending_approval,,,
ORD-00928,APP,2026-08-26,2026-10-02,Tech,OUT072,,Kurunegala,Peliyagoda,rear_dock,normal,,09:00,17:00,Audio,ambient,4,91.0,0.82,cancelled,,,
ORD-00929,APP,2026-09-18,2026-09-18,Tech,OUT072,,Kurunegala,Peliyagoda,rear_dock,normal,,09:00,17:00,Computing,ambient,19,227.6,4.9,in_transit,,,
ORD-00930,APP,2026-08-29,2026-10-02,Tech,OUT072,,Kurunegala,Peliyagoda,rear_dock,normal,,09:00,17:00,Computing,ambient,5,44.6,2.38,deferred,,,
ORD-00931,APP,2026-09-20,2026-09-20,Tech,OUT072,,Kurunegala,Peliyagoda,rear_dock,normal,,09:00,17:00,Audio,ambient,16,79.2,3.98,delivered,2026-09-20,,
ORD-00932,APP,2026-09-16,2026-09-17,Tech,OUT072,,Kurunegala,Peliyagoda,rear_dock,normal,,09:00,17:00,Networking,ambient,25,182.8,3.91,delivered,2026-09-17,,
ORD-00933,APP,2026-09-21,2026-09-21,Tech,OUT072,,Kurunegala,Peliyagoda,rear_dock,normal,,09:00,17:00,Laptops,ambient,23,327.1,3.46,delivered,2026-09-21,,
ORD-00934,APP,2026-09-07,2026-09-29,Tech,OUT072,,Kurunegala,Peliyagoda,rear_dock,normal,,09:00,17:00,Laptops,ambient,3,392.2,2.17,pending_load,,,
ORD-00935,APP,2026-08-29,2026-10-01,Tech,OUT072,,Kurunegala,Peliyagoda,rear_dock,normal,,09:00,17:00,Audio,ambient,7,50.9,0.58,deferred,,,
ORD-00936,APP,2026-08-31,2026-09-28,Tech,OUT072,,Kurunegala,Peliyagoda,rear_dock,normal,,09:00,17:00,Laptops,ambient,24,337.5,3.41,loading,,,
ORD-00937,APP,2026-09-16,2026-09-16,Fresh,OUT073,,Puttalam,Peliyagoda,rear_dock,normal,,03:00,08:00,Other Groceries,ambient,46,70.2,1.36,delivered,2026-09-17,,
ORD-00938,APP,2026-09-09,2026-09-30,Fresh,OUT073,,Puttalam,Peliyagoda,rear_dock,normal,,03:00,08:00,Frozen Food,chilled,99,257.9,0.85,pending_planning,,,
ORD-00939,APP,2026-09-19,2026-09-19,Fresh,OUT073,,Puttalam,Peliyagoda,rear_dock,normal,,03:00,08:00,Frozen Food,chilled,69,171.4,1.45,delivered,2026-09-20,,
ORD-00940,APP,2026-09-01,2026-09-01,Fresh,OUT073,,Puttalam,Peliyagoda,rear_dock,normal,,03:00,08:00,Other Groceries,ambient,77,205.0,0.92,dispatched,,,
ORD-00941,APP,2026-08-28,2026-08-29,Fresh,OUT073,,Puttalam,Peliyagoda,rear_dock,normal,,03:00,08:00,Fresh Produce,ambient,56,262.5,1.41,delivered,2026-08-29,,
ORD-00942,APP,2026-08-30,2026-08-31,Fresh,OUT073,,Puttalam,Peliyagoda,rear_dock,normal,,03:00,08:00,Fresh Produce,ambient,73,54.6,1.63,delivered,2026-09-01,,
ORD-00943,APP,2026-09-25,2026-09-25,Fresh,OUT073,,Puttalam,Peliyagoda,rear_dock,normal,,03:00,08:00,Frozen Food,chilled,88,119.1,0.5,in_transit,,,
ORD-00944,APP,2026-08-26,2026-08-27,Fresh,OUT073,,Puttalam,Peliyagoda,rear_dock,normal,,03:00,08:00,Frozen Food,chilled,104,108.1,0.99,delivered,2026-08-28,,
ORD-00945,APP,2026-08-26,2026-09-30,Fresh,OUT073,,Puttalam,Peliyagoda,rear_dock,normal,,03:00,08:00,Other Groceries,ambient,125,212.6,0.93,pending_planning,,,
ORD-00946,APP,2026-08-26,2026-08-26,Fresh,OUT073,,Puttalam,Peliyagoda,rear_dock,normal,,03:00,08:00,Frozen Food,chilled,112,125.7,1.57,in_transit,,,
ORD-00947,APP,2026-09-10,2026-10-02,Fresh,OUT073,,Puttalam,Peliyagoda,rear_dock,normal,,03:00,08:00,Other Groceries,ambient,109,52.7,2.11,cancelled,,,
ORD-00948,APP,2026-09-19,2026-09-19,Fresh,OUT073,,Puttalam,Peliyagoda,rear_dock,normal,,03:00,08:00,Frozen Food,chilled,130,58.4,1.41,delivered,2026-09-19,,
ORD-00949,APP,2026-08-28,2026-08-28,Fresh,OUT073,,Puttalam,Peliyagoda,rear_dock,normal,,03:00,08:00,Other Groceries,ambient,83,137.1,1.06,dispatched,,,
ORD-00950,APP,2026-09-24,2026-09-24,Fresh,OUT074,,Puttalam,Peliyagoda,rear_dock,normal,,05:30,08:00,Fresh Produce,chilled,125,252.6,0.67,delivered,2026-09-24,,
ORD-00951,APP,2026-09-05,2026-09-29,Fresh,OUT074,,Puttalam,Peliyagoda,rear_dock,normal,,05:30,08:00,Fresh Produce,ambient,53,98.3,0.91,pending_load,,,
ORD-00952,APP,2026-09-13,2026-09-28,Fresh,OUT074,,Puttalam,Peliyagoda,rear_dock,normal,,05:30,08:00,Frozen Food,chilled,21,273.8,0.49,pending_load,,,
ORD-00953,APP,2026-09-17,2026-09-28,Fresh,OUT074,,Puttalam,Peliyagoda,rear_dock,normal,,05:30,08:00,Fresh Produce,ambient,147,174.1,1.23,cancelled,,,
ORD-00954,APP,2026-09-22,2026-09-22,Fresh,OUT074,,Puttalam,Peliyagoda,rear_dock,normal,,05:30,08:00,Other Groceries,ambient,34,244.3,1.78,in_transit,,,
ORD-00955,APP,2026-09-23,2026-09-29,Fresh,OUT074,,Puttalam,Peliyagoda,rear_dock,normal,,05:30,08:00,Fresh Produce,ambient,132,144.2,0.7,deferred,,,
ORD-00956,APP,2026-08-29,2026-08-29,Fresh,OUT074,,Puttalam,Peliyagoda,rear_dock,normal,,05:30,08:00,Other Groceries,ambient,106,115.0,0.8,delivered,2026-08-30,,
ORD-00957,APP,2026-09-22,2026-09-30,Fresh,OUT074,,Puttalam,Peliyagoda,rear_dock,normal,,05:30,08:00,Fresh Produce,ambient,82,183.4,0.89,deferred,,,
ORD-00958,APP,2026-09-21,2026-09-21,Fresh,OUT074,,Puttalam,Peliyagoda,rear_dock,normal,,05:30,08:00,Fresh Produce,ambient,41,68.3,1.73,delivered,2026-09-21,,
ORD-00959,APP,2026-09-23,2026-10-02,Fresh,OUT074,,Puttalam,Peliyagoda,rear_dock,normal,,05:30,08:00,Other Groceries,ambient,106,246.8,1.25,pending_planning,,,
ORD-00960,APP,2026-09-25,2026-10-02,Fresh,OUT074,,Puttalam,Peliyagoda,rear_dock,normal,,05:30,08:00,Fresh Produce,ambient,108,193.2,1.37,pending_load,,,
ORD-00961,APP,2026-09-02,2026-09-03,Fresh,OUT074,,Puttalam,Peliyagoda,rear_dock,normal,,05:30,08:00,Frozen Food,chilled,69,114.1,1.69,delivered,2026-09-03,,
ORD-00962,APP,2026-09-06,2026-10-01,Fresh,OUT074,,Puttalam,Peliyagoda,rear_dock,normal,,05:30,08:00,Fresh Produce,ambient,123,81.8,0.27,pending_planning,,,
ORD-00963,APP,2026-09-05,2026-09-05,Fresh,OUT075,,Puttalam,Peliyagoda,rear_dock,normal,,03:00,08:00,Fresh Produce,ambient,39,49.1,1.23,delivered,2026-09-05,,
ORD-00964,APP,2026-09-17,2026-09-17,Fresh,OUT075,,Puttalam,Peliyagoda,rear_dock,normal,,03:00,08:00,Other Groceries,chilled,58,101.3,1.11,delivered,2026-09-18,,
ORD-00965,APP,2026-09-08,2026-09-28,Fresh,OUT075,,Puttalam,Peliyagoda,rear_dock,normal,,03:00,08:00,Other Groceries,ambient,50,244.6,0.61,pending_approval,,,
ORD-00966,APP,2026-08-24,2026-10-01,Fresh,OUT075,,Puttalam,Peliyagoda,rear_dock,normal,,03:00,08:00,Frozen Food,chilled,123,97.6,1.66,loading,,,
ORD-00967,APP,2026-09-26,2026-10-01,Fresh,OUT075,,Puttalam,Peliyagoda,rear_dock,normal,,03:00,08:00,Frozen Food,chilled,86,198.2,0.33,cancelled,,,
ORD-00968,APP,2026-09-24,2026-09-25,Fresh,OUT075,,Puttalam,Peliyagoda,rear_dock,normal,,03:00,08:00,Fresh Produce,ambient,146,61.6,1.27,delivered,2026-09-25,,
ORD-00969,APP,2026-09-16,2026-09-17,Fresh,OUT075,,Puttalam,Peliyagoda,rear_dock,normal,,03:00,08:00,Fresh Produce,ambient,118,158.0,1.19,delivered,2026-09-18,,
ORD-00970,APP,2026-09-07,2026-09-30,Fresh,OUT075,,Puttalam,Peliyagoda,rear_dock,normal,,03:00,08:00,Frozen Food,chilled,137,84.0,0.88,pending_planning,,,
ORD-00971,APP,2026-08-25,2026-08-25,Fresh,OUT075,,Puttalam,Peliyagoda,rear_dock,normal,,03:00,08:00,Fresh Produce,chilled,121,81.3,0.29,delivered,2026-08-26,,
ORD-00972,APP,2026-09-12,2026-09-13,Fresh,OUT075,,Puttalam,Peliyagoda,rear_dock,normal,,03:00,08:00,Fresh Produce,ambient,118,251.9,0.63,dispatched,,,
ORD-00973,APP,2026-09-21,2026-09-21,Fresh,OUT075,,Puttalam,Peliyagoda,rear_dock,normal,,03:00,08:00,Fresh Produce,ambient,86,225.4,1.01,delivered,2026-09-21,,
ORD-00974,APP,2026-09-19,2026-09-20,Fresh,OUT075,,Puttalam,Peliyagoda,rear_dock,normal,,03:00,08:00,Fresh Produce,chilled,44,275.1,0.16,dispatched,,,
ORD-00975,APP,2026-08-26,2026-10-01,Fresh,OUT075,,Puttalam,Peliyagoda,rear_dock,normal,,03:00,08:00,Fresh Produce,ambient,70,193.9,0.21,approved,,,
ORD-00976,APP,2026-09-09,2026-09-10,Fresh,OUT076,,Kandy,Kandy,street,van_only,,03:00,08:00,Frozen Food,chilled,80,244.3,2.02,dispatched,,,
ORD-00977,APP,2026-09-17,2026-09-17,Fresh,OUT076,,Kandy,Kandy,street,van_only,,03:00,08:00,Frozen Food,chilled,75,247.8,1.12,delivered,2026-09-18,,
ORD-00978,APP,2026-09-13,2026-09-14,Fresh,OUT076,,Kandy,Kandy,street,van_only,,03:00,08:00,Other Groceries,ambient,22,180.9,1.62,in_transit,,,
ORD-00979,APP,2026-09-04,2026-09-28,Fresh,OUT076,,Kandy,Kandy,street,van_only,,03:00,08:00,Fresh Produce,ambient,55,139.3,1.38,deferred,,,
ORD-00980,APP,2026-09-13,2026-09-13,Fresh,OUT076,,Kandy,Kandy,street,van_only,,03:00,08:00,Frozen Food,chilled,56,183.3,2.19,delivered,2026-09-13,,
ORD-00981,APP,2026-09-12,2026-09-12,Fresh,OUT076,,Kandy,Kandy,street,van_only,,03:00,08:00,Frozen Food,chilled,49,273.8,1.31,delivered,2026-09-12,,
ORD-00982,APP,2026-09-23,2026-09-24,Fresh,OUT076,,Kandy,Kandy,street,van_only,,03:00,08:00,Frozen Food,chilled,125,82.2,1.06,delivered,2026-09-24,,
ORD-00983,APP,2026-08-27,2026-10-02,Fresh,OUT076,,Kandy,Kandy,street,van_only,,03:00,08:00,Frozen Food,chilled,34,164.3,1.33,pending_planning,,,
ORD-00984,APP,2026-09-05,2026-09-05,Fresh,OUT076,,Kandy,Kandy,street,van_only,,03:00,08:00,Frozen Food,chilled,125,56.4,1.72,delivered,2026-09-05,,
ORD-00985,APP,2026-09-02,2026-09-02,Fresh,OUT076,,Kandy,Kandy,street,van_only,,03:00,08:00,Fresh Produce,ambient,122,90.9,2.1,in_transit,,,
ORD-00986,APP,2026-09-19,2026-09-20,Fresh,OUT076,,Kandy,Kandy,street,van_only,,03:00,08:00,Fresh Produce,ambient,88,97.4,2.1,delivered,2026-09-21,,
ORD-00987,APP,2026-08-23,2026-08-24,Fresh,OUT076,,Kandy,Kandy,street,van_only,,03:00,08:00,Other Groceries,chilled,115,148.1,1.43,delivered,2026-08-24,,
ORD-00988,APP,2026-09-13,2026-10-01,Fresh,OUT076,,Kandy,Kandy,street,van_only,,03:00,08:00,Frozen Food,chilled,55,184.6,1.75,approved,,,
ORD-00989,APP,2026-09-24,2026-09-24,Fresh,OUT077,,Kandy,Kandy,street,van_only,,05:00,07:30,Other Groceries,ambient,94,47.8,1.95,delivered,2026-09-24,,
ORD-00990,APP,2026-09-11,2026-09-12,Fresh,OUT077,,Kandy,Kandy,street,van_only,,05:00,07:30,Other Groceries,ambient,42,82.5,0.51,delivered,2026-09-13,,
ORD-00991,APP,2026-09-25,2026-09-26,Fresh,OUT077,,Kandy,Kandy,street,van_only,,05:00,07:30,Fresh Produce,ambient,123,198.3,1.11,delivered,2026-09-26,,
ORD-00992,APP,2026-08-27,2026-08-28,Fresh,OUT077,,Kandy,Kandy,street,van_only,,05:00,07:30,Frozen Food,chilled,119,127.5,2.16,delivered,2026-08-28,,
ORD-00993,APP,2026-08-29,2026-08-29,Fresh,OUT077,,Kandy,Kandy,street,van_only,,05:00,07:30,Frozen Food,chilled,53,228.7,0.65,delivered,2026-08-30,,
ORD-00994,APP,2026-08-26,2026-10-02,Fresh,OUT077,,Kandy,Kandy,street,van_only,,05:00,07:30,Frozen Food,chilled,39,161.5,1.84,pending_load,,,
ORD-00995,APP,2026-08-31,2026-09-01,Fresh,OUT077,,Kandy,Kandy,street,van_only,,05:00,07:30,Fresh Produce,ambient,29,140.2,0.36,in_transit,,,
ORD-00996,APP,2026-09-13,2026-09-14,Fresh,OUT077,,Kandy,Kandy,street,van_only,,05:00,07:30,Fresh Produce,ambient,99,85.9,0.16,delivered,2026-09-15,,
ORD-00997,APP,2026-09-02,2026-09-29,Fresh,OUT077,,Kandy,Kandy,street,van_only,,05:00,07:30,Other Groceries,ambient,92,269.0,2.19,deferred,,,
ORD-00998,APP,2026-09-25,2026-09-25,Fresh,OUT077,,Kandy,Kandy,street,van_only,,05:00,07:30,Frozen Food,chilled,99,104.7,1.72,delivered,2026-09-25,,
ORD-00999,APP,2026-09-07,2026-09-07,Fresh,OUT077,,Kandy,Kandy,street,van_only,,05:00,07:30,Fresh Produce,ambient,140,233.6,0.62,delivered,2026-09-08,,
ORD-01000,APP,2026-08-25,2026-08-25,Fresh,OUT077,,Kandy,Kandy,street,van_only,,05:00,07:30,Other Groceries,ambient,24,197.4,1.83,dispatched,,,
ORD-01001,APP,2026-08-30,2026-10-01,Fresh,OUT077,,Kandy,Kandy,street,van_only,,05:00,07:30,Fresh Produce,chilled,129,37.6,1.12,pending_approval,,,
ORD-01002,APP,2026-08-30,2026-09-28,Fresh,OUT078,,Kandy,Kandy,street,van_only,,03:00,08:00,Fresh Produce,ambient,31,253.4,0.61,loading,,,
ORD-01003,APP,2026-09-03,2026-09-03,Fresh,OUT078,,Kandy,Kandy,street,van_only,,03:00,08:00,Other Groceries,ambient,54,148.8,1.55,delivered,2026-09-03,,
ORD-01004,APP,2026-09-05,2026-10-01,Fresh,OUT078,,Kandy,Kandy,street,van_only,,03:00,08:00,Other Groceries,ambient,33,219.6,1.55,pending_planning,,,
ORD-01005,APP,2026-09-16,2026-09-30,Fresh,OUT078,,Kandy,Kandy,street,van_only,,03:00,08:00,Frozen Food,chilled,84,223.6,0.65,approved,,,
ORD-01006,APP,2026-09-23,2026-09-23,Fresh,OUT078,,Kandy,Kandy,street,van_only,,03:00,08:00,Fresh Produce,ambient,76,268.1,1.86,delivered,2026-09-23,,
ORD-01007,APP,2026-09-10,2026-09-29,Fresh,OUT078,,Kandy,Kandy,street,van_only,,03:00,08:00,Fresh Produce,ambient,76,248.4,1.6,pending_load,,,
ORD-01008,APP,2026-09-20,2026-09-21,Fresh,OUT078,,Kandy,Kandy,street,van_only,,03:00,08:00,Fresh Produce,ambient,40,230.8,0.84,in_transit,,,
ORD-01009,APP,2026-08-26,2026-09-30,Fresh,OUT078,,Kandy,Kandy,street,van_only,,03:00,08:00,Fresh Produce,ambient,134,175.2,1.1,approved,,,
ORD-01010,APP,2026-09-16,2026-10-02,Fresh,OUT078,,Kandy,Kandy,street,van_only,,03:00,08:00,Fresh Produce,ambient,107,249.5,0.69,deferred,,,
ORD-01011,APP,2026-09-03,2026-09-30,Fresh,OUT078,,Kandy,Kandy,street,van_only,,03:00,08:00,Other Groceries,chilled,71,186.4,1.08,deferred,,,
ORD-01012,APP,2026-08-30,2026-08-31,Fresh,OUT078,,Kandy,Kandy,street,van_only,,03:00,08:00,Fresh Produce,ambient,110,130.9,1.52,delivered,2026-09-01,,
ORD-01013,APP,2026-09-01,2026-09-02,Fresh,OUT078,,Kandy,Kandy,street,van_only,,03:00,08:00,Fresh Produce,ambient,146,196.1,1.16,in_transit,,,
ORD-01014,APP,2026-09-13,2026-09-30,Fresh,OUT078,,Kandy,Kandy,street,van_only,,03:00,08:00,Fresh Produce,ambient,24,279.6,1.26,pending_planning,,,
ORD-01015,APP,2026-09-14,2026-09-15,Fresh,OUT079,,Kandy,Kandy,street,van_only,,04:00,07:45,Other Groceries,ambient,103,35.6,1.65,delivered,2026-09-16,,
ORD-01016,APP,2026-08-25,2026-08-26,Fresh,OUT079,,Kandy,Kandy,street,van_only,,04:00,07:45,Fresh Produce,chilled,134,258.0,1.75,delivered,2026-08-27,,
ORD-01017,APP,2026-09-23,2026-09-23,Fresh,OUT079,,Kandy,Kandy,street,van_only,,04:00,07:45,Fresh Produce,ambient,113,69.4,0.45,in_transit,,,
ORD-01018,APP,2026-09-03,2026-09-28,Fresh,OUT079,,Kandy,Kandy,street,van_only,,04:00,07:45,Frozen Food,chilled,73,189.5,0.32,approved,,,
ORD-01019,APP,2026-09-16,2026-09-28,Fresh,OUT079,,Kandy,Kandy,street,van_only,,04:00,07:45,Frozen Food,chilled,60,48.3,1.02,cancelled,,,
ORD-01020,APP,2026-08-29,2026-08-30,Fresh,OUT079,,Kandy,Kandy,street,van_only,,04:00,07:45,Other Groceries,ambient,100,259.1,2.17,delivered,2026-08-30,,
ORD-01021,APP,2026-09-14,2026-09-29,Fresh,OUT079,,Kandy,Kandy,street,van_only,,04:00,07:45,Fresh Produce,ambient,113,170.3,1.19,cancelled,,,
ORD-01022,APP,2026-09-16,2026-09-28,Fresh,OUT079,,Kandy,Kandy,street,van_only,,04:00,07:45,Frozen Food,chilled,43,221.4,1.46,approved,,,
ORD-01023,APP,2026-09-11,2026-09-30,Fresh,OUT079,,Kandy,Kandy,street,van_only,,04:00,07:45,Frozen Food,chilled,65,265.4,1.75,pending_load,,,
ORD-01024,APP,2026-08-29,2026-10-02,Fresh,OUT079,,Kandy,Kandy,street,van_only,,04:00,07:45,Fresh Produce,ambient,139,49.1,1.2,approved,,,
ORD-01025,APP,2026-09-06,2026-09-30,Fresh,OUT079,,Kandy,Kandy,street,van_only,,04:00,07:45,Frozen Food,chilled,118,185.9,0.7,approved,,,
ORD-01026,APP,2026-09-23,2026-09-24,Fresh,OUT079,,Kandy,Kandy,street,van_only,,04:00,07:45,Frozen Food,chilled,68,242.1,1.38,dispatched,,,
ORD-01027,APP,2026-09-05,2026-10-01,Fresh,OUT079,,Kandy,Kandy,street,van_only,,04:00,07:45,Frozen Food,chilled,148,109.3,2.07,deferred,,,
ORD-01028,APP,2026-09-24,2026-09-25,Fresh,OUT080,,Kandy,Kandy,street,van_only,,05:30,08:00,Fresh Produce,chilled,120,264.8,0.82,delivered,2026-09-26,,
ORD-01029,APP,2026-09-18,2026-09-18,Fresh,OUT080,,Kandy,Kandy,street,van_only,,05:30,08:00,Other Groceries,ambient,68,36.4,1.22,delivered,2026-09-19,,
ORD-01030,APP,2026-09-12,2026-09-28,Fresh,OUT080,,Kandy,Kandy,street,van_only,,05:30,08:00,Fresh Produce,ambient,41,160.5,0.45,loading,,,
ORD-01031,APP,2026-09-15,2026-09-28,Fresh,OUT080,,Kandy,Kandy,street,van_only,,05:30,08:00,Fresh Produce,ambient,78,28.2,1.57,cancelled,,,
ORD-01032,APP,2026-09-22,2026-10-01,Fresh,OUT080,,Kandy,Kandy,street,van_only,,05:30,08:00,Other Groceries,ambient,63,184.5,0.29,approved,,,
ORD-01033,APP,2026-09-15,2026-09-16,Fresh,OUT080,,Kandy,Kandy,street,van_only,,05:30,08:00,Other Groceries,ambient,129,173.6,0.18,delivered,2026-09-16,,
ORD-01034,APP,2026-09-25,2026-09-25,Fresh,OUT080,,Kandy,Kandy,street,van_only,,05:30,08:00,Other Groceries,ambient,148,176.7,1.71,delivered,2026-09-26,,
ORD-01035,APP,2026-09-22,2026-09-23,Fresh,OUT080,,Kandy,Kandy,street,van_only,,05:30,08:00,Frozen Food,chilled,88,199.3,0.86,delivered,2026-09-23,,
ORD-01036,APP,2026-09-02,2026-10-01,Fresh,OUT080,,Kandy,Kandy,street,van_only,,05:30,08:00,Fresh Produce,ambient,114,62.7,0.29,approved,,,
ORD-01037,APP,2026-09-07,2026-09-28,Fresh,OUT080,,Kandy,Kandy,street,van_only,,05:30,08:00,Frozen Food,chilled,53,58.0,1.51,approved,,,
ORD-01038,APP,2026-09-18,2026-09-19,Fresh,OUT080,,Kandy,Kandy,street,van_only,,05:30,08:00,Fresh Produce,ambient,89,242.2,1.67,delivered,2026-09-20,,
ORD-01039,APP,2026-08-23,2026-09-28,Fresh,OUT080,,Kandy,Kandy,street,van_only,,05:30,08:00,Fresh Produce,ambient,91,174.9,0.17,approved,,,
ORD-01040,APP,2026-09-19,2026-10-02,Fresh,OUT080,,Kandy,Kandy,street,van_only,,05:30,08:00,Fresh Produce,ambient,25,230.9,0.32,cancelled,,,
ORD-01041,APP,2026-09-18,2026-09-18,Fresh,OUT081,,Kandy,Kandy,street,van_only,,03:00,08:00,Other Groceries,ambient,115,155.8,1.3,delivered,2026-09-18,,
ORD-01042,APP,2026-08-30,2026-09-29,Fresh,OUT081,,Kandy,Kandy,street,van_only,,03:00,08:00,Other Groceries,chilled,27,26.6,1.18,approved,,,
ORD-01043,APP,2026-09-11,2026-09-12,Fresh,OUT081,,Kandy,Kandy,street,van_only,,03:00,08:00,Frozen Food,chilled,111,269.5,1.76,delivered,2026-09-13,,
ORD-01044,APP,2026-09-05,2026-09-06,Fresh,OUT081,,Kandy,Kandy,street,van_only,,03:00,08:00,Other Groceries,ambient,61,208.3,1.16,dispatched,,,
ORD-01045,APP,2026-09-14,2026-10-01,Fresh,OUT081,,Kandy,Kandy,street,van_only,,03:00,08:00,Fresh Produce,chilled,100,220.0,0.59,deferred,,,
ORD-01046,APP,2026-09-10,2026-10-01,Fresh,OUT081,,Kandy,Kandy,street,van_only,,03:00,08:00,Frozen Food,chilled,89,162.6,1.02,loading,,,
ORD-01047,APP,2026-09-18,2026-09-18,Fresh,OUT081,,Kandy,Kandy,street,van_only,,03:00,08:00,Fresh Produce,ambient,60,239.0,2.02,delivered,2026-09-19,,
ORD-01048,APP,2026-09-21,2026-10-02,Fresh,OUT081,,Kandy,Kandy,street,van_only,,03:00,08:00,Other Groceries,chilled,34,203.7,2.16,pending_planning,,,
ORD-01049,APP,2026-08-25,2026-08-26,Fresh,OUT081,,Kandy,Kandy,street,van_only,,03:00,08:00,Frozen Food,chilled,23,59.1,1.86,dispatched,,,
ORD-01050,APP,2026-09-03,2026-09-28,Fresh,OUT081,,Kandy,Kandy,street,van_only,,03:00,08:00,Fresh Produce,chilled,73,126.4,1.21,deferred,,,
ORD-01051,APP,2026-09-19,2026-09-28,Fresh,OUT081,,Kandy,Kandy,street,van_only,,03:00,08:00,Fresh Produce,ambient,116,247.6,0.97,approved,,,
ORD-01052,APP,2026-09-23,2026-09-23,Fresh,OUT081,,Kandy,Kandy,street,van_only,,03:00,08:00,Other Groceries,ambient,31,123.3,1.39,delivered,2026-09-23,,
ORD-01053,APP,2026-08-31,2026-09-28,Fresh,OUT081,,Kandy,Kandy,street,van_only,,03:00,08:00,Fresh Produce,chilled,83,97.1,0.76,pending_load,,,
ORD-01054,APP,2026-09-25,2026-09-30,Fresh,OUT082,,Kandy,Kandy,street,van_only,,03:00,08:00,Other Groceries,ambient,108,221.1,1.28,deferred,,,
ORD-01055,APP,2026-09-09,2026-10-01,Fresh,OUT082,,Kandy,Kandy,street,van_only,,03:00,08:00,Frozen Food,chilled,110,202.9,0.93,loading,,,
ORD-01056,APP,2026-08-25,2026-08-26,Fresh,OUT082,,Kandy,Kandy,street,van_only,,03:00,08:00,Fresh Produce,ambient,148,211.3,2.01,delivered,2026-08-27,,
ORD-01057,APP,2026-09-15,2026-09-29,Fresh,OUT082,,Kandy,Kandy,street,van_only,,03:00,08:00,Fresh Produce,ambient,61,149.6,2.14,approved,,,
ORD-01058,APP,2026-09-23,2026-09-23,Fresh,OUT082,,Kandy,Kandy,street,van_only,,03:00,08:00,Other Groceries,ambient,106,37.8,0.37,dispatched,,,
ORD-01059,APP,2026-09-06,2026-09-29,Fresh,OUT082,,Kandy,Kandy,street,van_only,,03:00,08:00,Frozen Food,chilled,133,270.5,0.43,approved,,,
ORD-01060,APP,2026-09-15,2026-09-16,Fresh,OUT082,,Kandy,Kandy,street,van_only,,03:00,08:00,Other Groceries,ambient,92,246.6,0.99,dispatched,,,
ORD-01061,APP,2026-09-25,2026-09-25,Fresh,OUT082,,Kandy,Kandy,street,van_only,,03:00,08:00,Fresh Produce,chilled,73,117.8,1.32,dispatched,,,
ORD-01062,APP,2026-09-08,2026-10-01,Fresh,OUT082,,Kandy,Kandy,street,van_only,,03:00,08:00,Fresh Produce,ambient,126,100.7,1.13,pending_planning,,,
ORD-01063,APP,2026-08-28,2026-09-29,Fresh,OUT082,,Kandy,Kandy,street,van_only,,03:00,08:00,Frozen Food,chilled,85,139.6,0.66,pending_load,,,
ORD-01064,APP,2026-09-20,2026-09-30,Fresh,OUT082,,Kandy,Kandy,street,van_only,,03:00,08:00,Other Groceries,ambient,102,185.0,2.01,pending_approval,,,
ORD-01065,APP,2026-09-21,2026-10-01,Fresh,OUT082,,Kandy,Kandy,street,van_only,,03:00,08:00,Fresh Produce,ambient,121,156.1,0.21,pending_planning,,,
ORD-01066,APP,2026-08-27,2026-09-29,Fresh,OUT082,,Kandy,Kandy,street,van_only,,03:00,08:00,Fresh Produce,chilled,37,257.9,0.77,pending_load,,,
ORD-01067,APP,2026-09-19,2026-10-02,Fresh,OUT083,,Kandy,Kandy,street,van_only,,04:00,07:45,Frozen Food,chilled,128,216.7,1.16,deferred,,,
ORD-01068,APP,2026-09-11,2026-10-02,Fresh,OUT083,,Kandy,Kandy,street,van_only,,04:00,07:45,Frozen Food,chilled,133,230.7,0.27,loading,,,
ORD-01069,APP,2026-09-19,2026-09-19,Fresh,OUT083,,Kandy,Kandy,street,van_only,,04:00,07:45,Fresh Produce,ambient,72,265.2,0.64,dispatched,,,
ORD-01070,APP,2026-09-17,2026-09-18,Fresh,OUT083,,Kandy,Kandy,street,van_only,,04:00,07:45,Frozen Food,chilled,77,190.3,1.96,delivered,2026-09-19,,
ORD-01071,APP,2026-09-22,2026-09-22,Fresh,OUT083,,Kandy,Kandy,street,van_only,,04:00,07:45,Fresh Produce,ambient,56,246.2,0.91,delivered,2026-09-23,,
ORD-01072,APP,2026-09-22,2026-10-01,Fresh,OUT083,,Kandy,Kandy,street,van_only,,04:00,07:45,Fresh Produce,ambient,140,77.2,0.52,pending_planning,,,
ORD-01073,APP,2026-08-27,2026-10-02,Fresh,OUT083,,Kandy,Kandy,street,van_only,,04:00,07:45,Fresh Produce,ambient,85,198.5,0.32,pending_approval,,,
ORD-01074,APP,2026-09-01,2026-09-01,Fresh,OUT083,,Kandy,Kandy,street,van_only,,04:00,07:45,Fresh Produce,ambient,137,166.5,1.37,in_transit,,,
ORD-01075,APP,2026-08-27,2026-10-02,Fresh,OUT083,,Kandy,Kandy,street,van_only,,04:00,07:45,Fresh Produce,ambient,21,230.8,1.53,deferred,,,
ORD-01076,APP,2026-09-22,2026-09-28,Fresh,OUT083,,Kandy,Kandy,street,van_only,,04:00,07:45,Fresh Produce,ambient,61,156.8,1.19,pending_approval,,,
ORD-01077,APP,2026-09-12,2026-10-01,Fresh,OUT083,,Kandy,Kandy,street,van_only,,04:00,07:45,Other Groceries,ambient,61,247.0,1.08,approved,,,
ORD-01078,APP,2026-09-26,2026-09-27,Fresh,OUT083,,Kandy,Kandy,street,van_only,,04:00,07:45,Fresh Produce,ambient,102,252.5,1.14,delivered,2026-09-27,,
ORD-01079,APP,2026-08-23,2026-09-29,Fresh,OUT083,,Kandy,Kandy,street,van_only,,04:00,07:45,Frozen Food,chilled,36,151.9,0.98,deferred,,,
ORD-01080,APP,2026-09-20,2026-09-30,Fresh,OUT084,,Kandy,Kandy,rear_dock,normal,,05:30,08:00,Frozen Food,chilled,94,214.3,0.97,pending_load,,,
ORD-01081,APP,2026-09-10,2026-10-01,Fresh,OUT084,,Kandy,Kandy,rear_dock,normal,,05:30,08:00,Other Groceries,chilled,51,71.4,1.29,deferred,,,
ORD-01082,APP,2026-09-05,2026-09-06,Fresh,OUT084,,Kandy,Kandy,rear_dock,normal,,05:30,08:00,Frozen Food,chilled,62,269.9,0.84,delivered,2026-09-07,,
ORD-01083,APP,2026-09-12,2026-09-28,Fresh,OUT084,,Kandy,Kandy,rear_dock,normal,,05:30,08:00,Fresh Produce,ambient,142,134.3,1.26,pending_planning,,,
ORD-01084,APP,2026-09-15,2026-10-02,Fresh,OUT084,,Kandy,Kandy,rear_dock,normal,,05:30,08:00,Other Groceries,ambient,138,140.3,0.43,pending_approval,,,
ORD-01085,APP,2026-09-17,2026-09-18,Fresh,OUT084,,Kandy,Kandy,rear_dock,normal,,05:30,08:00,Fresh Produce,ambient,146,27.0,1.0,in_transit,,,
ORD-01086,APP,2026-09-17,2026-09-17,Fresh,OUT084,,Kandy,Kandy,rear_dock,normal,,05:30,08:00,Frozen Food,chilled,27,270.8,1.68,in_transit,,,
ORD-01087,APP,2026-09-03,2026-09-04,Fresh,OUT084,,Kandy,Kandy,rear_dock,normal,,05:30,08:00,Fresh Produce,ambient,54,121.9,1.98,in_transit,,,
ORD-01088,APP,2026-09-22,2026-09-28,Fresh,OUT084,,Kandy,Kandy,rear_dock,normal,,05:30,08:00,Fresh Produce,ambient,129,245.8,1.19,deferred,,,
ORD-01089,APP,2026-08-25,2026-08-25,Fresh,OUT084,,Kandy,Kandy,rear_dock,normal,,05:30,08:00,Frozen Food,chilled,144,120.4,2.19,in_transit,,,
ORD-01090,APP,2026-09-06,2026-10-02,Fresh,OUT084,,Kandy,Kandy,rear_dock,normal,,05:30,08:00,Other Groceries,ambient,105,79.4,1.21,approved,,,
ORD-01091,APP,2026-09-10,2026-09-10,Fresh,OUT084,,Kandy,Kandy,rear_dock,normal,,05:30,08:00,Frozen Food,chilled,70,177.7,1.61,delivered,2026-09-11,,
ORD-01092,APP,2026-09-02,2026-09-28,Fresh,OUT084,,Kandy,Kandy,rear_dock,normal,,05:30,08:00,Fresh Produce,ambient,137,194.2,1.61,pending_planning,,,
ORD-01093,APP,2026-09-09,2026-09-10,Fresh,OUT085,,Kandy,Kandy,rear_dock,normal,,05:00,07:30,Other Groceries,ambient,35,275.2,0.82,dispatched,,,
ORD-01094,APP,2026-09-26,2026-09-26,Fresh,OUT085,,Kandy,Kandy,rear_dock,normal,,05:00,07:30,Frozen Food,chilled,87,101.2,0.63,dispatched,,,
ORD-01095,APP,2026-08-28,2026-10-01,Fresh,OUT085,,Kandy,Kandy,rear_dock,normal,,05:00,07:30,Fresh Produce,chilled,122,158.6,0.26,pending_approval,,,
ORD-01096,APP,2026-09-17,2026-10-01,Fresh,OUT085,,Kandy,Kandy,rear_dock,normal,,05:00,07:30,Fresh Produce,ambient,139,62.2,0.75,deferred,,,
ORD-01097,APP,2026-09-02,2026-09-29,Fresh,OUT085,,Kandy,Kandy,rear_dock,normal,,05:00,07:30,Other Groceries,ambient,63,273.7,1.35,cancelled,,,
ORD-01098,APP,2026-09-14,2026-09-28,Fresh,OUT085,,Kandy,Kandy,rear_dock,normal,,05:00,07:30,Frozen Food,chilled,115,128.4,0.34,cancelled,,,
ORD-01099,APP,2026-09-02,2026-09-28,Fresh,OUT085,,Kandy,Kandy,rear_dock,normal,,05:00,07:30,Other Groceries,ambient,94,231.9,1.95,deferred,,,
ORD-01100,APP,2026-09-17,2026-09-30,Fresh,OUT085,,Kandy,Kandy,rear_dock,normal,,05:00,07:30,Fresh Produce,ambient,44,124.3,0.64,pending_load,,,
ORD-01101,APP,2026-08-29,2026-08-29,Fresh,OUT085,,Kandy,Kandy,rear_dock,normal,,05:00,07:30,Fresh Produce,chilled,26,104.3,0.56,delivered,2026-08-30,,
ORD-01102,APP,2026-09-06,2026-09-29,Fresh,OUT085,,Kandy,Kandy,rear_dock,normal,,05:00,07:30,Frozen Food,chilled,100,175.9,0.81,cancelled,,,
ORD-01103,APP,2026-09-09,2026-09-09,Fresh,OUT085,,Kandy,Kandy,rear_dock,normal,,05:00,07:30,Other Groceries,ambient,141,27.0,2.2,delivered,2026-09-10,,
ORD-01104,APP,2026-09-02,2026-09-03,Fresh,OUT085,,Kandy,Kandy,rear_dock,normal,,05:00,07:30,Fresh Produce,ambient,94,43.3,1.65,delivered,2026-09-04,,
ORD-01105,APP,2026-09-20,2026-09-21,Fresh,OUT085,,Kandy,Kandy,rear_dock,normal,,05:00,07:30,Frozen Food,chilled,62,117.8,0.46,delivered,2026-09-22,,
ORD-01106,APP,2026-09-02,2026-09-02,Fresh,OUT086,,Kandy,Kandy,rear_dock,normal,,03:00,08:00,Fresh Produce,ambient,116,279.5,2.05,delivered,2026-09-03,,
ORD-01107,APP,2026-09-24,2026-09-24,Fresh,OUT086,,Kandy,Kandy,rear_dock,normal,,03:00,08:00,Fresh Produce,chilled,144,96.9,0.38,in_transit,,,
ORD-01108,APP,2026-08-24,2026-08-24,Fresh,OUT086,,Kandy,Kandy,rear_dock,normal,,03:00,08:00,Fresh Produce,ambient,119,52.8,0.89,dispatched,,,
ORD-01109,APP,2026-09-07,2026-09-29,Fresh,OUT086,,Kandy,Kandy,rear_dock,normal,,03:00,08:00,Other Groceries,chilled,69,261.6,0.97,pending_planning,,,
ORD-01110,APP,2026-09-03,2026-09-29,Fresh,OUT086,,Kandy,Kandy,rear_dock,normal,,03:00,08:00,Other Groceries,ambient,67,159.0,0.37,approved,,,
ORD-01111,APP,2026-09-04,2026-09-04,Fresh,OUT086,,Kandy,Kandy,rear_dock,normal,,03:00,08:00,Fresh Produce,ambient,105,232.1,1.03,delivered,2026-09-05,,
ORD-01112,APP,2026-09-11,2026-09-11,Fresh,OUT086,,Kandy,Kandy,rear_dock,normal,,03:00,08:00,Fresh Produce,ambient,143,228.5,1.34,delivered,2026-09-12,,
ORD-01113,APP,2026-08-24,2026-09-29,Fresh,OUT086,,Kandy,Kandy,rear_dock,normal,,03:00,08:00,Frozen Food,chilled,58,184.6,0.71,pending_approval,,,
ORD-01114,APP,2026-08-26,2026-08-27,Fresh,OUT086,,Kandy,Kandy,rear_dock,normal,,03:00,08:00,Fresh Produce,chilled,135,28.1,1.48,delivered,2026-08-28,,
ORD-01115,APP,2026-09-13,2026-09-29,Fresh,OUT086,,Kandy,Kandy,rear_dock,normal,,03:00,08:00,Fresh Produce,ambient,92,253.8,1.79,pending_planning,,,
ORD-01116,APP,2026-09-08,2026-09-08,Fresh,OUT086,,Kandy,Kandy,rear_dock,normal,,03:00,08:00,Frozen Food,chilled,50,59.0,0.78,delivered,2026-09-09,,
ORD-01117,APP,2026-09-09,2026-09-10,Fresh,OUT086,,Kandy,Kandy,rear_dock,normal,,03:00,08:00,Fresh Produce,ambient,119,228.0,0.16,dispatched,,,
ORD-01118,APP,2026-08-24,2026-09-29,Fresh,OUT086,,Kandy,Kandy,rear_dock,normal,,03:00,08:00,Fresh Produce,ambient,63,205.6,0.93,pending_load,,,
ORD-01119,APP,2026-08-29,2026-08-30,Fresh,OUT087,,Kandy,Kandy,rear_dock,normal,,03:00,08:00,Fresh Produce,chilled,26,252.4,1.65,in_transit,,,
ORD-01120,APP,2026-08-31,2026-09-01,Fresh,OUT087,,Kandy,Kandy,rear_dock,normal,,03:00,08:00,Fresh Produce,ambient,145,69.9,1.55,delivered,2026-09-01,,
ORD-01121,APP,2026-08-23,2026-10-01,Fresh,OUT087,,Kandy,Kandy,rear_dock,normal,,03:00,08:00,Other Groceries,ambient,101,156.5,1.44,pending_planning,,,
ORD-01122,APP,2026-09-17,2026-10-01,Fresh,OUT087,,Kandy,Kandy,rear_dock,normal,,03:00,08:00,Fresh Produce,ambient,37,73.6,1.58,deferred,,,
ORD-01123,APP,2026-08-26,2026-09-30,Fresh,OUT087,,Kandy,Kandy,rear_dock,normal,,03:00,08:00,Fresh Produce,ambient,41,116.6,1.72,pending_planning,,,
ORD-01124,APP,2026-08-30,2026-09-30,Fresh,OUT087,,Kandy,Kandy,rear_dock,normal,,03:00,08:00,Fresh Produce,ambient,145,113.0,0.24,approved,,,
ORD-01125,APP,2026-08-30,2026-08-30,Fresh,OUT087,,Kandy,Kandy,rear_dock,normal,,03:00,08:00,Fresh Produce,ambient,55,151.4,0.35,dispatched,,,
ORD-01126,APP,2026-09-22,2026-10-02,Fresh,OUT087,,Kandy,Kandy,rear_dock,normal,,03:00,08:00,Other Groceries,chilled,111,256.7,1.67,approved,,,
ORD-01127,APP,2026-09-25,2026-09-25,Fresh,OUT087,,Kandy,Kandy,rear_dock,normal,,03:00,08:00,Frozen Food,chilled,97,48.4,0.97,in_transit,,,
ORD-01128,APP,2026-08-29,2026-08-30,Fresh,OUT087,,Kandy,Kandy,rear_dock,normal,,03:00,08:00,Fresh Produce,ambient,147,197.5,1.68,delivered,2026-08-30,,
ORD-01129,APP,2026-09-15,2026-09-15,Fresh,OUT087,,Kandy,Kandy,rear_dock,normal,,03:00,08:00,Frozen Food,chilled,21,274.2,0.24,delivered,2026-09-15,,
ORD-01130,APP,2026-08-23,2026-10-01,Fresh,OUT087,,Kandy,Kandy,rear_dock,normal,,03:00,08:00,Frozen Food,chilled,76,120.2,2.09,deferred,,,
ORD-01131,APP,2026-08-26,2026-08-26,Fresh,OUT087,,Kandy,Kandy,rear_dock,normal,,03:00,08:00,Fresh Produce,ambient,118,90.8,1.12,delivered,2026-08-26,,
ORD-01132,APP,2026-09-09,2026-09-10,Style,OUT088,,Kandy,Kandy,street,van_only,,09:00,17:00,Accessories,ambient,17,146.1,3.85,delivered,2026-09-10,,
ORD-01133,APP,2026-08-27,2026-08-28,Style,OUT088,,Kandy,Kandy,street,van_only,,09:00,17:00,Accessories,ambient,20,70.4,1.08,dispatched,,,
ORD-01134,APP,2026-08-23,2026-10-02,Style,OUT088,,Kandy,Kandy,street,van_only,,09:00,17:00,Accessories,ambient,6,86.5,4.38,approved,,,
ORD-01135,APP,2026-09-19,2026-09-19,Style,OUT088,,Kandy,Kandy,street,van_only,,09:00,17:00,Kids,ambient,19,111.5,1.27,delivered,2026-09-20,,
ORD-01136,APP,2026-09-19,2026-09-29,Style,OUT088,,Kandy,Kandy,street,van_only,,09:00,17:00,Footwear,ambient,36,42.6,4.49,approved,,,
ORD-01137,APP,2026-09-04,2026-09-04,Style,OUT088,,Kandy,Kandy,street,van_only,,09:00,17:00,Women,ambient,47,132.1,3.9,delivered,2026-09-05,,
ORD-01138,APP,2026-08-27,2026-09-30,Style,OUT088,,Kandy,Kandy,street,van_only,,09:00,17:00,Accessories,ambient,78,118.0,2.41,pending_approval,,,
ORD-01139,APP,2026-09-18,2026-09-30,Style,OUT088,,Kandy,Kandy,street,van_only,,09:00,17:00,Footwear,ambient,7,119.9,2.35,loading,,,
ORD-01140,APP,2026-09-03,2026-09-29,Style,OUT088,,Kandy,Kandy,street,van_only,,09:00,17:00,Men,ambient,58,89.0,2.5,pending_approval,,,
ORD-01141,APP,2026-09-12,2026-10-01,Style,OUT088,,Kandy,Kandy,street,van_only,,09:00,17:00,Footwear,ambient,34,95.1,0.71,deferred,,,
ORD-01142,APP,2026-09-09,2026-10-02,Style,OUT088,,Kandy,Kandy,street,van_only,,09:00,17:00,Footwear,ambient,77,125.6,2.4,cancelled,,,
ORD-01143,APP,2026-09-10,2026-09-11,Style,OUT088,,Kandy,Kandy,street,van_only,,09:00,17:00,Kids,ambient,73,117.2,2.8,delivered,2026-09-12,,
ORD-01144,APP,2026-09-25,2026-09-25,Style,OUT088,,Kandy,Kandy,street,van_only,,09:00,17:00,Accessories,ambient,10,104.1,1.35,delivered,2026-09-26,,
ORD-01145,APP,2026-09-21,2026-09-22,Style,OUT089,,Kandy,Kandy,mall_bay,mall_dock,10:30-12:30,10:30,12:30,Footwear,ambient,27,128.6,2.77,dispatched,,,
ORD-01146,APP,2026-09-08,2026-09-09,Style,OUT089,,Kandy,Kandy,mall_bay,mall_dock,10:30-12:30,10:30,12:30,Kids,ambient,68,215.1,3.12,delivered,2026-09-09,,
ORD-01147,APP,2026-08-30,2026-10-01,Style,OUT089,,Kandy,Kandy,mall_bay,mall_dock,10:30-12:30,10:30,12:30,Footwear,ambient,25,180.1,2.75,pending_load,,,
ORD-01148,APP,2026-08-27,2026-10-01,Style,OUT089,,Kandy,Kandy,mall_bay,mall_dock,10:30-12:30,10:30,12:30,Footwear,ambient,17,34.4,1.14,deferred,,,
ORD-01149,APP,2026-09-11,2026-09-12,Style,OUT089,,Kandy,Kandy,mall_bay,mall_dock,10:30-12:30,10:30,12:30,Women,ambient,13,214.7,1.11,delivered,2026-09-13,,
ORD-01150,APP,2026-09-14,2026-09-29,Style,OUT089,,Kandy,Kandy,mall_bay,mall_dock,10:30-12:30,10:30,12:30,Footwear,ambient,52,28.7,2.44,cancelled,,,
ORD-01151,APP,2026-09-05,2026-09-06,Style,OUT089,,Kandy,Kandy,mall_bay,mall_dock,10:30-12:30,10:30,12:30,Footwear,ambient,80,103.7,1.17,dispatched,,,
ORD-01152,APP,2026-09-04,2026-09-05,Style,OUT089,,Kandy,Kandy,mall_bay,mall_dock,10:30-12:30,10:30,12:30,Accessories,ambient,15,110.8,2.55,in_transit,,,
ORD-01153,APP,2026-09-10,2026-09-11,Style,OUT089,,Kandy,Kandy,mall_bay,mall_dock,10:30-12:30,10:30,12:30,Men,ambient,59,199.9,4.22,delivered,2026-09-11,,
ORD-01154,APP,2026-09-15,2026-10-01,Style,OUT089,,Kandy,Kandy,mall_bay,mall_dock,10:30-12:30,10:30,12:30,Accessories,ambient,23,47.5,1.4,pending_load,,,
ORD-01155,APP,2026-08-29,2026-10-01,Style,OUT089,,Kandy,Kandy,mall_bay,mall_dock,10:30-12:30,10:30,12:30,Accessories,ambient,59,94.7,2.5,pending_load,,,
ORD-01156,APP,2026-09-19,2026-09-30,Style,OUT089,,Kandy,Kandy,mall_bay,mall_dock,10:30-12:30,10:30,12:30,Footwear,ambient,68,108.6,3.21,deferred,,,
ORD-01157,APP,2026-09-19,2026-09-28,Style,OUT089,,Kandy,Kandy,mall_bay,mall_dock,10:30-12:30,10:30,12:30,Footwear,ambient,74,131.4,4.03,pending_planning,,,
ORD-01158,APP,2026-09-10,2026-09-29,Style,OUT090,,Kandy,Kandy,mall_bay,mall_dock,10:30-12:30,10:30,12:30,Men,ambient,64,211.2,2.12,loading,,,
ORD-01159,APP,2026-09-22,2026-09-23,Style,OUT090,,Kandy,Kandy,mall_bay,mall_dock,10:30-12:30,10:30,12:30,Men,ambient,31,45.5,1.73,delivered,2026-09-24,,
ORD-01160,APP,2026-09-18,2026-10-01,Style,OUT090,,Kandy,Kandy,mall_bay,mall_dock,10:30-12:30,10:30,12:30,Footwear,ambient,78,39.6,3.53,loading,,,
ORD-01161,APP,2026-09-22,2026-09-23,Style,OUT090,,Kandy,Kandy,mall_bay,mall_dock,10:30-12:30,10:30,12:30,Footwear,ambient,52,106.1,1.31,in_transit,,,
ORD-01162,APP,2026-08-25,2026-09-30,Style,OUT090,,Kandy,Kandy,mall_bay,mall_dock,10:30-12:30,10:30,12:30,Kids,ambient,57,70.9,1.98,pending_planning,,,
ORD-01163,APP,2026-09-21,2026-09-29,Style,OUT090,,Kandy,Kandy,mall_bay,mall_dock,10:30-12:30,10:30,12:30,Women,ambient,21,211.4,2.81,deferred,,,
ORD-01164,APP,2026-09-22,2026-09-23,Style,OUT090,,Kandy,Kandy,mall_bay,mall_dock,10:30-12:30,10:30,12:30,Accessories,ambient,33,75.0,3.81,in_transit,,,
ORD-01165,APP,2026-09-10,2026-09-10,Style,OUT090,,Kandy,Kandy,mall_bay,mall_dock,10:30-12:30,10:30,12:30,Accessories,ambient,61,60.7,3.04,delivered,2026-09-11,,
ORD-01166,APP,2026-09-01,2026-09-01,Style,OUT090,,Kandy,Kandy,mall_bay,mall_dock,10:30-12:30,10:30,12:30,Women,ambient,47,148.3,2.63,dispatched,,,
ORD-01167,APP,2026-08-23,2026-09-28,Style,OUT090,,Kandy,Kandy,mall_bay,mall_dock,10:30-12:30,10:30,12:30,Footwear,ambient,44,82.1,3.73,pending_load,,,
ORD-01168,APP,2026-08-25,2026-09-28,Style,OUT090,,Kandy,Kandy,mall_bay,mall_dock,10:30-12:30,10:30,12:30,Accessories,ambient,64,169.0,3.96,pending_planning,,,
ORD-01169,APP,2026-08-28,2026-09-29,Style,OUT090,,Kandy,Kandy,mall_bay,mall_dock,10:30-12:30,10:30,12:30,Women,ambient,65,227.0,0.55,loading,,,
ORD-01170,APP,2026-09-15,2026-09-15,Style,OUT090,,Kandy,Kandy,mall_bay,mall_dock,10:30-12:30,10:30,12:30,Kids,ambient,52,83.9,2.38,delivered,2026-09-15,,
ORD-01171,APP,2026-09-04,2026-09-04,Style,OUT091,,Kandy,Kandy,street,normal,,09:00,17:00,Footwear,ambient,48,195.6,4.37,dispatched,,,
ORD-01172,APP,2026-08-24,2026-08-25,Style,OUT091,,Kandy,Kandy,street,normal,,09:00,17:00,Women,ambient,63,196.6,1.65,delivered,2026-08-25,,
ORD-01173,APP,2026-09-07,2026-09-29,Style,OUT091,,Kandy,Kandy,street,normal,,09:00,17:00,Men,ambient,36,57.8,3.61,approved,,,
ORD-01174,APP,2026-09-24,2026-09-29,Style,OUT091,,Kandy,Kandy,street,normal,,09:00,17:00,Kids,ambient,78,112.7,1.86,pending_planning,,,
ORD-01175,APP,2026-09-08,2026-09-29,Style,OUT091,,Kandy,Kandy,street,normal,,09:00,17:00,Kids,ambient,79,152.4,2.61,cancelled,,,
ORD-01176,APP,2026-09-22,2026-09-28,Style,OUT091,,Kandy,Kandy,street,normal,,09:00,17:00,Footwear,ambient,14,162.2,1.46,approved,,,
ORD-01177,APP,2026-08-23,2026-08-24,Style,OUT091,,Kandy,Kandy,street,normal,,09:00,17:00,Women,ambient,35,203.7,3.65,delivered,2026-08-24,,
ORD-01178,APP,2026-08-30,2026-08-31,Style,OUT091,,Kandy,Kandy,street,normal,,09:00,17:00,Men,ambient,22,155.1,3.53,delivered,2026-08-31,,
ORD-01179,APP,2026-08-27,2026-09-30,Style,OUT091,,Kandy,Kandy,street,normal,,09:00,17:00,Footwear,ambient,56,238.2,2.17,pending_planning,,,
ORD-01180,APP,2026-08-25,2026-09-30,Style,OUT091,,Kandy,Kandy,street,normal,,09:00,17:00,Men,ambient,60,25.9,1.14,approved,,,
ORD-01181,APP,2026-09-17,2026-09-18,Style,OUT091,,Kandy,Kandy,street,normal,,09:00,17:00,Women,ambient,9,237.8,3.55,in_transit,,,
ORD-01182,APP,2026-09-16,2026-09-28,Style,OUT091,,Kandy,Kandy,street,normal,,09:00,17:00,Footwear,ambient,11,191.4,4.16,pending_load,,,
ORD-01183,APP,2026-09-25,2026-09-28,Style,OUT092,,Kandy,Kandy,street,normal,,09:00,17:00,Footwear,ambient,9,44.7,3.62,approved,,,
ORD-01184,APP,2026-09-19,2026-09-20,Style,OUT092,,Kandy,Kandy,street,normal,,09:00,17:00,Accessories,ambient,64,146.1,0.73,delivered,2026-09-21,,
ORD-01185,APP,2026-09-21,2026-09-22,Style,OUT092,,Kandy,Kandy,street,normal,,09:00,17:00,Women,ambient,62,30.5,1.19,delivered,2026-09-22,,
ORD-01186,APP,2026-08-26,2026-09-29,Style,OUT092,,Kandy,Kandy,street,normal,,09:00,17:00,Footwear,ambient,62,76.5,2.67,loading,,,
ORD-01187,APP,2026-09-16,2026-09-29,Style,OUT092,,Kandy,Kandy,street,normal,,09:00,17:00,Women,ambient,56,58.3,3.49,approved,,,
ORD-01188,APP,2026-09-04,2026-09-04,Style,OUT092,,Kandy,Kandy,street,normal,,09:00,17:00,Men,ambient,63,109.0,4.13,in_transit,,,
ORD-01189,APP,2026-09-06,2026-09-07,Style,OUT092,,Kandy,Kandy,street,normal,,09:00,17:00,Kids,ambient,66,95.7,1.57,delivered,2026-09-07,,
ORD-01190,APP,2026-09-14,2026-10-02,Style,OUT092,,Kandy,Kandy,street,normal,,09:00,17:00,Kids,ambient,77,42.5,0.78,pending_load,,,
ORD-01191,APP,2026-09-21,2026-09-29,Style,OUT092,,Kandy,Kandy,street,normal,,09:00,17:00,Men,ambient,79,206.7,1.11,pending_load,,,
ORD-01192,APP,2026-09-13,2026-09-29,Style,OUT092,,Kandy,Kandy,street,normal,,09:00,17:00,Footwear,ambient,29,35.2,3.24,pending_load,,,
ORD-01193,APP,2026-08-25,2026-08-26,Style,OUT092,,Kandy,Kandy,street,normal,,09:00,17:00,Women,ambient,31,201.6,0.77,delivered,2026-08-26,,
ORD-01194,APP,2026-08-26,2026-08-27,Style,OUT092,,Kandy,Kandy,street,normal,,09:00,17:00,Women,ambient,58,60.8,4.42,delivered,2026-08-27,,
ORD-01195,APP,2026-09-14,2026-10-01,Tech,OUT093,,Kandy,Kandy,street,van_only,,09:00,17:00,Storage,ambient,4,411.4,0.81,pending_planning,,,
ORD-01196,APP,2026-09-09,2026-09-09,Tech,OUT093,,Kandy,Kandy,street,van_only,,09:00,17:00,Laptops,ambient,1,80.4,2.62,delivered,2026-09-10,,
ORD-01197,APP,2026-09-23,2026-09-30,Tech,OUT093,,Kandy,Kandy,street,van_only,,09:00,17:00,Storage,ambient,9,65.7,0.87,pending_planning,,,
ORD-01198,APP,2026-09-06,2026-09-07,Tech,OUT093,,Kandy,Kandy,street,van_only,,09:00,17:00,Networking,ambient,24,81.3,4.74,delivered,2026-09-07,,
ORD-01199,APP,2026-09-20,2026-10-01,Tech,OUT093,,Kandy,Kandy,street,van_only,,09:00,17:00,Networking,ambient,14,320.2,3.58,pending_load,,,
ORD-01200,APP,2026-08-28,2026-09-30,Tech,OUT093,,Kandy,Kandy,street,van_only,,09:00,17:00,Storage,ambient,19,51.1,4.43,approved,,,
ORD-01201,APP,2026-09-09,2026-09-30,Tech,OUT093,,Kandy,Kandy,street,van_only,,09:00,17:00,Storage,ambient,2,375.2,4.12,cancelled,,,
ORD-01202,APP,2026-09-18,2026-09-29,Tech,OUT093,,Kandy,Kandy,street,van_only,,09:00,17:00,Audio,ambient,25,391.1,5.44,pending_approval,,,
ORD-01203,APP,2026-09-03,2026-10-02,Tech,OUT093,,Kandy,Kandy,street,van_only,,09:00,17:00,Accessories,ambient,11,236.0,3.26,approved,,,
ORD-01204,APP,2026-09-15,2026-10-02,Tech,OUT093,,Kandy,Kandy,street,van_only,,09:00,17:00,Mobile Phones,ambient,3,304.5,4.62,deferred,,,
ORD-01205,APP,2026-09-13,2026-10-02,Tech,OUT093,,Kandy,Kandy,street,van_only,,09:00,17:00,Tablets,ambient,23,355.9,4.56,pending_load,,,
ORD-01206,APP,2026-09-01,2026-10-02,Tech,OUT093,,Kandy,Kandy,street,van_only,,09:00,17:00,Networking,ambient,5,105.3,4.58,pending_load,,,
ORD-01207,APP,2026-09-01,2026-10-02,Tech,OUT094,,Kandy,Kandy,mall_bay,mall_dock,09:00-11:00,09:00,11:00,Storage,ambient,24,77.1,0.79,approved,,,
ORD-01208,APP,2026-09-16,2026-10-02,Tech,OUT094,,Kandy,Kandy,mall_bay,mall_dock,09:00-11:00,09:00,11:00,Laptops,ambient,23,272.5,3.89,deferred,,,
ORD-01209,APP,2026-09-17,2026-09-29,Tech,OUT094,,Kandy,Kandy,mall_bay,mall_dock,09:00-11:00,09:00,11:00,Networking,ambient,25,396.2,0.27,deferred,,,
ORD-01210,APP,2026-08-26,2026-08-27,Tech,OUT094,,Kandy,Kandy,mall_bay,mall_dock,09:00-11:00,09:00,11:00,Computing,ambient,14,274.5,0.87,in_transit,,,
ORD-01211,APP,2026-09-26,2026-10-01,Tech,OUT094,,Kandy,Kandy,mall_bay,mall_dock,09:00-11:00,09:00,11:00,Networking,ambient,4,229.1,3.43,cancelled,,,
ORD-01212,APP,2026-08-24,2026-10-02,Tech,OUT094,,Kandy,Kandy,mall_bay,mall_dock,09:00-11:00,09:00,11:00,Accessories,ambient,23,203.6,5.45,pending_load,,,
ORD-01213,APP,2026-09-12,2026-10-02,Tech,OUT094,,Kandy,Kandy,mall_bay,mall_dock,09:00-11:00,09:00,11:00,Accessories,ambient,12,386.7,1.36,cancelled,,,
ORD-01214,APP,2026-08-24,2026-10-01,Tech,OUT094,,Kandy,Kandy,mall_bay,mall_dock,09:00-11:00,09:00,11:00,Tablets,ambient,25,227.3,5.14,pending_load,,,
ORD-01215,APP,2026-09-24,2026-09-25,Tech,OUT094,,Kandy,Kandy,mall_bay,mall_dock,09:00-11:00,09:00,11:00,Mobile Phones,ambient,17,379.9,0.86,dispatched,,,
ORD-01216,APP,2026-09-18,2026-09-28,Tech,OUT094,,Kandy,Kandy,mall_bay,mall_dock,09:00-11:00,09:00,11:00,Audio,ambient,10,119.0,0.56,pending_planning,,,
ORD-01217,APP,2026-08-26,2026-08-26,Tech,OUT094,,Kandy,Kandy,mall_bay,mall_dock,09:00-11:00,09:00,11:00,Audio,ambient,14,349.8,4.99,dispatched,,,
ORD-01218,APP,2026-09-10,2026-09-10,Tech,OUT094,,Kandy,Kandy,mall_bay,mall_dock,09:00-11:00,09:00,11:00,Computing,ambient,21,83.3,4.0,delivered,2026-09-11,,
ORD-01219,APP,2026-09-10,2026-10-02,Tech,OUT095,,Kandy,Kandy,rear_dock,normal,,09:00,17:00,Storage,ambient,5,300.0,0.91,loading,,,
ORD-01220,APP,2026-08-23,2026-08-23,Tech,OUT095,,Kandy,Kandy,rear_dock,normal,,09:00,17:00,Accessories,ambient,24,297.9,5.19,in_transit,,,
ORD-01221,APP,2026-08-23,2026-10-02,Tech,OUT095,,Kandy,Kandy,rear_dock,normal,,09:00,17:00,Tablets,ambient,6,310.5,1.04,cancelled,,,
ORD-01222,APP,2026-09-03,2026-10-01,Tech,OUT095,,Kandy,Kandy,rear_dock,normal,,09:00,17:00,Mobile Phones,ambient,20,229.7,2.43,pending_planning,,,
ORD-01223,APP,2026-09-26,2026-09-26,Tech,OUT095,,Kandy,Kandy,rear_dock,normal,,09:00,17:00,Accessories,ambient,1,233.4,1.37,delivered,2026-09-26,,
ORD-01224,APP,2026-09-06,2026-09-29,Tech,OUT095,,Kandy,Kandy,rear_dock,normal,,09:00,17:00,Audio,ambient,24,79.4,3.83,approved,,,
ORD-01225,APP,2026-09-01,2026-09-30,Tech,OUT095,,Kandy,Kandy,rear_dock,normal,,09:00,17:00,Accessories,ambient,4,331.3,0.5,approved,,,
ORD-01226,APP,2026-09-08,2026-09-09,Tech,OUT095,,Kandy,Kandy,rear_dock,normal,,09:00,17:00,Laptops,ambient,26,182.4,5.35,delivered,2026-09-10,,
ORD-01227,APP,2026-08-26,2026-09-28,Tech,OUT095,,Kandy,Kandy,rear_dock,normal,,09:00,17:00,Tablets,ambient,1,261.2,1.92,pending_approval,,,
ORD-01228,APP,2026-08-28,2026-08-28,Tech,OUT095,,Kandy,Kandy,rear_dock,normal,,09:00,17:00,Audio,ambient,28,82.1,4.35,delivered,2026-08-29,,
ORD-01229,APP,2026-09-03,2026-09-28,Tech,OUT095,,Kandy,Kandy,rear_dock,normal,,09:00,17:00,Audio,ambient,4,181.6,4.2,deferred,,,
ORD-01230,APP,2026-08-24,2026-09-28,Tech,OUT095,,Kandy,Kandy,rear_dock,normal,,09:00,17:00,Computing,ambient,14,364.0,5.48,pending_load,,,
ORD-01231,APP,2026-08-24,2026-09-29,Fresh,OUT096,,Matale,Kandy,rear_dock,normal,,05:30,08:00,Other Groceries,chilled,66,276.1,1.92,loading,,,
ORD-01232,APP,2026-09-19,2026-10-02,Fresh,OUT096,,Matale,Kandy,rear_dock,normal,,05:30,08:00,Frozen Food,chilled,26,41.2,0.69,loading,,,
ORD-01233,APP,2026-09-17,2026-09-17,Fresh,OUT096,,Matale,Kandy,rear_dock,normal,,05:30,08:00,Other Groceries,chilled,59,165.8,1.81,dispatched,,,
ORD-01234,APP,2026-09-08,2026-09-29,Fresh,OUT096,,Matale,Kandy,rear_dock,normal,,05:30,08:00,Fresh Produce,ambient,87,56.9,0.87,approved,,,
ORD-01235,APP,2026-09-03,2026-10-01,Fresh,OUT096,,Matale,Kandy,rear_dock,normal,,05:30,08:00,Fresh Produce,ambient,138,147.1,1.44,deferred,,,
ORD-01236,APP,2026-09-11,2026-10-01,Fresh,OUT096,,Matale,Kandy,rear_dock,normal,,05:30,08:00,Fresh Produce,ambient,111,102.5,2.1,pending_load,,,
ORD-01237,APP,2026-09-25,2026-10-02,Fresh,OUT096,,Matale,Kandy,rear_dock,normal,,05:30,08:00,Fresh Produce,ambient,123,236.6,0.96,loading,,,
ORD-01238,APP,2026-09-02,2026-09-03,Fresh,OUT096,,Matale,Kandy,rear_dock,normal,,05:30,08:00,Other Groceries,ambient,37,240.6,1.55,delivered,2026-09-04,,
ORD-01239,APP,2026-09-02,2026-09-03,Fresh,OUT096,,Matale,Kandy,rear_dock,normal,,05:30,08:00,Other Groceries,ambient,64,200.5,0.72,dispatched,,,
ORD-01240,APP,2026-09-02,2026-09-28,Fresh,OUT096,,Matale,Kandy,rear_dock,normal,,05:30,08:00,Frozen Food,chilled,67,95.6,0.16,approved,,,
ORD-01241,APP,2026-09-15,2026-10-02,Fresh,OUT096,,Matale,Kandy,rear_dock,normal,,05:30,08:00,Fresh Produce,ambient,27,88.2,1.37,approved,,,
ORD-01242,APP,2026-09-09,2026-09-09,Fresh,OUT096,,Matale,Kandy,rear_dock,normal,,05:30,08:00,Fresh Produce,ambient,117,158.6,2.16,delivered,2026-09-09,,
ORD-01243,APP,2026-08-26,2026-09-30,Fresh,OUT097,,Matale,Kandy,street,normal,,03:00,08:00,Frozen Food,chilled,31,38.2,0.72,pending_planning,,,
ORD-01244,APP,2026-08-31,2026-09-29,Fresh,OUT097,,Matale,Kandy,street,normal,,03:00,08:00,Other Groceries,ambient,104,141.3,1.74,pending_planning,,,
ORD-01245,APP,2026-08-26,2026-08-27,Fresh,OUT097,,Matale,Kandy,street,normal,,03:00,08:00,Frozen Food,chilled,127,197.4,1.8,in_transit,,,
ORD-01246,APP,2026-09-22,2026-10-02,Fresh,OUT097,,Matale,Kandy,street,normal,,03:00,08:00,Other Groceries,ambient,143,73.0,1.47,cancelled,,,
ORD-01247,APP,2026-08-24,2026-09-30,Fresh,OUT097,,Matale,Kandy,street,normal,,03:00,08:00,Frozen Food,chilled,144,236.2,0.96,loading,,,
ORD-01248,APP,2026-09-07,2026-09-08,Fresh,OUT097,,Matale,Kandy,street,normal,,03:00,08:00,Fresh Produce,chilled,103,74.7,1.18,delivered,2026-09-08,,
ORD-01249,APP,2026-08-31,2026-09-29,Fresh,OUT097,,Matale,Kandy,street,normal,,03:00,08:00,Other Groceries,ambient,114,192.8,1.46,approved,,,
ORD-01250,APP,2026-09-26,2026-09-26,Fresh,OUT097,,Matale,Kandy,street,normal,,03:00,08:00,Other Groceries,ambient,140,139.5,0.72,dispatched,,,
ORD-01251,APP,2026-09-24,2026-09-25,Fresh,OUT097,,Matale,Kandy,street,normal,,03:00,08:00,Frozen Food,chilled,72,116.4,1.0,dispatched,,,
ORD-01252,APP,2026-09-03,2026-09-03,Fresh,OUT097,,Matale,Kandy,street,normal,,03:00,08:00,Frozen Food,chilled,27,71.3,0.99,delivered,2026-09-04,,
ORD-01253,APP,2026-09-14,2026-10-01,Fresh,OUT097,,Matale,Kandy,street,normal,,03:00,08:00,Other Groceries,ambient,140,222.9,0.23,deferred,,,
ORD-01254,APP,2026-09-16,2026-09-17,Fresh,OUT097,,Matale,Kandy,street,normal,,03:00,08:00,Fresh Produce,ambient,143,133.7,1.98,delivered,2026-09-17,,
ORD-01255,APP,2026-09-14,2026-10-02,Fresh,OUT098,,Matale,Kandy,rear_dock,normal,,03:00,08:00,Fresh Produce,ambient,30,150.8,0.35,pending_approval,,,
ORD-01256,APP,2026-09-25,2026-09-26,Fresh,OUT098,,Matale,Kandy,rear_dock,normal,,03:00,08:00,Frozen Food,chilled,75,71.9,1.58,dispatched,,,
ORD-01257,APP,2026-09-08,2026-09-09,Fresh,OUT098,,Matale,Kandy,rear_dock,normal,,03:00,08:00,Frozen Food,chilled,22,177.4,2.02,in_transit,,,
ORD-01258,APP,2026-08-25,2026-08-26,Fresh,OUT098,,Matale,Kandy,rear_dock,normal,,03:00,08:00,Frozen Food,chilled,142,124.5,0.79,delivered,2026-08-26,,
ORD-01259,APP,2026-09-20,2026-09-21,Fresh,OUT098,,Matale,Kandy,rear_dock,normal,,03:00,08:00,Fresh Produce,ambient,140,209.9,1.24,delivered,2026-09-22,,
ORD-01260,APP,2026-08-27,2026-09-30,Fresh,OUT098,,Matale,Kandy,rear_dock,normal,,03:00,08:00,Fresh Produce,ambient,20,249.0,1.98,cancelled,,,
ORD-01261,APP,2026-08-28,2026-09-28,Fresh,OUT098,,Matale,Kandy,rear_dock,normal,,03:00,08:00,Other Groceries,ambient,122,164.5,0.52,pending_load,,,
ORD-01262,APP,2026-09-09,2026-09-29,Fresh,OUT098,,Matale,Kandy,rear_dock,normal,,03:00,08:00,Frozen Food,chilled,92,129.2,0.28,pending_planning,,,
ORD-01263,APP,2026-09-19,2026-09-28,Fresh,OUT098,,Matale,Kandy,rear_dock,normal,,03:00,08:00,Frozen Food,chilled,59,27.1,2.0,approved,,,
ORD-01264,APP,2026-09-13,2026-09-29,Fresh,OUT098,,Matale,Kandy,rear_dock,normal,,03:00,08:00,Other Groceries,ambient,103,227.5,0.55,approved,,,
ORD-01265,APP,2026-08-25,2026-08-25,Fresh,OUT098,,Matale,Kandy,rear_dock,normal,,03:00,08:00,Frozen Food,chilled,127,174.5,0.97,delivered,2026-08-26,,
ORD-01266,APP,2026-09-05,2026-09-30,Fresh,OUT098,,Matale,Kandy,rear_dock,normal,,03:00,08:00,Other Groceries,ambient,123,95.6,0.46,approved,,,
ORD-01267,APP,2026-09-21,2026-09-21,Fresh,OUT099,,Matale,Kandy,rear_dock,normal,,05:00,07:30,Fresh Produce,ambient,115,238.9,0.96,delivered,2026-09-21,,
ORD-01268,APP,2026-09-23,2026-09-24,Fresh,OUT099,,Matale,Kandy,rear_dock,normal,,05:00,07:30,Frozen Food,chilled,47,144.1,0.77,delivered,2026-09-25,,
ORD-01269,APP,2026-08-26,2026-09-28,Fresh,OUT099,,Matale,Kandy,rear_dock,normal,,05:00,07:30,Fresh Produce,ambient,132,196.6,1.34,approved,,,
ORD-01270,APP,2026-09-15,2026-09-30,Fresh,OUT099,,Matale,Kandy,rear_dock,normal,,05:00,07:30,Frozen Food,chilled,26,235.6,2.17,approved,,,
ORD-01271,APP,2026-09-24,2026-09-24,Fresh,OUT099,,Matale,Kandy,rear_dock,normal,,05:00,07:30,Fresh Produce,chilled,127,137.1,1.89,delivered,2026-09-25,,
ORD-01272,APP,2026-09-20,2026-09-21,Fresh,OUT099,,Matale,Kandy,rear_dock,normal,,05:00,07:30,Other Groceries,chilled,123,254.9,1.17,in_transit,,,
ORD-01273,APP,2026-08-30,2026-10-01,Fresh,OUT099,,Matale,Kandy,rear_dock,normal,,05:00,07:30,Fresh Produce,ambient,54,198.9,1.9,pending_planning,,,
ORD-01274,APP,2026-09-13,2026-09-28,Fresh,OUT099,,Matale,Kandy,rear_dock,normal,,05:00,07:30,Frozen Food,chilled,34,179.6,0.93,pending_approval,,,
ORD-01275,APP,2026-09-01,2026-09-28,Fresh,OUT099,,Matale,Kandy,rear_dock,normal,,05:00,07:30,Other Groceries,ambient,122,237.9,2.08,pending_load,,,
ORD-01276,APP,2026-09-14,2026-09-15,Fresh,OUT099,,Matale,Kandy,rear_dock,normal,,05:00,07:30,Frozen Food,chilled,119,185.4,0.69,delivered,2026-09-16,,
ORD-01277,APP,2026-09-10,2026-10-02,Fresh,OUT099,,Matale,Kandy,rear_dock,normal,,05:00,07:30,Frozen Food,chilled,141,41.4,2.18,pending_load,,,
ORD-01278,APP,2026-09-24,2026-09-28,Fresh,OUT099,,Matale,Kandy,rear_dock,normal,,05:00,07:30,Frozen Food,chilled,89,224.3,1.55,deferred,,,
ORD-01279,APP,2026-09-13,2026-09-30,Fresh,OUT100,,Matale,Kandy,rear_dock,normal,,03:00,08:00,Frozen Food,chilled,127,76.1,1.73,cancelled,,,
ORD-01280,APP,2026-09-15,2026-09-15,Fresh,OUT100,,Matale,Kandy,rear_dock,normal,,03:00,08:00,Fresh Produce,ambient,150,202.3,1.73,in_transit,,,
ORD-01281,APP,2026-08-31,2026-09-28,Fresh,OUT100,,Matale,Kandy,rear_dock,normal,,03:00,08:00,Fresh Produce,ambient,30,93.7,1.93,pending_approval,,,
ORD-01282,APP,2026-09-17,2026-09-18,Fresh,OUT100,,Matale,Kandy,rear_dock,normal,,03:00,08:00,Frozen Food,chilled,46,216.0,0.5,delivered,2026-09-19,,
ORD-01283,APP,2026-09-13,2026-09-28,Fresh,OUT100,,Matale,Kandy,rear_dock,normal,,03:00,08:00,Fresh Produce,ambient,65,67.9,1.53,loading,,,
ORD-01284,APP,2026-09-18,2026-09-18,Fresh,OUT100,,Matale,Kandy,rear_dock,normal,,03:00,08:00,Fresh Produce,ambient,100,79.2,0.94,dispatched,,,
ORD-01285,APP,2026-08-25,2026-08-26,Fresh,OUT100,,Matale,Kandy,rear_dock,normal,,03:00,08:00,Fresh Produce,ambient,101,233.0,0.32,in_transit,,,
ORD-01286,APP,2026-08-29,2026-09-30,Fresh,OUT100,,Matale,Kandy,rear_dock,normal,,03:00,08:00,Fresh Produce,ambient,123,93.8,1.43,pending_planning,,,
ORD-01287,APP,2026-09-24,2026-09-30,Fresh,OUT100,,Matale,Kandy,rear_dock,normal,,03:00,08:00,Fresh Produce,ambient,118,48.5,1.52,pending_load,,,
ORD-01288,APP,2026-09-15,2026-09-16,Fresh,OUT100,,Matale,Kandy,rear_dock,normal,,03:00,08:00,Frozen Food,chilled,87,226.3,1.9,delivered,2026-09-16,,
ORD-01289,APP,2026-09-10,2026-10-02,Fresh,OUT100,,Matale,Kandy,rear_dock,normal,,03:00,08:00,Other Groceries,ambient,130,88.5,2.03,approved,,,
ORD-01290,APP,2026-08-27,2026-08-27,Fresh,OUT100,,Matale,Kandy,rear_dock,normal,,03:00,08:00,Fresh Produce,ambient,38,101.8,1.0,in_transit,,,
ORD-01291,APP,2026-08-23,2026-08-23,Fresh,OUT101,,Matale,Kandy,rear_dock,normal,,05:00,07:30,Frozen Food,chilled,113,225.2,0.45,dispatched,,,
ORD-01292,APP,2026-09-14,2026-09-14,Fresh,OUT101,,Matale,Kandy,rear_dock,normal,,05:00,07:30,Fresh Produce,ambient,43,124.1,1.64,in_transit,,,
ORD-01293,APP,2026-08-27,2026-08-28,Fresh,OUT101,,Matale,Kandy,rear_dock,normal,,05:00,07:30,Other Groceries,ambient,67,110.0,0.74,in_transit,,,
ORD-01294,APP,2026-09-26,2026-10-01,Fresh,OUT101,,Matale,Kandy,rear_dock,normal,,05:00,07:30,Frozen Food,chilled,27,143.6,1.5,pending_approval,,,
ORD-01295,APP,2026-09-03,2026-09-03,Fresh,OUT101,,Matale,Kandy,rear_dock,normal,,05:00,07:30,Fresh Produce,ambient,83,83.0,1.82,in_transit,,,
ORD-01296,APP,2026-09-14,2026-09-29,Fresh,OUT101,,Matale,Kandy,rear_dock,normal,,05:00,07:30,Frozen Food,chilled,64,243.0,0.76,pending_planning,,,
ORD-01297,APP,2026-09-21,2026-09-22,Fresh,OUT101,,Matale,Kandy,rear_dock,normal,,05:00,07:30,Other Groceries,ambient,80,133.1,1.58,in_transit,,,
ORD-01298,APP,2026-09-04,2026-09-05,Fresh,OUT101,,Matale,Kandy,rear_dock,normal,,05:00,07:30,Other Groceries,ambient,25,258.7,1.54,delivered,2026-09-05,,
ORD-01299,APP,2026-09-09,2026-09-09,Fresh,OUT101,,Matale,Kandy,rear_dock,normal,,05:00,07:30,Fresh Produce,ambient,104,120.8,0.23,delivered,2026-09-10,,
ORD-01300,APP,2026-09-20,2026-09-21,Fresh,OUT101,,Matale,Kandy,rear_dock,normal,,05:00,07:30,Fresh Produce,ambient,110,59.4,0.56,in_transit,,,
ORD-01301,APP,2026-09-04,2026-09-05,Fresh,OUT101,,Matale,Kandy,rear_dock,normal,,05:00,07:30,Other Groceries,ambient,49,237.8,0.52,delivered,2026-09-06,,
ORD-01302,APP,2026-08-30,2026-08-31,Fresh,OUT101,,Matale,Kandy,rear_dock,normal,,05:00,07:30,Frozen Food,chilled,139,44.6,0.96,dispatched,,,
ORD-01303,APP,2026-09-10,2026-09-10,Style,OUT102,,Matale,Kandy,street,normal,,09:00,17:00,Kids,ambient,68,144.8,2.27,delivered,2026-09-11,,
ORD-01304,APP,2026-08-25,2026-09-28,Style,OUT102,,Matale,Kandy,street,normal,,09:00,17:00,Kids,ambient,27,132.2,1.51,pending_planning,,,
ORD-01305,APP,2026-09-02,2026-10-01,Style,OUT102,,Matale,Kandy,street,normal,,09:00,17:00,Accessories,ambient,41,154.0,1.5,deferred,,,
ORD-01306,APP,2026-09-08,2026-09-08,Style,OUT102,,Matale,Kandy,street,normal,,09:00,17:00,Men,ambient,10,73.4,1.03,delivered,2026-09-09,,
ORD-01307,APP,2026-09-04,2026-10-02,Style,OUT102,,Matale,Kandy,street,normal,,09:00,17:00,Footwear,ambient,43,94.6,2.03,approved,,,
ORD-01308,APP,2026-09-14,2026-09-14,Style,OUT102,,Matale,Kandy,street,normal,,09:00,17:00,Footwear,ambient,66,214.4,3.6,delivered,2026-09-14,,
ORD-01309,APP,2026-09-14,2026-09-28,Style,OUT102,,Matale,Kandy,street,normal,,09:00,17:00,Footwear,ambient,16,27.8,4.25,deferred,,,
ORD-01310,APP,2026-09-20,2026-10-02,Style,OUT102,,Matale,Kandy,street,normal,,09:00,17:00,Men,ambient,50,47.3,2.4,deferred,,,
ORD-01311,APP,2026-08-31,2026-10-02,Style,OUT102,,Matale,Kandy,street,normal,,09:00,17:00,Kids,ambient,41,70.4,2.93,approved,,,
ORD-01312,APP,2026-09-17,2026-10-02,Style,OUT102,,Matale,Kandy,street,normal,,09:00,17:00,Footwear,ambient,45,235.0,2.84,pending_approval,,,
ORD-01313,APP,2026-09-15,2026-09-15,Style,OUT102,,Matale,Kandy,street,normal,,09:00,17:00,Footwear,ambient,59,55.9,4.0,delivered,2026-09-16,,
ORD-01314,APP,2026-08-25,2026-08-25,Style,OUT102,,Matale,Kandy,street,normal,,09:00,17:00,Footwear,ambient,75,99.2,1.85,delivered,2026-08-26,,
ORD-01315,APP,2026-09-07,2026-09-07,Tech,OUT103,,Matale,Kandy,rear_dock,normal,,09:00,17:00,Mobile Phones,ambient,26,256.6,4.21,dispatched,,,
ORD-01316,APP,2026-09-09,2026-09-09,Tech,OUT103,,Matale,Kandy,rear_dock,normal,,09:00,17:00,Networking,ambient,8,275.6,0.99,in_transit,,,
ORD-01317,APP,2026-08-24,2026-09-30,Tech,OUT103,,Matale,Kandy,rear_dock,normal,,09:00,17:00,Mobile Phones,ambient,3,271.0,4.88,loading,,,
ORD-01318,APP,2026-08-27,2026-08-28,Tech,OUT103,,Matale,Kandy,rear_dock,normal,,09:00,17:00,Laptops,ambient,8,157.8,2.98,delivered,2026-08-29,,
ORD-01319,APP,2026-09-09,2026-09-28,Tech,OUT103,,Matale,Kandy,rear_dock,normal,,09:00,17:00,Accessories,ambient,2,381.1,5.24,pending_load,,,
ORD-01320,APP,2026-09-10,2026-09-10,Tech,OUT103,,Matale,Kandy,rear_dock,normal,,09:00,17:00,Audio,ambient,29,409.3,0.95,delivered,2026-09-10,,
ORD-01321,APP,2026-09-07,2026-09-08,Tech,OUT103,,Matale,Kandy,rear_dock,normal,,09:00,17:00,Computing,ambient,20,310.3,0.98,delivered,2026-09-08,,
ORD-01322,APP,2026-08-30,2026-08-30,Tech,OUT103,,Matale,Kandy,rear_dock,normal,,09:00,17:00,Mobile Phones,ambient,15,22.8,4.11,delivered,2026-08-30,,
ORD-01323,APP,2026-09-26,2026-09-27,Tech,OUT103,,Matale,Kandy,rear_dock,normal,,09:00,17:00,Computing,ambient,30,280.5,1.55,delivered,2026-09-27,,
ORD-01324,APP,2026-09-25,2026-09-25,Tech,OUT103,,Matale,Kandy,rear_dock,normal,,09:00,17:00,Storage,ambient,2,406.8,2.48,delivered,2026-09-26,,
ORD-01325,APP,2026-09-20,2026-09-30,Tech,OUT103,,Matale,Kandy,rear_dock,normal,,09:00,17:00,Laptops,ambient,28,366.7,4.93,pending_approval,,,
ORD-01326,APP,2026-09-03,2026-10-01,Tech,OUT103,,Matale,Kandy,rear_dock,normal,,09:00,17:00,Storage,ambient,24,390.6,5.04,approved,,,
ORD-01327,APP,2026-09-01,2026-09-01,Fresh,OUT104,,Nuwara Eliya,Kandy,rear_dock,normal,,03:00,08:00,Fresh Produce,chilled,140,179.5,1.36,delivered,2026-09-01,,
ORD-01328,APP,2026-09-01,2026-09-29,Fresh,OUT104,,Nuwara Eliya,Kandy,rear_dock,normal,,03:00,08:00,Fresh Produce,ambient,116,29.8,0.72,approved,,,
ORD-01329,APP,2026-09-23,2026-09-28,Fresh,OUT104,,Nuwara Eliya,Kandy,rear_dock,normal,,03:00,08:00,Frozen Food,chilled,57,268.4,1.18,pending_planning,,,
ORD-01330,APP,2026-09-07,2026-10-02,Fresh,OUT104,,Nuwara Eliya,Kandy,rear_dock,normal,,03:00,08:00,Other Groceries,chilled,113,54.3,0.29,deferred,,,
ORD-01331,APP,2026-09-15,2026-10-01,Fresh,OUT104,,Nuwara Eliya,Kandy,rear_dock,normal,,03:00,08:00,Fresh Produce,ambient,146,45.0,0.83,loading,,,
ORD-01332,APP,2026-08-31,2026-08-31,Fresh,OUT104,,Nuwara Eliya,Kandy,rear_dock,normal,,03:00,08:00,Other Groceries,ambient,50,189.7,0.3,in_transit,,,
ORD-01333,APP,2026-09-21,2026-09-22,Fresh,OUT104,,Nuwara Eliya,Kandy,rear_dock,normal,,03:00,08:00,Fresh Produce,ambient,95,103.8,0.75,delivered,2026-09-22,,
ORD-01334,APP,2026-09-24,2026-09-25,Fresh,OUT104,,Nuwara Eliya,Kandy,rear_dock,normal,,03:00,08:00,Other Groceries,ambient,104,54.7,1.66,delivered,2026-09-26,,
ORD-01335,APP,2026-08-31,2026-09-01,Fresh,OUT104,,Nuwara Eliya,Kandy,rear_dock,normal,,03:00,08:00,Frozen Food,chilled,40,190.0,0.99,delivered,2026-09-02,,
ORD-01336,APP,2026-08-23,2026-08-23,Fresh,OUT104,,Nuwara Eliya,Kandy,rear_dock,normal,,03:00,08:00,Frozen Food,chilled,115,147.7,0.39,in_transit,,,
ORD-01337,APP,2026-09-18,2026-09-30,Fresh,OUT104,,Nuwara Eliya,Kandy,rear_dock,normal,,03:00,08:00,Other Groceries,ambient,119,157.0,0.26,deferred,,,
ORD-01338,APP,2026-09-09,2026-10-02,Fresh,OUT104,,Nuwara Eliya,Kandy,rear_dock,normal,,03:00,08:00,Frozen Food,chilled,80,63.4,0.97,deferred,,,
ORD-01339,APP,2026-09-16,2026-09-17,Fresh,OUT105,,Nuwara Eliya,Kandy,rear_dock,normal,,05:00,07:30,Frozen Food,chilled,93,73.5,0.32,delivered,2026-09-18,,
ORD-01340,APP,2026-09-21,2026-09-22,Fresh,OUT105,,Nuwara Eliya,Kandy,rear_dock,normal,,05:00,07:30,Fresh Produce,ambient,33,72.4,1.19,dispatched,,,
ORD-01341,APP,2026-09-21,2026-09-29,Fresh,OUT105,,Nuwara Eliya,Kandy,rear_dock,normal,,05:00,07:30,Fresh Produce,chilled,111,161.1,0.31,deferred,,,
ORD-01342,APP,2026-09-15,2026-09-15,Fresh,OUT105,,Nuwara Eliya,Kandy,rear_dock,normal,,05:00,07:30,Other Groceries,ambient,37,30.8,2.18,delivered,2026-09-16,,
ORD-01343,APP,2026-09-18,2026-09-18,Fresh,OUT105,,Nuwara Eliya,Kandy,rear_dock,normal,,05:00,07:30,Other Groceries,ambient,91,95.6,1.04,delivered,2026-09-19,,
ORD-01344,APP,2026-09-26,2026-10-02,Fresh,OUT105,,Nuwara Eliya,Kandy,rear_dock,normal,,05:00,07:30,Fresh Produce,ambient,125,279.5,0.24,pending_planning,,,
ORD-01345,APP,2026-09-10,2026-09-10,Fresh,OUT105,,Nuwara Eliya,Kandy,rear_dock,normal,,05:00,07:30,Fresh Produce,ambient,131,105.5,2.09,delivered,2026-09-11,,
ORD-01346,APP,2026-08-26,2026-08-26,Fresh,OUT105,,Nuwara Eliya,Kandy,rear_dock,normal,,05:00,07:30,Fresh Produce,ambient,86,64.7,2.13,delivered,2026-08-27,,
ORD-01347,APP,2026-09-14,2026-09-14,Fresh,OUT105,,Nuwara Eliya,Kandy,rear_dock,normal,,05:00,07:30,Frozen Food,chilled,128,106.4,0.97,in_transit,,,
ORD-01348,APP,2026-09-24,2026-09-24,Fresh,OUT105,,Nuwara Eliya,Kandy,rear_dock,normal,,05:00,07:30,Other Groceries,ambient,30,71.3,0.64,delivered,2026-09-24,,
ORD-01349,APP,2026-08-26,2026-10-01,Fresh,OUT105,,Nuwara Eliya,Kandy,rear_dock,normal,,05:00,07:30,Frozen Food,chilled,102,70.1,1.69,deferred,,,
ORD-01350,APP,2026-09-14,2026-09-14,Fresh,OUT105,,Nuwara Eliya,Kandy,rear_dock,normal,,05:00,07:30,Frozen Food,chilled,63,228.6,0.37,delivered,2026-09-15,,
ORD-01351,APP,2026-09-24,2026-09-25,Fresh,OUT106,,Nuwara Eliya,Kandy,rear_dock,normal,,05:30,08:00,Frozen Food,chilled,36,226.1,2.04,delivered,2026-09-26,,
ORD-01352,APP,2026-08-28,2026-08-28,Fresh,OUT106,,Nuwara Eliya,Kandy,rear_dock,normal,,05:30,08:00,Other Groceries,ambient,29,195.8,0.28,delivered,2026-08-29,,
ORD-01353,APP,2026-08-27,2026-09-28,Fresh,OUT106,,Nuwara Eliya,Kandy,rear_dock,normal,,05:30,08:00,Fresh Produce,ambient,48,136.1,0.83,pending_load,,,
ORD-01354,APP,2026-09-07,2026-09-29,Fresh,OUT106,,Nuwara Eliya,Kandy,rear_dock,normal,,05:30,08:00,Fresh Produce,ambient,135,136.0,0.57,cancelled,,,
ORD-01355,APP,2026-08-29,2026-08-30,Fresh,OUT106,,Nuwara Eliya,Kandy,rear_dock,normal,,05:30,08:00,Fresh Produce,ambient,84,244.2,0.24,delivered,2026-08-31,,
ORD-01356,APP,2026-09-15,2026-09-15,Fresh,OUT106,,Nuwara Eliya,Kandy,rear_dock,normal,,05:30,08:00,Other Groceries,ambient,103,117.0,1.98,delivered,2026-09-16,,
ORD-01357,APP,2026-09-16,2026-10-02,Fresh,OUT106,,Nuwara Eliya,Kandy,rear_dock,normal,,05:30,08:00,Other Groceries,ambient,127,42.2,1.3,pending_planning,,,
ORD-01358,APP,2026-08-26,2026-08-26,Fresh,OUT106,,Nuwara Eliya,Kandy,rear_dock,normal,,05:30,08:00,Fresh Produce,ambient,102,91.0,2.0,delivered,2026-08-27,,
ORD-01359,APP,2026-09-01,2026-09-28,Fresh,OUT106,,Nuwara Eliya,Kandy,rear_dock,normal,,05:30,08:00,Fresh Produce,chilled,96,213.8,2.1,deferred,,,
ORD-01360,APP,2026-09-05,2026-10-01,Fresh,OUT106,,Nuwara Eliya,Kandy,rear_dock,normal,,05:30,08:00,Fresh Produce,ambient,74,66.5,0.64,pending_approval,,,
ORD-01361,APP,2026-08-27,2026-09-28,Fresh,OUT106,,Nuwara Eliya,Kandy,rear_dock,normal,,05:30,08:00,Fresh Produce,ambient,25,123.0,1.75,pending_planning,,,
ORD-01362,APP,2026-09-19,2026-09-19,Fresh,OUT106,,Nuwara Eliya,Kandy,rear_dock,normal,,05:30,08:00,Other Groceries,ambient,129,167.7,0.29,delivered,2026-09-20,,
ORD-01363,APP,2026-09-18,2026-09-19,Fresh,OUT107,,Nuwara Eliya,Kandy,rear_dock,normal,,03:00,08:00,Fresh Produce,ambient,81,200.3,0.3,delivered,2026-09-19,,
ORD-01364,APP,2026-09-18,2026-09-18,Fresh,OUT107,,Nuwara Eliya,Kandy,rear_dock,normal,,03:00,08:00,Fresh Produce,ambient,31,187.9,1.3,delivered,2026-09-19,,
ORD-01365,APP,2026-09-19,2026-09-28,Fresh,OUT107,,Nuwara Eliya,Kandy,rear_dock,normal,,03:00,08:00,Fresh Produce,chilled,147,208.9,1.19,loading,,,
ORD-01366,APP,2026-09-26,2026-09-27,Fresh,OUT107,,Nuwara Eliya,Kandy,rear_dock,normal,,03:00,08:00,Frozen Food,chilled,43,156.8,0.72,in_transit,,,
ORD-01367,APP,2026-09-07,2026-09-07,Fresh,OUT107,,Nuwara Eliya,Kandy,rear_dock,normal,,03:00,08:00,Other Groceries,chilled,83,106.9,1.8,delivered,2026-09-07,,
ORD-01368,APP,2026-09-15,2026-09-29,Fresh,OUT107,,Nuwara Eliya,Kandy,rear_dock,normal,,03:00,08:00,Other Groceries,chilled,114,163.0,0.85,pending_load,,,
ORD-01369,APP,2026-08-31,2026-10-02,Fresh,OUT107,,Nuwara Eliya,Kandy,rear_dock,normal,,03:00,08:00,Other Groceries,ambient,141,253.5,1.27,deferred,,,
ORD-01370,APP,2026-08-23,2026-09-30,Fresh,OUT107,,Nuwara Eliya,Kandy,rear_dock,normal,,03:00,08:00,Other Groceries,ambient,114,79.7,1.72,pending_planning,,,
ORD-01371,APP,2026-09-24,2026-09-28,Fresh,OUT107,,Nuwara Eliya,Kandy,rear_dock,normal,,03:00,08:00,Frozen Food,chilled,142,214.5,1.44,pending_approval,,,
ORD-01372,APP,2026-09-05,2026-10-01,Fresh,OUT107,,Nuwara Eliya,Kandy,rear_dock,normal,,03:00,08:00,Other Groceries,ambient,61,263.9,1.0,deferred,,,
ORD-01373,APP,2026-09-16,2026-09-17,Fresh,OUT107,,Nuwara Eliya,Kandy,rear_dock,normal,,03:00,08:00,Frozen Food,chilled,112,206.9,1.72,delivered,2026-09-18,,
ORD-01374,APP,2026-09-10,2026-09-28,Fresh,OUT107,,Nuwara Eliya,Kandy,rear_dock,normal,,03:00,08:00,Fresh Produce,chilled,119,191.9,0.93,deferred,,,
ORD-01375,APP,2026-09-24,2026-09-29,Fresh,OUT108,,Nuwara Eliya,Kandy,rear_dock,normal,,04:00,07:45,Frozen Food,chilled,60,228.7,1.86,pending_planning,,,
ORD-01376,APP,2026-08-30,2026-08-30,Fresh,OUT108,,Nuwara Eliya,Kandy,rear_dock,normal,,04:00,07:45,Frozen Food,chilled,54,103.7,1.02,delivered,2026-08-30,,
ORD-01377,APP,2026-08-25,2026-09-30,Fresh,OUT108,,Nuwara Eliya,Kandy,rear_dock,normal,,04:00,07:45,Fresh Produce,ambient,96,254.7,0.53,pending_load,,,
ORD-01378,APP,2026-08-31,2026-08-31,Fresh,OUT108,,Nuwara Eliya,Kandy,rear_dock,normal,,04:00,07:45,Frozen Food,chilled,50,197.8,1.49,delivered,2026-09-01,,
ORD-01379,APP,2026-08-30,2026-09-28,Fresh,OUT108,,Nuwara Eliya,Kandy,rear_dock,normal,,04:00,07:45,Fresh Produce,ambient,28,119.4,0.18,approved,,,
ORD-01380,APP,2026-09-12,2026-10-02,Fresh,OUT108,,Nuwara Eliya,Kandy,rear_dock,normal,,04:00,07:45,Fresh Produce,chilled,119,227.0,1.63,deferred,,,
ORD-01381,APP,2026-08-29,2026-08-29,Fresh,OUT108,,Nuwara Eliya,Kandy,rear_dock,normal,,04:00,07:45,Fresh Produce,chilled,31,194.1,2.03,delivered,2026-08-29,,
ORD-01382,APP,2026-09-06,2026-09-06,Fresh,OUT108,,Nuwara Eliya,Kandy,rear_dock,normal,,04:00,07:45,Fresh Produce,ambient,117,33.8,1.18,delivered,2026-09-07,,
ORD-01383,APP,2026-09-24,2026-09-25,Fresh,OUT108,,Nuwara Eliya,Kandy,rear_dock,normal,,04:00,07:45,Frozen Food,chilled,32,224.8,1.12,in_transit,,,
ORD-01384,APP,2026-09-11,2026-09-11,Fresh,OUT108,,Nuwara Eliya,Kandy,rear_dock,normal,,04:00,07:45,Other Groceries,ambient,60,73.0,1.62,dispatched,,,
ORD-01385,APP,2026-09-04,2026-10-02,Fresh,OUT108,,Nuwara Eliya,Kandy,rear_dock,normal,,04:00,07:45,Frozen Food,chilled,39,107.1,0.47,loading,,,
ORD-01386,APP,2026-09-19,2026-09-19,Fresh,OUT108,,Nuwara Eliya,Kandy,rear_dock,normal,,04:00,07:45,Frozen Food,chilled,127,188.8,1.97,delivered,2026-09-20,,
ORD-01387,APP,2026-09-26,2026-09-27,Style,OUT109,,Nuwara Eliya,Kandy,rear_dock,normal,,09:00,17:00,Kids,ambient,8,99.6,1.08,delivered,2026-09-28,,
ORD-01388,APP,2026-09-04,2026-09-04,Style,OUT109,,Nuwara Eliya,Kandy,rear_dock,normal,,09:00,17:00,Kids,ambient,5,24.4,1.46,delivered,2026-09-04,,
ORD-01389,APP,2026-08-30,2026-09-30,Style,OUT109,,Nuwara Eliya,Kandy,rear_dock,normal,,09:00,17:00,Footwear,ambient,23,103.6,0.57,deferred,,,
ORD-01390,APP,2026-09-13,2026-09-13,Style,OUT109,,Nuwara Eliya,Kandy,rear_dock,normal,,09:00,17:00,Men,ambient,53,190.1,2.23,delivered,2026-09-13,,
ORD-01391,APP,2026-08-25,2026-08-25,Style,OUT109,,Nuwara Eliya,Kandy,rear_dock,normal,,09:00,17:00,Accessories,ambient,69,75.4,2.15,delivered,2026-08-26,,
ORD-01392,APP,2026-09-07,2026-09-07,Style,OUT109,,Nuwara Eliya,Kandy,rear_dock,normal,,09:00,17:00,Men,ambient,27,171.8,1.42,delivered,2026-09-07,,
ORD-01393,APP,2026-09-05,2026-09-05,Style,OUT109,,Nuwara Eliya,Kandy,rear_dock,normal,,09:00,17:00,Women,ambient,23,89.3,0.59,dispatched,,,
ORD-01394,APP,2026-08-27,2026-08-28,Style,OUT109,,Nuwara Eliya,Kandy,rear_dock,normal,,09:00,17:00,Men,ambient,56,84.0,3.39,delivered,2026-08-29,,
ORD-01395,APP,2026-09-21,2026-09-29,Style,OUT109,,Nuwara Eliya,Kandy,rear_dock,normal,,09:00,17:00,Women,ambient,34,137.2,3.38,pending_planning,,,
ORD-01396,APP,2026-09-21,2026-09-30,Style,OUT109,,Nuwara Eliya,Kandy,rear_dock,normal,,09:00,17:00,Footwear,ambient,45,62.5,2.94,cancelled,,,
ORD-01397,APP,2026-09-23,2026-10-01,Style,OUT109,,Nuwara Eliya,Kandy,rear_dock,normal,,09:00,17:00,Footwear,ambient,67,65.2,0.52,approved,,,
ORD-01398,APP,2026-09-11,2026-10-01,Style,OUT109,,Nuwara Eliya,Kandy,rear_dock,normal,,09:00,17:00,Women,ambient,28,24.6,3.27,cancelled,,,
ORD-01399,APP,2026-08-24,2026-08-25,Fresh,OUT110,,Badulla,Kandy,rear_dock,normal,,03:00,08:00,Fresh Produce,ambient,30,43.7,1.96,in_transit,,,
ORD-01400,APP,2026-09-25,2026-09-25,Fresh,OUT110,,Badulla,Kandy,rear_dock,normal,,03:00,08:00,Other Groceries,ambient,57,66.9,0.32,delivered,2026-09-25,,
ORD-01401,APP,2026-09-08,2026-09-08,Fresh,OUT110,,Badulla,Kandy,rear_dock,normal,,03:00,08:00,Other Groceries,ambient,87,270.6,2.18,dispatched,,,
ORD-01402,APP,2026-08-26,2026-08-27,Fresh,OUT110,,Badulla,Kandy,rear_dock,normal,,03:00,08:00,Fresh Produce,ambient,94,74.3,1.51,dispatched,,,
ORD-01403,APP,2026-09-22,2026-09-22,Fresh,OUT110,,Badulla,Kandy,rear_dock,normal,,03:00,08:00,Fresh Produce,ambient,92,37.9,1.95,delivered,2026-09-22,,
ORD-01404,APP,2026-09-11,2026-09-12,Fresh,OUT110,,Badulla,Kandy,rear_dock,normal,,03:00,08:00,Frozen Food,chilled,104,213.1,1.05,delivered,2026-09-13,,
ORD-01405,APP,2026-09-19,2026-09-20,Fresh,OUT110,,Badulla,Kandy,rear_dock,normal,,03:00,08:00,Frozen Food,chilled,24,115.8,2.15,delivered,2026-09-20,,
ORD-01406,APP,2026-09-13,2026-10-01,Fresh,OUT110,,Badulla,Kandy,rear_dock,normal,,03:00,08:00,Other Groceries,ambient,66,77.7,1.77,deferred,,,
ORD-01407,APP,2026-08-30,2026-08-30,Fresh,OUT110,,Badulla,Kandy,rear_dock,normal,,03:00,08:00,Fresh Produce,ambient,63,241.7,0.45,in_transit,,,
ORD-01408,APP,2026-08-30,2026-09-29,Fresh,OUT110,,Badulla,Kandy,rear_dock,normal,,03:00,08:00,Fresh Produce,ambient,101,62.1,0.42,pending_load,,,
ORD-01409,APP,2026-08-27,2026-10-01,Fresh,OUT110,,Badulla,Kandy,rear_dock,normal,,03:00,08:00,Frozen Food,chilled,49,129.8,1.36,approved,,,
ORD-01410,APP,2026-09-17,2026-09-17,Fresh,OUT110,,Badulla,Kandy,rear_dock,normal,,03:00,08:00,Other Groceries,ambient,36,131.9,1.76,delivered,2026-09-17,,
ORD-01411,APP,2026-09-19,2026-09-19,Fresh,OUT111,,Badulla,Kandy,rear_dock,normal,,03:00,08:00,Frozen Food,chilled,30,138.3,1.35,delivered,2026-09-20,,
ORD-01412,APP,2026-09-06,2026-10-02,Fresh,OUT111,,Badulla,Kandy,rear_dock,normal,,03:00,08:00,Other Groceries,ambient,69,34.1,0.67,pending_load,,,
ORD-01413,APP,2026-09-11,2026-09-30,Fresh,OUT111,,Badulla,Kandy,rear_dock,normal,,03:00,08:00,Fresh Produce,ambient,34,130.7,1.11,approved,,,
ORD-01414,APP,2026-09-13,2026-10-02,Fresh,OUT111,,Badulla,Kandy,rear_dock,normal,,03:00,08:00,Frozen Food,chilled,88,83.4,1.5,deferred,,,
ORD-01415,APP,2026-09-02,2026-09-03,Fresh,OUT111,,Badulla,Kandy,rear_dock,normal,,03:00,08:00,Fresh Produce,ambient,101,59.5,2.1,dispatched,,,
ORD-01416,APP,2026-09-17,2026-09-29,Fresh,OUT111,,Badulla,Kandy,rear_dock,normal,,03:00,08:00,Other Groceries,chilled,40,166.4,1.23,deferred,,,
ORD-01417,APP,2026-09-18,2026-09-19,Fresh,OUT111,,Badulla,Kandy,rear_dock,normal,,03:00,08:00,Frozen Food,chilled,116,221.5,0.72,delivered,2026-09-19,,
ORD-01418,APP,2026-09-05,2026-10-02,Fresh,OUT111,,Badulla,Kandy,rear_dock,normal,,03:00,08:00,Fresh Produce,ambient,148,223.5,0.31,deferred,,,
ORD-01419,APP,2026-09-19,2026-09-19,Fresh,OUT111,,Badulla,Kandy,rear_dock,normal,,03:00,08:00,Frozen Food,chilled,100,264.3,1.72,in_transit,,,
ORD-01420,APP,2026-09-16,2026-10-01,Fresh,OUT111,,Badulla,Kandy,rear_dock,normal,,03:00,08:00,Fresh Produce,chilled,126,26.4,1.24,pending_load,,,
ORD-01421,APP,2026-09-23,2026-09-24,Fresh,OUT111,,Badulla,Kandy,rear_dock,normal,,03:00,08:00,Other Groceries,ambient,107,146.1,1.8,delivered,2026-09-24,,
ORD-01422,APP,2026-08-28,2026-08-28,Fresh,OUT111,,Badulla,Kandy,rear_dock,normal,,03:00,08:00,Fresh Produce,ambient,37,271.9,0.68,delivered,2026-08-28,,
ORD-01423,APP,2026-09-16,2026-10-02,Fresh,OUT112,,Badulla,Kandy,rear_dock,normal,,04:00,07:45,Other Groceries,ambient,62,181.9,1.27,approved,,,
ORD-01424,APP,2026-09-20,2026-09-21,Fresh,OUT112,,Badulla,Kandy,rear_dock,normal,,04:00,07:45,Frozen Food,chilled,60,205.3,0.16,delivered,2026-09-22,,
ORD-01425,APP,2026-09-20,2026-09-21,Fresh,OUT112,,Badulla,Kandy,rear_dock,normal,,04:00,07:45,Frozen Food,chilled,102,118.0,1.01,delivered,2026-09-21,,
ORD-01426,APP,2026-09-17,2026-09-17,Fresh,OUT112,,Badulla,Kandy,rear_dock,normal,,04:00,07:45,Fresh Produce,ambient,108,63.7,1.28,in_transit,,,
ORD-01427,APP,2026-09-23,2026-09-30,Fresh,OUT112,,Badulla,Kandy,rear_dock,normal,,04:00,07:45,Fresh Produce,ambient,35,146.7,1.99,pending_approval,,,
ORD-01428,APP,2026-08-24,2026-08-24,Fresh,OUT112,,Badulla,Kandy,rear_dock,normal,,04:00,07:45,Fresh Produce,ambient,22,164.5,1.57,in_transit,,,
ORD-01429,APP,2026-09-05,2026-09-05,Fresh,OUT112,,Badulla,Kandy,rear_dock,normal,,04:00,07:45,Frozen Food,chilled,136,168.3,1.35,in_transit,,,
ORD-01430,APP,2026-09-15,2026-09-29,Fresh,OUT112,,Badulla,Kandy,rear_dock,normal,,04:00,07:45,Frozen Food,chilled,81,142.7,1.96,pending_load,,,
ORD-01431,APP,2026-09-03,2026-09-04,Fresh,OUT112,,Badulla,Kandy,rear_dock,normal,,04:00,07:45,Fresh Produce,ambient,38,215.3,1.44,delivered,2026-09-04,,
ORD-01432,APP,2026-08-26,2026-08-26,Fresh,OUT112,,Badulla,Kandy,rear_dock,normal,,04:00,07:45,Other Groceries,ambient,100,32.4,0.95,delivered,2026-08-27,,
ORD-01433,APP,2026-09-04,2026-10-02,Fresh,OUT112,,Badulla,Kandy,rear_dock,normal,,04:00,07:45,Frozen Food,chilled,23,148.0,0.64,pending_approval,,,
ORD-01434,APP,2026-09-19,2026-09-20,Fresh,OUT112,,Badulla,Kandy,rear_dock,normal,,04:00,07:45,Fresh Produce,ambient,63,243.3,0.31,delivered,2026-09-21,,
ORD-01435,APP,2026-09-09,2026-09-28,Fresh,OUT113,,Badulla,Kandy,rear_dock,normal,,05:30,08:00,Other Groceries,ambient,91,162.2,1.75,loading,,,
ORD-01436,APP,2026-09-18,2026-09-18,Fresh,OUT113,,Badulla,Kandy,rear_dock,normal,,05:30,08:00,Other Groceries,ambient,40,180.8,0.17,dispatched,,,
ORD-01437,APP,2026-09-17,2026-09-30,Fresh,OUT113,,Badulla,Kandy,rear_dock,normal,,05:30,08:00,Frozen Food,chilled,84,274.3,0.69,pending_planning,,,
ORD-01438,APP,2026-08-31,2026-08-31,Fresh,OUT113,,Badulla,Kandy,rear_dock,normal,,05:30,08:00,Fresh Produce,chilled,25,176.9,0.62,delivered,2026-09-01,,
ORD-01439,APP,2026-09-19,2026-09-28,Fresh,OUT113,,Badulla,Kandy,rear_dock,normal,,05:30,08:00,Frozen Food,chilled,135,121.1,1.18,approved,,,
ORD-01440,APP,2026-09-18,2026-09-28,Fresh,OUT113,,Badulla,Kandy,rear_dock,normal,,05:30,08:00,Other Groceries,ambient,24,208.7,0.72,pending_load,,,
ORD-01441,APP,2026-09-04,2026-09-29,Fresh,OUT113,,Badulla,Kandy,rear_dock,normal,,05:30,08:00,Frozen Food,chilled,135,128.8,1.42,deferred,,,
ORD-01442,APP,2026-09-06,2026-09-07,Fresh,OUT113,,Badulla,Kandy,rear_dock,normal,,05:30,08:00,Fresh Produce,chilled,118,217.5,0.44,delivered,2026-09-08,,
ORD-01443,APP,2026-08-24,2026-10-02,Fresh,OUT113,,Badulla,Kandy,rear_dock,normal,,05:30,08:00,Fresh Produce,ambient,45,124.0,0.53,pending_planning,,,
ORD-01444,APP,2026-09-21,2026-10-02,Fresh,OUT113,,Badulla,Kandy,rear_dock,normal,,05:30,08:00,Frozen Food,chilled,129,56.0,1.16,approved,,,
ORD-01445,APP,2026-08-30,2026-08-31,Fresh,OUT113,,Badulla,Kandy,rear_dock,normal,,05:30,08:00,Other Groceries,ambient,92,158.8,1.08,delivered,2026-09-01,,
ORD-01446,APP,2026-09-18,2026-10-02,Fresh,OUT113,,Badulla,Kandy,rear_dock,normal,,05:30,08:00,Fresh Produce,ambient,125,112.8,0.79,pending_planning,,,
ORD-01447,APP,2026-09-18,2026-09-29,Style,OUT114,,Badulla,Kandy,rear_dock,normal,,09:00,17:00,Women,ambient,23,75.4,4.42,pending_load,,,
ORD-01448,APP,2026-09-09,2026-09-30,Style,OUT114,,Badulla,Kandy,rear_dock,normal,,09:00,17:00,Kids,ambient,49,167.5,3.63,deferred,,,
ORD-01449,APP,2026-09-23,2026-10-01,Style,OUT114,,Badulla,Kandy,rear_dock,normal,,09:00,17:00,Footwear,ambient,48,148.3,3.41,pending_load,,,
ORD-01450,APP,2026-09-06,2026-09-29,Style,OUT114,,Badulla,Kandy,rear_dock,normal,,09:00,17:00,Women,ambient,63,128.1,1.15,deferred,,,
ORD-01451,APP,2026-08-25,2026-09-30,Style,OUT114,,Badulla,Kandy,rear_dock,normal,,09:00,17:00,Kids,ambient,53,140.0,4.43,deferred,,,
ORD-01452,APP,2026-09-01,2026-09-30,Style,OUT114,,Badulla,Kandy,rear_dock,normal,,09:00,17:00,Kids,ambient,46,228.7,0.78,pending_load,,,
ORD-01453,APP,2026-08-24,2026-08-25,Style,OUT114,,Badulla,Kandy,rear_dock,normal,,09:00,17:00,Kids,ambient,39,175.2,1.29,delivered,2026-08-26,,
ORD-01454,APP,2026-09-18,2026-10-01,Style,OUT114,,Badulla,Kandy,rear_dock,normal,,09:00,17:00,Accessories,ambient,12,209.6,2.93,loading,,,
ORD-01455,APP,2026-08-23,2026-08-24,Style,OUT114,,Badulla,Kandy,rear_dock,normal,,09:00,17:00,Kids,ambient,57,106.4,4.49,delivered,2026-08-25,,
ORD-01456,APP,2026-09-13,2026-10-02,Style,OUT114,,Badulla,Kandy,rear_dock,normal,,09:00,17:00,Men,ambient,35,165.2,3.69,pending_load,,,
ORD-01457,APP,2026-09-25,2026-09-30,Style,OUT114,,Badulla,Kandy,rear_dock,normal,,09:00,17:00,Accessories,ambient,47,114.1,0.64,pending_planning,,,
ORD-01458,APP,2026-08-25,2026-09-29,Style,OUT114,,Badulla,Kandy,rear_dock,normal,,09:00,17:00,Accessories,ambient,51,58.3,4.29,approved,,,
ORD-01459,APP,2026-09-10,2026-09-10,Tech,OUT115,,Badulla,Kandy,street,normal,,09:00,17:00,Networking,ambient,23,117.1,2.74,dispatched,,,
ORD-01460,APP,2026-08-23,2026-08-23,Tech,OUT115,,Badulla,Kandy,street,normal,,09:00,17:00,Mobile Phones,ambient,11,263.7,4.72,delivered,2026-08-24,,
ORD-01461,APP,2026-09-03,2026-09-04,Tech,OUT115,,Badulla,Kandy,street,normal,,09:00,17:00,Mobile Phones,ambient,14,347.6,5.12,delivered,2026-09-04,,
ORD-01462,APP,2026-08-30,2026-08-31,Tech,OUT115,,Badulla,Kandy,street,normal,,09:00,17:00,Storage,ambient,5,207.4,2.69,delivered,2026-09-01,,
ORD-01463,APP,2026-09-16,2026-10-02,Tech,OUT115,,Badulla,Kandy,street,normal,,09:00,17:00,Accessories,ambient,18,158.0,1.84,approved,,,
ORD-01464,APP,2026-09-19,2026-09-30,Tech,OUT115,,Badulla,Kandy,street,normal,,09:00,17:00,Laptops,ambient,19,308.8,1.13,pending_load,,,
ORD-01465,APP,2026-09-09,2026-09-10,Tech,OUT115,,Badulla,Kandy,street,normal,,09:00,17:00,Audio,ambient,19,398.3,4.31,dispatched,,,
ORD-01466,APP,2026-08-30,2026-08-31,Tech,OUT115,,Badulla,Kandy,street,normal,,09:00,17:00,Laptops,ambient,5,97.4,1.06,delivered,2026-08-31,,
ORD-01467,APP,2026-09-01,2026-09-02,Tech,OUT115,,Badulla,Kandy,street,normal,,09:00,17:00,Laptops,ambient,17,38.0,3.58,delivered,2026-09-03,,
ORD-01468,APP,2026-09-08,2026-10-01,Tech,OUT115,,Badulla,Kandy,street,normal,,09:00,17:00,Computing,ambient,4,54.4,1.31,deferred,,,
ORD-01469,APP,2026-08-28,2026-08-29,Tech,OUT115,,Badulla,Kandy,street,normal,,09:00,17:00,Tablets,ambient,14,342.9,3.54,delivered,2026-08-30,,
ORD-01470,APP,2026-09-26,2026-09-27,Tech,OUT115,,Badulla,Kandy,street,normal,,09:00,17:00,Storage,ambient,29,382.2,1.2,delivered,2026-09-27,,
ORD-01471,APP,2026-08-26,2026-08-27,Fresh,OUT116,,Kegalle,Kandy,rear_dock,normal,,05:00,07:30,Fresh Produce,ambient,30,56.7,1.58,delivered,2026-08-28,,
ORD-01472,APP,2026-09-09,2026-09-10,Fresh,OUT116,,Kegalle,Kandy,rear_dock,normal,,05:00,07:30,Other Groceries,ambient,33,217.4,1.96,delivered,2026-09-10,,
ORD-01473,APP,2026-09-11,2026-09-11,Fresh,OUT116,,Kegalle,Kandy,rear_dock,normal,,05:00,07:30,Frozen Food,chilled,124,278.1,1.74,dispatched,,,
ORD-01474,APP,2026-09-12,2026-09-29,Fresh,OUT116,,Kegalle,Kandy,rear_dock,normal,,05:00,07:30,Frozen Food,chilled,69,74.1,0.61,cancelled,,,
ORD-01475,APP,2026-09-02,2026-09-03,Fresh,OUT116,,Kegalle,Kandy,rear_dock,normal,,05:00,07:30,Fresh Produce,ambient,103,193.8,1.22,delivered,2026-09-04,,
ORD-01476,APP,2026-09-07,2026-10-02,Fresh,OUT116,,Kegalle,Kandy,rear_dock,normal,,05:00,07:30,Fresh Produce,chilled,30,201.6,1.31,cancelled,,,
ORD-01477,APP,2026-09-26,2026-09-28,Fresh,OUT116,,Kegalle,Kandy,rear_dock,normal,,05:00,07:30,Fresh Produce,ambient,127,166.8,2.12,deferred,,,
ORD-01478,APP,2026-09-09,2026-09-10,Fresh,OUT116,,Kegalle,Kandy,rear_dock,normal,,05:00,07:30,Frozen Food,chilled,150,81.0,0.69,dispatched,,,
ORD-01479,APP,2026-09-18,2026-10-01,Fresh,OUT116,,Kegalle,Kandy,rear_dock,normal,,05:00,07:30,Other Groceries,ambient,132,267.0,1.87,approved,,,
ORD-01480,APP,2026-08-24,2026-08-25,Fresh,OUT116,,Kegalle,Kandy,rear_dock,normal,,05:00,07:30,Frozen Food,chilled,117,164.0,1.19,delivered,2026-08-26,,
ORD-01481,APP,2026-09-16,2026-09-30,Fresh,OUT116,,Kegalle,Kandy,rear_dock,normal,,05:00,07:30,Fresh Produce,ambient,105,167.8,1.62,pending_approval,,,
ORD-01482,APP,2026-09-23,2026-10-01,Fresh,OUT116,,Kegalle,Kandy,rear_dock,normal,,05:00,07:30,Other Groceries,ambient,121,107.4,1.65,deferred,,,
ORD-01483,APP,2026-09-22,2026-09-23,Fresh,OUT117,,Kegalle,Kandy,rear_dock,normal,,04:00,07:45,Frozen Food,chilled,97,40.5,1.9,delivered,2026-09-23,,
ORD-01484,APP,2026-08-24,2026-09-28,Fresh,OUT117,,Kegalle,Kandy,rear_dock,normal,,04:00,07:45,Other Groceries,ambient,61,67.5,1.66,pending_load,,,
ORD-01485,APP,2026-09-05,2026-09-06,Fresh,OUT117,,Kegalle,Kandy,rear_dock,normal,,04:00,07:45,Frozen Food,chilled,123,127.4,0.89,delivered,2026-09-07,,
ORD-01486,APP,2026-09-12,2026-09-12,Fresh,OUT117,,Kegalle,Kandy,rear_dock,normal,,04:00,07:45,Frozen Food,chilled,51,199.4,1.15,in_transit,,,
ORD-01487,APP,2026-09-18,2026-09-19,Fresh,OUT117,,Kegalle,Kandy,rear_dock,normal,,04:00,07:45,Other Groceries,ambient,124,92.6,0.58,in_transit,,,
ORD-01488,APP,2026-08-25,2026-10-02,Fresh,OUT117,,Kegalle,Kandy,rear_dock,normal,,04:00,07:45,Fresh Produce,ambient,117,208.7,1.07,pending_approval,,,
ORD-01489,APP,2026-09-23,2026-09-30,Fresh,OUT117,,Kegalle,Kandy,rear_dock,normal,,04:00,07:45,Frozen Food,chilled,74,105.2,1.02,deferred,,,
ORD-01490,APP,2026-09-06,2026-09-06,Fresh,OUT117,,Kegalle,Kandy,rear_dock,normal,,04:00,07:45,Fresh Produce,ambient,57,175.8,0.44,delivered,2026-09-06,,
ORD-01491,APP,2026-09-02,2026-09-30,Fresh,OUT117,,Kegalle,Kandy,rear_dock,normal,,04:00,07:45,Fresh Produce,ambient,95,60.7,2.16,deferred,,,
ORD-01492,APP,2026-09-26,2026-09-27,Fresh,OUT117,,Kegalle,Kandy,rear_dock,normal,,04:00,07:45,Fresh Produce,ambient,54,184.6,0.66,delivered,2026-09-27,,
ORD-01493,APP,2026-09-18,2026-09-28,Fresh,OUT117,,Kegalle,Kandy,rear_dock,normal,,04:00,07:45,Frozen Food,chilled,132,26.7,1.75,deferred,,,
ORD-01494,APP,2026-09-14,2026-09-15,Fresh,OUT117,,Kegalle,Kandy,rear_dock,normal,,04:00,07:45,Other Groceries,ambient,37,38.5,2.03,delivered,2026-09-15,,
ORD-01495,APP,2026-09-12,2026-09-12,Fresh,OUT118,,Kegalle,Kandy,street,normal,,04:00,07:45,Fresh Produce,ambient,118,268.7,1.69,delivered,2026-09-12,,
ORD-01496,APP,2026-09-14,2026-10-01,Fresh,OUT118,,Kegalle,Kandy,street,normal,,04:00,07:45,Other Groceries,ambient,38,251.9,0.31,deferred,,,
ORD-01497,APP,2026-09-06,2026-09-06,Fresh,OUT118,,Kegalle,Kandy,street,normal,,04:00,07:45,Frozen Food,chilled,22,192.3,1.79,delivered,2026-09-06,,
ORD-01498,APP,2026-08-30,2026-09-30,Fresh,OUT118,,Kegalle,Kandy,street,normal,,04:00,07:45,Frozen Food,chilled,87,118.4,1.44,pending_approval,,,
ORD-01499,APP,2026-09-03,2026-09-30,Fresh,OUT118,,Kegalle,Kandy,street,normal,,04:00,07:45,Frozen Food,chilled,131,68.8,1.61,pending_approval,,,
ORD-01500,APP,2026-09-07,2026-09-07,Fresh,OUT118,,Kegalle,Kandy,street,normal,,04:00,07:45,Other Groceries,ambient,90,216.1,2.06,delivered,2026-09-08,,
