outlet_id,outlet_name,brand,district,depot,dock_type,parking_constraint,mall_window,window_open_time,window_close_time,product_id,category,product_name,unit,stock,reserved,available_stock,demand,incoming,reorder_level,status
OUT015,,Waypoint Style,Colombo,Peliyagoda,mall_bay,mall_dock,09:00-11:00,09:00,11:00,WAY-001,Men,Men's T-Shirt,pcs,26,2,24,14,5,15,in_stock
OUT015,,Waypoint Style,Colombo,Peliyagoda,mall_bay,mall_dock,09:00-11:00,09:00,11:00,WAY-002,Men,Men's Polo Shirt,pcs,26,0,26,13,30,7,in_stock
OUT015,,Waypoint Style,Colombo,Peliyagoda,mall_bay,mall_dock,09:00-11:00,09:00,11:00,WAY-003,Men,Men's Casual Shirt,pcs,12,7,5,14,30,8,low_stock
OUT015,,Waypoint Style,Colombo,Peliyagoda,mall_bay,mall_dock,09:00-11:00,09:00,11:00,WAY-004,Men,Men's Formal Shirt,pcs,27,6,21,12,0,6,in_stock
OUT015,,Waypoint Style,Colombo,Peliyagoda,mall_bay,mall_dock,09:00-11:00,09:00,11:00,WAY-005,Men,Men's Jeans,pcs,35,0,35,12,30,11,in_stock
OUT015,,Waypoint Style,Colombo,Peliyagoda,mall_bay,mall_dock,09:00-11:00,09:00,11:00,WAY-006,Men,Men's Chino,pcs,10,5,5,4,0,7,low_stock
OUT015,,Waypoint Style,Colombo,Peliyagoda,mall_bay,mall_dock,09:00-11:00,09:00,11:00,WAY-007,Men,Men's Shorts,pcs,44,2,42,8,0,10,in_stock
OUT015,,Waypoint Style,Colombo,Peliyagoda,mall_bay,mall_dock,09:00-11:00,09:00,11:00,WAY-008,Men,Men's Hoodie,pcs,42,1,41,7,0,17,in_stock
OUT015,,Waypoint Style,Colombo,Peliyagoda,mall_bay,mall_dock,09:00-11:00,09:00,11:00,WAY-009,Men,Men's Jacket,pcs,6,2,4,11,5,16,low_stock
OUT015,,Waypoint Style,Colombo,Peliyagoda,mall_bay,mall_dock,09:00-11:00,09:00,11:00,WAY-010,Women,Women's T-Shirt,pcs,22,7,15,17,30,11,in_stock
OUT015,,Waypoint Style,Colombo,Peliyagoda,mall_bay,mall_dock,09:00-11:00,09:00,11:00,WAY-011,Women,Women's Blouse,pcs,29,3,26,22,0,7,in_stock
OUT015,,Waypoint Style,Colombo,Peliyagoda,mall_bay,mall_dock,09:00-11:00,09:00,11:00,WAY-012,Women,Women's Dress,pcs,24,4,20,8,0,17,in_stock
OUT015,,Waypoint Style,Colombo,Peliyagoda,mall_bay,mall_dock,09:00-11:00,09:00,11:00,WAY-013,Women,Women's Jeans,pcs,37,4,33,21,10,15,in_stock
OUT015,,Waypoint Style,Colombo,Peliyagoda,mall_bay,mall_dock,09:00-11:00,09:00,11:00,WAY-014,Women,Women's Trousers,pcs,10,5,5,13,20,13,low_stock
OUT015,,Waypoint Style,Colombo,Peliyagoda,mall_bay,mall_dock,09:00-11:00,09:00,11:00,WAY-015,Women,Women's Skirt,pcs,5,3,2,6,10,8,low_stock
OUT015,,Waypoint Style,Colombo,Peliyagoda,mall_bay,mall_dock,09:00-11:00,09:00,11:00,WAY-016,Women,Women's Hoodie,pcs,15,2,13,22,0,18,low_stock
OUT015,,Waypoint Style,Colombo,Peliyagoda,mall_bay,mall_dock,09:00-11:00,09:00,11:00,WAY-017,Women,Women's Jacket,pcs,29,6,23,9,10,17,in_stock
OUT015,,Waypoint Style,Colombo,Peliyagoda,mall_bay,mall_dock,09:00-11:00,09:00,11:00,WAY-018,Kids,Kids T-Shirt,pcs,6,3,3,11,5,11,low_stock
OUT015,,Waypoint Style,Colombo,Peliyagoda,mall_bay,mall_dock,09:00-11:00,09:00,11:00,WAY-019,Kids,Kids Jeans,pcs,23,1,22,2,0,8,in_stock
OUT015,,Waypoint Style,Colombo,Peliyagoda,mall_bay,mall_dock,09:00-11:00,09:00,11:00,WAY-020,Kids,Kids Shorts,pcs,23,2,21,12,0,12,in_stock
OUT015,,Waypoint Style,Colombo,Peliyagoda,mall_bay,mall_dock,09:00-11:00,09:00,11:00,WAY-021,Kids,Kids Dress,pcs,30,6,24,9,10,7,in_stock
OUT015,,Waypoint Style,Colombo,Peliyagoda,mall_bay,mall_dock,09:00-11:00,09:00,11:00,WAY-022,Footwear,Men's Sneakers,pairs,40,4,36,6,20,11,in_stock
OUT015,,Waypoint Style,Colombo,Peliyagoda,mall_bay,mall_dock,09:00-11:00,09:00,11:00,WAY-023,Footwear,Women's Sneakers,pairs,31,0,31,19,30,15,in_stock
OUT015,,Waypoint Style,Colombo,Peliyagoda,mall_bay,mall_dock,09:00-11:00,09:00,11:00,WAY-024,Footwear,Men's Sandals,pairs,28,2,26,5,0,12,in_stock
OUT015,,Waypoint Style,Colombo,Peliyagoda,mall_bay,mall_dock,09:00-11:00,09:00,11:00,WAY-025,Footwear,Women's Sandals,pairs,32,7,25,9,5,7,in_stock
OUT015,,Waypoint Style,Colombo,Peliyagoda,mall_bay,mall_dock,09:00-11:00,09:00,11:00,WAY-026,Footwear,Kids' Shoes,pairs,22,6,16,9,0,13,in_stock
OUT015,,Waypoint Style,Colombo,Peliyagoda,mall_bay,mall_dock,09:00-11:00,09:00,11:00,WAY-027,Accessories,Backpack,pcs,38,8,30,2,0,8,in_stock
OUT015,,Waypoint Style,Colombo,Peliyagoda,mall_bay,mall_dock,09:00-11:00,09:00,11:00,WAY-028,Accessories,Wallet,pcs,45,2,43,6,10,11,in_stock
OUT015,,Waypoint Style,Colombo,Peliyagoda,mall_bay,mall_dock,09:00-11:00,09:00,11:00,WAY-029,Accessories,Cap,pcs,29,6,23,18,30,9,in_stock
OUT015,,Waypoint Style,Colombo,Peliyagoda,mall_bay,mall_dock,09:00-11:00,09:00,11:00,WAY-030,Accessories,Belt,pcs,27,1,26,18,30,17,in_stock
OUT015,,Waypoint Style,Colombo,Peliyagoda,mall_bay,mall_dock,09:00-11:00,09:00,11:00,WAY-031,Men,Men's T-Shirt V2,pcs,42,1,41,20,20,10,in_stock
OUT015,,Waypoint Style,Colombo,Peliyagoda,mall_bay,mall_dock,09:00-11:00,09:00,11:00,WAY-032,Men,Men's Polo Shirt V2,pcs,25,7,18,14,30,15,in_stock
OUT015,,Waypoint Style,Colombo,Peliyagoda,mall_bay,mall_dock,09:00-11:00,09:00,11:00,WAY-033,Men,Men's Casual Shirt V2,pcs,23,8,15,7,30,15,low_stock
OUT015,,Waypoint Style,Colombo,Peliyagoda,mall_bay,mall_dock,09:00-11:00,09:00,11:00,WAY-034,Men,Men's Formal Shirt V2,pcs,18,4,14,18,10,5,in_stock
OUT015,,Waypoint Style,Colombo,Peliyagoda,mall_bay,mall_dock,09:00-11:00,09:00,11:00,WAY-035,Men,Men's Jeans V2,pcs,11,0,11,21,10,10,in_stock
OUT015,,Waypoint Style,Colombo,Peliyagoda,mall_bay,mall_dock,09:00-11:00,09:00,11:00,WAY-036,Men,Men's Chino V2,pcs,16,1,15,8,20,11,in_stock
OUT015,,Waypoint Style,Colombo,Peliyagoda,mall_bay,mall_dock,09:00-11:00,09:00,11:00,WAY-037,Men,Men's Shorts V2,pcs,11,0,11,6,30,10,in_stock
OUT015,,Waypoint Style,Colombo,Peliyagoda,mall_bay,mall_dock,09:00-11:00,09:00,11:00,WAY-038,Men,Men's Hoodie V2,pcs,36,3,33,10,30,15,in_stock
OUT015,,Waypoint Style,Colombo,Peliyagoda,mall_bay,mall_dock,09:00-11:00,09:00,11:00,WAY-039,Men,Men's Jacket V2,pcs,29,0,29,5,30,16,in_stock
OUT015,,Waypoint Style,Colombo,Peliyagoda,mall_bay,mall_dock,09:00-11:00,09:00,11:00,WAY-040,Women,Women's T-Shirt V2,pcs,30,1,29,14,30,5,in_stock
OUT015,,Waypoint Style,Colombo,Peliyagoda,mall_bay,mall_dock,09:00-11:00,09:00,11:00,WAY-041,Women,Women's Blouse V2,pcs,38,3,35,5,10,17,in_stock
OUT015,,Waypoint Style,Colombo,Peliyagoda,mall_bay,mall_dock,09:00-11:00,09:00,11:00,WAY-042,Women,Women's Dress V2,pcs,40,3,37,4,10,5,in_stock
OUT015,,Waypoint Style,Colombo,Peliyagoda,mall_bay,mall_dock,09:00-11:00,09:00,11:00,WAY-043,Women,Women's Jeans V2,pcs,35,5,30,22,0,11,in_stock
OUT015,,Waypoint Style,Colombo,Peliyagoda,mall_bay,mall_dock,09:00-11:00,09:00,11:00,WAY-044,Women,Women's Trousers V2,pcs,39,0,39,21,0,14,in_stock
OUT015,,Waypoint Style,Colombo,Peliyagoda,mall_bay,mall_dock,09:00-11:00,09:00,11:00,WAY-045,Women,Women's Skirt V2,pcs,31,0,31,9,0,17,in_stock
OUT015,,Waypoint Style,Colombo,Peliyagoda,mall_bay,mall_dock,09:00-11:00,09:00,11:00,WAY-046,Women,Women's Hoodie V2,pcs,15,3,12,9,30,8,in_stock
OUT015,,Waypoint Style,Colombo,Peliyagoda,mall_bay,mall_dock,09:00-11:00,09:00,11:00,WAY-047,Women,Women's Jacket V2,pcs,40,6,34,4,5,15,in_stock
OUT015,,Waypoint Style,Colombo,Peliyagoda,mall_bay,mall_dock,09:00-11:00,09:00,11:00,WAY-048,Kids,Kids T-Shirt V2,pcs,20,2,18,14,5,11,in_stock
OUT015,,Waypoint Style,Colombo,Peliyagoda,mall_bay,mall_dock,09:00-11:00,09:00,11:00,WAY-049,Kids,Kids Jeans V2,pcs,6,0,6,19,0,16,low_stock
OUT015,,Waypoint Style,Colombo,Peliyagoda,mall_bay,mall_dock,09:00-11:00,09:00,11:00,WAY-050,Kids,Kids Shorts V2,pcs,43,4,39,4,10,16,in_stock
OUT015,,Waypoint Style,Colombo,Peliyagoda,mall_bay,mall_dock,09:00-11:00,09:00,11:00,WAY-051,Kids,Kids Dress V2,pcs,33,2,31,15,20,7,in_stock
OUT015,,Waypoint Style,Colombo,Peliyagoda,mall_bay,mall_dock,09:00-11:00,09:00,11:00,WAY-052,Footwear,Men's Sneakers V2,pairs,41,1,40,11,5,16,in_stock
OUT015,,Waypoint Style,Colombo,Peliyagoda,mall_bay,mall_dock,09:00-11:00,09:00,11:00,WAY-053,Footwear,Women's Sneakers V2,pairs,36,4,32,4,0,8,in_stock
OUT015,,Waypoint Style,Colombo,Peliyagoda,mall_bay,mall_dock,09:00-11:00,09:00,11:00,WAY-054,Footwear,Men's Sandals V2,pairs,9,6,3,14,30,13,low_stock
OUT015,,Waypoint Style,Colombo,Peliyagoda,mall_bay,mall_dock,09:00-11:00,09:00,11:00,WAY-055,Footwear,Women's Sandals V2,pairs,16,5,11,9,5,15,low_stock
OUT015,,Waypoint Style,Colombo,Peliyagoda,mall_bay,mall_dock,09:00-11:00,09:00,11:00,WAY-056,Footwear,Kids' Shoes V2,pairs,27,6,21,19,10,15,in_stock
OUT015,,Waypoint Style,Colombo,Peliyagoda,mall_bay,mall_dock,09:00-11:00,09:00,11:00,WAY-057,Accessories,Backpack V2,pcs,15,4,11,18,20,12,low_stock
OUT015,,Waypoint Style,Colombo,Peliyagoda,mall_bay,mall_dock,09:00-11:00,09:00,11:00,WAY-058,Accessories,Wallet V2,pcs,7,7,0,12,20,5,out_of_stock
OUT015,,Waypoint Style,Colombo,Peliyagoda,mall_bay,mall_dock,09:00-11:00,09:00,11:00,WAY-059,Accessories,Cap V2,pcs,40,2,38,10,0,5,in_stock
OUT015,,Waypoint Style,Colombo,Peliyagoda,mall_bay,mall_dock,09:00-11:00,09:00,11:00,WAY-060,Accessories,Belt V2,pcs,10,8,2,9,20,17,low_stock
OUT015,,Waypoint Style,Colombo,Peliyagoda,mall_bay,mall_dock,09:00-11:00,09:00,11:00,WAY-061,Men,Men's T-Shirt V3,pcs,32,6,26,1,5,6,in_stock
OUT015,,Waypoint Style,Colombo,Peliyagoda,mall_bay,mall_dock,09:00-11:00,09:00,11:00,WAY-062,Men,Men's Polo Shirt V3,pcs,12,8,4,14,0,14,low_stock
OUT015,,Waypoint Style,Colombo,Peliyagoda,mall_bay,mall_dock,09:00-11:00,09:00,11:00,WAY-063,Men,Men's Casual Shirt V3,pcs,45,8,37,20,5,11,in_stock
OUT015,,Waypoint Style,Colombo,Peliyagoda,mall_bay,mall_dock,09:00-11:00,09:00,11:00,WAY-064,Men,Men's Formal Shirt V3,pcs,29,5,24,22,0,7,in_stock
OUT015,,Waypoint Style,Colombo,Peliyagoda,mall_bay,mall_dock,09:00-11:00,09:00,11:00,WAY-065,Men,Men's Jeans V3,pcs,4,0,4,17,0,9,low_stock
OUT015,,Waypoint Style,Colombo,Peliyagoda,mall_bay,mall_dock,09:00-11:00,09:00,11:00,WAY-066,Men,Men's Chino V3,pcs,44,0,44,4,0,10,in_stock
OUT015,,Waypoint Style,Colombo,Peliyagoda,mall_bay,mall_dock,09:00-11:00,09:00,11:00,WAY-067,Men,Men's Shorts V3,pcs,11,0,11,5,30,17,low_stock
OUT015,,Waypoint Style,Colombo,Peliyagoda,mall_bay,mall_dock,09:00-11:00,09:00,11:00,WAY-068,Men,Men's Hoodie V3,pcs,27,2,25,16,10,17,in_stock
OUT015,,Waypoint Style,Colombo,Peliyagoda,mall_bay,mall_dock,09:00-11:00,09:00,11:00,WAY-069,Men,Men's Jacket V3,pcs,22,3,19,6,20,14,in_stock
OUT015,,Waypoint Style,Colombo,Peliyagoda,mall_bay,mall_dock,09:00-11:00,09:00,11:00,WAY-070,Women,Women's T-Shirt V3,pcs,43,7,36,7,5,12,in_stock
OUT015,,Waypoint Style,Colombo,Peliyagoda,mall_bay,mall_dock,09:00-11:00,09:00,11:00,WAY-071,Women,Women's Blouse V3,pcs,22,4,18,18,20,13,in_stock
OUT015,,Waypoint Style,Colombo,Peliyagoda,mall_bay,mall_dock,09:00-11:00,09:00,11:00,WAY-072,Women,Women's Dress V3,pcs,31,4,27,20,20,5,in_stock
OUT015,,Waypoint Style,Colombo,Peliyagoda,mall_bay,mall_dock,09:00-11:00,09:00,11:00,WAY-073,Women,Women's Jeans V3,pcs,37,0,37,2,10,13,in_stock
OUT015,,Waypoint Style,Colombo,Peliyagoda,mall_bay,mall_dock,09:00-11:00,09:00,11:00,WAY-074,Women,Women's Trousers V3,pcs,36,8,28,18,20,14,in_stock
OUT015,,Waypoint Style,Colombo,Peliyagoda,mall_bay,mall_dock,09:00-11:00,09:00,11:00,WAY-075,Women,Women's Skirt V3,pcs,36,5,31,10,20,16,in_stock
OUT015,,Waypoint Style,Colombo,Peliyagoda,mall_bay,mall_dock,09:00-11:00,09:00,11:00,WAY-076,Women,Women's Hoodie V3,pcs,23,8,15,14,0,7,in_stock
OUT015,,Waypoint Style,Colombo,Peliyagoda,mall_bay,mall_dock,09:00-11:00,09:00,11:00,WAY-077,Women,Women's Jacket V3,pcs,21,8,13,3,0,10,in_stock
OUT015,,Waypoint Style,Colombo,Peliyagoda,mall_bay,mall_dock,09:00-11:00,09:00,11:00,WAY-078,Kids,Kids T-Shirt V3,pcs,11,1,10,18,5,12,low_stock
OUT015,,Waypoint Style,Colombo,Peliyagoda,mall_bay,mall_dock,09:00-11:00,09:00,11:00,WAY-079,Kids,Kids Jeans V3,pcs,6,4,2,16,5,8,low_stock
OUT015,,Waypoint Style,Colombo,Peliyagoda,mall_bay,mall_dock,09:00-11:00,09:00,11:00,WAY-080,Kids,Kids Shorts V3,pcs,15,0,15,9,0,6,in_stock
OUT015,,Waypoint Style,Colombo,Peliyagoda,mall_bay,mall_dock,09:00-11:00,09:00,11:00,WAY-081,Kids,Kids Dress V3,pcs,22,0,22,10,10,14,in_stock
OUT015,,Waypoint Style,Colombo,Peliyagoda,mall_bay,mall_dock,09:00-11:00,09:00,11:00,WAY-082,Footwear,Men's Sneakers V3,pairs,31,5,26,19,5,7,in_stock
OUT015,,Waypoint Style,Colombo,Peliyagoda,mall_bay,mall_dock,09:00-11:00,09:00,11:00,WAY-083,Footwear,Women's Sneakers V3,pairs,23,2,21,4,0,14,in_stock
OUT015,,Waypoint Style,Colombo,Peliyagoda,mall_bay,mall_dock,09:00-11:00,09:00,11:00,WAY-084,Footwear,Men's Sandals V3,pairs,37,1,36,9,30,16,in_stock
OUT015,,Waypoint Style,Colombo,Peliyagoda,mall_bay,mall_dock,09:00-11:00,09:00,11:00,WAY-085,Footwear,Women's Sandals V3,pairs,15,0,15,18,0,11,in_stock
OUT015,,Waypoint Style,Colombo,Peliyagoda,mall_bay,mall_dock,09:00-11:00,09:00,11:00,WAY-086,Footwear,Kids' Shoes V3,pairs,10,6,4,14,5,11,low_stock
OUT015,,Waypoint Style,Colombo,Peliyagoda,mall_bay,mall_dock,09:00-11:00,09:00,11:00,WAY-087,Accessories,Backpack V3,pcs,13,2,11,22,0,9,in_stock
OUT015,,Waypoint Style,Colombo,Peliyagoda,mall_bay,mall_dock,09:00-11:00,09:00,11:00,WAY-088,Accessories,Wallet V3,pcs,15,8,7,20,10,15,low_stock
OUT015,,Waypoint Style,Colombo,Peliyagoda,mall_bay,mall_dock,09:00-11:00,09:00,11:00,WAY-089,Accessories,Cap V3,pcs,25,4,21,20,0,16,in_stock
OUT015,,Waypoint Style,Colombo,Peliyagoda,mall_bay,mall_dock,09:00-11:00,09:00,11:00,WAY-090,Accessories,Belt V3,pcs,36,2,34,5,0,11,in_stock
OUT015,,Waypoint Style,Colombo,Peliyagoda,mall_bay,mall_dock,09:00-11:00,09:00,11:00,WAY-091,Men,Men's T-Shirt V4,pcs,30,2,28,14,30,12,in_stock
OUT015,,Waypoint Style,Colombo,Peliyagoda,mall_bay,mall_dock,09:00-11:00,09:00,11:00,WAY-092,Men,Men's Polo Shirt V4,pcs,33,2,31,7,10,8,in_stock
OUT015,,Waypoint Style,Colombo,Peliyagoda,mall_bay,mall_dock,09:00-11:00,09:00,11:00,WAY-093,Men,Men's Casual Shirt V4,pcs,5,4,1,14,0,12,low_stock
OUT015,,Waypoint Style,Colombo,Peliyagoda,mall_bay,mall_dock,09:00-11:00,09:00,11:00,WAY-094,Men,Men's Formal Shirt V4,pcs,20,8,12,19,5,11,in_stock
OUT015,,Waypoint Style,Colombo,Peliyagoda,mall_bay,mall_dock,09:00-11:00,09:00,11:00,WAY-095,Men,Men's Jeans V4,pcs,29,7,22,19,5,18,in_stock
OUT015,,Waypoint Style,Colombo,Peliyagoda,mall_bay,mall_dock,09:00-11:00,09:00,11:00,WAY-096,Men,Men's Chino V4,pcs,14,7,7,11,20,6,in_stock
OUT015,,Waypoint Style,Colombo,Peliyagoda,mall_bay,mall_dock,09:00-11:00,09:00,11:00,WAY-097,Men,Men's Shorts V4,pcs,34,3,31,11,0,14,in_stock
OUT015,,Waypoint Style,Colombo,Peliyagoda,mall_bay,mall_dock,09:00-11:00,09:00,11:00,WAY-098,Men,Men's Hoodie V4,pcs,43,6,37,4,5,9,in_stock
OUT015,,Waypoint Style,Colombo,Peliyagoda,mall_bay,mall_dock,09:00-11:00,09:00,11:00,WAY-099,Men,Men's Jacket V4,pcs,28,1,27,16,30,11,in_stock
OUT015,,Waypoint Style,Colombo,Peliyagoda,mall_bay,mall_dock,09:00-11:00,09:00,11:00,WAY-100,Women,Women's T-Shirt V4,pcs,13,1,12,10,0,6,in_stock
OUT015,,Waypoint Style,Colombo,Peliyagoda,mall_bay,mall_dock,09:00-11:00,09:00,11:00,WAY-101,Women,Women's Blouse V4,pcs,6,6,0,11,10,12,out_of_stock
OUT015,,Waypoint Style,Colombo,Peliyagoda,mall_bay,mall_dock,09:00-11:00,09:00,11:00,WAY-102,Women,Women's Dress V4,pcs,6,3,3,19,0,12,low_stock
OUT015,,Waypoint Style,Colombo,Peliyagoda,mall_bay,mall_dock,09:00-11:00,09:00,11:00,WAY-103,Women,Women's Jeans V4,pcs,7,1,6,7,10,16,low_stock
OUT015,,Waypoint Style,Colombo,Peliyagoda,mall_bay,mall_dock,09:00-11:00,09:00,11:00,WAY-104,Women,Women's Trousers V4,pcs,27,4,23,19,20,7,in_stock
OUT015,,Waypoint Style,Colombo,Peliyagoda,mall_bay,mall_dock,09:00-11:00,09:00,11:00,WAY-105,Women,Women's Skirt V4,pcs,21,2,19,8,30,10,in_stock
OUT015,,Waypoint Style,Colombo,Peliyagoda,mall_bay,mall_dock,09:00-11:00,09:00,11:00,WAY-106,Women,Women's Hoodie V4,pcs,15,6,9,10,30,17,low_stock
OUT015,,Waypoint Style,Colombo,Peliyagoda,mall_bay,mall_dock,09:00-11:00,09:00,11:00,WAY-107,Women,Women's Jacket V4,pcs,10,4,6,18,20,11,low_stock
OUT015,,Waypoint Style,Colombo,Peliyagoda,mall_bay,mall_dock,09:00-11:00,09:00,11:00,WAY-108,Kids,Kids T-Shirt V4,pcs,11,3,8,19,10,9,low_stock
OUT015,,Waypoint Style,Colombo,Peliyagoda,mall_bay,mall_dock,09:00-11:00,09:00,11:00,WAY-109,Kids,Kids Jeans V4,pcs,22,1,21,9,0,15,in_stock
OUT015,,Waypoint Style,Colombo,Peliyagoda,mall_bay,mall_dock,09:00-11:00,09:00,11:00,WAY-110,Kids,Kids Shorts V4,pcs,37,4,33,22,5,10,in_stock
OUT015,,Waypoint Style,Colombo,Peliyagoda,mall_bay,mall_dock,09:00-11:00,09:00,11:00,WAY-111,Kids,Kids Dress V4,pcs,17,7,10,7,0,5,in_stock
OUT015,,Waypoint Style,Colombo,Peliyagoda,mall_bay,mall_dock,09:00-11:00,09:00,11:00,WAY-112,Footwear,Men's Sneakers V4,pairs,29,8,21,21,0,14,in_stock
OUT015,,Waypoint Style,Colombo,Peliyagoda,mall_bay,mall_dock,09:00-11:00,09:00,11:00,WAY-113,Footwear,Women's Sneakers V4,pairs,16,7,9,22,10,14,low_stock
OUT015,,Waypoint Style,Colombo,Peliyagoda,mall_bay,mall_dock,09:00-11:00,09:00,11:00,WAY-114,Footwear,Men's Sandals V4,pairs,41,1,40,22,0,10,in_stock
OUT015,,Waypoint Style,Colombo,Peliyagoda,mall_bay,mall_dock,09:00-11:00,09:00,11:00,WAY-115,Footwear,Women's Sandals V4,pairs,35,6,29,9,30,17,in_stock
OUT015,,Waypoint Style,Colombo,Peliyagoda,mall_bay,mall_dock,09:00-11:00,09:00,11:00,WAY-116,Footwear,Kids' Shoes V4,pairs,26,2,24,6,0,11,in_stock
OUT015,,Waypoint Style,Colombo,Peliyagoda,mall_bay,mall_dock,09:00-11:00,09:00,11:00,WAY-117,Accessories,Backpack V4,pcs,28,1,27,7,5,18,in_stock
OUT015,,Waypoint Style,Colombo,Peliyagoda,mall_bay,mall_dock,09:00-11:00,09:00,11:00,WAY-118,Accessories,Wallet V4,pcs,28,3,25,13,0,10,in_stock
OUT015,,Waypoint Style,Colombo,Peliyagoda,mall_bay,mall_dock,09:00-11:00,09:00,11:00,WAY-119,Accessories,Cap V4,pcs,23,0,23,7,10,14,in_stock
OUT015,,Waypoint Style,Colombo,Peliyagoda,mall_bay,mall_dock,09:00-11:00,09:00,11:00,WAY-120,Accessories,Belt V4,pcs,5,3,2,10,0,13,low_stock
OUT015,,Waypoint Style,Colombo,Peliyagoda,mall_bay,mall_dock,09:00-11:00,09:00,11:00,WAY-121,Men,Men's T-Shirt V5,pcs,8,3,5,11,20,15,low_stock
OUT015,,Waypoint Style,Colombo,Peliyagoda,mall_bay,mall_dock,09:00-11:00,09:00,11:00,WAY-122,Men,Men's Polo Shirt V5,pcs,20,7,13,22,10,9,in_stock
OUT015,,Waypoint Style,Colombo,Peliyagoda,mall_bay,mall_dock,09:00-11:00,09:00,11:00,WAY-123,Men,Men's Casual Shirt V5,pcs,37,4,33,12,0,12,in_stock
OUT015,,Waypoint Style,Colombo,Peliyagoda,mall_bay,mall_dock,09:00-11:00,09:00,11:00,WAY-124,Men,Men's Formal Shirt V5,pcs,18,3,15,13,10,16,low_stock
OUT015,,Waypoint Style,Colombo,Peliyagoda,mall_bay,mall_dock,09:00-11:00,09:00,11:00,WAY-125,Men,Men's Jeans V5,pcs,45,3,42,12,5,13,in_stock
OUT015,,Waypoint Style,Colombo,Peliyagoda,mall_bay,mall_dock,09:00-11:00,09:00,11:00,WAY-126,Men,Men's Chino V5,pcs,35,7,28,5,0,16,in_stock
OUT015,,Waypoint Style,Colombo,Peliyagoda,mall_bay,mall_dock,09:00-11:00,09:00,11:00,WAY-127,Men,Men's Shorts V5,pcs,44,3,41,4,20,18,in_stock
OUT015,,Waypoint Style,Colombo,Peliyagoda,mall_bay,mall_dock,09:00-11:00,09:00,11:00,WAY-128,Men,Men's Hoodie V5,pcs,32,3,29,8,0,10,in_stock
OUT015,,Waypoint Style,Colombo,Peliyagoda,mall_bay,mall_dock,09:00-11:00,09:00,11:00,WAY-129,Men,Men's Jacket V5,pcs,40,5,35,8,30,5,in_stock
OUT015,,Waypoint Style,Colombo,Peliyagoda,mall_bay,mall_dock,09:00-11:00,09:00,11:00,WAY-130,Women,Women's T-Shirt V5,pcs,38,0,38,16,0,17,in_stock
OUT015,,Waypoint Style,Colombo,Peliyagoda,mall_bay,mall_dock,09:00-11:00,09:00,11:00,WAY-131,Women,Women's Blouse V5,pcs,22,1,21,7,30,18,in_stock
OUT015,,Waypoint Style,Colombo,Peliyagoda,mall_bay,mall_dock,09:00-11:00,09:00,11:00,WAY-132,Women,Women's Dress V5,pcs,30,4,26,21,0,10,in_stock
OUT015,,Waypoint Style,Colombo,Peliyagoda,mall_bay,mall_dock,09:00-11:00,09:00,11:00,WAY-133,Women,Women's Jeans V5,pcs,34,5,29,18,20,13,in_stock
OUT015,,Waypoint Style,Colombo,Peliyagoda,mall_bay,mall_dock,09:00-11:00,09:00,11:00,WAY-134,Women,Women's Trousers V5,pcs,24,6,18,20,0,12,in_stock
OUT015,,Waypoint Style,Colombo,Peliyagoda,mall_bay,mall_dock,09:00-11:00,09:00,11:00,WAY-135,Women,Women's Skirt V5,pcs,41,6,35,6,5,10,in_stock
OUT015,,Waypoint Style,Colombo,Peliyagoda,mall_bay,mall_dock,09:00-11:00,09:00,11:00,WAY-136,Women,Women's Hoodie V5,pcs,27,6,21,2,0,8,in_stock
OUT015,,Waypoint Style,Colombo,Peliyagoda,mall_bay,mall_dock,09:00-11:00,09:00,11:00,WAY-137,Women,Women's Jacket V5,pcs,27,8,19,20,20,18,in_stock
OUT015,,Waypoint Style,Colombo,Peliyagoda,mall_bay,mall_dock,09:00-11:00,09:00,11:00,WAY-138,Kids,Kids T-Shirt V5,pcs,24,4,20,22,0,18,in_stock
OUT015,,Waypoint Style,Colombo,Peliyagoda,mall_bay,mall_dock,09:00-11:00,09:00,11:00,WAY-139,Kids,Kids Jeans V5,pcs,35,4,31,11,30,10,in_stock
OUT015,,Waypoint Style,Colombo,Peliyagoda,mall_bay,mall_dock,09:00-11:00,09:00,11:00,WAY-140,Kids,Kids Shorts V5,pcs,37,1,36,10,20,12,in_stock
OUT015,,Waypoint Style,Colombo,Peliyagoda,mall_bay,mall_dock,09:00-11:00,09:00,11:00,WAY-141,Kids,Kids Dress V5,pcs,9,4,5,7,20,6,low_stock
OUT015,,Waypoint Style,Colombo,Peliyagoda,mall_bay,mall_dock,09:00-11:00,09:00,11:00,WAY-142,Footwear,Men's Sneakers V5,pairs,30,3,27,9,0,18,in_stock
OUT015,,Waypoint Style,Colombo,Peliyagoda,mall_bay,mall_dock,09:00-11:00,09:00,11:00,WAY-143,Footwear,Women's Sneakers V5,pairs,12,1,11,5,0,6,in_stock
OUT015,,Waypoint Style,Colombo,Peliyagoda,mall_bay,mall_dock,09:00-11:00,09:00,11:00,WAY-144,Footwear,Men's Sandals V5,pairs,40,6,34,2,0,14,in_stock
OUT015,,Waypoint Style,Colombo,Peliyagoda,mall_bay,mall_dock,09:00-11:00,09:00,11:00,WAY-145,Footwear,Women's Sandals V5,pairs,34,7,27,9,0,7,in_stock
OUT015,,Waypoint Style,Colombo,Peliyagoda,mall_bay,mall_dock,09:00-11:00,09:00,11:00,WAY-146,Footwear,Kids' Shoes V5,pairs,4,1,3,3,0,8,low_stock
OUT015,,Waypoint Style,Colombo,Peliyagoda,mall_bay,mall_dock,09:00-11:00,09:00,11:00,WAY-147,Accessories,Backpack V5,pcs,25,1,24,8,0,11,in_stock
OUT015,,Waypoint Style,Colombo,Peliyagoda,mall_bay,mall_dock,09:00-11:00,09:00,11:00,WAY-148,Accessories,Wallet V5,pcs,16,3,13,19,10,6,in_stock
OUT015,,Waypoint Style,Colombo,Peliyagoda,mall_bay,mall_dock,09:00-11:00,09:00,11:00,WAY-149,Accessories,Cap V5,pcs,9,0,9,18,20,5,in_stock
OUT015,,Waypoint Style,Colombo,Peliyagoda,mall_bay,mall_dock,09:00-11:00,09:00,11:00,WAY-150,Accessories,Belt V5,pcs,33,6,27,14,30,6,in_stock
OUT015,,Waypoint Style,Colombo,Peliyagoda,mall_bay,mall_dock,09:00-11:00,09:00,11:00,WAY-151,Men,Men's T-Shirt V6,pcs,44,8,36,12,5,13,in_stock
OUT015,,Waypoint Style,Colombo,Peliyagoda,mall_bay,mall_dock,09:00-11:00,09:00,11:00,WAY-152,Men,Men's Polo Shirt V6,pcs,32,4,28,22,10,10,in_stock
OUT015,,Waypoint Style,Colombo,Peliyagoda,mall_bay,mall_dock,09:00-11:00,09:00,11:00,WAY-153,Men,Men's Casual Shirt V6,pcs,7,3,4,8,30,5,low_stock
OUT015,,Waypoint Style,Colombo,Peliyagoda,mall_bay,mall_dock,09:00-11:00,09:00,11:00,WAY-154,Men,Men's Formal Shirt V6,pcs,36,3,33,18,30,6,in_stock
OUT015,,Waypoint Style,Colombo,Peliyagoda,mall_bay,mall_dock,09:00-11:00,09:00,11:00,WAY-155,Men,Men's Jeans V6,pcs,44,7,37,22,5,18,in_stock
OUT015,,Waypoint Style,Colombo,Peliyagoda,mall_bay,mall_dock,09:00-11:00,09:00,11:00,WAY-156,Men,Men's Chino V6,pcs,20,4,16,9,10,15,in_stock
OUT015,,Waypoint Style,Colombo,Peliyagoda,mall_bay,mall_dock,09:00-11:00,09:00,11:00,WAY-157,Men,Men's Shorts V6,pcs,9,2,7,6,0,9,low_stock
OUT015,,Waypoint Style,Colombo,Peliyagoda,mall_bay,mall_dock,09:00-11:00,09:00,11:00,WAY-158,Men,Men's Hoodie V6,pcs,35,7,28,18,20,18,in_stock
OUT015,,Waypoint Style,Colombo,Peliyagoda,mall_bay,mall_dock,09:00-11:00,09:00,11:00,WAY-159,Men,Men's Jacket V6,pcs,19,2,17,10,0,15,in_stock
OUT015,,Waypoint Style,Colombo,Peliyagoda,mall_bay,mall_dock,09:00-11:00,09:00,11:00,WAY-160,Women,Women's T-Shirt V6,pcs,43,4,39,7,30,8,in_stock
OUT015,,Waypoint Style,Colombo,Peliyagoda,mall_bay,mall_dock,09:00-11:00,09:00,11:00,WAY-161,Women,Women's Blouse V6,pcs,30,0,30,5,10,17,in_stock
OUT015,,Waypoint Style,Colombo,Peliyagoda,mall_bay,mall_dock,09:00-11:00,09:00,11:00,WAY-162,Women,Women's Dress V6,pcs,33,4,29,10,0,15,in_stock
OUT015,,Waypoint Style,Colombo,Peliyagoda,mall_bay,mall_dock,09:00-11:00,09:00,11:00,WAY-163,Women,Women's Jeans V6,pcs,27,1,26,14,10,12,in_stock
OUT015,,Waypoint Style,Colombo,Peliyagoda,mall_bay,mall_dock,09:00-11:00,09:00,11:00,WAY-164,Women,Women's Trousers V6,pcs,27,5,22,6,5,13,in_stock
OUT015,,Waypoint Style,Colombo,Peliyagoda,mall_bay,mall_dock,09:00-11:00,09:00,11:00,WAY-165,Women,Women's Skirt V6,pcs,24,6,18,10,5,17,in_stock
OUT015,,Waypoint Style,Colombo,Peliyagoda,mall_bay,mall_dock,09:00-11:00,09:00,11:00,WAY-166,Women,Women's Hoodie V6,pcs,32,0,32,1,30,15,in_stock
OUT015,,Waypoint Style,Colombo,Peliyagoda,mall_bay,mall_dock,09:00-11:00,09:00,11:00,WAY-167,Women,Women's Jacket V6,pcs,8,8,0,10,20,10,out_of_stock
OUT015,,Waypoint Style,Colombo,Peliyagoda,mall_bay,mall_dock,09:00-11:00,09:00,11:00,WAY-168,Kids,Kids T-Shirt V6,pcs,33,4,29,9,0,16,in_stock
OUT015,,Waypoint Style,Colombo,Peliyagoda,mall_bay,mall_dock,09:00-11:00,09:00,11:00,WAY-169,Kids,Kids Jeans V6,pcs,31,7,24,9,0,11,in_stock
OUT015,,Waypoint Style,Colombo,Peliyagoda,mall_bay,mall_dock,09:00-11:00,09:00,11:00,WAY-170,Kids,Kids Shorts V6,pcs,33,3,30,7,5,12,in_stock
OUT015,,Waypoint Style,Colombo,Peliyagoda,mall_bay,mall_dock,09:00-11:00,09:00,11:00,WAY-171,Kids,Kids Dress V6,pcs,42,5,37,1,5,5,in_stock
OUT015,,Waypoint Style,Colombo,Peliyagoda,mall_bay,mall_dock,09:00-11:00,09:00,11:00,WAY-172,Footwear,Men's Sneakers V6,pairs,25,5,20,6,0,13,in_stock
OUT015,,Waypoint Style,Colombo,Peliyagoda,mall_bay,mall_dock,09:00-11:00,09:00,11:00,WAY-173,Footwear,Women's Sneakers V6,pairs,31,8,23,20,20,17,in_stock
OUT015,,Waypoint Style,Colombo,Peliyagoda,mall_bay,mall_dock,09:00-11:00,09:00,11:00,WAY-174,Footwear,Men's Sandals V6,pairs,22,4,18,6,20,16,in_stock
OUT015,,Waypoint Style,Colombo,Peliyagoda,mall_bay,mall_dock,09:00-11:00,09:00,11:00,WAY-175,Footwear,Women's Sandals V6,pairs,8,4,4,13,30,5,low_stock
OUT015,,Waypoint Style,Colombo,Peliyagoda,mall_bay,mall_dock,09:00-11:00,09:00,11:00,WAY-176,Footwear,Kids' Shoes V6,pairs,10,0,10,5,30,9,in_stock
OUT015,,Waypoint Style,Colombo,Peliyagoda,mall_bay,mall_dock,09:00-11:00,09:00,11:00,WAY-177,Accessories,Backpack V6,pcs,9,5,4,22,30,16,low_stock
OUT015,,Waypoint Style,Colombo,Peliyagoda,mall_bay,mall_dock,09:00-11:00,09:00,11:00,WAY-178,Accessories,Wallet V6,pcs,12,6,6,12,0,12,low_stock
OUT015,,Waypoint Style,Colombo,Peliyagoda,mall_bay,mall_dock,09:00-11:00,09:00,11:00,WAY-179,Accessories,Cap V6,pcs,20,8,12,7,30,13,low_stock
OUT015,,Waypoint Style,Colombo,Peliyagoda,mall_bay,mall_dock,09:00-11:00,09:00,11:00,WAY-180,Accessories,Belt V6,pcs,4,3,1,11,10,5,low_stock
OUT015,,Waypoint Style,Colombo,Peliyagoda,mall_bay,mall_dock,09:00-11:00,09:00,11:00,WAY-181,Men,Men's T-Shirt V7,pcs,13,3,10,7,20,15,low_stock
OUT015,,Waypoint Style,Colombo,Peliyagoda,mall_bay,mall_dock,09:00-11:00,09:00,11:00,WAY-182,Men,Men's Polo Shirt V7,pcs,11,8,3,16,5,5,low_stock
OUT015,,Waypoint Style,Colombo,Peliyagoda,mall_bay,mall_dock,09:00-11:00,09:00,11:00,WAY-183,Men,Men's Casual Shirt V7,pcs,28,7,21,18,0,7,in_stock
OUT015,,Waypoint Style,Colombo,Peliyagoda,mall_bay,mall_dock,09:00-11:00,09:00,11:00,WAY-184,Men,Men's Formal Shirt V7,pcs,32,2,30,16,10,10,in_stock
OUT015,,Waypoint Style,Colombo,Peliyagoda,mall_bay,mall_dock,09:00-11:00,09:00,11:00,WAY-185,Men,Men's Jeans V7,pcs,9,6,3,1,10,10,low_stock
OUT015,,Waypoint Style,Colombo,Peliyagoda,mall_bay,mall_dock,09:00-11:00,09:00,11:00,WAY-186,Men,Men's Chino V7,pcs,8,8,0,4,10,6,out_of_stock
OUT015,,Waypoint Style,Colombo,Peliyagoda,mall_bay,mall_dock,09:00-11:00,09:00,11:00,WAY-187,Men,Men's Shorts V7,pcs,43,3,40,14,10,17,in_stock
OUT015,,Waypoint Style,Colombo,Peliyagoda,mall_bay,mall_dock,09:00-11:00,09:00,11:00,WAY-188,Men,Men's Hoodie V7,pcs,11,8,3,1,0,9,low_stock
OUT015,,Waypoint Style,Colombo,Peliyagoda,mall_bay,mall_dock,09:00-11:00,09:00,11:00,WAY-189,Men,Men's Jacket V7,pcs,42,4,38,16,0,14,in_stock
OUT015,,Waypoint Style,Colombo,Peliyagoda,mall_bay,mall_dock,09:00-11:00,09:00,11:00,WAY-190,Women,Women's T-Shirt V7,pcs,24,4,20,10,5,13,in_stock
OUT015,,Waypoint Style,Colombo,Peliyagoda,mall_bay,mall_dock,09:00-11:00,09:00,11:00,WAY-191,Women,Women's Blouse V7,pcs,7,5,2,20,0,8,low_stock
OUT015,,Waypoint Style,Colombo,Peliyagoda,mall_bay,mall_dock,09:00-11:00,09:00,11:00,WAY-192,Women,Women's Dress V7,pcs,44,8,36,21,5,18,in_stock
OUT015,,Waypoint Style,Colombo,Peliyagoda,mall_bay,mall_dock,09:00-11:00,09:00,11:00,WAY-193,Women,Women's Jeans V7,pcs,32,6,26,6,30,7,in_stock
OUT015,,Waypoint Style,Colombo,Peliyagoda,mall_bay,mall_dock,09:00-11:00,09:00,11:00,WAY-194,Women,Women's Trousers V7,pcs,26,2,24,8,20,13,in_stock
OUT015,,Waypoint Style,Colombo,Peliyagoda,mall_bay,mall_dock,09:00-11:00,09:00,11:00,WAY-195,Women,Women's Skirt V7,pcs,26,8,18,13,0,17,in_stock
OUT015,,Waypoint Style,Colombo,Peliyagoda,mall_bay,mall_dock,09:00-11:00,09:00,11:00,WAY-196,Women,Women's Hoodie V7,pcs,28,6,22,5,0,13,in_stock
OUT015,,Waypoint Style,Colombo,Peliyagoda,mall_bay,mall_dock,09:00-11:00,09:00,11:00,WAY-197,Women,Women's Jacket V7,pcs,40,8,32,22,30,18,in_stock
OUT015,,Waypoint Style,Colombo,Peliyagoda,mall_bay,mall_dock,09:00-11:00,09:00,11:00,WAY-198,Kids,Kids T-Shirt V7,pcs,13,2,11,19,0,17,low_stock
OUT015,,Waypoint Style,Colombo,Peliyagoda,mall_bay,mall_dock,09:00-11:00,09:00,11:00,WAY-199,Kids,Kids Jeans V7,pcs,15,4,11,10,0,13,low_stock
OUT015,,Waypoint Style,Colombo,Peliyagoda,mall_bay,mall_dock,09:00-11:00,09:00,11:00,WAY-200,Kids,Kids Shorts V7,pcs,22,6,16,12,10,9,in_stock
OUT016,,Waypoint Style,Colombo,Peliyagoda,mall_bay,mall_dock,09:00-11:00,09:00,11:00,WAY-001,Men,Men's T-Shirt,pcs,30,5,25,2,20,16,in_stock
OUT016,,Waypoint Style,Colombo,Peliyagoda,mall_bay,mall_dock,09:00-11:00,09:00,11:00,WAY-002,Men,Men's Polo Shirt,pcs,6,1,5,10,30,10,low_stock
OUT016,,Waypoint Style,Colombo,Peliyagoda,mall_bay,mall_dock,09:00-11:00,09:00,11:00,WAY-003,Men,Men's Casual Shirt,pcs,37,7,30,1,5,10,in_stock
OUT016,,Waypoint Style,Colombo,Peliyagoda,mall_bay,mall_dock,09:00-11:00,09:00,11:00,WAY-004,Men,Men's Formal Shirt,pcs,23,7,16,18,0,10,in_stock
OUT016,,Waypoint Style,Colombo,Peliyagoda,mall_bay,mall_dock,09:00-11:00,09:00,11:00,WAY-005,Men,Men's Jeans,pcs,43,1,42,16,0,12,in_stock
OUT016,,Waypoint Style,Colombo,Peliyagoda,mall_bay,mall_dock,09:00-11:00,09:00,11:00,WAY-006,Men,Men's Chino,pcs,43,8,35,18,10,17,in_stock
OUT016,,Waypoint Style,Colombo,Peliyagoda,mall_bay,mall_dock,09:00-11:00,09:00,11:00,WAY-007,Men,Men's Shorts,pcs,19,6,13,13,0,6,in_stock
OUT016,,Waypoint Style,Colombo,Peliyagoda,mall_bay,mall_dock,09:00-11:00,09:00,11:00,WAY-008,Men,Men's Hoodie,pcs,25,6,19,14,30,11,in_stock
OUT016,,Waypoint Style,Colombo,Peliyagoda,mall_bay,mall_dock,09:00-11:00,09:00,11:00,WAY-009,Men,Men's Jacket,pcs,35,7,28,5,30,5,in_stock
OUT016,,Waypoint Style,Colombo,Peliyagoda,mall_bay,mall_dock,09:00-11:00,09:00,11:00,WAY-010,Women,Women's T-Shirt,pcs,18,5,13,18,0,8,in_stock
OUT016,,Waypoint Style,Colombo,Peliyagoda,mall_bay,mall_dock,09:00-11:00,09:00,11:00,WAY-011,Women,Women's Blouse,pcs,17,5,12,21,5,11,in_stock
OUT016,,Waypoint Style,Colombo,Peliyagoda,mall_bay,mall_dock,09:00-11:00,09:00,11:00,WAY-012,Women,Women's Dress,pcs,6,2,4,12,0,7,low_stock
OUT016,,Waypoint Style,Colombo,Peliyagoda,mall_bay,mall_dock,09:00-11:00,09:00,11:00,WAY-013,Women,Women's Jeans,pcs,32,0,32,16,5,11,in_stock
OUT016,,Waypoint Style,Colombo,Peliyagoda,mall_bay,mall_dock,09:00-11:00,09:00,11:00,WAY-014,Women,Women's Trousers,pcs,43,1,42,22,20,12,in_stock
OUT016,,Waypoint Style,Colombo,Peliyagoda,mall_bay,mall_dock,09:00-11:00,09:00,11:00,WAY-015,Women,Women's Skirt,pcs,17,7,10,21,10,5,in_stock
OUT016,,Waypoint Style,Colombo,Peliyagoda,mall_bay,mall_dock,09:00-11:00,09:00,11:00,WAY-016,Women,Women's Hoodie,pcs,36,4,32,4,10,12,in_stock
OUT016,,Waypoint Style,Colombo,Peliyagoda,mall_bay,mall_dock,09:00-11:00,09:00,11:00,WAY-017,Women,Women's Jacket,pcs,6,0,6,3,0,16,low_stock
OUT016,,Waypoint Style,Colombo,Peliyagoda,mall_bay,mall_dock,09:00-11:00,09:00,11:00,WAY-018,Kids,Kids T-Shirt,pcs,15,2,13,16,10,10,in_stock
OUT016,,Waypoint Style,Colombo,Peliyagoda,mall_bay,mall_dock,09:00-11:00,09:00,11:00,WAY-019,Kids,Kids Jeans,pcs,7,4,3,19,0,14,low_stock
OUT016,,Waypoint Style,Colombo,Peliyagoda,mall_bay,mall_dock,09:00-11:00,09:00,11:00,WAY-020,Kids,Kids Shorts,pcs,32,3,29,18,0,15,in_stock
OUT016,,Waypoint Style,Colombo,Peliyagoda,mall_bay,mall_dock,09:00-11:00,09:00,11:00,WAY-021,Kids,Kids Dress,pcs,4,1,3,10,10,6,low_stock
OUT016,,Waypoint Style,Colombo,Peliyagoda,mall_bay,mall_dock,09:00-11:00,09:00,11:00,WAY-022,Footwear,Men's Sneakers,pairs,13,7,6,22,5,6,low_stock
OUT016,,Waypoint Style,Colombo,Peliyagoda,mall_bay,mall_dock,09:00-11:00,09:00,11:00,WAY-023,Footwear,Women's Sneakers,pairs,44,1,43,19,5,11,in_stock
OUT016,,Waypoint Style,Colombo,Peliyagoda,mall_bay,mall_dock,09:00-11:00,09:00,11:00,WAY-024,Footwear,Men's Sandals,pairs,40,7,33,13,30,8,in_stock
OUT016,,Waypoint Style,Colombo,Peliyagoda,mall_bay,mall_dock,09:00-11:00,09:00,11:00,WAY-025,Footwear,Women's Sandals,pairs,25,7,18,11,5,7,in_stock
OUT016,,Waypoint Style,Colombo,Peliyagoda,mall_bay,mall_dock,09:00-11:00,09:00,11:00,WAY-026,Footwear,Kids' Shoes,pairs,5,1,4,6,0,11,low_stock
OUT016,,Waypoint Style,Colombo,Peliyagoda,mall_bay,mall_dock,09:00-11:00,09:00,11:00,WAY-027,Accessories,Backpack,pcs,35,1,34,9,0,15,in_stock
OUT016,,Waypoint Style,Colombo,Peliyagoda,mall_bay,mall_dock,09:00-11:00,09:00,11:00,WAY-028,Accessories,Wallet,pcs,34,5,29,4,5,10,in_stock
OUT016,,Waypoint Style,Colombo,Peliyagoda,mall_bay,mall_dock,09:00-11:00,09:00,11:00,WAY-029,Accessories,Cap,pcs,41,8,33,9,0,9,in_stock
OUT016,,Waypoint Style,Colombo,Peliyagoda,mall_bay,mall_dock,09:00-11:00,09:00,11:00,WAY-030,Accessories,Belt,pcs,15,0,15,8,20,17,low_stock
OUT016,,Waypoint Style,Colombo,Peliyagoda,mall_bay,mall_dock,09:00-11:00,09:00,11:00,WAY-031,Men,Men's T-Shirt V2,pcs,22,3,19,12,10,11,in_stock
OUT016,,Waypoint Style,Colombo,Peliyagoda,mall_bay,mall_dock,09:00-11:00,09:00,11:00,WAY-032,Men,Men's Polo Shirt V2,pcs,14,3,11,9,30,11,low_stock
OUT016,,Waypoint Style,Colombo,Peliyagoda,mall_bay,mall_dock,09:00-11:00,09:00,11:00,WAY-033,Men,Men's Casual Shirt V2,pcs,10,5,5,10,0,8,low_stock
OUT016,,Waypoint Style,Colombo,Peliyagoda,mall_bay,mall_dock,09:00-11:00,09:00,11:00,WAY-034,Men,Men's Formal Shirt V2,pcs,28,1,27,13,10,15,in_stock
OUT016,,Waypoint Style,Colombo,Peliyagoda,mall_bay,mall_dock,09:00-11:00,09:00,11:00,WAY-035,Men,Men's Jeans V2,pcs,7,3,4,9,0,17,low_stock
OUT016,,Waypoint Style,Colombo,Peliyagoda,mall_bay,mall_dock,09:00-11:00,09:00,11:00,WAY-036,Men,Men's Chino V2,pcs,40,8,32,18,30,7,in_stock
OUT016,,Waypoint Style,Colombo,Peliyagoda,mall_bay,mall_dock,09:00-11:00,09:00,11:00,WAY-037,Men,Men's Shorts V2,pcs,15,1,14,7,0,11,in_stock
OUT016,,Waypoint Style,Colombo,Peliyagoda,mall_bay,mall_dock,09:00-11:00,09:00,11:00,WAY-038,Men,Men's Hoodie V2,pcs,34,0,34,18,10,15,in_stock
OUT016,,Waypoint Style,Colombo,Peliyagoda,mall_bay,mall_dock,09:00-11:00,09:00,11:00,WAY-039,Men,Men's Jacket V2,pcs,10,0,10,17,20,12,low_stock
OUT016,,Waypoint Style,Colombo,Peliyagoda,mall_bay,mall_dock,09:00-11:00,09:00,11:00,WAY-040,Women,Women's T-Shirt V2,pcs,5,0,5,5,0,17,low_stock
OUT016,,Waypoint Style,Colombo,Peliyagoda,mall_bay,mall_dock,09:00-11:00,09:00,11:00,WAY-041,Women,Women's Blouse V2,pcs,23,8,15,2,0,10,in_stock
OUT016,,Waypoint Style,Colombo,Peliyagoda,mall_bay,mall_dock,09:00-11:00,09:00,11:00,WAY-042,Women,Women's Dress V2,pcs,10,1,9,7,20,11,low_stock
OUT016,,Waypoint Style,Colombo,Peliyagoda,mall_bay,mall_dock,09:00-11:00,09:00,11:00,WAY-043,Women,Women's Jeans V2,pcs,40,5,35,7,30,17,in_stock
OUT016,,Waypoint Style,Colombo,Peliyagoda,mall_bay,mall_dock,09:00-11:00,09:00,11:00,WAY-044,Women,Women's Trousers V2,pcs,27,7,20,10,5,13,in_stock
OUT016,,Waypoint Style,Colombo,Peliyagoda,mall_bay,mall_dock,09:00-11:00,09:00,11:00,WAY-045,Women,Women's Skirt V2,pcs,16,3,13,6,20,10,in_stock
OUT016,,Waypoint Style,Colombo,Peliyagoda,mall_bay,mall_dock,09:00-11:00,09:00,11:00,WAY-046,Women,Women's Hoodie V2,pcs,12,2,10,18,0,13,low_stock
OUT016,,Waypoint Style,Colombo,Peliyagoda,mall_bay,mall_dock,09:00-11:00,09:00,11:00,WAY-047,Women,Women's Jacket V2,pcs,21,7,14,1,20,11,in_stock
OUT016,,Waypoint Style,Colombo,Peliyagoda,mall_bay,mall_dock,09:00-11:00,09:00,11:00,WAY-048,Kids,Kids T-Shirt V2,pcs,45,7,38,15,5,15,in_stock
OUT016,,Waypoint Style,Colombo,Peliyagoda,mall_bay,mall_dock,09:00-11:00,09:00,11:00,WAY-049,Kids,Kids Jeans V2,pcs,18,1,17,7,0,11,in_stock
OUT016,,Waypoint Style,Colombo,Peliyagoda,mall_bay,mall_dock,09:00-11:00,09:00,11:00,WAY-050,Kids,Kids Shorts V2,pcs,20,8,12,9,5,14,low_stock
OUT016,,Waypoint Style,Colombo,Peliyagoda,mall_bay,mall_dock,09:00-11:00,09:00,11:00,WAY-051,Kids,Kids Dress V2,pcs,15,0,15,20,20,14,in_stock
OUT016,,Waypoint Style,Colombo,Peliyagoda,mall_bay,mall_dock,09:00-11:00,09:00,11:00,WAY-052,Footwear,Men's Sneakers V2,pairs,14,2,12,17,0,5,in_stock
OUT016,,Waypoint Style,Colombo,Peliyagoda,mall_bay,mall_dock,09:00-11:00,09:00,11:00,WAY-053,Footwear,Women's Sneakers V2,pairs,20,1,19,4,5,17,in_stock
OUT016,,Waypoint Style,Colombo,Peliyagoda,mall_bay,mall_dock,09:00-11:00,09:00,11:00,WAY-054,Footwear,Men's Sandals V2,pairs,31,3,28,4,20,11,in_stock
OUT016,,Waypoint Style,Colombo,Peliyagoda,mall_bay,mall_dock,09:00-11:00,09:00,11:00,WAY-055,Footwear,Women's Sandals V2,pairs,39,4,35,9,10,7,in_stock
OUT016,,Waypoint Style,Colombo,Peliyagoda,mall_bay,mall_dock,09:00-11:00,09:00,11:00,WAY-056,Footwear,Kids' Shoes V2,pairs,6,1,5,9,0,5,low_stock
OUT016,,Waypoint Style,Colombo,Peliyagoda,mall_bay,mall_dock,09:00-11:00,09:00,11:00,WAY-057,Accessories,Backpack V2,pcs,33,1,32,19,0,6,in_stock
OUT016,,Waypoint Style,Colombo,Peliyagoda,mall_bay,mall_dock,09:00-11:00,09:00,11:00,WAY-058,Accessories,Wallet V2,pcs,42,3,39,14,5,5,in_stock
OUT016,,Waypoint Style,Colombo,Peliyagoda,mall_bay,mall_dock,09:00-11:00,09:00,11:00,WAY-059,Accessories,Cap V2,pcs,28,3,25,4,5,17,in_stock
OUT016,,Waypoint Style,Colombo,Peliyagoda,mall_bay,mall_dock,09:00-11:00,09:00,11:00,WAY-060,Accessories,Belt V2,pcs,44,2,42,2,10,17,in_stock
OUT016,,Waypoint Style,Colombo,Peliyagoda,mall_bay,mall_dock,09:00-11:00,09:00,11:00,WAY-061,Men,Men's T-Shirt V3,pcs,31,5,26,1,20,12,in_stock
OUT016,,Waypoint Style,Colombo,Peliyagoda,mall_bay,mall_dock,09:00-11:00,09:00,11:00,WAY-062,Men,Men's Polo Shirt V3,pcs,15,2,13,19,10,13,low_stock
OUT016,,Waypoint Style,Colombo,Peliyagoda,mall_bay,mall_dock,09:00-11:00,09:00,11:00,WAY-063,Men,Men's Casual Shirt V3,pcs,19,7,12,9,5,9,in_stock
OUT016,,Waypoint Style,Colombo,Peliyagoda,mall_bay,mall_dock,09:00-11:00,09:00,11:00,WAY-064,Men,Men's Formal Shirt V3,pcs,34,4,30,17,30,11,in_stock
OUT016,,Waypoint Style,Colombo,Peliyagoda,mall_bay,mall_dock,09:00-11:00,09:00,11:00,WAY-065,Men,Men's Jeans V3,pcs,36,1,35,1,0,9,in_stock
OUT016,,Waypoint Style,Colombo,Peliyagoda,mall_bay,mall_dock,09:00-11:00,09:00,11:00,WAY-066,Men,Men's Chino V3,pcs,32,3,29,18,0,7,in_stock
OUT016,,Waypoint Style,Colombo,Peliyagoda,mall_bay,mall_dock,09:00-11:00,09:00,11:00,WAY-067,Men,Men's Shorts V3,pcs,40,2,38,21,0,7,in_stock
OUT016,,Waypoint Style,Colombo,Peliyagoda,mall_bay,mall_dock,09:00-11:00,09:00,11:00,WAY-068,Men,Men's Hoodie V3,pcs,38,0,38,9,20,8,in_stock
OUT016,,Waypoint Style,Colombo,Peliyagoda,mall_bay,mall_dock,09:00-11:00,09:00,11:00,WAY-069,Men,Men's Jacket V3,pcs,40,5,35,18,5,11,in_stock
OUT016,,Waypoint Style,Colombo,Peliyagoda,mall_bay,mall_dock,09:00-11:00,09:00,11:00,WAY-070,Women,Women's T-Shirt V3,pcs,43,6,37,13,5,7,in_stock
OUT016,,Waypoint Style,Colombo,Peliyagoda,mall_bay,mall_dock,09:00-11:00,09:00,11:00,WAY-071,Women,Women's Blouse V3,pcs,18,8,10,7,10,9,in_stock
OUT016,,Waypoint Style,Colombo,Peliyagoda,mall_bay,mall_dock,09:00-11:00,09:00,11:00,WAY-072,Women,Women's Dress V3,pcs,23,5,18,14,0,5,in_stock
OUT016,,Waypoint Style,Colombo,Peliyagoda,mall_bay,mall_dock,09:00-11:00,09:00,11:00,WAY-073,Women,Women's Jeans V3,pcs,23,5,18,10,20,18,low_stock
OUT016,,Waypoint Style,Colombo,Peliyagoda,mall_bay,mall_dock,09:00-11:00,09:00,11:00,WAY-074,Women,Women's Trousers V3,pcs,42,3,39,10,5,12,in_stock
OUT016,,Waypoint Style,Colombo,Peliyagoda,mall_bay,mall_dock,09:00-11:00,09:00,11:00,WAY-075,Women,Women's Skirt V3,pcs,26,3,23,18,0,10,in_stock
OUT016,,Waypoint Style,Colombo,Peliyagoda,mall_bay,mall_dock,09:00-11:00,09:00,11:00,WAY-076,Women,Women's Hoodie V3,pcs,7,0,7,22,5,8,low_stock
OUT016,,Waypoint Style,Colombo,Peliyagoda,mall_bay,mall_dock,09:00-11:00,09:00,11:00,WAY-077,Women,Women's Jacket V3,pcs,39,3,36,5,0,6,in_stock
OUT016,,Waypoint Style,Colombo,Peliyagoda,mall_bay,mall_dock,09:00-11:00,09:00,11:00,WAY-078,Kids,Kids T-Shirt V3,pcs,32,5,27,18,20,13,in_stock
OUT016,,Waypoint Style,Colombo,Peliyagoda,mall_bay,mall_dock,09:00-11:00,09:00,11:00,WAY-079,Kids,Kids Jeans V3,pcs,45,1,44,9,20,7,in_stock
OUT016,,Waypoint Style,Colombo,Peliyagoda,mall_bay,mall_dock,09:00-11:00,09:00,11:00,WAY-080,Kids,Kids Shorts V3,pcs,42,4,38,12,5,18,in_stock
OUT016,,Waypoint Style,Colombo,Peliyagoda,mall_bay,mall_dock,09:00-11:00,09:00,11:00,WAY-081,Kids,Kids Dress V3,pcs,35,1,34,8,0,13,in_stock
OUT016,,Waypoint Style,Colombo,Peliyagoda,mall_bay,mall_dock,09:00-11:00,09:00,11:00,WAY-082,Footwear,Men's Sneakers V3,pairs,44,2,42,9,0,12,in_stock
OUT016,,Waypoint Style,Colombo,Peliyagoda,mall_bay,mall_dock,09:00-11:00,09:00,11:00,WAY-083,Footwear,Women's Sneakers V3,pairs,16,2,14,14,0,9,in_stock
OUT016,,Waypoint Style,Colombo,Peliyagoda,mall_bay,mall_dock,09:00-11:00,09:00,11:00,WAY-084,Footwear,Men's Sandals V3,pairs,44,3,41,19,0,15,in_stock
OUT016,,Waypoint Style,Colombo,Peliyagoda,mall_bay,mall_dock,09:00-11:00,09:00,11:00,WAY-085,Footwear,Women's Sandals V3,pairs,7,3,4,14,0,16,low_stock
OUT016,,Waypoint Style,Colombo,Peliyagoda,mall_bay,mall_dock,09:00-11:00,09:00,11:00,WAY-086,Footwear,Kids' Shoes V3,pairs,31,5,26,18,20,16,in_stock
OUT016,,Waypoint Style,Colombo,Peliyagoda,mall_bay,mall_dock,09:00-11:00,09:00,11:00,WAY-087,Accessories,Backpack V3,pcs,15,2,13,11,0,15,low_stock
OUT016,,Waypoint Style,Colombo,Peliyagoda,mall_bay,mall_dock,09:00-11:00,09:00,11:00,WAY-088,Accessories,Wallet V3,pcs,4,3,1,12,20,18,low_stock
OUT016,,Waypoint Style,Colombo,Peliyagoda,mall_bay,mall_dock,09:00-11:00,09:00,11:00,WAY-089,Accessories,Cap V3,pcs,22,0,22,20,5,7,in_stock
OUT016,,Waypoint Style,Colombo,Peliyagoda,mall_bay,mall_dock,09:00-11:00,09:00,11:00,WAY-090,Accessories,Belt V3,pcs,23,5,18,3,5,15,in_stock
OUT016,,Waypoint Style,Colombo,Peliyagoda,mall_bay,mall_dock,09:00-11:00,09:00,11:00,WAY-091,Men,Men's T-Shirt V4,pcs,26,0,26,2,0,12,in_stock
OUT016,,Waypoint Style,Colombo,Peliyagoda,mall_bay,mall_dock,09:00-11:00,09:00,11:00,WAY-092,Men,Men's Polo Shirt V4,pcs,28,2,26,15,5,13,in_stock
OUT016,,Waypoint Style,Colombo,Peliyagoda,mall_bay,mall_dock,09:00-11:00,09:00,11:00,WAY-093,Men,Men's Casual Shirt V4,pcs,14,3,11,8,10,11,low_stock
OUT016,,Waypoint Style,Colombo,Peliyagoda,mall_bay,mall_dock,09:00-11:00,09:00,11:00,WAY-094,Men,Men's Formal Shirt V4,pcs,10,6,4,11,0,6,low_stock
OUT016,,Waypoint Style,Colombo,Peliyagoda,mall_bay,mall_dock,09:00-11:00,09:00,11:00,WAY-095,Men,Men's Jeans V4,pcs,22,0,22,6,0,9,in_stock
OUT016,,Waypoint Style,Colombo,Peliyagoda,mall_bay,mall_dock,09:00-11:00,09:00,11:00,WAY-096,Men,Men's Chino V4,pcs,17,3,14,10,0,11,in_stock
OUT016,,Waypoint Style,Colombo,Peliyagoda,mall_bay,mall_dock,09:00-11:00,09:00,11:00,WAY-097,Men,Men's Shorts V4,pcs,24,2,22,22,5,7,in_stock
OUT016,,Waypoint Style,Colombo,Peliyagoda,mall_bay,mall_dock,09:00-11:00,09:00,11:00,WAY-098,Men,Men's Hoodie V4,pcs,32,3,29,11,5,17,in_stock
OUT016,,Waypoint Style,Colombo,Peliyagoda,mall_bay,mall_dock,09:00-11:00,09:00,11:00,WAY-099,Men,Men's Jacket V4,pcs,33,3,30,2,0,17,in_stock
OUT016,,Waypoint Style,Colombo,Peliyagoda,mall_bay,mall_dock,09:00-11:00,09:00,11:00,WAY-100,Women,Women's T-Shirt V4,pcs,23,8,15,17,10,11,in_stock
OUT016,,Waypoint Style,Colombo,Peliyagoda,mall_bay,mall_dock,09:00-11:00,09:00,11:00,WAY-101,Women,Women's Blouse V4,pcs,17,7,10,13,5,8,in_stock
OUT016,,Waypoint Style,Colombo,Peliyagoda,mall_bay,mall_dock,09:00-11:00,09:00,11:00,WAY-102,Women,Women's Dress V4,pcs,24,5,19,22,0,14,in_stock
OUT016,,Waypoint Style,Colombo,Peliyagoda,mall_bay,mall_dock,09:00-11:00,09:00,11:00,WAY-103,Women,Women's Jeans V4,pcs,9,3,6,14,0,18,low_stock
OUT016,,Waypoint Style,Colombo,Peliyagoda,mall_bay,mall_dock,09:00-11:00,09:00,11:00,WAY-104,Women,Women's Trousers V4,pcs,19,3,16,18,0,14,in_stock
OUT016,,Waypoint Style,Colombo,Peliyagoda,mall_bay,mall_dock,09:00-11:00,09:00,11:00,WAY-105,Women,Women's Skirt V4,pcs,13,5,8,7,0,8,low_stock
OUT016,,Waypoint Style,Colombo,Peliyagoda,mall_bay,mall_dock,09:00-11:00,09:00,11:00,WAY-106,Women,Women's Hoodie V4,pcs,17,2,15,9,20,18,low_stock
OUT016,,Waypoint Style,Colombo,Peliyagoda,mall_bay,mall_dock,09:00-11:00,09:00,11:00,WAY-107,Women,Women's Jacket V4,pcs,10,7,3,2,20,10,low_stock
OUT016,,Waypoint Style,Colombo,Peliyagoda,mall_bay,mall_dock,09:00-11:00,09:00,11:00,WAY-108,Kids,Kids T-Shirt V4,pcs,11,4,7,11,20,6,in_stock
OUT016,,Waypoint Style,Colombo,Peliyagoda,mall_bay,mall_dock,09:00-11:00,09:00,11:00,WAY-109,Kids,Kids Jeans V4,pcs,40,1,39,17,0,17,in_stock
OUT016,,Waypoint Style,Colombo,Peliyagoda,mall_bay,mall_dock,09:00-11:00,09:00,11:00,WAY-110,Kids,Kids Shorts V4,pcs,9,6,3,12,10,18,low_stock
OUT016,,Waypoint Style,Colombo,Peliyagoda,mall_bay,mall_dock,09:00-11:00,09:00,11:00,WAY-111,Kids,Kids Dress V4,pcs,15,2,13,1,30,17,low_stock
OUT016,,Waypoint Style,Colombo,Peliyagoda,mall_bay,mall_dock,09:00-11:00,09:00,11:00,WAY-112,Footwear,Men's Sneakers V4,pairs,31,4,27,9,20,12,in_stock
OUT016,,Waypoint Style,Colombo,Peliyagoda,mall_bay,mall_dock,09:00-11:00,09:00,11:00,WAY-113,Footwear,Women's Sneakers V4,pairs,11,6,5,13,0,15,low_stock
OUT016,,Waypoint Style,Colombo,Peliyagoda,mall_bay,mall_dock,09:00-11:00,09:00,11:00,WAY-114,Footwear,Men's Sandals V4,pairs,7,1,6,1,0,10,low_stock
OUT016,,Waypoint Style,Colombo,Peliyagoda,mall_bay,mall_dock,09:00-11:00,09:00,11:00,WAY-115,Footwear,Women's Sandals V4,pairs,34,8,26,22,0,11,in_stock
OUT016,,Waypoint Style,Colombo,Peliyagoda,mall_bay,mall_dock,09:00-11:00,09:00,11:00,WAY-116,Footwear,Kids' Shoes V4,pairs,38,1,37,9,20,17,in_stock
OUT016,,Waypoint Style,Colombo,Peliyagoda,mall_bay,mall_dock,09:00-11:00,09:00,11:00,WAY-117,Accessories,Backpack V4,pcs,19,2,17,12,0,16,in_stock
OUT016,,Waypoint Style,Colombo,Peliyagoda,mall_bay,mall_dock,09:00-11:00,09:00,11:00,WAY-118,Accessories,Wallet V4,pcs,17,7,10,2,30,14,low_stock
OUT016,,Waypoint Style,Colombo,Peliyagoda,mall_bay,mall_dock,09:00-11:00,09:00,11:00,WAY-119,Accessories,Cap V4,pcs,37,1,36,18,30,10,in_stock
OUT016,,Waypoint Style,Colombo,Peliyagoda,mall_bay,mall_dock,09:00-11:00,09:00,11:00,WAY-120,Accessories,Belt V4,pcs,36,5,31,13,5,5,in_stock
OUT016,,Waypoint Style,Colombo,Peliyagoda,mall_bay,mall_dock,09:00-11:00,09:00,11:00,WAY-121,Men,Men's T-Shirt V5,pcs,13,6,7,17,0,5,in_stock
OUT016,,Waypoint Style,Colombo,Peliyagoda,mall_bay,mall_dock,09:00-11:00,09:00,11:00,WAY-122,Men,Men's Polo Shirt V5,pcs,45,3,42,10,5,14,in_stock
OUT016,,Waypoint Style,Colombo,Peliyagoda,mall_bay,mall_dock,09:00-11:00,09:00,11:00,WAY-123,Men,Men's Casual Shirt V5,pcs,8,1,7,2,0,6,in_stock
OUT016,,Waypoint Style,Colombo,Peliyagoda,mall_bay,mall_dock,09:00-11:00,09:00,11:00,WAY-124,Men,Men's Formal Shirt V5,pcs,12,0,12,6,0,12,low_stock
OUT016,,Waypoint Style,Colombo,Peliyagoda,mall_bay,mall_dock,09:00-11:00,09:00,11:00,WAY-125,Men,Men's Jeans V5,pcs,20,3,17,15,0,14,in_stock
OUT016,,Waypoint Style,Colombo,Peliyagoda,mall_bay,mall_dock,09:00-11:00,09:00,11:00,WAY-126,Men,Men's Chino V5,pcs,41,7,34,21,0,9,in_stock
OUT016,,Waypoint Style,Colombo,Peliyagoda,mall_bay,mall_dock,09:00-11:00,09:00,11:00,WAY-127,Men,Men's Shorts V5,pcs,15,3,12,14,20,14,low_stock
OUT016,,Waypoint Style,Colombo,Peliyagoda,mall_bay,mall_dock,09:00-11:00,09:00,11:00,WAY-128,Men,Men's Hoodie V5,pcs,9,6,3,9,0,15,low_stock
OUT016,,Waypoint Style,Colombo,Peliyagoda,mall_bay,mall_dock,09:00-11:00,09:00,11:00,WAY-129,Men,Men's Jacket V5,pcs,18,2,16,18,0,9,in_stock
OUT016,,Waypoint Style,Colombo,Peliyagoda,mall_bay,mall_dock,09:00-11:00,09:00,11:00,WAY-130,Women,Women's T-Shirt V5,pcs,24,3,21,4,0,16,in_stock
OUT016,,Waypoint Style,Colombo,Peliyagoda,mall_bay,mall_dock,09:00-11:00,09:00,11:00,WAY-131,Women,Women's Blouse V5,pcs,4,3,1,10,0,7,low_stock
OUT016,,Waypoint Style,Colombo,Peliyagoda,mall_bay,mall_dock,09:00-11:00,09:00,11:00,WAY-132,Women,Women's Dress V5,pcs,15,2,13,6,0,11,in_stock
OUT016,,Waypoint Style,Colombo,Peliyagoda,mall_bay,mall_dock,09:00-11:00,09:00,11:00,WAY-133,Women,Women's Jeans V5,pcs,17,8,9,4,10,6,in_stock
OUT016,,Waypoint Style,Colombo,Peliyagoda,mall_bay,mall_dock,09:00-11:00,09:00,11:00,WAY-134,Women,Women's Trousers V5,pcs,11,2,9,9,0,7,in_stock
OUT016,,Waypoint Style,Colombo,Peliyagoda,mall_bay,mall_dock,09:00-11:00,09:00,11:00,WAY-135,Women,Women's Skirt V5,pcs,14,0,14,7,20,11,in_stock
OUT016,,Waypoint Style,Colombo,Peliyagoda,mall_bay,mall_dock,09:00-11:00,09:00,11:00,WAY-136,Women,Women's Hoodie V5,pcs,10,5,5,19,30,18,low_stock
OUT016,,Waypoint Style,Colombo,Peliyagoda,mall_bay,mall_dock,09:00-11:00,09:00,11:00,WAY-137,Women,Women's Jacket V5,pcs,39,1,38,21,20,5,in_stock
OUT016,,Waypoint Style,Colombo,Peliyagoda,mall_bay,mall_dock,09:00-11:00,09:00,11:00,WAY-138,Kids,Kids T-Shirt V5,pcs,31,0,31,9,10,16,in_stock
OUT016,,Waypoint Style,Colombo,Peliyagoda,mall_bay,mall_dock,09:00-11:00,09:00,11:00,WAY-139,Kids,Kids Jeans V5,pcs,44,1,43,11,0,7,in_stock
OUT016,,Waypoint Style,Colombo,Peliyagoda,mall_bay,mall_dock,09:00-11:00,09:00,11:00,WAY-140,Kids,Kids Shorts V5,pcs,24,4,20,20,30,10,in_stock
OUT016,,Waypoint Style,Colombo,Peliyagoda,mall_bay,mall_dock,09:00-11:00,09:00,11:00,WAY-141,Kids,Kids Dress V5,pcs,13,6,7,9,10,10,low_stock
OUT016,,Waypoint Style,Colombo,Peliyagoda,mall_bay,mall_dock,09:00-11:00,09:00,11:00,WAY-142,Footwear,Men's Sneakers V5,pairs,39,7,32,13,0,9,in_stock
OUT016,,Waypoint Style,Colombo,Peliyagoda,mall_bay,mall_dock,09:00-11:00,09:00,11:00,WAY-143,Footwear,Women's Sneakers V5,pairs,42,5,37,21,0,18,in_stock
OUT016,,Waypoint Style,Colombo,Peliyagoda,mall_bay,mall_dock,09:00-11:00,09:00,11:00,WAY-144,Footwear,Men's Sandals V5,pairs,25,3,22,15,30,9,in_stock
OUT016,,Waypoint Style,Colombo,Peliyagoda,mall_bay,mall_dock,09:00-11:00,09:00,11:00,WAY-145,Footwear,Women's Sandals V5,pairs,12,2,10,19,10,5,in_stock
OUT016,,Waypoint Style,Colombo,Peliyagoda,mall_bay,mall_dock,09:00-11:00,09:00,11:00,WAY-146,Footwear,Kids' Shoes V5,pairs,24,1,23,8,5,5,in_stock
OUT016,,Waypoint Style,Colombo,Peliyagoda,mall_bay,mall_dock,09:00-11:00,09:00,11:00,WAY-147,Accessories,Backpack V5,pcs,18,2,16,5,5,17,low_stock
OUT016,,Waypoint Style,Colombo,Peliyagoda,mall_bay,mall_dock,09:00-11:00,09:00,11:00,WAY-148,Accessories,Wallet V5,pcs,8,3,5,22,0,14,low_stock
OUT016,,Waypoint Style,Colombo,Peliyagoda,mall_bay,mall_dock,09:00-11:00,09:00,11:00,WAY-149,Accessories,Cap V5,pcs,23,3,20,12,0,13,in_stock
OUT016,,Waypoint Style,Colombo,Peliyagoda,mall_bay,mall_dock,09:00-11:00,09:00,11:00,WAY-150,Accessories,Belt V5,pcs,28,8,20,3,10,8,in_stock
OUT016,,Waypoint Style,Colombo,Peliyagoda,mall_bay,mall_dock,09:00-11:00,09:00,11:00,WAY-151,Men,Men's T-Shirt V6,pcs,27,5,22,9,20,5,in_stock
OUT016,,Waypoint Style,Colombo,Peliyagoda,mall_bay,mall_dock,09:00-11:00,09:00,11:00,WAY-152,Men,Men's Polo Shirt V6,pcs,37,3,34,13,20,8,in_stock
OUT016,,Waypoint Style,Colombo,Peliyagoda,mall_bay,mall_dock,09:00-11:00,09:00,11:00,WAY-153,Men,Men's Casual Shirt V6,pcs,37,0,37,22,5,13,in_stock
OUT016,,Waypoint Style,Colombo,Peliyagoda,mall_bay,mall_dock,09:00-11:00,09:00,11:00,WAY-154,Men,Men's Formal Shirt V6,pcs,13,8,5,1,10,16,low_stock
OUT016,,Waypoint Style,Colombo,Peliyagoda,mall_bay,mall_dock,09:00-11:00,09:00,11:00,WAY-155,Men,Men's Jeans V6,pcs,35,2,33,8,0,8,in_stock
OUT016,,Waypoint Style,Colombo,Peliyagoda,mall_bay,mall_dock,09:00-11:00,09:00,11:00,WAY-156,Men,Men's Chino V6,pcs,22,4,18,7,0,5,in_stock
OUT016,,Waypoint Style,Colombo,Peliyagoda,mall_bay,mall_dock,09:00-11:00,09:00,11:00,WAY-157,Men,Men's Shorts V6,pcs,15,2,13,14,30,7,in_stock
OUT016,,Waypoint Style,Colombo,Peliyagoda,mall_bay,mall_dock,09:00-11:00,09:00,11:00,WAY-158,Men,Men's Hoodie V6,pcs,33,4,29,5,0,12,in_stock
OUT016,,Waypoint Style,Colombo,Peliyagoda,mall_bay,mall_dock,09:00-11:00,09:00,11:00,WAY-159,Men,Men's Jacket V6,pcs,39,8,31,14,0,13,in_stock
OUT016,,Waypoint Style,Colombo,Peliyagoda,mall_bay,mall_dock,09:00-11:00,09:00,11:00,WAY-160,Women,Women's T-Shirt V6,pcs,18,5,13,14,0,7,in_stock
OUT016,,Waypoint Style,Colombo,Peliyagoda,mall_bay,mall_dock,09:00-11:00,09:00,11:00,WAY-161,Women,Women's Blouse V6,pcs,30,7,23,14,5,14,in_stock
OUT016,,Waypoint Style,Colombo,Peliyagoda,mall_bay,mall_dock,09:00-11:00,09:00,11:00,WAY-162,Women,Women's Dress V6,pcs,4,3,1,5,30,14,low_stock
OUT016,,Waypoint Style,Colombo,Peliyagoda,mall_bay,mall_dock,09:00-11:00,09:00,11:00,WAY-163,Women,Women's Jeans V6,pcs,35,8,27,3,0,6,in_stock
OUT016,,Waypoint Style,Colombo,Peliyagoda,mall_bay,mall_dock,09:00-11:00,09:00,11:00,WAY-164,Women,Women's Trousers V6,pcs,13,8,5,18,0,6,low_stock
OUT016,,Waypoint Style,Colombo,Peliyagoda,mall_bay,mall_dock,09:00-11:00,09:00,11:00,WAY-165,Women,Women's Skirt V6,pcs,29,0,29,14,30,8,in_stock
OUT016,,Waypoint Style,Colombo,Peliyagoda,mall_bay,mall_dock,09:00-11:00,09:00,11:00,WAY-166,Women,Women's Hoodie V6,pcs,9,8,1,1,0,16,low_stock
OUT016,,Waypoint Style,Colombo,Peliyagoda,mall_bay,mall_dock,09:00-11:00,09:00,11:00,WAY-167,Women,Women's Jacket V6,pcs,44,2,42,1,10,15,in_stock
OUT016,,Waypoint Style,Colombo,Peliyagoda,mall_bay,mall_dock,09:00-11:00,09:00,11:00,WAY-168,Kids,Kids T-Shirt V6,pcs,4,0,4,21,30,6,low_stock
OUT016,,Waypoint Style,Colombo,Peliyagoda,mall_bay,mall_dock,09:00-11:00,09:00,11:00,WAY-169,Kids,Kids Jeans V6,pcs,5,3,2,11,0,18,low_stock
OUT016,,Waypoint Style,Colombo,Peliyagoda,mall_bay,mall_dock,09:00-11:00,09:00,11:00,WAY-170,Kids,Kids Shorts V6,pcs,22,6,16,16,5,15,in_stock
OUT016,,Waypoint Style,Colombo,Peliyagoda,mall_bay,mall_dock,09:00-11:00,09:00,11:00,WAY-171,Kids,Kids Dress V6,pcs,19,4,15,7,5,15,low_stock
OUT016,,Waypoint Style,Colombo,Peliyagoda,mall_bay,mall_dock,09:00-11:00,09:00,11:00,WAY-172,Footwear,Men's Sneakers V6,pairs,42,3,39,22,0,6,in_stock
OUT016,,Waypoint Style,Colombo,Peliyagoda,mall_bay,mall_dock,09:00-11:00,09:00,11:00,WAY-173,Footwear,Women's Sneakers V6,pairs,35,2,33,20,30,11,in_stock
OUT016,,Waypoint Style,Colombo,Peliyagoda,mall_bay,mall_dock,09:00-11:00,09:00,11:00,WAY-174,Footwear,Men's Sandals V6,pairs,31,6,25,22,5,10,in_stock
OUT016,,Waypoint Style,Colombo,Peliyagoda,mall_bay,mall_dock,09:00-11:00,09:00,11:00,WAY-175,Footwear,Women's Sandals V6,pairs,27,2,25,21,5,7,in_stock
OUT016,,Waypoint Style,Colombo,Peliyagoda,mall_bay,mall_dock,09:00-11:00,09:00,11:00,WAY-176,Footwear,Kids' Shoes V6,pairs,25,0,25,17,30,12,in_stock
OUT016,,Waypoint Style,Colombo,Peliyagoda,mall_bay,mall_dock,09:00-11:00,09:00,11:00,WAY-177,Accessories,Backpack V6,pcs,38,5,33,19,0,9,in_stock
OUT016,,Waypoint Style,Colombo,Peliyagoda,mall_bay,mall_dock,09:00-11:00,09:00,11:00,WAY-178,Accessories,Wallet V6,pcs,18,7,11,18,0,7,in_stock
OUT016,,Waypoint Style,Colombo,Peliyagoda,mall_bay,mall_dock,09:00-11:00,09:00,11:00,WAY-179,Accessories,Cap V6,pcs,25,8,17,8,30,12,in_stock
OUT016,,Waypoint Style,Colombo,Peliyagoda,mall_bay,mall_dock,09:00-11:00,09:00,11:00,WAY-180,Accessories,Belt V6,pcs,27,4,23,8,10,10,in_stock
OUT016,,Waypoint Style,Colombo,Peliyagoda,mall_bay,mall_dock,09:00-11:00,09:00,11:00,WAY-181,Men,Men's T-Shirt V7,pcs,30,8,22,20,5,8,in_stock
OUT016,,Waypoint Style,Colombo,Peliyagoda,mall_bay,mall_dock,09:00-11:00,09:00,11:00,WAY-182,Men,Men's Polo Shirt V7,pcs,26,2,24,12,20,12,in_stock
OUT016,,Waypoint Style,Colombo,Peliyagoda,mall_bay,mall_dock,09:00-11:00,09:00,11:00,WAY-183,Men,Men's Casual Shirt V7,pcs,26,2,24,3,0,8,in_stock
OUT016,,Waypoint Style,Colombo,Peliyagoda,mall_bay,mall_dock,09:00-11:00,09:00,11:00,WAY-184,Men,Men's Formal Shirt V7,pcs,24,1,23,15,0,7,in_stock
OUT016,,Waypoint Style,Colombo,Peliyagoda,mall_bay,mall_dock,09:00-11:00,09:00,11:00,WAY-185,Men,Men's Jeans V7,pcs,34,2,32,12,0,10,in_stock
OUT016,,Waypoint Style,Colombo,Peliyagoda,mall_bay,mall_dock,09:00-11:00,09:00,11:00,WAY-186,Men,Men's Chino V7,pcs,34,7,27,1,30,16,in_stock
OUT016,,Waypoint Style,Colombo,Peliyagoda,mall_bay,mall_dock,09:00-11:00,09:00,11:00,WAY-187,Men,Men's Shorts V7,pcs,17,1,16,5,10,15,in_stock
OUT016,,Waypoint Style,Colombo,Peliyagoda,mall_bay,mall_dock,09:00-11:00,09:00,11:00,WAY-188,Men,Men's Hoodie V7,pcs,20,4,16,18,0,10,in_stock
OUT016,,Waypoint Style,Colombo,Peliyagoda,mall_bay,mall_dock,09:00-11:00,09:00,11:00,WAY-189,Men,Men's Jacket V7,pcs,25,5,20,16,5,16,in_stock
OUT016,,Waypoint Style,Colombo,Peliyagoda,mall_bay,mall_dock,09:00-11:00,09:00,11:00,WAY-190,Women,Women's T-Shirt V7,pcs,12,3,9,10,20,18,low_stock
OUT016,,Waypoint Style,Colombo,Peliyagoda,mall_bay,mall_dock,09:00-11:00,09:00,11:00,WAY-191,Women,Women's Blouse V7,pcs,20,2,18,20,0,16,in_stock
OUT016,,Waypoint Style,Colombo,Peliyagoda,mall_bay,mall_dock,09:00-11:00,09:00,11:00,WAY-192,Women,Women's Dress V7,pcs,27,4,23,20,0,6,in_stock
OUT016,,Waypoint Style,Colombo,Peliyagoda,mall_bay,mall_dock,09:00-11:00,09:00,11:00,WAY-193,Women,Women's Jeans V7,pcs,37,0,37,19,5,5,in_stock
OUT016,,Waypoint Style,Colombo,Peliyagoda,mall_bay,mall_dock,09:00-11:00,09:00,11:00,WAY-194,Women,Women's Trousers V7,pcs,33,7,26,20,0,8,in_stock
OUT016,,Waypoint Style,Colombo,Peliyagoda,mall_bay,mall_dock,09:00-11:00,09:00,11:00,WAY-195,Women,Women's Skirt V7,pcs,10,3,7,19,30,10,low_stock
OUT016,,Waypoint Style,Colombo,Peliyagoda,mall_bay,mall_dock,09:00-11:00,09:00,11:00,WAY-196,Women,Women's Hoodie V7,pcs,18,2,16,13,0,18,low_stock
OUT016,,Waypoint Style,Colombo,Peliyagoda,mall_bay,mall_dock,09:00-11:00,09:00,11:00,WAY-197,Women,Women's Jacket V7,pcs,32,4,28,12,10,18,in_stock
OUT016,,Waypoint Style,Colombo,Peliyagoda,mall_bay,mall_dock,09:00-11:00,09:00,11:00,WAY-198,Kids,Kids T-Shirt V7,pcs,27,8,19,13,10,13,in_stock
OUT016,,Waypoint Style,Colombo,Peliyagoda,mall_bay,mall_dock,09:00-11:00,09:00,11:00,WAY-199,Kids,Kids Jeans V7,pcs,25,4,21,20,30,14,in_stock
OUT016,,Waypoint Style,Colombo,Peliyagoda,mall_bay,mall_dock,09:00-11:00,09:00,11:00,WAY-200,Kids,Kids Shorts V7,pcs,42,1,41,22,10,8,in_stock
OUT017,,Waypoint Style,Colombo,Peliyagoda,mall_bay,mall_dock,10:30-12:30,10:30,12:30,WAY-001,Men,Men's T-Shirt,pcs,37,5,32,14,10,13,in_stock
OUT017,,Waypoint Style,Colombo,Peliyagoda,mall_bay,mall_dock,10:30-12:30,10:30,12:30,WAY-002,Men,Men's Polo Shirt,pcs,25,1,24,19,20,13,in_stock
OUT017,,Waypoint Style,Colombo,Peliyagoda,mall_bay,mall_dock,10:30-12:30,10:30,12:30,WAY-003,Men,Men's Casual Shirt,pcs,32,1,31,3,20,16,in_stock
OUT017,,Waypoint Style,Colombo,Peliyagoda,mall_bay,mall_dock,10:30-12:30,10:30,12:30,WAY-004,Men,Men's Formal Shirt,pcs,35,5,30,9,0,9,in_stock
OUT017,,Waypoint Style,Colombo,Peliyagoda,mall_bay,mall_dock,10:30-12:30,10:30,12:30,WAY-005,Men,Men's Jeans,pcs,42,0,42,11,10,16,in_stock
OUT017,,Waypoint Style,Colombo,Peliyagoda,mall_bay,mall_dock,10:30-12:30,10:30,12:30,WAY-006,Men,Men's Chino,pcs,32,7,25,22,20,6,in_stock
OUT017,,Waypoint Style,Colombo,Peliyagoda,mall_bay,mall_dock,10:30-12:30,10:30,12:30,WAY-007,Men,Men's Shorts,pcs,35,5,30,21,30,12,in_stock
OUT017,,Waypoint Style,Colombo,Peliyagoda,mall_bay,mall_dock,10:30-12:30,10:30,12:30,WAY-008,Men,Men's Hoodie,pcs,30,0,30,9,30,16,in_stock
OUT017,,Waypoint Style,Colombo,Peliyagoda,mall_bay,mall_dock,10:30-12:30,10:30,12:30,WAY-009,Men,Men's Jacket,pcs,11,8,3,2,0,8,low_stock
OUT017,,Waypoint Style,Colombo,Peliyagoda,mall_bay,mall_dock,10:30-12:30,10:30,12:30,WAY-010,Women,Women's T-Shirt,pcs,34,2,32,2,20,8,in_stock
OUT017,,Waypoint Style,Colombo,Peliyagoda,mall_bay,mall_dock,10:30-12:30,10:30,12:30,WAY-011,Women,Women's Blouse,pcs,15,7,8,18,0,14,low_stock
OUT017,,Waypoint Style,Colombo,Peliyagoda,mall_bay,mall_dock,10:30-12:30,10:30,12:30,WAY-012,Women,Women's Dress,pcs,13,0,13,16,20,8,in_stock
OUT017,,Waypoint Style,Colombo,Peliyagoda,mall_bay,mall_dock,10:30-12:30,10:30,12:30,WAY-013,Women,Women's Jeans,pcs,31,4,27,10,0,18,in_stock
OUT017,,Waypoint Style,Colombo,Peliyagoda,mall_bay,mall_dock,10:30-12:30,10:30,12:30,WAY-014,Women,Women's Trousers,pcs,35,3,32,18,5,15,in_stock
OUT017,,Waypoint Style,Colombo,Peliyagoda,mall_bay,mall_dock,10:30-12:30,10:30,12:30,WAY-015,Women,Women's Skirt,pcs,9,2,7,14,0,5,in_stock
OUT017,,Waypoint Style,Colombo,Peliyagoda,mall_bay,mall_dock,10:30-12:30,10:30,12:30,WAY-016,Women,Women's Hoodie,pcs,14,2,12,6,5,10,in_stock
OUT017,,Waypoint Style,Colombo,Peliyagoda,mall_bay,mall_dock,10:30-12:30,10:30,12:30,WAY-017,Women,Women's Jacket,pcs,7,2,5,9,10,17,low_stock
OUT017,,Waypoint Style,Colombo,Peliyagoda,mall_bay,mall_dock,10:30-12:30,10:30,12:30,WAY-018,Kids,Kids T-Shirt,pcs,25,4,21,9,5,6,in_stock
OUT017,,Waypoint Style,Colombo,Peliyagoda,mall_bay,mall_dock,10:30-12:30,10:30,12:30,WAY-019,Kids,Kids Jeans,pcs,22,5,17,18,10,11,in_stock
OUT017,,Waypoint Style,Colombo,Peliyagoda,mall_bay,mall_dock,10:30-12:30,10:30,12:30,WAY-020,Kids,Kids Shorts,pcs,23,1,22,1,20,5,in_stock
OUT017,,Waypoint Style,Colombo,Peliyagoda,mall_bay,mall_dock,10:30-12:30,10:30,12:30,WAY-021,Kids,Kids Dress,pcs,26,7,19,9,5,9,in_stock
OUT017,,Waypoint Style,Colombo,Peliyagoda,mall_bay,mall_dock,10:30-12:30,10:30,12:30,WAY-022,Footwear,Men's Sneakers,pairs,10,5,5,10,5,8,low_stock
OUT017,,Waypoint Style,Colombo,Peliyagoda,mall_bay,mall_dock,10:30-12:30,10:30,12:30,WAY-023,Footwear,Women's Sneakers,pairs,34,6,28,11,0,7,in_stock
OUT017,,Waypoint Style,Colombo,Peliyagoda,mall_bay,mall_dock,10:30-12:30,10:30,12:30,WAY-024,Footwear,Men's Sandals,pairs,10,4,6,11,20,18,low_stock
OUT017,,Waypoint Style,Colombo,Peliyagoda,mall_bay,mall_dock,10:30-12:30,10:30,12:30,WAY-025,Footwear,Women's Sandals,pairs,30,8,22,4,30,17,in_stock
OUT017,,Waypoint Style,Colombo,Peliyagoda,mall_bay,mall_dock,10:30-12:30,10:30,12:30,WAY-026,Footwear,Kids' Shoes,pairs,5,2,3,9,20,6,low_stock
OUT017,,Waypoint Style,Colombo,Peliyagoda,mall_bay,mall_dock,10:30-12:30,10:30,12:30,WAY-027,Accessories,Backpack,pcs,40,2,38,9,20,17,in_stock
OUT017,,Waypoint Style,Colombo,Peliyagoda,mall_bay,mall_dock,10:30-12:30,10:30,12:30,WAY-028,Accessories,Wallet,pcs,18,0,18,21,0,13,in_stock
OUT017,,Waypoint Style,Colombo,Peliyagoda,mall_bay,mall_dock,10:30-12:30,10:30,12:30,WAY-029,Accessories,Cap,pcs,8,4,4,15,30,11,low_stock
OUT017,,Waypoint Style,Colombo,Peliyagoda,mall_bay,mall_dock,10:30-12:30,10:30,12:30,WAY-030,Accessories,Belt,pcs,42,0,42,15,0,18,in_stock
OUT017,,Waypoint Style,Colombo,Peliyagoda,mall_bay,mall_dock,10:30-12:30,10:30,12:30,WAY-031,Men,Men's T-Shirt V2,pcs,43,5,38,11,0,5,in_stock
OUT017,,Waypoint Style,Colombo,Peliyagoda,mall_bay,mall_dock,10:30-12:30,10:30,12:30,WAY-032,Men,Men's Polo Shirt V2,pcs,9,1,8,21,5,15,low_stock
OUT017,,Waypoint Style,Colombo,Peliyagoda,mall_bay,mall_dock,10:30-12:30,10:30,12:30,WAY-033,Men,Men's Casual Shirt V2,pcs,10,6,4,16,10,18,low_stock
OUT017,,Waypoint Style,Colombo,Peliyagoda,mall_bay,mall_dock,10:30-12:30,10:30,12:30,WAY-034,Men,Men's Formal Shirt V2,pcs,29,4,25,9,30,11,in_stock
OUT017,,Waypoint Style,Colombo,Peliyagoda,mall_bay,mall_dock,10:30-12:30,10:30,12:30,WAY-035,Men,Men's Jeans V2,pcs,9,4,5,6,20,6,low_stock
OUT017,,Waypoint Style,Colombo,Peliyagoda,mall_bay,mall_dock,10:30-12:30,10:30,12:30,WAY-036,Men,Men's Chino V2,pcs,8,7,1,10,10,18,low_stock
OUT017,,Waypoint Style,Colombo,Peliyagoda,mall_bay,mall_dock,10:30-12:30,10:30,12:30,WAY-037,Men,Men's Shorts V2,pcs,16,2,14,3,10,9,in_stock
OUT017,,Waypoint Style,Colombo,Peliyagoda,mall_bay,mall_dock,10:30-12:30,10:30,12:30,WAY-038,Men,Men's Hoodie V2,pcs,7,6,1,10,20,7,low_stock
OUT017,,Waypoint Style,Colombo,Peliyagoda,mall_bay,mall_dock,10:30-12:30,10:30,12:30,WAY-039,Men,Men's Jacket V2,pcs,43,6,37,14,0,5,in_stock
OUT017,,Waypoint Style,Colombo,Peliyagoda,mall_bay,mall_dock,10:30-12:30,10:30,12:30,WAY-040,Women,Women's T-Shirt V2,pcs,32,3,29,16,5,10,in_stock
OUT017,,Waypoint Style,Colombo,Peliyagoda,mall_bay,mall_dock,10:30-12:30,10:30,12:30,WAY-041,Women,Women's Blouse V2,pcs,17,7,10,10,0,14,low_stock
OUT017,,Waypoint Style,Colombo,Peliyagoda,mall_bay,mall_dock,10:30-12:30,10:30,12:30,WAY-042,Women,Women's Dress V2,pcs,19,1,18,3,10,16,in_stock
OUT017,,Waypoint Style,Colombo,Peliyagoda,mall_bay,mall_dock,10:30-12:30,10:30,12:30,WAY-043,Women,Women's Jeans V2,pcs,12,8,4,17,30,11,low_stock
OUT017,,Waypoint Style,Colombo,Peliyagoda,mall_bay,mall_dock,10:30-12:30,10:30,12:30,WAY-044,Women,Women's Trousers V2,pcs,27,7,20,2,30,12,in_stock
OUT017,,Waypoint Style,Colombo,Peliyagoda,mall_bay,mall_dock,10:30-12:30,10:30,12:30,WAY-045,Women,Women's Skirt V2,pcs,39,4,35,18,10,8,in_stock
OUT017,,Waypoint Style,Colombo,Peliyagoda,mall_bay,mall_dock,10:30-12:30,10:30,12:30,WAY-046,Women,Women's Hoodie V2,pcs,9,3,6,7,30,8,low_stock
OUT017,,Waypoint Style,Colombo,Peliyagoda,mall_bay,mall_dock,10:30-12:30,10:30,12:30,WAY-047,Women,Women's Jacket V2,pcs,33,2,31,18,30,17,in_stock
OUT017,,Waypoint Style,Colombo,Peliyagoda,mall_bay,mall_dock,10:30-12:30,10:30,12:30,WAY-048,Kids,Kids T-Shirt V2,pcs,7,7,0,9,5,12,out_of_stock
OUT017,,Waypoint Style,Colombo,Peliyagoda,mall_bay,mall_dock,10:30-12:30,10:30,12:30,WAY-049,Kids,Kids Jeans V2,pcs,33,3,30,18,0,8,in_stock
OUT017,,Waypoint Style,Colombo,Peliyagoda,mall_bay,mall_dock,10:30-12:30,10:30,12:30,WAY-050,Kids,Kids Shorts V2,pcs,31,5,26,21,0,13,in_stock
OUT017,,Waypoint Style,Colombo,Peliyagoda,mall_bay,mall_dock,10:30-12:30,10:30,12:30,WAY-051,Kids,Kids Dress V2,pcs,31,3,28,11,30,13,in_stock
OUT017,,Waypoint Style,Colombo,Peliyagoda,mall_bay,mall_dock,10:30-12:30,10:30,12:30,WAY-052,Footwear,Men's Sneakers V2,pairs,13,0,13,14,30,7,in_stock
OUT017,,Waypoint Style,Colombo,Peliyagoda,mall_bay,mall_dock,10:30-12:30,10:30,12:30,WAY-053,Footwear,Women's Sneakers V2,pairs,42,1,41,19,10,8,in_stock
OUT017,,Waypoint Style,Colombo,Peliyagoda,mall_bay,mall_dock,10:30-12:30,10:30,12:30,WAY-054,Footwear,Men's Sandals V2,pairs,17,0,17,17,20,17,low_stock
OUT017,,Waypoint Style,Colombo,Peliyagoda,mall_bay,mall_dock,10:30-12:30,10:30,12:30,WAY-055,Footwear,Women's Sandals V2,pairs,32,8,24,4,10,6,in_stock
OUT017,,Waypoint Style,Colombo,Peliyagoda,mall_bay,mall_dock,10:30-12:30,10:30,12:30,WAY-056,Footwear,Kids' Shoes V2,pairs,34,5,29,15,10,10,in_stock
OUT017,,Waypoint Style,Colombo,Peliyagoda,mall_bay,mall_dock,10:30-12:30,10:30,12:30,WAY-057,Accessories,Backpack V2,pcs,9,2,7,20,10,5,in_stock
OUT017,,Waypoint Style,Colombo,Peliyagoda,mall_bay,mall_dock,10:30-12:30,10:30,12:30,WAY-058,Accessories,Wallet V2,pcs,14,4,10,21,20,8,in_stock
OUT017,,Waypoint Style,Colombo,Peliyagoda,mall_bay,mall_dock,10:30-12:30,10:30,12:30,WAY-059,Accessories,Cap V2,pcs,16,8,8,20,0,10,low_stock
OUT017,,Waypoint Style,Colombo,Peliyagoda,mall_bay,mall_dock,10:30-12:30,10:30,12:30,WAY-060,Accessories,Belt V2,pcs,29,4,25,21,10,16,in_stock
OUT017,,Waypoint Style,Colombo,Peliyagoda,mall_bay,mall_dock,10:30-12:30,10:30,12:30,WAY-061,Men,Men's T-Shirt V3,pcs,20,2,18,18,0,10,in_stock
OUT017,,Waypoint Style,Colombo,Peliyagoda,mall_bay,mall_dock,10:30-12:30,10:30,12:30,WAY-062,Men,Men's Polo Shirt V3,pcs,19,3,16,2,5,6,in_stock
OUT017,,Waypoint Style,Colombo,Peliyagoda,mall_bay,mall_dock,10:30-12:30,10:30,12:30,WAY-063,Men,Men's Casual Shirt V3,pcs,8,5,3,8,0,14,low_stock
OUT017,,Waypoint Style,Colombo,Peliyagoda,mall_bay,mall_dock,10:30-12:30,10:30,12:30,WAY-064,Men,Men's Formal Shirt V3,pcs,11,7,4,2,0,8,low_stock
OUT017,,Waypoint Style,Colombo,Peliyagoda,mall_bay,mall_dock,10:30-12:30,10:30,12:30,WAY-065,Men,Men's Jeans V3,pcs,20,1,19,4,0,15,in_stock
OUT017,,Waypoint Style,Colombo,Peliyagoda,mall_bay,mall_dock,10:30-12:30,10:30,12:30,WAY-066,Men,Men's Chino V3,pcs,21,3,18,13,0,15,in_stock
OUT017,,Waypoint Style,Colombo,Peliyagoda,mall_bay,mall_dock,10:30-12:30,10:30,12:30,WAY-067,Men,Men's Shorts V3,pcs,36,2,34,10,5,14,in_stock
OUT017,,Waypoint Style,Colombo,Peliyagoda,mall_bay,mall_dock,10:30-12:30,10:30,12:30,WAY-068,Men,Men's Hoodie V3,pcs,14,1,13,14,20,6,in_stock
OUT017,,Waypoint Style,Colombo,Peliyagoda,mall_bay,mall_dock,10:30-12:30,10:30,12:30,WAY-069,Men,Men's Jacket V3,pcs,33,7,26,9,10,10,in_stock
OUT017,,Waypoint Style,Colombo,Peliyagoda,mall_bay,mall_dock,10:30-12:30,10:30,12:30,WAY-070,Women,Women's T-Shirt V3,pcs,38,1,37,2,5,7,in_stock
OUT017,,Waypoint Style,Colombo,Peliyagoda,mall_bay,mall_dock,10:30-12:30,10:30,12:30,WAY-071,Women,Women's Blouse V3,pcs,26,4,22,7,0,17,in_stock
OUT017,,Waypoint Style,Colombo,Peliyagoda,mall_bay,mall_dock,10:30-12:30,10:30,12:30,WAY-072,Women,Women's Dress V3,pcs,42,7,35,12,0,6,in_stock
OUT017,,Waypoint Style,Colombo,Peliyagoda,mall_bay,mall_dock,10:30-12:30,10:30,12:30,WAY-073,Women,Women's Jeans V3,pcs,9,8,1,22,20,13,low_stock
OUT017,,Waypoint Style,Colombo,Peliyagoda,mall_bay,mall_dock,10:30-12:30,10:30,12:30,WAY-074,Women,Women's Trousers V3,pcs,31,3,28,11,20,10,in_stock
OUT017,,Waypoint Style,Colombo,Peliyagoda,mall_bay,mall_dock,10:30-12:30,10:30,12:30,WAY-075,Women,Women's Skirt V3,pcs,31,6,25,18,10,13,in_stock
OUT017,,Waypoint Style,Colombo,Peliyagoda,mall_bay,mall_dock,10:30-12:30,10:30,12:30,WAY-076,Women,Women's Hoodie V3,pcs,41,2,39,18,5,10,in_stock
OUT017,,Waypoint Style,Colombo,Peliyagoda,mall_bay,mall_dock,10:30-12:30,10:30,12:30,WAY-077,Women,Women's Jacket V3,pcs,17,2,15,15,0,15,low_stock
OUT017,,Waypoint Style,Colombo,Peliyagoda,mall_bay,mall_dock,10:30-12:30,10:30,12:30,WAY-078,Kids,Kids T-Shirt V3,pcs,11,7,4,21,0,17,low_stock
OUT017,,Waypoint Style,Colombo,Peliyagoda,mall_bay,mall_dock,10:30-12:30,10:30,12:30,WAY-079,Kids,Kids Jeans V3,pcs,35,7,28,7,5,6,in_stock
OUT017,,Waypoint Style,Colombo,Peliyagoda,mall_bay,mall_dock,10:30-12:30,10:30,12:30,WAY-080,Kids,Kids Shorts V3,pcs,35,3,32,11,20,14,in_stock
OUT017,,Waypoint Style,Colombo,Peliyagoda,mall_bay,mall_dock,10:30-12:30,10:30,12:30,WAY-081,Kids,Kids Dress V3,pcs,17,6,11,6,30,18,low_stock
OUT017,,Waypoint Style,Colombo,Peliyagoda,mall_bay,mall_dock,10:30-12:30,10:30,12:30,WAY-082,Footwear,Men's Sneakers V3,pairs,38,6,32,11,0,14,in_stock
OUT017,,Waypoint Style,Colombo,Peliyagoda,mall_bay,mall_dock,10:30-12:30,10:30,12:30,WAY-083,Footwear,Women's Sneakers V3,pairs,22,1,21,1,10,17,in_stock
OUT017,,Waypoint Style,Colombo,Peliyagoda,mall_bay,mall_dock,10:30-12:30,10:30,12:30,WAY-084,Footwear,Men's Sandals V3,pairs,25,2,23,16,5,18,in_stock
OUT017,,Waypoint Style,Colombo,Peliyagoda,mall_bay,mall_dock,10:30-12:30,10:30,12:30,WAY-085,Footwear,Women's Sandals V3,pairs,36,1,35,16,0,6,in_stock
OUT017,,Waypoint Style,Colombo,Peliyagoda,mall_bay,mall_dock,10:30-12:30,10:30,12:30,WAY-086,Footwear,Kids' Shoes V3,pairs,35,2,33,7,5,18,in_stock
OUT017,,Waypoint Style,Colombo,Peliyagoda,mall_bay,mall_dock,10:30-12:30,10:30,12:30,WAY-087,Accessories,Backpack V3,pcs,37,5,32,3,30,9,in_stock
OUT017,,Waypoint Style,Colombo,Peliyagoda,mall_bay,mall_dock,10:30-12:30,10:30,12:30,WAY-088,Accessories,Wallet V3,pcs,13,0,13,18,20,6,in_stock
OUT017,,Waypoint Style,Colombo,Peliyagoda,mall_bay,mall_dock,10:30-12:30,10:30,12:30,WAY-089,Accessories,Cap V3,pcs,43,0,43,1,0,5,in_stock
OUT017,,Waypoint Style,Colombo,Peliyagoda,mall_bay,mall_dock,10:30-12:30,10:30,12:30,WAY-090,Accessories,Belt V3,pcs,27,5,22,8,5,5,in_stock
OUT017,,Waypoint Style,Colombo,Peliyagoda,mall_bay,mall_dock,10:30-12:30,10:30,12:30,WAY-091,Men,Men's T-Shirt V4,pcs,41,8,33,15,30,16,in_stock
OUT017,,Waypoint Style,Colombo,Peliyagoda,mall_bay,mall_dock,10:30-12:30,10:30,12:30,WAY-092,Men,Men's Polo Shirt V4,pcs,29,1,28,13,10,7,in_stock
OUT017,,Waypoint Style,Colombo,Peliyagoda,mall_bay,mall_dock,10:30-12:30,10:30,12:30,WAY-093,Men,Men's Casual Shirt V4,pcs,42,6,36,5,30,10,in_stock
OUT017,,Waypoint Style,Colombo,Peliyagoda,mall_bay,mall_dock,10:30-12:30,10:30,12:30,WAY-094,Men,Men's Formal Shirt V4,pcs,14,6,8,5,5,13,low_stock
OUT017,,Waypoint Style,Colombo,Peliyagoda,mall_bay,mall_dock,10:30-12:30,10:30,12:30,WAY-095,Men,Men's Jeans V4,pcs,45,8,37,21,0,9,in_stock
OUT017,,Waypoint Style,Colombo,Peliyagoda,mall_bay,mall_dock,10:30-12:30,10:30,12:30,WAY-096,Men,Men's Chino V4,pcs,12,1,11,12,0,10,in_stock
OUT017,,Waypoint Style,Colombo,Peliyagoda,mall_bay,mall_dock,10:30-12:30,10:30,12:30,WAY-097,Men,Men's Shorts V4,pcs,23,3,20,11,5,9,in_stock
OUT017,,Waypoint Style,Colombo,Peliyagoda,mall_bay,mall_dock,10:30-12:30,10:30,12:30,WAY-098,Men,Men's Hoodie V4,pcs,26,2,24,20,0,12,in_stock
OUT017,,Waypoint Style,Colombo,Peliyagoda,mall_bay,mall_dock,10:30-12:30,10:30,12:30,WAY-099,Men,Men's Jacket V4,pcs,23,1,22,11,10,10,in_stock
OUT017,,Waypoint Style,Colombo,Peliyagoda,mall_bay,mall_dock,10:30-12:30,10:30,12:30,WAY-100,Women,Women's T-Shirt V4,pcs,37,1,36,3,0,17,in_stock
OUT017,,Waypoint Style,Colombo,Peliyagoda,mall_bay,mall_dock,10:30-12:30,10:30,12:30,WAY-101,Women,Women's Blouse V4,pcs,28,4,24,7,10,5,in_stock
OUT017,,Waypoint Style,Colombo,Peliyagoda,mall_bay,mall_dock,10:30-12:30,10:30,12:30,WAY-102,Women,Women's Dress V4,pcs,29,0,29,17,20,16,in_stock
OUT017,,Waypoint Style,Colombo,Peliyagoda,mall_bay,mall_dock,10:30-12:30,10:30,12:30,WAY-103,Women,Women's Jeans V4,pcs,34,6,28,18,20,14,in_stock
OUT017,,Waypoint Style,Colombo,Peliyagoda,mall_bay,mall_dock,10:30-12:30,10:30,12:30,WAY-104,Women,Women's Trousers V4,pcs,32,1,31,16,30,15,in_stock
OUT017,,Waypoint Style,Colombo,Peliyagoda,mall_bay,mall_dock,10:30-12:30,10:30,12:30,WAY-105,Women,Women's Skirt V4,pcs,44,5,39,17,30,5,in_stock
OUT017,,Waypoint Style,Colombo,Peliyagoda,mall_bay,mall_dock,10:30-12:30,10:30,12:30,WAY-106,Women,Women's Hoodie V4,pcs,7,3,4,13,10,5,low_stock
OUT017,,Waypoint Style,Colombo,Peliyagoda,mall_bay,mall_dock,10:30-12:30,10:30,12:30,WAY-107,Women,Women's Jacket V4,pcs,41,4,37,7,0,5,in_stock
OUT017,,Waypoint Style,Colombo,Peliyagoda,mall_bay,mall_dock,10:30-12:30,10:30,12:30,WAY-108,Kids,Kids T-Shirt V4,pcs,19,6,13,10,10,18,low_stock
OUT017,,Waypoint Style,Colombo,Peliyagoda,mall_bay,mall_dock,10:30-12:30,10:30,12:30,WAY-109,Kids,Kids Jeans V4,pcs,40,0,40,21,0,6,in_stock
OUT017,,Waypoint Style,Colombo,Peliyagoda,mall_bay,mall_dock,10:30-12:30,10:30,12:30,WAY-110,Kids,Kids Shorts V4,pcs,5,2,3,15,30,7,low_stock
OUT017,,Waypoint Style,Colombo,Peliyagoda,mall_bay,mall_dock,10:30-12:30,10:30,12:30,WAY-111,Kids,Kids Dress V4,pcs,5,2,3,9,20,15,low_stock
OUT017,,Waypoint Style,Colombo,Peliyagoda,mall_bay,mall_dock,10:30-12:30,10:30,12:30,WAY-112,Footwear,Men's Sneakers V4,pairs,28,2,26,5,10,8,in_stock
OUT017,,Waypoint Style,Colombo,Peliyagoda,mall_bay,mall_dock,10:30-12:30,10:30,12:30,WAY-113,Footwear,Women's Sneakers V4,pairs,31,1,30,16,5,14,in_stock
OUT017,,Waypoint Style,Colombo,Peliyagoda,mall_bay,mall_dock,10:30-12:30,10:30,12:30,WAY-114,Footwear,Men's Sandals V4,pairs,44,7,37,1,5,16,in_stock
OUT017,,Waypoint Style,Colombo,Peliyagoda,mall_bay,mall_dock,10:30-12:30,10:30,12:30,WAY-115,Footwear,Women's Sandals V4,pairs,19,4,15,18,0,11,in_stock
OUT017,,Waypoint Style,Colombo,Peliyagoda,mall_bay,mall_dock,10:30-12:30,10:30,12:30,WAY-116,Footwear,Kids' Shoes V4,pairs,7,3,4,7,0,18,low_stock
OUT017,,Waypoint Style,Colombo,Peliyagoda,mall_bay,mall_dock,10:30-12:30,10:30,12:30,WAY-117,Accessories,Backpack V4,pcs,23,6,17,3,10,9,in_stock
OUT017,,Waypoint Style,Colombo,Peliyagoda,mall_bay,mall_dock,10:30-12:30,10:30,12:30,WAY-118,Accessories,Wallet V4,pcs,12,4,8,7,20,9,low_stock
OUT017,,Waypoint Style,Colombo,Peliyagoda,mall_bay,mall_dock,10:30-12:30,10:30,12:30,WAY-119,Accessories,Cap V4,pcs,22,4,18,20,30,12,in_stock
OUT017,,Waypoint Style,Colombo,Peliyagoda,mall_bay,mall_dock,10:30-12:30,10:30,12:30,WAY-120,Accessories,Belt V4,pcs,36,6,30,12,20,12,in_stock
OUT017,,Waypoint Style,Colombo,Peliyagoda,mall_bay,mall_dock,10:30-12:30,10:30,12:30,WAY-121,Men,Men's T-Shirt V5,pcs,40,2,38,20,0,15,in_stock
OUT017,,Waypoint Style,Colombo,Peliyagoda,mall_bay,mall_dock,10:30-12:30,10:30,12:30,WAY-122,Men,Men's Polo Shirt V5,pcs,10,6,4,19,10,5,low_stock
OUT017,,Waypoint Style,Colombo,Peliyagoda,mall_bay,mall_dock,10:30-12:30,10:30,12:30,WAY-123,Men,Men's Casual Shirt V5,pcs,40,2,38,15,20,18,in_stock
OUT017,,Waypoint Style,Colombo,Peliyagoda,mall_bay,mall_dock,10:30-12:30,10:30,12:30,WAY-124,Men,Men's Formal Shirt V5,pcs,43,4,39,5,5,13,in_stock
OUT017,,Waypoint Style,Colombo,Peliyagoda,mall_bay,mall_dock,10:30-12:30,10:30,12:30,WAY-125,Men,Men's Jeans V5,pcs,16,8,8,14,0,9,low_stock
OUT017,,Waypoint Style,Colombo,Peliyagoda,mall_bay,mall_dock,10:30-12:30,10:30,12:30,WAY-126,Men,Men's Chino V5,pcs,12,0,12,6,5,16,low_stock
OUT017,,Waypoint Style,Colombo,Peliyagoda,mall_bay,mall_dock,10:30-12:30,10:30,12:30,WAY-127,Men,Men's Shorts V5,pcs,35,2,33,6,10,5,in_stock
OUT017,,Waypoint Style,Colombo,Peliyagoda,mall_bay,mall_dock,10:30-12:30,10:30,12:30,WAY-128,Men,Men's Hoodie V5,pcs,22,3,19,13,0,12,in_stock
OUT017,,Waypoint Style,Colombo,Peliyagoda,mall_bay,mall_dock,10:30-12:30,10:30,12:30,WAY-129,Men,Men's Jacket V5,pcs,37,5,32,9,0,11,in_stock
OUT017,,Waypoint Style,Colombo,Peliyagoda,mall_bay,mall_dock,10:30-12:30,10:30,12:30,WAY-130,Women,Women's T-Shirt V5,pcs,17,2,15,6,20,6,in_stock
OUT017,,Waypoint Style,Colombo,Peliyagoda,mall_bay,mall_dock,10:30-12:30,10:30,12:30,WAY-131,Women,Women's Blouse V5,pcs,36,5,31,4,10,17,in_stock
OUT017,,Waypoint Style,Colombo,Peliyagoda,mall_bay,mall_dock,10:30-12:30,10:30,12:30,WAY-132,Women,Women's Dress V5,pcs,30,7,23,12,30,16,in_stock
OUT017,,Waypoint Style,Colombo,Peliyagoda,mall_bay,mall_dock,10:30-12:30,10:30,12:30,WAY-133,Women,Women's Jeans V5,pcs,24,5,19,7,10,8,in_stock
OUT017,,Waypoint Style,Colombo,Peliyagoda,mall_bay,mall_dock,10:30-12:30,10:30,12:30,WAY-134,Women,Women's Trousers V5,pcs,23,1,22,18,5,12,in_stock
OUT017,,Waypoint Style,Colombo,Peliyagoda,mall_bay,mall_dock,10:30-12:30,10:30,12:30,WAY-135,Women,Women's Skirt V5,pcs,13,1,12,19,20,10,in_stock
OUT017,,Waypoint Style,Colombo,Peliyagoda,mall_bay,mall_dock,10:30-12:30,10:30,12:30,WAY-136,Women,Women's Hoodie V5,pcs,44,1,43,12,5,12,in_stock
OUT017,,Waypoint Style,Colombo,Peliyagoda,mall_bay,mall_dock,10:30-12:30,10:30,12:30,WAY-137,Women,Women's Jacket V5,pcs,32,2,30,19,10,18,in_stock
OUT017,,Waypoint Style,Colombo,Peliyagoda,mall_bay,mall_dock,10:30-12:30,10:30,12:30,WAY-138,Kids,Kids T-Shirt V5,pcs,8,6,2,20,0,10,low_stock
OUT017,,Waypoint Style,Colombo,Peliyagoda,mall_bay,mall_dock,10:30-12:30,10:30,12:30,WAY-139,Kids,Kids Jeans V5,pcs,43,7,36,14,20,10,in_stock
OUT017,,Waypoint Style,Colombo,Peliyagoda,mall_bay,mall_dock,10:30-12:30,10:30,12:30,WAY-140,Kids,Kids Shorts V5,pcs,26,4,22,13,10,9,in_stock
OUT017,,Waypoint Style,Colombo,Peliyagoda,mall_bay,mall_dock,10:30-12:30,10:30,12:30,WAY-141,Kids,Kids Dress V5,pcs,31,0,31,22,30,6,in_stock
OUT017,,Waypoint Style,Colombo,Peliyagoda,mall_bay,mall_dock,10:30-12:30,10:30,12:30,WAY-142,Footwear,Men's Sneakers V5,pairs,23,4,19,2,5,15,in_stock
OUT017,,Waypoint Style,Colombo,Peliyagoda,mall_bay,mall_dock,10:30-12:30,10:30,12:30,WAY-143,Footwear,Women's Sneakers V5,pairs,41,4,37,9,5,11,in_stock
OUT017,,Waypoint Style,Colombo,Peliyagoda,mall_bay,mall_dock,10:30-12:30,10:30,12:30,WAY-144,Footwear,Men's Sandals V5,pairs,9,3,6,17,30,13,low_stock
OUT017,,Waypoint Style,Colombo,Peliyagoda,mall_bay,mall_dock,10:30-12:30,10:30,12:30,WAY-145,Footwear,Women's Sandals V5,pairs,37,5,32,10,20,8,in_stock
OUT017,,Waypoint Style,Colombo,Peliyagoda,mall_bay,mall_dock,10:30-12:30,10:30,12:30,WAY-146,Footwear,Kids' Shoes V5,pairs,32,0,32,3,0,15,in_stock
OUT017,,Waypoint Style,Colombo,Peliyagoda,mall_bay,mall_dock,10:30-12:30,10:30,12:30,WAY-147,Accessories,Backpack V5,pcs,15,6,9,5,0,14,low_stock
OUT017,,Waypoint Style,Colombo,Peliyagoda,mall_bay,mall_dock,10:30-12:30,10:30,12:30,WAY-148,Accessories,Wallet V5,pcs,29,0,29,8,5,17,in_stock
OUT017,,Waypoint Style,Colombo,Peliyagoda,mall_bay,mall_dock,10:30-12:30,10:30,12:30,WAY-149,Accessories,Cap V5,pcs,40,8,32,18,10,5,in_stock
OUT017,,Waypoint Style,Colombo,Peliyagoda,mall_bay,mall_dock,10:30-12:30,10:30,12:30,WAY-150,Accessories,Belt V5,pcs,37,3,34,16,0,15,in_stock
OUT017,,Waypoint Style,Colombo,Peliyagoda,mall_bay,mall_dock,10:30-12:30,10:30,12:30,WAY-151,Men,Men's T-Shirt V6,pcs,18,1,17,21,0,7,in_stock
OUT017,,Waypoint Style,Colombo,Peliyagoda,mall_bay,mall_dock,10:30-12:30,10:30,12:30,WAY-152,Men,Men's Polo Shirt V6,pcs,25,4,21,17,10,15,in_stock
OUT017,,Waypoint Style,Colombo,Peliyagoda,mall_bay,mall_dock,10:30-12:30,10:30,12:30,WAY-153,Men,Men's Casual Shirt V6,pcs,43,5,38,18,0,10,in_stock
OUT017,,Waypoint Style,Colombo,Peliyagoda,mall_bay,mall_dock,10:30-12:30,10:30,12:30,WAY-154,Men,Men's Formal Shirt V6,pcs,12,7,5,2,10,5,low_stock
OUT017,,Waypoint Style,Colombo,Peliyagoda,mall_bay,mall_dock,10:30-12:30,10:30,12:30,WAY-155,Men,Men's Jeans V6,pcs,23,7,16,15,30,13,in_stock
OUT017,,Waypoint Style,Colombo,Peliyagoda,mall_bay,mall_dock,10:30-12:30,10:30,12:30,WAY-156,Men,Men's Chino V6,pcs,42,5,37,5,0,11,in_stock
OUT017,,Waypoint Style,Colombo,Peliyagoda,mall_bay,mall_dock,10:30-12:30,10:30,12:30,WAY-157,Men,Men's Shorts V6,pcs,13,0,13,6,10,5,in_stock
OUT017,,Waypoint Style,Colombo,Peliyagoda,mall_bay,mall_dock,10:30-12:30,10:30,12:30,WAY-158,Men,Men's Hoodie V6,pcs,26,8,18,4,10,6,in_stock
OUT017,,Waypoint Style,Colombo,Peliyagoda,mall_bay,mall_dock,10:30-12:30,10:30,12:30,WAY-159,Men,Men's Jacket V6,pcs,31,1,30,19,10,15,in_stock
OUT017,,Waypoint Style,Colombo,Peliyagoda,mall_bay,mall_dock,10:30-12:30,10:30,12:30,WAY-160,Women,Women's T-Shirt V6,pcs,21,7,14,11,30,7,in_stock
OUT017,,Waypoint Style,Colombo,Peliyagoda,mall_bay,mall_dock,10:30-12:30,10:30,12:30,WAY-161,Women,Women's Blouse V6,pcs,38,0,38,17,20,5,in_stock
OUT017,,Waypoint Style,Colombo,Peliyagoda,mall_bay,mall_dock,10:30-12:30,10:30,12:30,WAY-162,Women,Women's Dress V6,pcs,29,0,29,8,0,18,in_stock
OUT017,,Waypoint Style,Colombo,Peliyagoda,mall_bay,mall_dock,10:30-12:30,10:30,12:30,WAY-163,Women,Women's Jeans V6,pcs,40,2,38,11,10,6,in_stock
OUT017,,Waypoint Style,Colombo,Peliyagoda,mall_bay,mall_dock,10:30-12:30,10:30,12:30,WAY-164,Women,Women's Trousers V6,pcs,36,8,28,9,5,10,in_stock
OUT017,,Waypoint Style,Colombo,Peliyagoda,mall_bay,mall_dock,10:30-12:30,10:30,12:30,WAY-165,Women,Women's Skirt V6,pcs,35,4,31,19,20,5,in_stock
OUT017,,Waypoint Style,Colombo,Peliyagoda,mall_bay,mall_dock,10:30-12:30,10:30,12:30,WAY-166,Women,Women's Hoodie V6,pcs,9,3,6,21,20,12,low_stock
OUT017,,Waypoint Style,Colombo,Peliyagoda,mall_bay,mall_dock,10:30-12:30,10:30,12:30,WAY-167,Women,Women's Jacket V6,pcs,20,6,14,19,5,10,in_stock
OUT017,,Waypoint Style,Colombo,Peliyagoda,mall_bay,mall_dock,10:30-12:30,10:30,12:30,WAY-168,Kids,Kids T-Shirt V6,pcs,5,3,2,15,10,5,low_stock
OUT017,,Waypoint Style,Colombo,Peliyagoda,mall_bay,mall_dock,10:30-12:30,10:30,12:30,WAY-169,Kids,Kids Jeans V6,pcs,32,6,26,12,5,15,in_stock
OUT017,,Waypoint Style,Colombo,Peliyagoda,mall_bay,mall_dock,10:30-12:30,10:30,12:30,WAY-170,Kids,Kids Shorts V6,pcs,20,1,19,17,5,6,in_stock
OUT017,,Waypoint Style,Colombo,Peliyagoda,mall_bay,mall_dock,10:30-12:30,10:30,12:30,WAY-171,Kids,Kids Dress V6,pcs,20,8,12,20,5,18,low_stock
OUT017,,Waypoint Style,Colombo,Peliyagoda,mall_bay,mall_dock,10:30-12:30,10:30,12:30,WAY-172,Footwear,Men's Sneakers V6,pairs,40,6,34,7,0,17,in_stock
OUT017,,Waypoint Style,Colombo,Peliyagoda,mall_bay,mall_dock,10:30-12:30,10:30,12:30,WAY-173,Footwear,Women's Sneakers V6,pairs,38,2,36,9,10,6,in_stock
OUT017,,Waypoint Style,Colombo,Peliyagoda,mall_bay,mall_dock,10:30-12:30,10:30,12:30,WAY-174,Footwear,Men's Sandals V6,pairs,15,7,8,10,5,12,low_stock
OUT017,,Waypoint Style,Colombo,Peliyagoda,mall_bay,mall_dock,10:30-12:30,10:30,12:30,WAY-175,Footwear,Women's Sandals V6,pairs,10,7,3,16,30,5,low_stock
OUT017,,Waypoint Style,Colombo,Peliyagoda,mall_bay,mall_dock,10:30-12:30,10:30,12:30,WAY-176,Footwear,Kids' Shoes V6,pairs,7,6,1,5,0,15,low_stock
OUT017,,Waypoint Style,Colombo,Peliyagoda,mall_bay,mall_dock,10:30-12:30,10:30,12:30,WAY-177,Accessories,Backpack V6,pcs,42,8,34,11,0,7,in_stock
OUT017,,Waypoint Style,Colombo,Peliyagoda,mall_bay,mall_dock,10:30-12:30,10:30,12:30,WAY-178,Accessories,Wallet V6,pcs,23,7,16,7,30,9,in_stock
OUT017,,Waypoint Style,Colombo,Peliyagoda,mall_bay,mall_dock,10:30-12:30,10:30,12:30,WAY-179,Accessories,Cap V6,pcs,34,7,27,22,5,16,in_stock
OUT017,,Waypoint Style,Colombo,Peliyagoda,mall_bay,mall_dock,10:30-12:30,10:30,12:30,WAY-180,Accessories,Belt V6,pcs,32,1,31,5,0,9,in_stock
OUT017,,Waypoint Style,Colombo,Peliyagoda,mall_bay,mall_dock,10:30-12:30,10:30,12:30,WAY-181,Men,Men's T-Shirt V7,pcs,12,2,10,4,0,18,low_stock
OUT017,,Waypoint Style,Colombo,Peliyagoda,mall_bay,mall_dock,10:30-12:30,10:30,12:30,WAY-182,Men,Men's Polo Shirt V7,pcs,11,3,8,9,10,12,low_stock
OUT017,,Waypoint Style,Colombo,Peliyagoda,mall_bay,mall_dock,10:30-12:30,10:30,12:30,WAY-183,Men,Men's Casual Shirt V7,pcs,34,1,33,9,10,15,in_stock
OUT017,,Waypoint Style,Colombo,Peliyagoda,mall_bay,mall_dock,10:30-12:30,10:30,12:30,WAY-184,Men,Men's Formal Shirt V7,pcs,9,6,3,11,20,15,low_stock
OUT017,,Waypoint Style,Colombo,Peliyagoda,mall_bay,mall_dock,10:30-12:30,10:30,12:30,WAY-185,Men,Men's Jeans V7,pcs,27,1,26,7,0,8,in_stock
OUT017,,Waypoint Style,Colombo,Peliyagoda,mall_bay,mall_dock,10:30-12:30,10:30,12:30,WAY-186,Men,Men's Chino V7,pcs,28,4,24,12,30,15,in_stock
OUT017,,Waypoint Style,Colombo,Peliyagoda,mall_bay,mall_dock,10:30-12:30,10:30,12:30,WAY-187,Men,Men's Shorts V7,pcs,31,6,25,12,5,15,in_stock
OUT017,,Waypoint Style,Colombo,Peliyagoda,mall_bay,mall_dock,10:30-12:30,10:30,12:30,WAY-188,Men,Men's Hoodie V7,pcs,7,2,5,5,20,12,low_stock
OUT017,,Waypoint Style,Colombo,Peliyagoda,mall_bay,mall_dock,10:30-12:30,10:30,12:30,WAY-189,Men,Men's Jacket V7,pcs,25,1,24,8,20,12,in_stock
OUT017,,Waypoint Style,Colombo,Peliyagoda,mall_bay,mall_dock,10:30-12:30,10:30,12:30,WAY-190,Women,Women's T-Shirt V7,pcs,13,2,11,9,30,17,low_stock
OUT017,,Waypoint Style,Colombo,Peliyagoda,mall_bay,mall_dock,10:30-12:30,10:30,12:30,WAY-191,Women,Women's Blouse V7,pcs,36,8,28,9,10,16,in_stock
OUT017,,Waypoint Style,Colombo,Peliyagoda,mall_bay,mall_dock,10:30-12:30,10:30,12:30,WAY-192,Women,Women's Dress V7,pcs,10,8,2,8,0,14,low_stock
OUT017,,Waypoint Style,Colombo,Peliyagoda,mall_bay,mall_dock,10:30-12:30,10:30,12:30,WAY-193,Women,Women's Jeans V7,pcs,29,8,21,20,5,10,in_stock
OUT017,,Waypoint Style,Colombo,Peliyagoda,mall_bay,mall_dock,10:30-12:30,10:30,12:30,WAY-194,Women,Women's Trousers V7,pcs,25,1,24,9,10,14,in_stock
OUT017,,Waypoint Style,Colombo,Peliyagoda,mall_bay,mall_dock,10:30-12:30,10:30,12:30,WAY-195,Women,Women's Skirt V7,pcs,7,5,2,21,0,9,low_stock
OUT017,,Waypoint Style,Colombo,Peliyagoda,mall_bay,mall_dock,10:30-12:30,10:30,12:30,WAY-196,Women,Women's Hoodie V7,pcs,43,4,39,9,10,10,in_stock
OUT017,,Waypoint Style,Colombo,Peliyagoda,mall_bay,mall_dock,10:30-12:30,10:30,12:30,WAY-197,Women,Women's Jacket V7,pcs,39,8,31,9,0,12,in_stock
OUT017,,Waypoint Style,Colombo,Peliyagoda,mall_bay,mall_dock,10:30-12:30,10:30,12:30,WAY-198,Kids,Kids T-Shirt V7,pcs,15,1,14,3,10,16,low_stock
OUT017,,Waypoint Style,Colombo,Peliyagoda,mall_bay,mall_dock,10:30-12:30,10:30,12:30,WAY-199,Kids,Kids Jeans V7,pcs,25,2,23,8,20,18,in_stock
OUT017,,Waypoint Style,Colombo,Peliyagoda,mall_bay,mall_dock,10:30-12:30,10:30,12:30,WAY-200,Kids,Kids Shorts V7,pcs,38,8,30,22,0,14,in_stock
OUT018,,Waypoint Style,Colombo,Peliyagoda,mall_bay,mall_dock,10:30-12:30,10:30,12:30,WAY-001,Men,Men's T-Shirt,pcs,44,3,41,7,0,8,in_stock
OUT018,,Waypoint Style,Colombo,Peliyagoda,mall_bay,mall_dock,10:30-12:30,10:30,12:30,WAY-002,Men,Men's Polo Shirt,pcs,12,8,4,8,10,7,low_stock
OUT018,,Waypoint Style,Colombo,Peliyagoda,mall_bay,mall_dock,10:30-12:30,10:30,12:30,WAY-003,Men,Men's Casual Shirt,pcs,36,8,28,10,20,9,in_stock
OUT018,,Waypoint Style,Colombo,Peliyagoda,mall_bay,mall_dock,10:30-12:30,10:30,12:30,WAY-004,Men,Men's Formal Shirt,pcs,10,0,10,13,10,8,in_stock
OUT018,,Waypoint Style,Colombo,Peliyagoda,mall_bay,mall_dock,10:30-12:30,10:30,12:30,WAY-005,Men,Men's Jeans,pcs,11,1,10,13,0,10,low_stock
OUT018,,Waypoint Style,Colombo,Peliyagoda,mall_bay,mall_dock,10:30-12:30,10:30,12:30,WAY-006,Men,Men's Chino,pcs,9,1,8,7,5,16,low_stock
OUT018,,Waypoint Style,Colombo,Peliyagoda,mall_bay,mall_dock,10:30-12:30,10:30,12:30,WAY-007,Men,Men's Shorts,pcs,23,8,15,1,0,12,in_stock
OUT018,,Waypoint Style,Colombo,Peliyagoda,mall_bay,mall_dock,10:30-12:30,10:30,12:30,WAY-008,Men,Men's Hoodie,pcs,44,1,43,4,20,15,in_stock
OUT018,,Waypoint Style,Colombo,Peliyagoda,mall_bay,mall_dock,10:30-12:30,10:30,12:30,WAY-009,Men,Men's Jacket,pcs,30,8,22,14,30,6,in_stock
OUT018,,Waypoint Style,Colombo,Peliyagoda,mall_bay,mall_dock,10:30-12:30,10:30,12:30,WAY-010,Women,Women's T-Shirt,pcs,23,8,15,1,0,5,in_stock
OUT018,,Waypoint Style,Colombo,Peliyagoda,mall_bay,mall_dock,10:30-12:30,10:30,12:30,WAY-011,Women,Women's Blouse,pcs,19,1,18,15,5,9,in_stock
OUT018,,Waypoint Style,Colombo,Peliyagoda,mall_bay,mall_dock,10:30-12:30,10:30,12:30,WAY-012,Women,Women's Dress,pcs,25,7,18,13,30,18,low_stock
OUT018,,Waypoint Style,Colombo,Peliyagoda,mall_bay,mall_dock,10:30-12:30,10:30,12:30,WAY-013,Women,Women's Jeans,pcs,28,2,26,7,0,13,in_stock
OUT018,,Waypoint Style,Colombo,Peliyagoda,mall_bay,mall_dock,10:30-12:30,10:30,12:30,WAY-014,Women,Women's Trousers,pcs,28,2,26,14,0,14,in_stock
OUT018,,Waypoint Style,Colombo,Peliyagoda,mall_bay,mall_dock,10:30-12:30,10:30,12:30,WAY-015,Women,Women's Skirt,pcs,12,7,5,9,20,10,low_stock
OUT018,,Waypoint Style,Colombo,Peliyagoda,mall_bay,mall_dock,10:30-12:30,10:30,12:30,WAY-016,Women,Women's Hoodie,pcs,14,5,9,22,30,9,low_stock
OUT018,,Waypoint Style,Colombo,Peliyagoda,mall_bay,mall_dock,10:30-12:30,10:30,12:30,WAY-017,Women,Women's Jacket,pcs,13,8,5,4,0,15,low_stock
OUT018,,Waypoint Style,Colombo,Peliyagoda,mall_bay,mall_dock,10:30-12:30,10:30,12:30,WAY-018,Kids,Kids T-Shirt,pcs,17,5,12,13,0,8,in_stock
OUT018,,Waypoint Style,Colombo,Peliyagoda,mall_bay,mall_dock,10:30-12:30,10:30,12:30,WAY-019,Kids,Kids Jeans,pcs,10,8,2,13,5,18,low_stock
OUT018,,Waypoint Style,Colombo,Peliyagoda,mall_bay,mall_dock,10:30-12:30,10:30,12:30,WAY-020,Kids,Kids Shorts,pcs,20,6,14,3,10,6,in_stock
OUT018,,Waypoint Style,Colombo,Peliyagoda,mall_bay,mall_dock,10:30-12:30,10:30,12:30,WAY-021,Kids,Kids Dress,pcs,40,3,37,21,0,8,in_stock
OUT018,,Waypoint Style,Colombo,Peliyagoda,mall_bay,mall_dock,10:30-12:30,10:30,12:30,WAY-022,Footwear,Men's Sneakers,pairs,40,5,35,17,10,18,in_stock
OUT018,,Waypoint Style,Colombo,Peliyagoda,mall_bay,mall_dock,10:30-12:30,10:30,12:30,WAY-023,Footwear,Women's Sneakers,pairs,15,2,13,13,20,13,low_stock
OUT018,,Waypoint Style,Colombo,Peliyagoda,mall_bay,mall_dock,10:30-12:30,10:30,12:30,WAY-024,Footwear,Men's Sandals,pairs,33,4,29,16,30,16,in_stock
OUT018,,Waypoint Style,Colombo,Peliyagoda,mall_bay,mall_dock,10:30-12:30,10:30,12:30,WAY-025,Footwear,Women's Sandals,pairs,19,4,15,14,30,6,in_stock
OUT018,,Waypoint Style,Colombo,Peliyagoda,mall_bay,mall_dock,10:30-12:30,10:30,12:30,WAY-026,Footwear,Kids' Shoes,pairs,37,0,37,1,20,8,in_stock
OUT018,,Waypoint Style,Colombo,Peliyagoda,mall_bay,mall_dock,10:30-12:30,10:30,12:30,WAY-027,Accessories,Backpack,pcs,36,4,32,16,5,15,in_stock
OUT018,,Waypoint Style,Colombo,Peliyagoda,mall_bay,mall_dock,10:30-12:30,10:30,12:30,WAY-028,Accessories,Wallet,pcs,36,3,33,19,20,16,in_stock
OUT018,,Waypoint Style,Colombo,Peliyagoda,mall_bay,mall_dock,10:30-12:30,10:30,12:30,WAY-029,Accessories,Cap,pcs,37,1,36,21,30,6,in_stock
OUT018,,Waypoint Style,Colombo,Peliyagoda,mall_bay,mall_dock,10:30-12:30,10:30,12:30,WAY-030,Accessories,Belt,pcs,29,4,25,2,10,8,in_stock
OUT018,,Waypoint Style,Colombo,Peliyagoda,mall_bay,mall_dock,10:30-12:30,10:30,12:30,WAY-031,Men,Men's T-Shirt V2,pcs,7,0,7,22,5,17,low_stock
OUT018,,Waypoint Style,Colombo,Peliyagoda,mall_bay,mall_dock,10:30-12:30,10:30,12:30,WAY-032,Men,Men's Polo Shirt V2,pcs,28,6,22,6,0,15,in_stock
OUT018,,Waypoint Style,Colombo,Peliyagoda,mall_bay,mall_dock,10:30-12:30,10:30,12:30,WAY-033,Men,Men's Casual Shirt V2,pcs,23,4,19,7,20,7,in_stock
OUT018,,Waypoint Style,Colombo,Peliyagoda,mall_bay,mall_dock,10:30-12:30,10:30,12:30,WAY-034,Men,Men's Formal Shirt V2,pcs,41,3,38,2,10,18,in_stock
OUT018,,Waypoint Style,Colombo,Peliyagoda,mall_bay,mall_dock,10:30-12:30,10:30,12:30,WAY-035,Men,Men's Jeans V2,pcs,17,8,9,14,20,7,in_stock
OUT018,,Waypoint Style,Colombo,Peliyagoda,mall_bay,mall_dock,10:30-12:30,10:30,12:30,WAY-036,Men,Men's Chino V2,pcs,26,5,21,12,20,17,in_stock
OUT018,,Waypoint Style,Colombo,Peliyagoda,mall_bay,mall_dock,10:30-12:30,10:30,12:30,WAY-037,Men,Men's Shorts V2,pcs,33,2,31,2,0,11,in_stock
OUT018,,Waypoint Style,Colombo,Peliyagoda,mall_bay,mall_dock,10:30-12:30,10:30,12:30,WAY-038,Men,Men's Hoodie V2,pcs,44,3,41,2,10,8,in_stock
OUT018,,Waypoint Style,Colombo,Peliyagoda,mall_bay,mall_dock,10:30-12:30,10:30,12:30,WAY-039,Men,Men's Jacket V2,pcs,40,4,36,3,0,13,in_stock
OUT018,,Waypoint Style,Colombo,Peliyagoda,mall_bay,mall_dock,10:30-12:30,10:30,12:30,WAY-040,Women,Women's T-Shirt V2,pcs,43,6,37,4,0,13,in_stock
OUT018,,Waypoint Style,Colombo,Peliyagoda,mall_bay,mall_dock,10:30-12:30,10:30,12:30,WAY-041,Women,Women's Blouse V2,pcs,26,0,26,1,0,7,in_stock
OUT018,,Waypoint Style,Colombo,Peliyagoda,mall_bay,mall_dock,10:30-12:30,10:30,12:30,WAY-042,Women,Women's Dress V2,pcs,10,7,3,18,0,6,low_stock
OUT018,,Waypoint Style,Colombo,Peliyagoda,mall_bay,mall_dock,10:30-12:30,10:30,12:30,WAY-043,Women,Women's Jeans V2,pcs,13,2,11,21,5,5,in_stock
OUT018,,Waypoint Style,Colombo,Peliyagoda,mall_bay,mall_dock,10:30-12:30,10:30,12:30,WAY-044,Women,Women's Trousers V2,pcs,9,6,3,1,0,15,low_stock
OUT018,,Waypoint Style,Colombo,Peliyagoda,mall_bay,mall_dock,10:30-12:30,10:30,12:30,WAY-045,Women,Women's Skirt V2,pcs,17,5,12,6,5,6,in_stock
OUT018,,Waypoint Style,Colombo,Peliyagoda,mall_bay,mall_dock,10:30-12:30,10:30,12:30,WAY-046,Women,Women's Hoodie V2,pcs,28,4,24,4,20,10,in_stock
OUT018,,Waypoint Style,Colombo,Peliyagoda,mall_bay,mall_dock,10:30-12:30,10:30,12:30,WAY-047,Women,Women's Jacket V2,pcs,15,6,9,14,0,13,low_stock
OUT018,,Waypoint Style,Colombo,Peliyagoda,mall_bay,mall_dock,10:30-12:30,10:30,12:30,WAY-048,Kids,Kids T-Shirt V2,pcs,18,8,10,21,0,18,low_stock
OUT018,,Waypoint Style,Colombo,Peliyagoda,mall_bay,mall_dock,10:30-12:30,10:30,12:30,WAY-049,Kids,Kids Jeans V2,pcs,31,8,23,8,20,11,in_stock
OUT018,,Waypoint Style,Colombo,Peliyagoda,mall_bay,mall_dock,10:30-12:30,10:30,12:30,WAY-050,Kids,Kids Shorts V2,pcs,38,3,35,16,0,15,in_stock
OUT018,,Waypoint Style,Colombo,Peliyagoda,mall_bay,mall_dock,10:30-12:30,10:30,12:30,WAY-051,Kids,Kids Dress V2,pcs,9,8,1,21,5,10,low_stock
OUT018,,Waypoint Style,Colombo,Peliyagoda,mall_bay,mall_dock,10:30-12:30,10:30,12:30,WAY-052,Footwear,Men's Sneakers V2,pairs,26,6,20,13,10,10,in_stock
OUT018,,Waypoint Style,Colombo,Peliyagoda,mall_bay,mall_dock,10:30-12:30,10:30,12:30,WAY-053,Footwear,Women's Sneakers V2,pairs,23,5,18,20,10,7,in_stock
OUT018,,Waypoint Style,Colombo,Peliyagoda,mall_bay,mall_dock,10:30-12:30,10:30,12:30,WAY-054,Footwear,Men's Sandals V2,pairs,44,5,39,22,5,17,in_stock
OUT018,,Waypoint Style,Colombo,Peliyagoda,mall_bay,mall_dock,10:30-12:30,10:30,12:30,WAY-055,Footwear,Women's Sandals V2,pairs,42,8,34,4,5,18,in_stock
OUT018,,Waypoint Style,Colombo,Peliyagoda,mall_bay,mall_dock,10:30-12:30,10:30,12:30,WAY-056,Footwear,Kids' Shoes V2,pairs,31,0,31,12,10,16,in_stock
OUT018,,Waypoint Style,Colombo,Peliyagoda,mall_bay,mall_dock,10:30-12:30,10:30,12:30,WAY-057,Accessories,Backpack V2,pcs,11,3,8,4,10,7,in_stock
OUT018,,Waypoint Style,Colombo,Peliyagoda,mall_bay,mall_dock,10:30-12:30,10:30,12:30,WAY-058,Accessories,Wallet V2,pcs,32,8,24,17,10,14,in_stock
OUT018,,Waypoint Style,Colombo,Peliyagoda,mall_bay,mall_dock,10:30-12:30,10:30,12:30,WAY-059,Accessories,Cap V2,pcs,24,4,20,10,0,17,in_stock
OUT018,,Waypoint Style,Colombo,Peliyagoda,mall_bay,mall_dock,10:30-12:30,10:30,12:30,WAY-060,Accessories,Belt V2,pcs,20,2,18,18,5,7,in_stock
OUT018,,Waypoint Style,Colombo,Peliyagoda,mall_bay,mall_dock,10:30-12:30,10:30,12:30,WAY-061,Men,Men's T-Shirt V3,pcs,30,4,26,12,0,8,in_stock
OUT018,,Waypoint Style,Colombo,Peliyagoda,mall_bay,mall_dock,10:30-12:30,10:30,12:30,WAY-062,Men,Men's Polo Shirt V3,pcs,23,8,15,16,30,10,in_stock
OUT018,,Waypoint Style,Colombo,Peliyagoda,mall_bay,mall_dock,10:30-12:30,10:30,12:30,WAY-063,Men,Men's Casual Shirt V3,pcs,40,0,40,3,0,10,in_stock
OUT018,,Waypoint Style,Colombo,Peliyagoda,mall_bay,mall_dock,10:30-12:30,10:30,12:30,WAY-064,Men,Men's Formal Shirt V3,pcs,29,0,29,14,10,9,in_stock
OUT018,,Waypoint Style,Colombo,Peliyagoda,mall_bay,mall_dock,10:30-12:30,10:30,12:30,WAY-065,Men,Men's Jeans V3,pcs,32,7,25,5,10,5,in_stock
OUT018,,Waypoint Style,Colombo,Peliyagoda,mall_bay,mall_dock,10:30-12:30,10:30,12:30,WAY-066,Men,Men's Chino V3,pcs,42,6,36,12,30,14,in_stock
OUT018,,Waypoint Style,Colombo,Peliyagoda,mall_bay,mall_dock,10:30-12:30,10:30,12:30,WAY-067,Men,Men's Shorts V3,pcs,38,4,34,15,30,8,in_stock
OUT018,,Waypoint Style,Colombo,Peliyagoda,mall_bay,mall_dock,10:30-12:30,10:30,12:30,WAY-068,Men,Men's Hoodie V3,pcs,20,3,17,11,0,7,in_stock
OUT018,,Waypoint Style,Colombo,Peliyagoda,mall_bay,mall_dock,10:30-12:30,10:30,12:30,WAY-069,Men,Men's Jacket V3,pcs,22,4,18,14,0,6,in_stock
OUT018,,Waypoint Style,Colombo,Peliyagoda,mall_bay,mall_dock,10:30-12:30,10:30,12:30,WAY-070,Women,Women's T-Shirt V3,pcs,4,3,1,8,0,18,low_stock
OUT018,,Waypoint Style,Colombo,Peliyagoda,mall_bay,mall_dock,10:30-12:30,10:30,12:30,WAY-071,Women,Women's Blouse V3,pcs,44,4,40,14,10,13,in_stock
OUT018,,Waypoint Style,Colombo,Peliyagoda,mall_bay,mall_dock,10:30-12:30,10:30,12:30,WAY-072,Women,Women's Dress V3,pcs,7,3,4,2,30,18,low_stock
OUT018,,Waypoint Style,Colombo,Peliyagoda,mall_bay,mall_dock,10:30-12:30,10:30,12:30,WAY-073,Women,Women's Jeans V3,pcs,25,1,24,14,20,17,in_stock
OUT018,,Waypoint Style,Colombo,Peliyagoda,mall_bay,mall_dock,10:30-12:30,10:30,12:30,WAY-074,Women,Women's Trousers V3,pcs,35,3,32,12,30,16,in_stock
OUT018,,Waypoint Style,Colombo,Peliyagoda,mall_bay,mall_dock,10:30-12:30,10:30,12:30,WAY-075,Women,Women's Skirt V3,pcs,42,7,35,22,0,8,in_stock
OUT018,,Waypoint Style,Colombo,Peliyagoda,mall_bay,mall_dock,10:30-12:30,10:30,12:30,WAY-076,Women,Women's Hoodie V3,pcs,19,2,17,3,30,17,low_stock
OUT018,,Waypoint Style,Colombo,Peliyagoda,mall_bay,mall_dock,10:30-12:30,10:30,12:30,WAY-077,Women,Women's Jacket V3,pcs,40,7,33,7,0,15,in_stock
OUT018,,Waypoint Style,Colombo,Peliyagoda,mall_bay,mall_dock,10:30-12:30,10:30,12:30,WAY-078,Kids,Kids T-Shirt V3,pcs,29,4,25,2,30,9,in_stock
OUT018,,Waypoint Style,Colombo,Peliyagoda,mall_bay,mall_dock,10:30-12:30,10:30,12:30,WAY-079,Kids,Kids Jeans V3,pcs,43,2,41,14,5,11,in_stock
OUT018,,Waypoint Style,Colombo,Peliyagoda,mall_bay,mall_dock,10:30-12:30,10:30,12:30,WAY-080,Kids,Kids Shorts V3,pcs,20,1,19,16,5,6,in_stock
OUT018,,Waypoint Style,Colombo,Peliyagoda,mall_bay,mall_dock,10:30-12:30,10:30,12:30,WAY-081,Kids,Kids Dress V3,pcs,29,0,29,5,30,8,in_stock
OUT018,,Waypoint Style,Colombo,Peliyagoda,mall_bay,mall_dock,10:30-12:30,10:30,12:30,WAY-082,Footwear,Men's Sneakers V3,pairs,15,5,10,15,5,14,low_stock
OUT018,,Waypoint Style,Colombo,Peliyagoda,mall_bay,mall_dock,10:30-12:30,10:30,12:30,WAY-083,Footwear,Women's Sneakers V3,pairs,4,1,3,20,0,16,low_stock
OUT018,,Waypoint Style,Colombo,Peliyagoda,mall_bay,mall_dock,10:30-12:30,10:30,12:30,WAY-084,Footwear,Men's Sandals V3,pairs,27,8,19,16,30,9,in_stock
OUT018,,Waypoint Style,Colombo,Peliyagoda,mall_bay,mall_dock,10:30-12:30,10:30,12:30,WAY-085,Footwear,Women's Sandals V3,pairs,19,5,14,1,10,13,in_stock
OUT018,,Waypoint Style,Colombo,Peliyagoda,mall_bay,mall_dock,10:30-12:30,10:30,12:30,WAY-086,Footwear,Kids' Shoes V3,pairs,14,5,9,16,10,5,in_stock
OUT018,,Waypoint Style,Colombo,Peliyagoda,mall_bay,mall_dock,10:30-12:30,10:30,12:30,WAY-087,Accessories,Backpack V3,pcs,42,0,42,18,30,18,in_stock
OUT018,,Waypoint Style,Colombo,Peliyagoda,mall_bay,mall_dock,10:30-12:30,10:30,12:30,WAY-088,Accessories,Wallet V3,pcs,43,8,35,6,0,13,in_stock
OUT018,,Waypoint Style,Colombo,Peliyagoda,mall_bay,mall_dock,10:30-12:30,10:30,12:30,WAY-089,Accessories,Cap V3,pcs,32,0,32,22,30,12,in_stock
OUT018,,Waypoint Style,Colombo,Peliyagoda,mall_bay,mall_dock,10:30-12:30,10:30,12:30,WAY-090,Accessories,Belt V3,pcs,32,5,27,17,5,10,in_stock
OUT018,,Waypoint Style,Colombo,Peliyagoda,mall_bay,mall_dock,10:30-12:30,10:30,12:30,WAY-091,Men,Men's T-Shirt V4,pcs,16,0,16,18,0,5,in_stock
OUT018,,Waypoint Style,Colombo,Peliyagoda,mall_bay,mall_dock,10:30-12:30,10:30,12:30,WAY-092,Men,Men's Polo Shirt V4,pcs,30,0,30,3,30,13,in_stock
OUT018,,Waypoint Style,Colombo,Peliyagoda,mall_bay,mall_dock,10:30-12:30,10:30,12:30,WAY-093,Men,Men's Casual Shirt V4,pcs,22,1,21,5,30,15,in_stock
OUT018,,Waypoint Style,Colombo,Peliyagoda,mall_bay,mall_dock,10:30-12:30,10:30,12:30,WAY-094,Men,Men's Formal Shirt V4,pcs,42,7,35,20,30,11,in_stock
OUT018,,Waypoint Style,Colombo,Peliyagoda,mall_bay,mall_dock,10:30-12:30,10:30,12:30,WAY-095,Men,Men's Jeans V4,pcs,16,2,14,14,30,17,low_stock
OUT018,,Waypoint Style,Colombo,Peliyagoda,mall_bay,mall_dock,10:30-12:30,10:30,12:30,WAY-096,Men,Men's Chino V4,pcs,44,2,42,22,30,14,in_stock
OUT018,,Waypoint Style,Colombo,Peliyagoda,mall_bay,mall_dock,10:30-12:30,10:30,12:30,WAY-097,Men,Men's Shorts V4,pcs,20,2,18,14,20,15,in_stock
OUT018,,Waypoint Style,Colombo,Peliyagoda,mall_bay,mall_dock,10:30-12:30,10:30,12:30,WAY-098,Men,Men's Hoodie V4,pcs,43,7,36,6,5,11,in_stock
OUT018,,Waypoint Style,Colombo,Peliyagoda,mall_bay,mall_dock,10:30-12:30,10:30,12:30,WAY-099,Men,Men's Jacket V4,pcs,14,3,11,14,5,9,in_stock
OUT018,,Waypoint Style,Colombo,Peliyagoda,mall_bay,mall_dock,10:30-12:30,10:30,12:30,WAY-100,Women,Women's T-Shirt V4,pcs,16,2,14,12,30,11,in_stock
OUT018,,Waypoint Style,Colombo,Peliyagoda,mall_bay,mall_dock,10:30-12:30,10:30,12:30,WAY-101,Women,Women's Blouse V4,pcs,40,8,32,9,0,8,in_stock
OUT018,,Waypoint Style,Colombo,Peliyagoda,mall_bay,mall_dock,10:30-12:30,10:30,12:30,WAY-102,Women,Women's Dress V4,pcs,27,0,27,9,0,16,in_stock
OUT018,,Waypoint Style,Colombo,Peliyagoda,mall_bay,mall_dock,10:30-12:30,10:30,12:30,WAY-103,Women,Women's Jeans V4,pcs,25,0,25,16,30,7,in_stock
OUT018,,Waypoint Style,Colombo,Peliyagoda,mall_bay,mall_dock,10:30-12:30,10:30,12:30,WAY-104,Women,Women's Trousers V4,pcs,16,7,9,16,30,10,low_stock
OUT018,,Waypoint Style,Colombo,Peliyagoda,mall_bay,mall_dock,10:30-12:30,10:30,12:30,WAY-105,Women,Women's Skirt V4,pcs,32,6,26,13,20,16,in_stock
OUT018,,Waypoint Style,Colombo,Peliyagoda,mall_bay,mall_dock,10:30-12:30,10:30,12:30,WAY-106,Women,Women's Hoodie V4,pcs,20,4,16,22,10,17,low_stock
OUT018,,Waypoint Style,Colombo,Peliyagoda,mall_bay,mall_dock,10:30-12:30,10:30,12:30,WAY-107,Women,Women's Jacket V4,pcs,24,5,19,9,20,12,in_stock
OUT018,,Waypoint Style,Colombo,Peliyagoda,mall_bay,mall_dock,10:30-12:30,10:30,12:30,WAY-108,Kids,Kids T-Shirt V4,pcs,10,7,3,7,0,6,low_stock
OUT018,,Waypoint Style,Colombo,Peliyagoda,mall_bay,mall_dock,10:30-12:30,10:30,12:30,WAY-109,Kids,Kids Jeans V4,pcs,15,6,9,21,30,13,low_stock
OUT018,,Waypoint Style,Colombo,Peliyagoda,mall_bay,mall_dock,10:30-12:30,10:30,12:30,WAY-110,Kids,Kids Shorts V4,pcs,4,0,4,10,0,9,low_stock
OUT018,,Waypoint Style,Colombo,Peliyagoda,mall_bay,mall_dock,10:30-12:30,10:30,12:30,WAY-111,Kids,Kids Dress V4,pcs,16,8,8,3,30,7,in_stock
OUT018,,Waypoint Style,Colombo,Peliyagoda,mall_bay,mall_dock,10:30-12:30,10:30,12:30,WAY-112,Footwear,Men's Sneakers V4,pairs,35,1,34,1,30,12,in_stock
OUT018,,Waypoint Style,Colombo,Peliyagoda,mall_bay,mall_dock,10:30-12:30,10:30,12:30,WAY-113,Footwear,Women's Sneakers V4,pairs,23,0,23,20,30,15,in_stock
OUT018,,Waypoint Style,Colombo,Peliyagoda,mall_bay,mall_dock,10:30-12:30,10:30,12:30,WAY-114,Footwear,Men's Sandals V4,pairs,42,6,36,12,10,17,in_stock
OUT018,,Waypoint Style,Colombo,Peliyagoda,mall_bay,mall_dock,10:30-12:30,10:30,12:30,WAY-115,Footwear,Women's Sandals V4,pairs,37,8,29,2,20,18,in_stock
OUT018,,Waypoint Style,Colombo,Peliyagoda,mall_bay,mall_dock,10:30-12:30,10:30,12:30,WAY-116,Footwear,Kids' Shoes V4,pairs,29,2,27,1,5,14,in_stock
OUT018,,Waypoint Style,Colombo,Peliyagoda,mall_bay,mall_dock,10:30-12:30,10:30,12:30,WAY-117,Accessories,Backpack V4,pcs,22,6,16,18,10,17,low_stock
OUT018,,Waypoint Style,Colombo,Peliyagoda,mall_bay,mall_dock,10:30-12:30,10:30,12:30,WAY-118,Accessories,Wallet V4,pcs,7,6,1,15,30,17,low_stock
OUT018,,Waypoint Style,Colombo,Peliyagoda,mall_bay,mall_dock,10:30-12:30,10:30,12:30,WAY-119,Accessories,Cap V4,pcs,9,4,5,1,20,13,low_stock
OUT018,,Waypoint Style,Colombo,Peliyagoda,mall_bay,mall_dock,10:30-12:30,10:30,12:30,WAY-120,Accessories,Belt V4,pcs,23,0,23,1,30,16,in_stock
OUT018,,Waypoint Style,Colombo,Peliyagoda,mall_bay,mall_dock,10:30-12:30,10:30,12:30,WAY-121,Men,Men's T-Shirt V5,pcs,6,6,0,15,0,11,out_of_stock
OUT018,,Waypoint Style,Colombo,Peliyagoda,mall_bay,mall_dock,10:30-12:30,10:30,12:30,WAY-122,Men,Men's Polo Shirt V5,pcs,39,5,34,22,0,16,in_stock
OUT018,,Waypoint Style,Colombo,Peliyagoda,mall_bay,mall_dock,10:30-12:30,10:30,12:30,WAY-123,Men,Men's Casual Shirt V5,pcs,17,2,15,21,0,14,in_stock
OUT018,,Waypoint Style,Colombo,Peliyagoda,mall_bay,mall_dock,10:30-12:30,10:30,12:30,WAY-124,Men,Men's Formal Shirt V5,pcs,28,4,24,11,10,14,in_stock
OUT018,,Waypoint Style,Colombo,Peliyagoda,mall_bay,mall_dock,10:30-12:30,10:30,12:30,WAY-125,Men,Men's Jeans V5,pcs,9,1,8,3,5,18,low_stock
OUT018,,Waypoint Style,Colombo,Peliyagoda,mall_bay,mall_dock,10:30-12:30,10:30,12:30,WAY-126,Men,Men's Chino V5,pcs,20,4,16,18,5,7,in_stock
OUT018,,Waypoint Style,Colombo,Peliyagoda,mall_bay,mall_dock,10:30-12:30,10:30,12:30,WAY-127,Men,Men's Shorts V5,pcs,39,8,31,2,30,6,in_stock
OUT018,,Waypoint Style,Colombo,Peliyagoda,mall_bay,mall_dock,10:30-12:30,10:30,12:30,WAY-128,Men,Men's Hoodie V5,pcs,39,2,37,10,0,14,in_stock
OUT018,,Waypoint Style,Colombo,Peliyagoda,mall_bay,mall_dock,10:30-12:30,10:30,12:30,WAY-129,Men,Men's Jacket V5,pcs,26,2,24,18,10,11,in_stock
OUT018,,Waypoint Style,Colombo,Peliyagoda,mall_bay,mall_dock,10:30-12:30,10:30,12:30,WAY-130,Women,Women's T-Shirt V5,pcs,37,3,34,16,0,10,in_stock
OUT018,,Waypoint Style,Colombo,Peliyagoda,mall_bay,mall_dock,10:30-12:30,10:30,12:30,WAY-131,Women,Women's Blouse V5,pcs,14,3,11,9,0,18,low_stock
OUT018,,Waypoint Style,Colombo,Peliyagoda,mall_bay,mall_dock,10:30-12:30,10:30,12:30,WAY-132,Women,Women's Dress V5,pcs,30,4,26,1,10,9,in_stock
OUT018,,Waypoint Style,Colombo,Peliyagoda,mall_bay,mall_dock,10:30-12:30,10:30,12:30,WAY-133,Women,Women's Jeans V5,pcs,25,2,23,21,20,10,in_stock
OUT018,,Waypoint Style,Colombo,Peliyagoda,mall_bay,mall_dock,10:30-12:30,10:30,12:30,WAY-134,Women,Women's Trousers V5,pcs,24,6,18,8,5,12,in_stock
OUT018,,Waypoint Style,Colombo,Peliyagoda,mall_bay,mall_dock,10:30-12:30,10:30,12:30,WAY-135,Women,Women's Skirt V5,pcs,22,5,17,16,10,16,in_stock
OUT018,,Waypoint Style,Colombo,Peliyagoda,mall_bay,mall_dock,10:30-12:30,10:30,12:30,WAY-136,Women,Women's Hoodie V5,pcs,5,4,1,9,5,18,low_stock
OUT018,,Waypoint Style,Colombo,Peliyagoda,mall_bay,mall_dock,10:30-12:30,10:30,12:30,WAY-137,Women,Women's Jacket V5,pcs,13,4,9,7,0,7,in_stock
OUT018,,Waypoint Style,Colombo,Peliyagoda,mall_bay,mall_dock,10:30-12:30,10:30,12:30,WAY-138,Kids,Kids T-Shirt V5,pcs,27,5,22,15,0,18,in_stock
OUT018,,Waypoint Style,Colombo,Peliyagoda,mall_bay,mall_dock,10:30-12:30,10:30,12:30,WAY-139,Kids,Kids Jeans V5,pcs,41,2,39,16,20,18,in_stock
OUT018,,Waypoint Style,Colombo,Peliyagoda,mall_bay,mall_dock,10:30-12:30,10:30,12:30,WAY-140,Kids,Kids Shorts V5,pcs,45,0,45,3,0,8,in_stock
OUT018,,Waypoint Style,Colombo,Peliyagoda,mall_bay,mall_dock,10:30-12:30,10:30,12:30,WAY-141,Kids,Kids Dress V5,pcs,21,2,19,17,20,14,in_stock
OUT018,,Waypoint Style,Colombo,Peliyagoda,mall_bay,mall_dock,10:30-12:30,10:30,12:30,WAY-142,Footwear,Men's Sneakers V5,pairs,9,7,2,12,0,17,low_stock
OUT018,,Waypoint Style,Colombo,Peliyagoda,mall_bay,mall_dock,10:30-12:30,10:30,12:30,WAY-143,Footwear,Women's Sneakers V5,pairs,13,7,6,6,0,8,low_stock
OUT018,,Waypoint Style,Colombo,Peliyagoda,mall_bay,mall_dock,10:30-12:30,10:30,12:30,WAY-144,Footwear,Men's Sandals V5,pairs,6,2,4,2,5,12,low_stock
OUT018,,Waypoint Style,Colombo,Peliyagoda,mall_bay,mall_dock,10:30-12:30,10:30,12:30,WAY-145,Footwear,Women's Sandals V5,pairs,31,5,26,9,10,9,in_stock
OUT018,,Waypoint Style,Colombo,Peliyagoda,mall_bay,mall_dock,10:30-12:30,10:30,12:30,WAY-146,Footwear,Kids' Shoes V5,pairs,38,2,36,9,10,15,in_stock
OUT018,,Waypoint Style,Colombo,Peliyagoda,mall_bay,mall_dock,10:30-12:30,10:30,12:30,WAY-147,Accessories,Backpack V5,pcs,28,5,23,7,20,8,in_stock
OUT018,,Waypoint Style,Colombo,Peliyagoda,mall_bay,mall_dock,10:30-12:30,10:30,12:30,WAY-148,Accessories,Wallet V5,pcs,12,6,6,18,0,14,low_stock
OUT018,,Waypoint Style,Colombo,Peliyagoda,mall_bay,mall_dock,10:30-12:30,10:30,12:30,WAY-149,Accessories,Cap V5,pcs,15,6,9,4,0,7,in_stock
OUT018,,Waypoint Style,Colombo,Peliyagoda,mall_bay,mall_dock,10:30-12:30,10:30,12:30,WAY-150,Accessories,Belt V5,pcs,14,0,14,10,30,10,in_stock
OUT018,,Waypoint Style,Colombo,Peliyagoda,mall_bay,mall_dock,10:30-12:30,10:30,12:30,WAY-151,Men,Men's T-Shirt V6,pcs,17,2,15,8,0,11,in_stock
OUT018,,Waypoint Style,Colombo,Peliyagoda,mall_bay,mall_dock,10:30-12:30,10:30,12:30,WAY-152,Men,Men's Polo Shirt V6,pcs,12,0,12,20,20,14,low_stock
OUT018,,Waypoint Style,Colombo,Peliyagoda,mall_bay,mall_dock,10:30-12:30,10:30,12:30,WAY-153,Men,Men's Casual Shirt V6,pcs,36,6,30,8,0,7,in_stock
OUT018,,Waypoint Style,Colombo,Peliyagoda,mall_bay,mall_dock,10:30-12:30,10:30,12:30,WAY-154,Men,Men's Formal Shirt V6,pcs,12,0,12,19,0,17,low_stock
OUT018,,Waypoint Style,Colombo,Peliyagoda,mall_bay,mall_dock,10:30-12:30,10:30,12:30,WAY-155,Men,Men's Jeans V6,pcs,5,5,0,19,10,6,out_of_stock
OUT018,,Waypoint Style,Colombo,Peliyagoda,mall_bay,mall_dock,10:30-12:30,10:30,12:30,WAY-156,Men,Men's Chino V6,pcs,29,3,26,15,30,8,in_stock
OUT018,,Waypoint Style,Colombo,Peliyagoda,mall_bay,mall_dock,10:30-12:30,10:30,12:30,WAY-157,Men,Men's Shorts V6,pcs,45,0,45,10,10,10,in_stock
OUT018,,Waypoint Style,Colombo,Peliyagoda,mall_bay,mall_dock,10:30-12:30,10:30,12:30,WAY-158,Men,Men's Hoodie V6,pcs,33,0,33,19,30,13,in_stock
OUT018,,Waypoint Style,Colombo,Peliyagoda,mall_bay,mall_dock,10:30-12:30,10:30,12:30,WAY-159,Men,Men's Jacket V6,pcs,17,2,15,8,5,10,in_stock
OUT018,,Waypoint Style,Colombo,Peliyagoda,mall_bay,mall_dock,10:30-12:30,10:30,12:30,WAY-160,Women,Women's T-Shirt V6,pcs,44,1,43,5,5,17,in_stock
OUT018,,Waypoint Style,Colombo,Peliyagoda,mall_bay,mall_dock,10:30-12:30,10:30,12:30,WAY-161,Women,Women's Blouse V6,pcs,25,7,18,12,10,18,low_stock
OUT018,,Waypoint Style,Colombo,Peliyagoda,mall_bay,mall_dock,10:30-12:30,10:30,12:30,WAY-162,Women,Women's Dress V6,pcs,17,8,9,1,20,17,low_stock
OUT018,,Waypoint Style,Colombo,Peliyagoda,mall_bay,mall_dock,10:30-12:30,10:30,12:30,WAY-163,Women,Women's Jeans V6,pcs,21,5,16,8,0,8,in_stock
OUT018,,Waypoint Style,Colombo,Peliyagoda,mall_bay,mall_dock,10:30-12:30,10:30,12:30,WAY-164,Women,Women's Trousers V6,pcs,37,1,36,12,0,15,in_stock
OUT018,,Waypoint Style,Colombo,Peliyagoda,mall_bay,mall_dock,10:30-12:30,10:30,12:30,WAY-165,Women,Women's Skirt V6,pcs,44,7,37,18,5,15,in_stock
OUT018,,Waypoint Style,Colombo,Peliyagoda,mall_bay,mall_dock,10:30-12:30,10:30,12:30,WAY-166,Women,Women's Hoodie V6,pcs,44,2,42,22,5,6,in_stock
OUT018,,Waypoint Style,Colombo,Peliyagoda,mall_bay,mall_dock,10:30-12:30,10:30,12:30,WAY-167,Women,Women's Jacket V6,pcs,13,1,12,3,0,16,low_stock
OUT018,,Waypoint Style,Colombo,Peliyagoda,mall_bay,mall_dock,10:30-12:30,10:30,12:30,WAY-168,Kids,Kids T-Shirt V6,pcs,25,3,22,1,20,13,in_stock
OUT018,,Waypoint Style,Colombo,Peliyagoda,mall_bay,mall_dock,10:30-12:30,10:30,12:30,WAY-169,Kids,Kids Jeans V6,pcs,41,7,34,5,30,11,in_stock
OUT018,,Waypoint Style,Colombo,Peliyagoda,mall_bay,mall_dock,10:30-12:30,10:30,12:30,WAY-170,Kids,Kids Shorts V6,pcs,33,7,26,1,0,17,in_stock
OUT018,,Waypoint Style,Colombo,Peliyagoda,mall_bay,mall_dock,10:30-12:30,10:30,12:30,WAY-171,Kids,Kids Dress V6,pcs,24,0,24,6,5,5,in_stock
OUT018,,Waypoint Style,Colombo,Peliyagoda,mall_bay,mall_dock,10:30-12:30,10:30,12:30,WAY-172,Footwear,Men's Sneakers V6,pairs,13,0,13,3,10,7,in_stock
OUT018,,Waypoint Style,Colombo,Peliyagoda,mall_bay,mall_dock,10:30-12:30,10:30,12:30,WAY-173,Footwear,Women's Sneakers V6,pairs,6,3,3,22,0,7,low_stock
OUT018,,Waypoint Style,Colombo,Peliyagoda,mall_bay,mall_dock,10:30-12:30,10:30,12:30,WAY-174,Footwear,Men's Sandals V6,pairs,38,8,30,11,20,15,in_stock
OUT018,,Waypoint Style,Colombo,Peliyagoda,mall_bay,mall_dock,10:30-12:30,10:30,12:30,WAY-175,Footwear,Women's Sandals V6,pairs,44,6,38,18,30,12,in_stock
OUT018,,Waypoint Style,Colombo,Peliyagoda,mall_bay,mall_dock,10:30-12:30,10:30,12:30,WAY-176,Footwear,Kids' Shoes V6,pairs,34,0,34,15,0,18,in_stock
OUT018,,Waypoint Style,Colombo,Peliyagoda,mall_bay,mall_dock,10:30-12:30,10:30,12:30,WAY-177,Accessories,Backpack V6,pcs,31,6,25,5,5,5,in_stock
OUT018,,Waypoint Style,Colombo,Peliyagoda,mall_bay,mall_dock,10:30-12:30,10:30,12:30,WAY-178,Accessories,Wallet V6,pcs,27,3,24,15,10,9,in_stock
OUT018,,Waypoint Style,Colombo,Peliyagoda,mall_bay,mall_dock,10:30-12:30,10:30,12:30,WAY-179,Accessories,Cap V6,pcs,27,3,24,4,10,17,in_stock
OUT018,,Waypoint Style,Colombo,Peliyagoda,mall_bay,mall_dock,10:30-12:30,10:30,12:30,WAY-180,Accessories,Belt V6,pcs,24,7,17,13,20,9,in_stock
OUT018,,Waypoint Style,Colombo,Peliyagoda,mall_bay,mall_dock,10:30-12:30,10:30,12:30,WAY-181,Men,Men's T-Shirt V7,pcs,30,4,26,10,30,7,in_stock
OUT018,,Waypoint Style,Colombo,Peliyagoda,mall_bay,mall_dock,10:30-12:30,10:30,12:30,WAY-182,Men,Men's Polo Shirt V7,pcs,6,2,4,13,0,14,low_stock
OUT018,,Waypoint Style,Colombo,Peliyagoda,mall_bay,mall_dock,10:30-12:30,10:30,12:30,WAY-183,Men,Men's Casual Shirt V7,pcs,18,5,13,2,30,14,low_stock
OUT018,,Waypoint Style,Colombo,Peliyagoda,mall_bay,mall_dock,10:30-12:30,10:30,12:30,WAY-184,Men,Men's Formal Shirt V7,pcs,34,2,32,9,30,8,in_stock
OUT018,,Waypoint Style,Colombo,Peliyagoda,mall_bay,mall_dock,10:30-12:30,10:30,12:30,WAY-185,Men,Men's Jeans V7,pcs,40,6,34,6,0,9,in_stock
OUT018,,Waypoint Style,Colombo,Peliyagoda,mall_bay,mall_dock,10:30-12:30,10:30,12:30,WAY-186,Men,Men's Chino V7,pcs,25,4,21,10,0,17,in_stock
OUT018,,Waypoint Style,Colombo,Peliyagoda,mall_bay,mall_dock,10:30-12:30,10:30,12:30,WAY-187,Men,Men's Shorts V7,pcs,17,5,12,6,20,10,in_stock
OUT018,,Waypoint Style,Colombo,Peliyagoda,mall_bay,mall_dock,10:30-12:30,10:30,12:30,WAY-188,Men,Men's Hoodie V7,pcs,11,0,11,16,0,11,low_stock
OUT018,,Waypoint Style,Colombo,Peliyagoda,mall_bay,mall_dock,10:30-12:30,10:30,12:30,WAY-189,Men,Men's Jacket V7,pcs,13,8,5,15,30,10,low_stock
OUT018,,Waypoint Style,Colombo,Peliyagoda,mall_bay,mall_dock,10:30-12:30,10:30,12:30,WAY-190,Women,Women's T-Shirt V7,pcs,32,0,32,16,5,10,in_stock
OUT018,,Waypoint Style,Colombo,Peliyagoda,mall_bay,mall_dock,10:30-12:30,10:30,12:30,WAY-191,Women,Women's Blouse V7,pcs,32,0,32,15,0,12,in_stock
OUT018,,Waypoint Style,Colombo,Peliyagoda,mall_bay,mall_dock,10:30-12:30,10:30,12:30,WAY-192,Women,Women's Dress V7,pcs,32,0,32,21,0,14,in_stock
OUT018,,Waypoint Style,Colombo,Peliyagoda,mall_bay,mall_dock,10:30-12:30,10:30,12:30,WAY-193,Women,Women's Jeans V7,pcs,19,4,15,19,0,16,low_stock
OUT018,,Waypoint Style,Colombo,Peliyagoda,mall_bay,mall_dock,10:30-12:30,10:30,12:30,WAY-194,Women,Women's Trousers V7,pcs,8,2,6,8,0,5,in_stock
OUT018,,Waypoint Style,Colombo,Peliyagoda,mall_bay,mall_dock,10:30-12:30,10:30,12:30,WAY-195,Women,Women's Skirt V7,pcs,7,0,7,6,30,15,low_stock
OUT018,,Waypoint Style,Colombo,Peliyagoda,mall_bay,mall_dock,10:30-12:30,10:30,12:30,WAY-196,Women,Women's Hoodie V7,pcs,12,1,11,11,10,9,in_stock
OUT018,,Waypoint Style,Colombo,Peliyagoda,mall_bay,mall_dock,10:30-12:30,10:30,12:30,WAY-197,Women,Women's Jacket V7,pcs,31,4,27,12,10,6,in_stock
OUT018,,Waypoint Style,Colombo,Peliyagoda,mall_bay,mall_dock,10:30-12:30,10:30,12:30,WAY-198,Kids,Kids T-Shirt V7,pcs,11,6,5,2,20,9,low_stock
OUT018,,Waypoint Style,Colombo,Peliyagoda,mall_bay,mall_dock,10:30-12:30,10:30,12:30,WAY-199,Kids,Kids Jeans V7,pcs,17,4,13,16,10,8,in_stock
OUT018,,Waypoint Style,Colombo,Peliyagoda,mall_bay,mall_dock,10:30-12:30,10:30,12:30,WAY-200,Kids,Kids Shorts V7,pcs,12,6,6,8,0,14,low_stock
OUT019,,Waypoint Style,Colombo,Peliyagoda,rear_dock,normal,,09:00,17:00,WAY-001,Men,Men's T-Shirt,pcs,40,7,33,1,30,8,in_stock
OUT019,,Waypoint Style,Colombo,Peliyagoda,rear_dock,normal,,09:00,17:00,WAY-002,Men,Men's Polo Shirt,pcs,30,8,22,22,10,13,in_stock
OUT019,,Waypoint Style,Colombo,Peliyagoda,rear_dock,normal,,09:00,17:00,WAY-003,Men,Men's Casual Shirt,pcs,4,1,3,11,5,6,low_stock
OUT019,,Waypoint Style,Colombo,Peliyagoda,rear_dock,normal,,09:00,17:00,WAY-004,Men,Men's Formal Shirt,pcs,33,2,31,5,5,16,in_stock
OUT019,,Waypoint Style,Colombo,Peliyagoda,rear_dock,normal,,09:00,17:00,WAY-005,Men,Men's Jeans,pcs,4,2,2,18,0,5,low_stock
OUT019,,Waypoint Style,Colombo,Peliyagoda,rear_dock,normal,,09:00,17:00,WAY-006,Men,Men's Chino,pcs,24,7,17,7,0,12,in_stock
OUT019,,Waypoint Style,Colombo,Peliyagoda,rear_dock,normal,,09:00,17:00,WAY-007,Men,Men's Shorts,pcs,26,3,23,10,30,6,in_stock
OUT019,,Waypoint Style,Colombo,Peliyagoda,rear_dock,normal,,09:00,17:00,WAY-008,Men,Men's Hoodie,pcs,22,3,19,13,30,11,in_stock
OUT019,,Waypoint Style,Colombo,Peliyagoda,rear_dock,normal,,09:00,17:00,WAY-009,Men,Men's Jacket,pcs,41,5,36,12,0,8,in_stock
OUT019,,Waypoint Style,Colombo,Peliyagoda,rear_dock,normal,,09:00,17:00,WAY-010,Women,Women's T-Shirt,pcs,23,4,19,17,10,9,in_stock
OUT019,,Waypoint Style,Colombo,Peliyagoda,rear_dock,normal,,09:00,17:00,WAY-011,Women,Women's Blouse,pcs,10,5,5,14,30,13,low_stock
OUT019,,Waypoint Style,Colombo,Peliyagoda,rear_dock,normal,,09:00,17:00,WAY-012,Women,Women's Dress,pcs,42,5,37,14,5,16,in_stock
OUT019,,Waypoint Style,Colombo,Peliyagoda,rear_dock,normal,,09:00,17:00,WAY-013,Women,Women's Jeans,pcs,13,4,9,11,0,17,low_stock
OUT019,,Waypoint Style,Colombo,Peliyagoda,rear_dock,normal,,09:00,17:00,WAY-014,Women,Women's Trousers,pcs,35,4,31,10,0,6,in_stock
OUT019,,Waypoint Style,Colombo,Peliyagoda,rear_dock,normal,,09:00,17:00,WAY-015,Women,Women's Skirt,pcs,38,0,38,18,30,9,in_stock
OUT019,,Waypoint Style,Colombo,Peliyagoda,rear_dock,normal,,09:00,17:00,WAY-016,Women,Women's Hoodie,pcs,24,0,24,20,5,16,in_stock
OUT019,,Waypoint Style,Colombo,Peliyagoda,rear_dock,normal,,09:00,17:00,WAY-017,Women,Women's Jacket,pcs,22,2,20,8,30,18,in_stock
OUT019,,Waypoint Style,Colombo,Peliyagoda,rear_dock,normal,,09:00,17:00,WAY-018,Kids,Kids T-Shirt,pcs,5,5,0,4,0,5,out_of_stock
OUT019,,Waypoint Style,Colombo,Peliyagoda,rear_dock,normal,,09:00,17:00,WAY-019,Kids,Kids Jeans,pcs,6,1,5,6,20,18,low_stock
OUT019,,Waypoint Style,Colombo,Peliyagoda,rear_dock,normal,,09:00,17:00,WAY-020,Kids,Kids Shorts,pcs,42,6,36,8,30,10,in_stock
OUT019,,Waypoint Style,Colombo,Peliyagoda,rear_dock,normal,,09:00,17:00,WAY-021,Kids,Kids Dress,pcs,43,1,42,4,30,11,in_stock
OUT019,,Waypoint Style,Colombo,Peliyagoda,rear_dock,normal,,09:00,17:00,WAY-022,Footwear,Men's Sneakers,pairs,5,1,4,4,5,12,low_stock
OUT019,,Waypoint Style,Colombo,Peliyagoda,rear_dock,normal,,09:00,17:00,WAY-023,Footwear,Women's Sneakers,pairs,40,3,37,11,0,5,in_stock
OUT019,,Waypoint Style,Colombo,Peliyagoda,rear_dock,normal,,09:00,17:00,WAY-024,Footwear,Men's Sandals,pairs,16,6,10,17,5,13,low_stock
OUT019,,Waypoint Style,Colombo,Peliyagoda,rear_dock,normal,,09:00,17:00,WAY-025,Footwear,Women's Sandals,pairs,23,8,15,7,0,5,in_stock
OUT019,,Waypoint Style,Colombo,Peliyagoda,rear_dock,normal,,09:00,17:00,WAY-026,Footwear,Kids' Shoes,pairs,19,2,17,17,30,14,in_stock
OUT019,,Waypoint Style,Colombo,Peliyagoda,rear_dock,normal,,09:00,17:00,WAY-027,Accessories,Backpack,pcs,26,4,22,21,0,16,in_stock
OUT019,,Waypoint Style,Colombo,Peliyagoda,rear_dock,normal,,09:00,17:00,WAY-028,Accessories,Wallet,pcs,39,5,34,4,0,15,in_stock
OUT019,,Waypoint Style,Colombo,Peliyagoda,rear_dock,normal,,09:00,17:00,WAY-029,Accessories,Cap,pcs,44,1,43,14,10,8,in_stock
OUT019,,Waypoint Style,Colombo,Peliyagoda,rear_dock,normal,,09:00,17:00,WAY-030,Accessories,Belt,pcs,11,3,8,18,20,18,low_stock
OUT019,,Waypoint Style,Colombo,Peliyagoda,rear_dock,normal,,09:00,17:00,WAY-031,Men,Men's T-Shirt V2,pcs,36,2,34,1,10,5,in_stock
OUT019,,Waypoint Style,Colombo,Peliyagoda,rear_dock,normal,,09:00,17:00,WAY-032,Men,Men's Polo Shirt V2,pcs,20,4,16,22,0,12,in_stock
OUT019,,Waypoint Style,Colombo,Peliyagoda,rear_dock,normal,,09:00,17:00,WAY-033,Men,Men's Casual Shirt V2,pcs,17,7,10,2,20,16,low_stock
OUT019,,Waypoint Style,Colombo,Peliyagoda,rear_dock,normal,,09:00,17:00,WAY-034,Men,Men's Formal Shirt V2,pcs,28,5,23,14,0,6,in_stock
OUT019,,Waypoint Style,Colombo,Peliyagoda,rear_dock,normal,,09:00,17:00,WAY-035,Men,Men's Jeans V2,pcs,40,4,36,8,10,9,in_stock
OUT019,,Waypoint Style,Colombo,Peliyagoda,rear_dock,normal,,09:00,17:00,WAY-036,Men,Men's Chino V2,pcs,34,5,29,8,30,8,in_stock
OUT019,,Waypoint Style,Colombo,Peliyagoda,rear_dock,normal,,09:00,17:00,WAY-037,Men,Men's Shorts V2,pcs,32,7,25,15,0,10,in_stock
OUT019,,Waypoint Style,Colombo,Peliyagoda,rear_dock,normal,,09:00,17:00,WAY-038,Men,Men's Hoodie V2,pcs,7,3,4,20,20,15,low_stock
OUT019,,Waypoint Style,Colombo,Peliyagoda,rear_dock,normal,,09:00,17:00,WAY-039,Men,Men's Jacket V2,pcs,24,2,22,2,30,11,in_stock
OUT019,,Waypoint Style,Colombo,Peliyagoda,rear_dock,normal,,09:00,17:00,WAY-040,Women,Women's T-Shirt V2,pcs,22,8,14,7,30,9,in_stock
OUT019,,Waypoint Style,Colombo,Peliyagoda,rear_dock,normal,,09:00,17:00,WAY-041,Women,Women's Blouse V2,pcs,8,4,4,10,5,12,low_stock
OUT019,,Waypoint Style,Colombo,Peliyagoda,rear_dock,normal,,09:00,17:00,WAY-042,Women,Women's Dress V2,pcs,10,0,10,4,0,13,low_stock
OUT019,,Waypoint Style,Colombo,Peliyagoda,rear_dock,normal,,09:00,17:00,WAY-043,Women,Women's Jeans V2,pcs,44,3,41,13,0,8,in_stock
OUT019,,Waypoint Style,Colombo,Peliyagoda,rear_dock,normal,,09:00,17:00,WAY-044,Women,Women's Trousers V2,pcs,25,6,19,12,0,7,in_stock
OUT019,,Waypoint Style,Colombo,Peliyagoda,rear_dock,normal,,09:00,17:00,WAY-045,Women,Women's Skirt V2,pcs,28,2,26,8,0,16,in_stock
OUT019,,Waypoint Style,Colombo,Peliyagoda,rear_dock,normal,,09:00,17:00,WAY-046,Women,Women's Hoodie V2,pcs,4,1,3,5,10,9,low_stock
OUT019,,Waypoint Style,Colombo,Peliyagoda,rear_dock,normal,,09:00,17:00,WAY-047,Women,Women's Jacket V2,pcs,38,1,37,21,30,13,in_stock
OUT019,,Waypoint Style,Colombo,Peliyagoda,rear_dock,normal,,09:00,17:00,WAY-048,Kids,Kids T-Shirt V2,pcs,44,3,41,17,30,13,in_stock
OUT019,,Waypoint Style,Colombo,Peliyagoda,rear_dock,normal,,09:00,17:00,WAY-049,Kids,Kids Jeans V2,pcs,45,0,45,2,0,13,in_stock
OUT019,,Waypoint Style,Colombo,Peliyagoda,rear_dock,normal,,09:00,17:00,WAY-050,Kids,Kids Shorts V2,pcs,29,6,23,4,30,8,in_stock
OUT019,,Waypoint Style,Colombo,Peliyagoda,rear_dock,normal,,09:00,17:00,WAY-051,Kids,Kids Dress V2,pcs,12,8,4,4,10,17,low_stock
OUT019,,Waypoint Style,Colombo,Peliyagoda,rear_dock,normal,,09:00,17:00,WAY-052,Footwear,Men's Sneakers V2,pairs,40,3,37,12,10,17,in_stock
OUT019,,Waypoint Style,Colombo,Peliyagoda,rear_dock,normal,,09:00,17:00,WAY-053,Footwear,Women's Sneakers V2,pairs,19,2,17,9,30,9,in_stock
OUT019,,Waypoint Style,Colombo,Peliyagoda,rear_dock,normal,,09:00,17:00,WAY-054,Footwear,Men's Sandals V2,pairs,22,2,20,5,30,8,in_stock
OUT019,,Waypoint Style,Colombo,Peliyagoda,rear_dock,normal,,09:00,17:00,WAY-055,Footwear,Women's Sandals V2,pairs,20,7,13,13,20,6,in_stock
OUT019,,Waypoint Style,Colombo,Peliyagoda,rear_dock,normal,,09:00,17:00,WAY-056,Footwear,Kids' Shoes V2,pairs,38,1,37,11,0,12,in_stock
OUT019,,Waypoint Style,Colombo,Peliyagoda,rear_dock,normal,,09:00,17:00,WAY-057,Accessories,Backpack V2,pcs,16,0,16,8,10,5,in_stock
OUT019,,Waypoint Style,Colombo,Peliyagoda,rear_dock,normal,,09:00,17:00,WAY-058,Accessories,Wallet V2,pcs,9,0,9,19,20,16,low_stock
OUT019,,Waypoint Style,Colombo,Peliyagoda,rear_dock,normal,,09:00,17:00,WAY-059,Accessories,Cap V2,pcs,21,2,19,16,20,12,in_stock
OUT019,,Waypoint Style,Colombo,Peliyagoda,rear_dock,normal,,09:00,17:00,WAY-060,Accessories,Belt V2,pcs,39,3,36,18,0,12,in_stock
OUT019,,Waypoint Style,Colombo,Peliyagoda,rear_dock,normal,,09:00,17:00,WAY-061,Men,Men's T-Shirt V3,pcs,4,1,3,6,0,15,low_stock
OUT019,,Waypoint Style,Colombo,Peliyagoda,rear_dock,normal,,09:00,17:00,WAY-062,Men,Men's Polo Shirt V3,pcs,24,3,21,16,0,8,in_stock
OUT019,,Waypoint Style,Colombo,Peliyagoda,rear_dock,normal,,09:00,17:00,WAY-063,Men,Men's Casual Shirt V3,pcs,8,5,3,17,0,10,low_stock
OUT019,,Waypoint Style,Colombo,Peliyagoda,rear_dock,normal,,09:00,17:00,WAY-064,Men,Men's Formal Shirt V3,pcs,33,6,27,14,5,14,in_stock
OUT019,,Waypoint Style,Colombo,Peliyagoda,rear_dock,normal,,09:00,17:00,WAY-065,Men,Men's Jeans V3,pcs,43,4,39,18,0,18,in_stock
OUT019,,Waypoint Style,Colombo,Peliyagoda,rear_dock,normal,,09:00,17:00,WAY-066,Men,Men's Chino V3,pcs,19,6,13,20,10,18,low_stock
OUT019,,Waypoint Style,Colombo,Peliyagoda,rear_dock,normal,,09:00,17:00,WAY-067,Men,Men's Shorts V3,pcs,42,4,38,14,5,10,in_stock
OUT019,,Waypoint Style,Colombo,Peliyagoda,rear_dock,normal,,09:00,17:00,WAY-068,Men,Men's Hoodie V3,pcs,16,5,11,1,30,10,in_stock
OUT019,,Waypoint Style,Colombo,Peliyagoda,rear_dock,normal,,09:00,17:00,WAY-069,Men,Men's Jacket V3,pcs,38,4,34,16,20,14,in_stock
OUT019,,Waypoint Style,Colombo,Peliyagoda,rear_dock,normal,,09:00,17:00,WAY-070,Women,Women's T-Shirt V3,pcs,41,7,34,20,20,11,in_stock
OUT019,,Waypoint Style,Colombo,Peliyagoda,rear_dock,normal,,09:00,17:00,WAY-071,Women,Women's Blouse V3,pcs,45,1,44,17,30,7,in_stock
OUT019,,Waypoint Style,Colombo,Peliyagoda,rear_dock,normal,,09:00,17:00,WAY-072,Women,Women's Dress V3,pcs,7,5,2,22,0,12,low_stock
OUT019,,Waypoint Style,Colombo,Peliyagoda,rear_dock,normal,,09:00,17:00,WAY-073,Women,Women's Jeans V3,pcs,15,6,9,10,30,12,low_stock
OUT019,,Waypoint Style,Colombo,Peliyagoda,rear_dock,normal,,09:00,17:00,WAY-074,Women,Women's Trousers V3,pcs,6,1,5,16,10,15,low_stock
OUT019,,Waypoint Style,Colombo,Peliyagoda,rear_dock,normal,,09:00,17:00,WAY-075,Women,Women's Skirt V3,pcs,40,7,33,22,30,9,in_stock
OUT019,,Waypoint Style,Colombo,Peliyagoda,rear_dock,normal,,09:00,17:00,WAY-076,Women,Women's Hoodie V3,pcs,33,0,33,11,0,5,in_stock
OUT019,,Waypoint Style,Colombo,Peliyagoda,rear_dock,normal,,09:00,17:00,WAY-077,Women,Women's Jacket V3,pcs,28,0,28,16,20,15,in_stock
OUT019,,Waypoint Style,Colombo,Peliyagoda,rear_dock,normal,,09:00,17:00,WAY-078,Kids,Kids T-Shirt V3,pcs,17,1,16,9,0,7,in_stock
OUT019,,Waypoint Style,Colombo,Peliyagoda,rear_dock,normal,,09:00,17:00,WAY-079,Kids,Kids Jeans V3,pcs,7,5,2,14,10,5,low_stock
OUT019,,Waypoint Style,Colombo,Peliyagoda,rear_dock,normal,,09:00,17:00,WAY-080,Kids,Kids Shorts V3,pcs,40,5,35,10,5,10,in_stock
OUT019,,Waypoint Style,Colombo,Peliyagoda,rear_dock,normal,,09:00,17:00,WAY-081,Kids,Kids Dress V3,pcs,41,8,33,18,5,13,in_stock
OUT019,,Waypoint Style,Colombo,Peliyagoda,rear_dock,normal,,09:00,17:00,WAY-082,Footwear,Men's Sneakers V3,pairs,17,3,14,8,0,13,in_stock
OUT019,,Waypoint Style,Colombo,Peliyagoda,rear_dock,normal,,09:00,17:00,WAY-083,Footwear,Women's Sneakers V3,pairs,31,2,29,18,10,6,in_stock
OUT019,,Waypoint Style,Colombo,Peliyagoda,rear_dock,normal,,09:00,17:00,WAY-084,Footwear,Men's Sandals V3,pairs,13,1,12,7,30,8,in_stock
OUT019,,Waypoint Style,Colombo,Peliyagoda,rear_dock,normal,,09:00,17:00,WAY-085,Footwear,Women's Sandals V3,pairs,29,8,21,17,0,6,in_stock
OUT019,,Waypoint Style,Colombo,Peliyagoda,rear_dock,normal,,09:00,17:00,WAY-086,Footwear,Kids' Shoes V3,pairs,30,1,29,18,10,13,in_stock
OUT019,,Waypoint Style,Colombo,Peliyagoda,rear_dock,normal,,09:00,17:00,WAY-087,Accessories,Backpack V3,pcs,41,2,39,15,20,7,in_stock
OUT019,,Waypoint Style,Colombo,Peliyagoda,rear_dock,normal,,09:00,17:00,WAY-088,Accessories,Wallet V3,pcs,7,1,6,18,5,11,low_stock
OUT019,,Waypoint Style,Colombo,Peliyagoda,rear_dock,normal,,09:00,17:00,WAY-089,Accessories,Cap V3,pcs,34,3,31,16,0,7,in_stock
OUT019,,Waypoint Style,Colombo,Peliyagoda,rear_dock,normal,,09:00,17:00,WAY-090,Accessories,Belt V3,pcs,9,0,9,6,30,15,low_stock
OUT019,,Waypoint Style,Colombo,Peliyagoda,rear_dock,normal,,09:00,17:00,WAY-091,Men,Men's T-Shirt V4,pcs,14,5,9,22,10,11,low_stock
OUT019,,Waypoint Style,Colombo,Peliyagoda,rear_dock,normal,,09:00,17:00,WAY-092,Men,Men's Polo Shirt V4,pcs,34,0,34,3,0,10,in_stock
OUT019,,Waypoint Style,Colombo,Peliyagoda,rear_dock,normal,,09:00,17:00,WAY-093,Men,Men's Casual Shirt V4,pcs,25,5,20,18,20,9,in_stock
OUT019,,Waypoint Style,Colombo,Peliyagoda,rear_dock,normal,,09:00,17:00,WAY-094,Men,Men's Formal Shirt V4,pcs,16,5,11,10,0,9,in_stock
OUT019,,Waypoint Style,Colombo,Peliyagoda,rear_dock,normal,,09:00,17:00,WAY-095,Men,Men's Jeans V4,pcs,31,5,26,3,0,15,in_stock
OUT019,,Waypoint Style,Colombo,Peliyagoda,rear_dock,normal,,09:00,17:00,WAY-096,Men,Men's Chino V4,pcs,5,4,1,7,0,13,low_stock
OUT019,,Waypoint Style,Colombo,Peliyagoda,rear_dock,normal,,09:00,17:00,WAY-097,Men,Men's Shorts V4,pcs,6,1,5,9,0,18,low_stock
OUT019,,Waypoint Style,Colombo,Peliyagoda,rear_dock,normal,,09:00,17:00,WAY-098,Men,Men's Hoodie V4,pcs,21,8,13,9,30,15,low_stock
OUT019,,Waypoint Style,Colombo,Peliyagoda,rear_dock,normal,,09:00,17:00,WAY-099,Men,Men's Jacket V4,pcs,11,5,6,22,30,13,low_stock
OUT019,,Waypoint Style,Colombo,Peliyagoda,rear_dock,normal,,09:00,17:00,WAY-100,Women,Women's T-Shirt V4,pcs,44,5,39,9,30,8,in_stock
OUT019,,Waypoint Style,Colombo,Peliyagoda,rear_dock,normal,,09:00,17:00,WAY-101,Women,Women's Blouse V4,pcs,7,5,2,9,0,11,low_stock
OUT019,,Waypoint Style,Colombo,Peliyagoda,rear_dock,normal,,09:00,17:00,WAY-102,Women,Women's Dress V4,pcs,44,5,39,3,5,15,in_stock
OUT019,,Waypoint Style,Colombo,Peliyagoda,rear_dock,normal,,09:00,17:00,WAY-103,Women,Women's Jeans V4,pcs,30,8,22,13,20,15,in_stock
OUT019,,Waypoint Style,Colombo,Peliyagoda,rear_dock,normal,,09:00,17:00,WAY-104,Women,Women's Trousers V4,pcs,23,2,21,12,0,18,in_stock
OUT019,,Waypoint Style,Colombo,Peliyagoda,rear_dock,normal,,09:00,17:00,WAY-105,Women,Women's Skirt V4,pcs,17,7,10,17,5,17,low_stock
OUT019,,Waypoint Style,Colombo,Peliyagoda,rear_dock,normal,,09:00,17:00,WAY-106,Women,Women's Hoodie V4,pcs,5,1,4,13,30,8,low_stock
OUT019,,Waypoint Style,Colombo,Peliyagoda,rear_dock,normal,,09:00,17:00,WAY-107,Women,Women's Jacket V4,pcs,16,8,8,11,30,11,low_stock
OUT019,,Waypoint Style,Colombo,Peliyagoda,rear_dock,normal,,09:00,17:00,WAY-108,Kids,Kids T-Shirt V4,pcs,15,2,13,15,10,18,low_stock
OUT019,,Waypoint Style,Colombo,Peliyagoda,rear_dock,normal,,09:00,17:00,WAY-109,Kids,Kids Jeans V4,pcs,36,0,36,14,5,7,in_stock
OUT019,,Waypoint Style,Colombo,Peliyagoda,rear_dock,normal,,09:00,17:00,WAY-110,Kids,Kids Shorts V4,pcs,43,3,40,8,0,14,in_stock
OUT019,,Waypoint Style,Colombo,Peliyagoda,rear_dock,normal,,09:00,17:00,WAY-111,Kids,Kids Dress V4,pcs,25,6,19,14,5,15,in_stock
OUT019,,Waypoint Style,Colombo,Peliyagoda,rear_dock,normal,,09:00,17:00,WAY-112,Footwear,Men's Sneakers V4,pairs,36,2,34,3,0,9,in_stock
OUT019,,Waypoint Style,Colombo,Peliyagoda,rear_dock,normal,,09:00,17:00,WAY-113,Footwear,Women's Sneakers V4,pairs,7,3,4,20,5,17,low_stock
OUT019,,Waypoint Style,Colombo,Peliyagoda,rear_dock,normal,,09:00,17:00,WAY-114,Footwear,Men's Sandals V4,pairs,40,5,35,13,10,6,in_stock
OUT019,,Waypoint Style,Colombo,Peliyagoda,rear_dock,normal,,09:00,17:00,WAY-115,Footwear,Women's Sandals V4,pairs,37,4,33,4,0,15,in_stock
OUT019,,Waypoint Style,Colombo,Peliyagoda,rear_dock,normal,,09:00,17:00,WAY-116,Footwear,Kids' Shoes V4,pairs,9,5,4,2,5,13,low_stock
OUT019,,Waypoint Style,Colombo,Peliyagoda,rear_dock,normal,,09:00,17:00,WAY-117,Accessories,Backpack V4,pcs,18,4,14,6,0,14,low_stock
OUT019,,Waypoint Style,Colombo,Peliyagoda,rear_dock,normal,,09:00,17:00,WAY-118,Accessories,Wallet V4,pcs,25,8,17,14,5,7,in_stock
OUT019,,Waypoint Style,Colombo,Peliyagoda,rear_dock,normal,,09:00,17:00,WAY-119,Accessories,Cap V4,pcs,19,2,17,17,30,11,in_stock
OUT019,,Waypoint Style,Colombo,Peliyagoda,rear_dock,normal,,09:00,17:00,WAY-120,Accessories,Belt V4,pcs,22,1,21,4,5,17,in_stock
OUT019,,Waypoint Style,Colombo,Peliyagoda,rear_dock,normal,,09:00,17:00,WAY-121,Men,Men's T-Shirt V5,pcs,15,4,11,12,10,6,in_stock
OUT019,,Waypoint Style,Colombo,Peliyagoda,rear_dock,normal,,09:00,17:00,WAY-122,Men,Men's Polo Shirt V5,pcs,31,7,24,3,10,14,in_stock
OUT019,,Waypoint Style,Colombo,Peliyagoda,rear_dock,normal,,09:00,17:00,WAY-123,Men,Men's Casual Shirt V5,pcs,20,0,20,20,30,8,in_stock
OUT019,,Waypoint Style,Colombo,Peliyagoda,rear_dock,normal,,09:00,17:00,WAY-124,Men,Men's Formal Shirt V5,pcs,11,7,4,21,0,6,low_stock
OUT019,,Waypoint Style,Colombo,Peliyagoda,rear_dock,normal,,09:00,17:00,WAY-125,Men,Men's Jeans V5,pcs,38,6,32,5,10,17,in_stock
OUT019,,Waypoint Style,Colombo,Peliyagoda,rear_dock,normal,,09:00,17:00,WAY-126,Men,Men's Chino V5,pcs,25,4,21,3,20,15,in_stock
OUT019,,Waypoint Style,Colombo,Peliyagoda,rear_dock,normal,,09:00,17:00,WAY-127,Men,Men's Shorts V5,pcs,26,6,20,18,30,14,in_stock
OUT019,,Waypoint Style,Colombo,Peliyagoda,rear_dock,normal,,09:00,17:00,WAY-128,Men,Men's Hoodie V5,pcs,39,3,36,18,0,11,in_stock
OUT019,,Waypoint Style,Colombo,Peliyagoda,rear_dock,normal,,09:00,17:00,WAY-129,Men,Men's Jacket V5,pcs,5,4,1,18,0,11,low_stock
OUT019,,Waypoint Style,Colombo,Peliyagoda,rear_dock,normal,,09:00,17:00,WAY-130,Women,Women's T-Shirt V5,pcs,30,1,29,7,0,7,in_stock
OUT019,,Waypoint Style,Colombo,Peliyagoda,rear_dock,normal,,09:00,17:00,WAY-131,Women,Women's Blouse V5,pcs,19,1,18,15,10,18,low_stock
OUT019,,Waypoint Style,Colombo,Peliyagoda,rear_dock,normal,,09:00,17:00,WAY-132,Women,Women's Dress V5,pcs,22,3,19,19,10,16,in_stock
OUT019,,Waypoint Style,Colombo,Peliyagoda,rear_dock,normal,,09:00,17:00,WAY-133,Women,Women's Jeans V5,pcs,19,0,19,18,0,11,in_stock
OUT019,,Waypoint Style,Colombo,Peliyagoda,rear_dock,normal,,09:00,17:00,WAY-134,Women,Women's Trousers V5,pcs,14,5,9,2,20,16,low_stock
OUT019,,Waypoint Style,Colombo,Peliyagoda,rear_dock,normal,,09:00,17:00,WAY-135,Women,Women's Skirt V5,pcs,17,4,13,22,20,17,low_stock
OUT019,,Waypoint Style,Colombo,Peliyagoda,rear_dock,normal,,09:00,17:00,WAY-136,Women,Women's Hoodie V5,pcs,34,5,29,8,0,7,in_stock
OUT019,,Waypoint Style,Colombo,Peliyagoda,rear_dock,normal,,09:00,17:00,WAY-137,Women,Women's Jacket V5,pcs,23,5,18,6,10,15,in_stock
OUT019,,Waypoint Style,Colombo,Peliyagoda,rear_dock,normal,,09:00,17:00,WAY-138,Kids,Kids T-Shirt V5,pcs,15,2,13,18,10,7,in_stock
OUT019,,Waypoint Style,Colombo,Peliyagoda,rear_dock,normal,,09:00,17:00,WAY-139,Kids,Kids Jeans V5,pcs,24,0,24,9,30,15,in_stock
OUT019,,Waypoint Style,Colombo,Peliyagoda,rear_dock,normal,,09:00,17:00,WAY-140,Kids,Kids Shorts V5,pcs,23,0,23,7,30,14,in_stock
OUT019,,Waypoint Style,Colombo,Peliyagoda,rear_dock,normal,,09:00,17:00,WAY-141,Kids,Kids Dress V5,pcs,40,6,34,18,5,17,in_stock
OUT019,,Waypoint Style,Colombo,Peliyagoda,rear_dock,normal,,09:00,17:00,WAY-142,Footwear,Men's Sneakers V5,pairs,10,0,10,9,0,6,in_stock
OUT019,,Waypoint Style,Colombo,Peliyagoda,rear_dock,normal,,09:00,17:00,WAY-143,Footwear,Women's Sneakers V5,pairs,32,4,28,9,0,6,in_stock
OUT019,,Waypoint Style,Colombo,Peliyagoda,rear_dock,normal,,09:00,17:00,WAY-144,Footwear,Men's Sandals V5,pairs,27,1,26,16,0,17,in_stock
OUT019,,Waypoint Style,Colombo,Peliyagoda,rear_dock,normal,,09:00,17:00,WAY-145,Footwear,Women's Sandals V5,pairs,37,7,30,18,30,8,in_stock
OUT019,,Waypoint Style,Colombo,Peliyagoda,rear_dock,normal,,09:00,17:00,WAY-146,Footwear,Kids' Shoes V5,pairs,13,7,6,21,0,15,low_stock
OUT019,,Waypoint Style,Colombo,Peliyagoda,rear_dock,normal,,09:00,17:00,WAY-147,Accessories,Backpack V5,pcs,33,5,28,12,5,7,in_stock
OUT019,,Waypoint Style,Colombo,Peliyagoda,rear_dock,normal,,09:00,17:00,WAY-148,Accessories,Wallet V5,pcs,29,1,28,18,30,15,in_stock
OUT019,,Waypoint Style,Colombo,Peliyagoda,rear_dock,normal,,09:00,17:00,WAY-149,Accessories,Cap V5,pcs,7,7,0,16,5,15,out_of_stock
OUT019,,Waypoint Style,Colombo,Peliyagoda,rear_dock,normal,,09:00,17:00,WAY-150,Accessories,Belt V5,pcs,19,5,14,14,30,9,in_stock
OUT019,,Waypoint Style,Colombo,Peliyagoda,rear_dock,normal,,09:00,17:00,WAY-151,Men,Men's T-Shirt V6,pcs,19,0,19,8,10,17,in_stock
OUT019,,Waypoint Style,Colombo,Peliyagoda,rear_dock,normal,,09:00,17:00,WAY-152,Men,Men's Polo Shirt V6,pcs,45,0,45,22,5,12,in_stock
OUT019,,Waypoint Style,Colombo,Peliyagoda,rear_dock,normal,,09:00,17:00,WAY-153,Men,Men's Casual Shirt V6,pcs,12,0,12,1,0,12,low_stock
OUT019,,Waypoint Style,Colombo,Peliyagoda,rear_dock,normal,,09:00,17:00,WAY-154,Men,Men's Formal Shirt V6,pcs,45,2,43,6,30,5,in_stock
OUT019,,Waypoint Style,Colombo,Peliyagoda,rear_dock,normal,,09:00,17:00,WAY-155,Men,Men's Jeans V6,pcs,38,2,36,14,0,17,in_stock
OUT019,,Waypoint Style,Colombo,Peliyagoda,rear_dock,normal,,09:00,17:00,WAY-156,Men,Men's Chino V6,pcs,31,3,28,18,0,9,in_stock
OUT019,,Waypoint Style,Colombo,Peliyagoda,rear_dock,normal,,09:00,17:00,WAY-157,Men,Men's Shorts V6,pcs,10,6,4,12,0,13,low_stock
OUT019,,Waypoint Style,Colombo,Peliyagoda,rear_dock,normal,,09:00,17:00,WAY-158,Men,Men's Hoodie V6,pcs,34,6,28,6,5,13,in_stock
OUT019,,Waypoint Style,Colombo,Peliyagoda,rear_dock,normal,,09:00,17:00,WAY-159,Men,Men's Jacket V6,pcs,15,8,7,9,5,18,low_stock
OUT019,,Waypoint Style,Colombo,Peliyagoda,rear_dock,normal,,09:00,17:00,WAY-160,Women,Women's T-Shirt V6,pcs,6,5,1,8,5,9,low_stock
OUT019,,Waypoint Style,Colombo,Peliyagoda,rear_dock,normal,,09:00,17:00,WAY-161,Women,Women's Blouse V6,pcs,43,4,39,5,5,6,in_stock
OUT019,,Waypoint Style,Colombo,Peliyagoda,rear_dock,normal,,09:00,17:00,WAY-162,Women,Women's Dress V6,pcs,16,0,16,1,10,14,in_stock
OUT019,,Waypoint Style,Colombo,Peliyagoda,rear_dock,normal,,09:00,17:00,WAY-163,Women,Women's Jeans V6,pcs,5,0,5,14,10,11,low_stock
OUT019,,Waypoint Style,Colombo,Peliyagoda,rear_dock,normal,,09:00,17:00,WAY-164,Women,Women's Trousers V6,pcs,44,0,44,2,30,14,in_stock
OUT019,,Waypoint Style,Colombo,Peliyagoda,rear_dock,normal,,09:00,17:00,WAY-165,Women,Women's Skirt V6,pcs,37,6,31,13,10,15,in_stock
OUT019,,Waypoint Style,Colombo,Peliyagoda,rear_dock,normal,,09:00,17:00,WAY-166,Women,Women's Hoodie V6,pcs,34,4,30,3,0,16,in_stock
OUT019,,Waypoint Style,Colombo,Peliyagoda,rear_dock,normal,,09:00,17:00,WAY-167,Women,Women's Jacket V6,pcs,11,1,10,7,10,7,in_stock
OUT019,,Waypoint Style,Colombo,Peliyagoda,rear_dock,normal,,09:00,17:00,WAY-168,Kids,Kids T-Shirt V6,pcs,22,4,18,22,0,17,in_stock
OUT019,,Waypoint Style,Colombo,Peliyagoda,rear_dock,normal,,09:00,17:00,WAY-169,Kids,Kids Jeans V6,pcs,24,3,21,7,0,11,in_stock
OUT019,,Waypoint Style,Colombo,Peliyagoda,rear_dock,normal,,09:00,17:00,WAY-170,Kids,Kids Shorts V6,pcs,45,3,42,16,5,11,in_stock
OUT019,,Waypoint Style,Colombo,Peliyagoda,rear_dock,normal,,09:00,17:00,WAY-171,Kids,Kids Dress V6,pcs,22,6,16,3,0,13,in_stock
OUT019,,Waypoint Style,Colombo,Peliyagoda,rear_dock,normal,,09:00,17:00,WAY-172,Footwear,Men's Sneakers V6,pairs,6,5,1,1,30,14,low_stock
OUT019,,Waypoint Style,Colombo,Peliyagoda,rear_dock,normal,,09:00,17:00,WAY-173,Footwear,Women's Sneakers V6,pairs,12,0,12,5,0,18,low_stock
OUT019,,Waypoint Style,Colombo,Peliyagoda,rear_dock,normal,,09:00,17:00,WAY-174,Footwear,Men's Sandals V6,pairs,8,4,4,16,20,17,low_stock
OUT019,,Waypoint Style,Colombo,Peliyagoda,rear_dock,normal,,09:00,17:00,WAY-175,Footwear,Women's Sandals V6,pairs,37,5,32,10,0,9,in_stock
OUT019,,Waypoint Style,Colombo,Peliyagoda,rear_dock,normal,,09:00,17:00,WAY-176,Footwear,Kids' Shoes V6,pairs,26,7,19,2,0,17,in_stock
OUT019,,Waypoint Style,Colombo,Peliyagoda,rear_dock,normal,,09:00,17:00,WAY-177,Accessories,Backpack V6,pcs,28,4,24,2,10,11,in_stock
OUT019,,Waypoint Style,Colombo,Peliyagoda,rear_dock,normal,,09:00,17:00,WAY-178,Accessories,Wallet V6,pcs,21,4,17,7,10,17,low_stock
OUT019,,Waypoint Style,Colombo,Peliyagoda,rear_dock,normal,,09:00,17:00,WAY-179,Accessories,Cap V6,pcs,12,8,4,4,0,13,low_stock
OUT019,,Waypoint Style,Colombo,Peliyagoda,rear_dock,normal,,09:00,17:00,WAY-180,Accessories,Belt V6,pcs,41,1,40,11,30,18,in_stock
OUT019,,Waypoint Style,Colombo,Peliyagoda,rear_dock,normal,,09:00,17:00,WAY-181,Men,Men's T-Shirt V7,pcs,43,8,35,2,5,15,in_stock
OUT019,,Waypoint Style,Colombo,Peliyagoda,rear_dock,normal,,09:00,17:00,WAY-182,Men,Men's Polo Shirt V7,pcs,36,3,33,11,20,9,in_stock
OUT019,,Waypoint Style,Colombo,Peliyagoda,rear_dock,normal,,09:00,17:00,WAY-183,Men,Men's Casual Shirt V7,pcs,18,6,12,3,20,13,low_stock
OUT019,,Waypoint Style,Colombo,Peliyagoda,rear_dock,normal,,09:00,17:00,WAY-184,Men,Men's Formal Shirt V7,pcs,25,4,21,19,20,18,in_stock
OUT019,,Waypoint Style,Colombo,Peliyagoda,rear_dock,normal,,09:00,17:00,WAY-185,Men,Men's Jeans V7,pcs,34,2,32,20,10,7,in_stock
OUT019,,Waypoint Style,Colombo,Peliyagoda,rear_dock,normal,,09:00,17:00,WAY-186,Men,Men's Chino V7,pcs,4,2,2,4,20,16,low_stock
OUT019,,Waypoint Style,Colombo,Peliyagoda,rear_dock,normal,,09:00,17:00,WAY-187,Men,Men's Shorts V7,pcs,36,0,36,13,0,9,in_stock
OUT019,,Waypoint Style,Colombo,Peliyagoda,rear_dock,normal,,09:00,17:00,WAY-188,Men,Men's Hoodie V7,pcs,7,1,6,6,0,7,low_stock
OUT019,,Waypoint Style,Colombo,Peliyagoda,rear_dock,normal,,09:00,17:00,WAY-189,Men,Men's Jacket V7,pcs,38,0,38,22,0,18,in_stock
OUT019,,Waypoint Style,Colombo,Peliyagoda,rear_dock,normal,,09:00,17:00,WAY-190,Women,Women's T-Shirt V7,pcs,24,3,21,17,5,5,in_stock
OUT019,,Waypoint Style,Colombo,Peliyagoda,rear_dock,normal,,09:00,17:00,WAY-191,Women,Women's Blouse V7,pcs,23,7,16,6,10,7,in_stock
OUT019,,Waypoint Style,Colombo,Peliyagoda,rear_dock,normal,,09:00,17:00,WAY-192,Women,Women's Dress V7,pcs,17,2,15,12,20,8,in_stock
OUT019,,Waypoint Style,Colombo,Peliyagoda,rear_dock,normal,,09:00,17:00,WAY-193,Women,Women's Jeans V7,pcs,28,0,28,12,5,9,in_stock
OUT019,,Waypoint Style,Colombo,Peliyagoda,rear_dock,normal,,09:00,17:00,WAY-194,Women,Women's Trousers V7,pcs,16,6,10,7,10,18,low_stock
OUT019,,Waypoint Style,Colombo,Peliyagoda,rear_dock,normal,,09:00,17:00,WAY-195,Women,Women's Skirt V7,pcs,26,2,24,9,10,15,in_stock
OUT019,,Waypoint Style,Colombo,Peliyagoda,rear_dock,normal,,09:00,17:00,WAY-196,Women,Women's Hoodie V7,pcs,27,1,26,8,10,12,in_stock
OUT019,,Waypoint Style,Colombo,Peliyagoda,rear_dock,normal,,09:00,17:00,WAY-197,Women,Women's Jacket V7,pcs,20,6,14,12,10,18,low_stock
OUT019,,Waypoint Style,Colombo,Peliyagoda,rear_dock,normal,,09:00,17:00,WAY-198,Kids,Kids T-Shirt V7,pcs,31,6,25,22,20,16,in_stock
OUT019,,Waypoint Style,Colombo,Peliyagoda,rear_dock,normal,,09:00,17:00,WAY-199,Kids,Kids Jeans V7,pcs,26,5,21,19,0,13,in_stock
OUT019,,Waypoint Style,Colombo,Peliyagoda,rear_dock,normal,,09:00,17:00,WAY-200,Kids,Kids Shorts V7,pcs,13,0,13,18,5,8,in_stock
OUT020,,Waypoint Style,Colombo,Peliyagoda,street,normal,,09:00,17:00,WAY-001,Men,Men's T-Shirt,pcs,19,0,19,21,20,13,in_stock
OUT020,,Waypoint Style,Colombo,Peliyagoda,street,normal,,09:00,17:00,WAY-002,Men,Men's Polo Shirt,pcs,4,0,4,8,20,9,low_stock
OUT020,,Waypoint Style,Colombo,Peliyagoda,street,normal,,09:00,17:00,WAY-003,Men,Men's Casual Shirt,pcs,32,3,29,5,5,7,in_stock
OUT020,,Waypoint Style,Colombo,Peliyagoda,street,normal,,09:00,17:00,WAY-004,Men,Men's Formal Shirt,pcs,42,7,35,4,30,9,in_stock
OUT020,,Waypoint Style,Colombo,Peliyagoda,street,normal,,09:00,17:00,WAY-005,Men,Men's Jeans,pcs,44,4,40,14,0,7,in_stock
OUT020,,Waypoint Style,Colombo,Peliyagoda,street,normal,,09:00,17:00,WAY-006,Men,Men's Chino,pcs,30,0,30,11,10,5,in_stock
OUT020,,Waypoint Style,Colombo,Peliyagoda,street,normal,,09:00,17:00,WAY-007,Men,Men's Shorts,pcs,40,3,37,3,30,14,in_stock
OUT020,,Waypoint Style,Colombo,Peliyagoda,street,normal,,09:00,17:00,WAY-008,Men,Men's Hoodie,pcs,6,1,5,18,10,14,low_stock
OUT020,,Waypoint Style,Colombo,Peliyagoda,street,normal,,09:00,17:00,WAY-009,Men,Men's Jacket,pcs,13,5,8,19,0,13,low_stock
OUT020,,Waypoint Style,Colombo,Peliyagoda,street,normal,,09:00,17:00,WAY-010,Women,Women's T-Shirt,pcs,42,1,41,14,0,7,in_stock
OUT020,,Waypoint Style,Colombo,Peliyagoda,street,normal,,09:00,17:00,WAY-011,Women,Women's Blouse,pcs,33,3,30,11,5,11,in_stock
OUT020,,Waypoint Style,Colombo,Peliyagoda,street,normal,,09:00,17:00,WAY-012,Women,Women's Dress,pcs,32,1,31,18,20,15,in_stock
OUT020,,Waypoint Style,Colombo,Peliyagoda,street,normal,,09:00,17:00,WAY-013,Women,Women's Jeans,pcs,37,2,35,16,20,11,in_stock
OUT020,,Waypoint Style,Colombo,Peliyagoda,street,normal,,09:00,17:00,WAY-014,Women,Women's Trousers,pcs,10,1,9,21,0,17,low_stock
OUT020,,Waypoint Style,Colombo,Peliyagoda,street,normal,,09:00,17:00,WAY-015,Women,Women's Skirt,pcs,39,6,33,22,5,12,in_stock
OUT020,,Waypoint Style,Colombo,Peliyagoda,street,normal,,09:00,17:00,WAY-016,Women,Women's Hoodie,pcs,19,1,18,13,5,15,in_stock
OUT020,,Waypoint Style,Colombo,Peliyagoda,street,normal,,09:00,17:00,WAY-017,Women,Women's Jacket,pcs,37,4,33,9,30,7,in_stock
OUT020,,Waypoint Style,Colombo,Peliyagoda,street,normal,,09:00,17:00,WAY-018,Kids,Kids T-Shirt,pcs,28,4,24,18,5,5,in_stock
OUT020,,Waypoint Style,Colombo,Peliyagoda,street,normal,,09:00,17:00,WAY-019,Kids,Kids Jeans,pcs,15,2,13,1,5,10,in_stock
OUT020,,Waypoint Style,Colombo,Peliyagoda,street,normal,,09:00,17:00,WAY-020,Kids,Kids Shorts,pcs,14,3,11,3,0,17,low_stock
OUT020,,Waypoint Style,Colombo,Peliyagoda,street,normal,,09:00,17:00,WAY-021,Kids,Kids Dress,pcs,15,6,9,13,0,12,low_stock
OUT020,,Waypoint Style,Colombo,Peliyagoda,street,normal,,09:00,17:00,WAY-022,Footwear,Men's Sneakers,pairs,6,0,6,9,30,7,low_stock
OUT020,,Waypoint Style,Colombo,Peliyagoda,street,normal,,09:00,17:00,WAY-023,Footwear,Women's Sneakers,pairs,14,6,8,4,10,5,in_stock
OUT020,,Waypoint Style,Colombo,Peliyagoda,street,normal,,09:00,17:00,WAY-024,Footwear,Men's Sandals,pairs,21,0,21,22,20,8,in_stock
OUT020,,Waypoint Style,Colombo,Peliyagoda,street,normal,,09:00,17:00,WAY-025,Footwear,Women's Sandals,pairs,7,2,5,13,30,10,low_stock
OUT020,,Waypoint Style,Colombo,Peliyagoda,street,normal,,09:00,17:00,WAY-026,Footwear,Kids' Shoes,pairs,35,3,32,17,5,9,in_stock
OUT020,,Waypoint Style,Colombo,Peliyagoda,street,normal,,09:00,17:00,WAY-027,Accessories,Backpack,pcs,40,1,39,6,0,5,in_stock
OUT020,,Waypoint Style,Colombo,Peliyagoda,street,normal,,09:00,17:00,WAY-028,Accessories,Wallet,pcs,19,2,17,20,0,5,in_stock
OUT020,,Waypoint Style,Colombo,Peliyagoda,street,normal,,09:00,17:00,WAY-029,Accessories,Cap,pcs,6,6,0,12,20,13,out_of_stock
OUT020,,Waypoint Style,Colombo,Peliyagoda,street,normal,,09:00,17:00,WAY-030,Accessories,Belt,pcs,34,0,34,8,0,15,in_stock
OUT020,,Waypoint Style,Colombo,Peliyagoda,street,normal,,09:00,17:00,WAY-031,Men,Men's T-Shirt V2,pcs,16,2,14,7,0,17,low_stock
OUT020,,Waypoint Style,Colombo,Peliyagoda,street,normal,,09:00,17:00,WAY-032,Men,Men's Polo Shirt V2,pcs,5,3,2,16,0,15,low_stock
OUT020,,Waypoint Style,Colombo,Peliyagoda,street,normal,,09:00,17:00,WAY-033,Men,Men's Casual Shirt V2,pcs,22,1,21,9,5,6,in_stock
OUT020,,Waypoint Style,Colombo,Peliyagoda,street,normal,,09:00,17:00,WAY-034,Men,Men's Formal Shirt V2,pcs,14,0,14,9,0,8,in_stock
OUT020,,Waypoint Style,Colombo,Peliyagoda,street,normal,,09:00,17:00,WAY-035,Men,Men's Jeans V2,pcs,8,1,7,11,20,9,low_stock
OUT020,,Waypoint Style,Colombo,Peliyagoda,street,normal,,09:00,17:00,WAY-036,Men,Men's Chino V2,pcs,29,3,26,11,0,17,in_stock
OUT020,,Waypoint Style,Colombo,Peliyagoda,street,normal,,09:00,17:00,WAY-037,Men,Men's Shorts V2,pcs,28,8,20,5,10,10,in_stock
OUT020,,Waypoint Style,Colombo,Peliyagoda,street,normal,,09:00,17:00,WAY-038,Men,Men's Hoodie V2,pcs,23,5,18,22,30,6,in_stock
OUT020,,Waypoint Style,Colombo,Peliyagoda,street,normal,,09:00,17:00,WAY-039,Men,Men's Jacket V2,pcs,24,2,22,2,0,18,in_stock
OUT020,,Waypoint Style,Colombo,Peliyagoda,street,normal,,09:00,17:00,WAY-040,Women,Women's T-Shirt V2,pcs,12,4,8,13,30,10,low_stock
OUT020,,Waypoint Style,Colombo,Peliyagoda,street,normal,,09:00,17:00,WAY-041,Women,Women's Blouse V2,pcs,29,1,28,12,0,14,in_stock
OUT020,,Waypoint Style,Colombo,Peliyagoda,street,normal,,09:00,17:00,WAY-042,Women,Women's Dress V2,pcs,43,3,40,19,30,9,in_stock
OUT020,,Waypoint Style,Colombo,Peliyagoda,street,normal,,09:00,17:00,WAY-043,Women,Women's Jeans V2,pcs,26,1,25,1,10,17,in_stock
OUT020,,Waypoint Style,Colombo,Peliyagoda,street,normal,,09:00,17:00,WAY-044,Women,Women's Trousers V2,pcs,39,4,35,16,10,14,in_stock
OUT020,,Waypoint Style,Colombo,Peliyagoda,street,normal,,09:00,17:00,WAY-045,Women,Women's Skirt V2,pcs,40,3,37,3,5,18,in_stock
OUT020,,Waypoint Style,Colombo,Peliyagoda,street,normal,,09:00,17:00,WAY-046,Women,Women's Hoodie V2,pcs,33,0,33,9,0,14,in_stock
OUT020,,Waypoint Style,Colombo,Peliyagoda,street,normal,,09:00,17:00,WAY-047,Women,Women's Jacket V2,pcs,15,0,15,22,10,10,in_stock
OUT020,,Waypoint Style,Colombo,Peliyagoda,street,normal,,09:00,17:00,WAY-048,Kids,Kids T-Shirt V2,pcs,18,0,18,16,5,10,in_stock
OUT020,,Waypoint Style,Colombo,Peliyagoda,street,normal,,09:00,17:00,WAY-049,Kids,Kids Jeans V2,pcs,34,7,27,14,10,9,in_stock
OUT020,,Waypoint Style,Colombo,Peliyagoda,street,normal,,09:00,17:00,WAY-050,Kids,Kids Shorts V2,pcs,11,3,8,4,10,7,in_stock
OUT020,,Waypoint Style,Colombo,Peliyagoda,street,normal,,09:00,17:00,WAY-051,Kids,Kids Dress V2,pcs,38,3,35,6,30,10,in_stock
OUT020,,Waypoint Style,Colombo,Peliyagoda,street,normal,,09:00,17:00,WAY-052,Footwear,Men's Sneakers V2,pairs,43,6,37,10,10,15,in_stock
OUT020,,Waypoint Style,Colombo,Peliyagoda,street,normal,,09:00,17:00,WAY-053,Footwear,Women's Sneakers V2,pairs,22,7,15,2,0,14,in_stock
OUT020,,Waypoint Style,Colombo,Peliyagoda,street,normal,,09:00,17:00,WAY-054,Footwear,Men's Sandals V2,pairs,16,4,12,9,10,14,low_stock
OUT020,,Waypoint Style,Colombo,Peliyagoda,street,normal,,09:00,17:00,WAY-055,Footwear,Women's Sandals V2,pairs,5,4,1,7,0,9,low_stock
OUT020,,Waypoint Style,Colombo,Peliyagoda,street,normal,,09:00,17:00,WAY-056,Footwear,Kids' Shoes V2,pairs,26,2,24,4,20,9,in_stock
OUT020,,Waypoint Style,Colombo,Peliyagoda,street,normal,,09:00,17:00,WAY-057,Accessories,Backpack V2,pcs,18,2,16,3,20,6,in_stock
OUT020,,Waypoint Style,Colombo,Peliyagoda,street,normal,,09:00,17:00,WAY-058,Accessories,Wallet V2,pcs,24,2,22,3,20,7,in_stock
OUT020,,Waypoint Style,Colombo,Peliyagoda,street,normal,,09:00,17:00,WAY-059,Accessories,Cap V2,pcs,35,5,30,3,5,18,in_stock
OUT020,,Waypoint Style,Colombo,Peliyagoda,street,normal,,09:00,17:00,WAY-060,Accessories,Belt V2,pcs,23,6,17,8,10,14,in_stock
OUT020,,Waypoint Style,Colombo,Peliyagoda,street,normal,,09:00,17:00,WAY-061,Men,Men's T-Shirt V3,pcs,16,1,15,12,5,5,in_stock
OUT020,,Waypoint Style,Colombo,Peliyagoda,street,normal,,09:00,17:00,WAY-062,Men,Men's Polo Shirt V3,pcs,16,5,11,2,0,9,in_stock
OUT020,,Waypoint Style,Colombo,Peliyagoda,street,normal,,09:00,17:00,WAY-063,Men,Men's Casual Shirt V3,pcs,44,4,40,1,30,6,in_stock
OUT020,,Waypoint Style,Colombo,Peliyagoda,street,normal,,09:00,17:00,WAY-064,Men,Men's Formal Shirt V3,pcs,38,6,32,6,0,8,in_stock
OUT020,,Waypoint Style,Colombo,Peliyagoda,street,normal,,09:00,17:00,WAY-065,Men,Men's Jeans V3,pcs,38,2,36,6,30,16,in_stock
OUT020,,Waypoint Style,Colombo,Peliyagoda,street,normal,,09:00,17:00,WAY-066,Men,Men's Chino V3,pcs,45,0,45,19,20,16,in_stock
OUT020,,Waypoint Style,Colombo,Peliyagoda,street,normal,,09:00,17:00,WAY-067,Men,Men's Shorts V3,pcs,28,6,22,11,5,5,in_stock
OUT020,,Waypoint Style,Colombo,Peliyagoda,street,normal,,09:00,17:00,WAY-068,Men,Men's Hoodie V3,pcs,13,8,5,6,10,12,low_stock
OUT020,,Waypoint Style,Colombo,Peliyagoda,street,normal,,09:00,17:00,WAY-069,Men,Men's Jacket V3,pcs,22,7,15,8,0,12,in_stock
OUT020,,Waypoint Style,Colombo,Peliyagoda,street,normal,,09:00,17:00,WAY-070,Women,Women's T-Shirt V3,pcs,45,3,42,7,5,18,in_stock
OUT020,,Waypoint Style,Colombo,Peliyagoda,street,normal,,09:00,17:00,WAY-071,Women,Women's Blouse V3,pcs,27,0,27,13,20,12,in_stock
OUT020,,Waypoint Style,Colombo,Peliyagoda,street,normal,,09:00,17:00,WAY-072,Women,Women's Dress V3,pcs,26,8,18,6,0,14,in_stock
OUT020,,Waypoint Style,Colombo,Peliyagoda,street,normal,,09:00,17:00,WAY-073,Women,Women's Jeans V3,pcs,30,2,28,13,10,11,in_stock
OUT020,,Waypoint Style,Colombo,Peliyagoda,street,normal,,09:00,17:00,WAY-074,Women,Women's Trousers V3,pcs,16,8,8,8,0,9,low_stock
OUT020,,Waypoint Style,Colombo,Peliyagoda,street,normal,,09:00,17:00,WAY-075,Women,Women's Skirt V3,pcs,44,3,41,15,30,7,in_stock
OUT020,,Waypoint Style,Colombo,Peliyagoda,street,normal,,09:00,17:00,WAY-076,Women,Women's Hoodie V3,pcs,7,7,0,2,20,18,out_of_stock
OUT020,,Waypoint Style,Colombo,Peliyagoda,street,normal,,09:00,17:00,WAY-077,Women,Women's Jacket V3,pcs,4,3,1,11,0,11,low_stock
OUT020,,Waypoint Style,Colombo,Peliyagoda,street,normal,,09:00,17:00,WAY-078,Kids,Kids T-Shirt V3,pcs,14,6,8,17,0,16,low_stock
OUT020,,Waypoint Style,Colombo,Peliyagoda,street,normal,,09:00,17:00,WAY-079,Kids,Kids Jeans V3,pcs,12,5,7,10,30,5,in_stock
OUT020,,Waypoint Style,Colombo,Peliyagoda,street,normal,,09:00,17:00,WAY-080,Kids,Kids Shorts V3,pcs,26,7,19,5,20,10,in_stock
OUT020,,Waypoint Style,Colombo,Peliyagoda,street,normal,,09:00,17:00,WAY-081,Kids,Kids Dress V3,pcs,37,3,34,9,30,7,in_stock
OUT020,,Waypoint Style,Colombo,Peliyagoda,street,normal,,09:00,17:00,WAY-082,Footwear,Men's Sneakers V3,pairs,34,8,26,21,10,10,in_stock
OUT020,,Waypoint Style,Colombo,Peliyagoda,street,normal,,09:00,17:00,WAY-083,Footwear,Women's Sneakers V3,pairs,39,7,32,18,5,6,in_stock
OUT020,,Waypoint Style,Colombo,Peliyagoda,street,normal,,09:00,17:00,WAY-084,Footwear,Men's Sandals V3,pairs,15,2,13,21,5,10,in_stock
OUT020,,Waypoint Style,Colombo,Peliyagoda,street,normal,,09:00,17:00,WAY-085,Footwear,Women's Sandals V3,pairs,19,5,14,11,0,5,in_stock
OUT020,,Waypoint Style,Colombo,Peliyagoda,street,normal,,09:00,17:00,WAY-086,Footwear,Kids' Shoes V3,pairs,36,8,28,6,0,18,in_stock
OUT020,,Waypoint Style,Colombo,Peliyagoda,street,normal,,09:00,17:00,WAY-087,Accessories,Backpack V3,pcs,5,2,3,15,0,8,low_stock
OUT020,,Waypoint Style,Colombo,Peliyagoda,street,normal,,09:00,17:00,WAY-088,Accessories,Wallet V3,pcs,35,8,27,14,10,15,in_stock
OUT020,,Waypoint Style,Colombo,Peliyagoda,street,normal,,09:00,17:00,WAY-089,Accessories,Cap V3,pcs,36,5,31,14,0,17,in_stock
OUT020,,Waypoint Style,Colombo,Peliyagoda,street,normal,,09:00,17:00,WAY-090,Accessories,Belt V3,pcs,21,2,19,18,0,5,in_stock
OUT020,,Waypoint Style,Colombo,Peliyagoda,street,normal,,09:00,17:00,WAY-091,Men,Men's T-Shirt V4,pcs,43,1,42,21,0,17,in_stock
OUT020,,Waypoint Style,Colombo,Peliyagoda,street,normal,,09:00,17:00,WAY-092,Men,Men's Polo Shirt V4,pcs,36,7,29,9,30,16,in_stock
OUT020,,Waypoint Style,Colombo,Peliyagoda,street,normal,,09:00,17:00,WAY-093,Men,Men's Casual Shirt V4,pcs,11,8,3,13,10,9,low_stock
OUT020,,Waypoint Style,Colombo,Peliyagoda,street,normal,,09:00,17:00,WAY-094,Men,Men's Formal Shirt V4,pcs,18,1,17,18,10,5,in_stock
OUT020,,Waypoint Style,Colombo,Peliyagoda,street,normal,,09:00,17:00,WAY-095,Men,Men's Jeans V4,pcs,37,5,32,12,0,18,in_stock
OUT020,,Waypoint Style,Colombo,Peliyagoda,street,normal,,09:00,17:00,WAY-096,Men,Men's Chino V4,pcs,24,8,16,22,10,6,in_stock
OUT020,,Waypoint Style,Colombo,Peliyagoda,street,normal,,09:00,17:00,WAY-097,Men,Men's Shorts V4,pcs,28,5,23,14,5,14,in_stock
OUT020,,Waypoint Style,Colombo,Peliyagoda,street,normal,,09:00,17:00,WAY-098,Men,Men's Hoodie V4,pcs,26,3,23,9,10,16,in_stock
OUT020,,Waypoint Style,Colombo,Peliyagoda,street,normal,,09:00,17:00,WAY-099,Men,Men's Jacket V4,pcs,32,3,29,5,0,10,in_stock
OUT020,,Waypoint Style,Colombo,Peliyagoda,street,normal,,09:00,17:00,WAY-100,Women,Women's T-Shirt V4,pcs,17,0,17,4,20,18,low_stock
OUT020,,Waypoint Style,Colombo,Peliyagoda,street,normal,,09:00,17:00,WAY-101,Women,Women's Blouse V4,pcs,14,8,6,17,10,16,low_stock
OUT020,,Waypoint Style,Colombo,Peliyagoda,street,normal,,09:00,17:00,WAY-102,Women,Women's Dress V4,pcs,29,1,28,20,0,12,in_stock
OUT020,,Waypoint Style,Colombo,Peliyagoda,street,normal,,09:00,17:00,WAY-103,Women,Women's Jeans V4,pcs,28,0,28,7,30,13,in_stock
OUT020,,Waypoint Style,Colombo,Peliyagoda,street,normal,,09:00,17:00,WAY-104,Women,Women's Trousers V4,pcs,44,6,38,18,0,10,in_stock
OUT020,,Waypoint Style,Colombo,Peliyagoda,street,normal,,09:00,17:00,WAY-105,Women,Women's Skirt V4,pcs,45,0,45,15,20,9,in_stock
OUT020,,Waypoint Style,Colombo,Peliyagoda,street,normal,,09:00,17:00,WAY-106,Women,Women's Hoodie V4,pcs,11,1,10,18,5,12,low_stock
OUT020,,Waypoint Style,Colombo,Peliyagoda,street,normal,,09:00,17:00,WAY-107,Women,Women's Jacket V4,pcs,11,2,9,7,5,12,low_stock
OUT020,,Waypoint Style,Colombo,Peliyagoda,street,normal,,09:00,17:00,WAY-108,Kids,Kids T-Shirt V4,pcs,34,2,32,19,5,17,in_stock
OUT020,,Waypoint Style,Colombo,Peliyagoda,street,normal,,09:00,17:00,WAY-109,Kids,Kids Jeans V4,pcs,27,2,25,7,0,17,in_stock
OUT020,,Waypoint Style,Colombo,Peliyagoda,street,normal,,09:00,17:00,WAY-110,Kids,Kids Shorts V4,pcs,26,8,18,5,30,7,in_stock
OUT020,,Waypoint Style,Colombo,Peliyagoda,street,normal,,09:00,17:00,WAY-111,Kids,Kids Dress V4,pcs,27,3,24,17,20,7,in_stock
OUT020,,Waypoint Style,Colombo,Peliyagoda,street,normal,,09:00,17:00,WAY-112,Footwear,Men's Sneakers V4,pairs,6,5,1,7,5,17,low_stock
OUT020,,Waypoint Style,Colombo,Peliyagoda,street,normal,,09:00,17:00,WAY-113,Footwear,Women's Sneakers V4,pairs,24,4,20,1,20,5,in_stock
OUT020,,Waypoint Style,Colombo,Peliyagoda,street,normal,,09:00,17:00,WAY-114,Footwear,Men's Sandals V4,pairs,6,4,2,2,5,7,low_stock
OUT020,,Waypoint Style,Colombo,Peliyagoda,street,normal,,09:00,17:00,WAY-115,Footwear,Women's Sandals V4,pairs,25,8,17,15,10,13,in_stock
OUT020,,Waypoint Style,Colombo,Peliyagoda,street,normal,,09:00,17:00,WAY-116,Footwear,Kids' Shoes V4,pairs,6,5,1,4,5,17,low_stock
OUT020,,Waypoint Style,Colombo,Peliyagoda,street,normal,,09:00,17:00,WAY-117,Accessories,Backpack V4,pcs,9,2,7,6,5,14,low_stock
OUT020,,Waypoint Style,Colombo,Peliyagoda,street,normal,,09:00,17:00,WAY-118,Accessories,Wallet V4,pcs,15,0,15,15,20,11,in_stock
OUT020,,Waypoint Style,Colombo,Peliyagoda,street,normal,,09:00,17:00,WAY-119,Accessories,Cap V4,pcs,9,3,6,7,30,9,low_stock
OUT020,,Waypoint Style,Colombo,Peliyagoda,street,normal,,09:00,17:00,WAY-120,Accessories,Belt V4,pcs,23,6,17,8,30,10,in_stock
OUT020,,Waypoint Style,Colombo,Peliyagoda,street,normal,,09:00,17:00,WAY-121,Men,Men's T-Shirt V5,pcs,34,0,34,20,0,16,in_stock
OUT020,,Waypoint Style,Colombo,Peliyagoda,street,normal,,09:00,17:00,WAY-122,Men,Men's Polo Shirt V5,pcs,27,6,21,18,20,9,in_stock
OUT020,,Waypoint Style,Colombo,Peliyagoda,street,normal,,09:00,17:00,WAY-123,Men,Men's Casual Shirt V5,pcs,5,4,1,1,10,16,low_stock
OUT020,,Waypoint Style,Colombo,Peliyagoda,street,normal,,09:00,17:00,WAY-124,Men,Men's Formal Shirt V5,pcs,17,2,15,18,20,7,in_stock
OUT020,,Waypoint Style,Colombo,Peliyagoda,street,normal,,09:00,17:00,WAY-125,Men,Men's Jeans V5,pcs,7,1,6,18,30,14,low_stock
OUT020,,Waypoint Style,Colombo,Peliyagoda,street,normal,,09:00,17:00,WAY-126,Men,Men's Chino V5,pcs,41,0,41,15,0,6,in_stock
OUT020,,Waypoint Style,Colombo,Peliyagoda,street,normal,,09:00,17:00,WAY-127,Men,Men's Shorts V5,pcs,33,2,31,14,0,17,in_stock
OUT020,,Waypoint Style,Colombo,Peliyagoda,street,normal,,09:00,17:00,WAY-128,Men,Men's Hoodie V5,pcs,33,5,28,6,5,8,in_stock
OUT020,,Waypoint Style,Colombo,Peliyagoda,street,normal,,09:00,17:00,WAY-129,Men,Men's Jacket V5,pcs,11,0,11,11,5,15,low_stock
OUT020,,Waypoint Style,Colombo,Peliyagoda,street,normal,,09:00,17:00,WAY-130,Women,Women's T-Shirt V5,pcs,10,6,4,17,5,15,low_stock
OUT020,,Waypoint Style,Colombo,Peliyagoda,street,normal,,09:00,17:00,WAY-131,Women,Women's Blouse V5,pcs,23,8,15,9,0,12,in_stock
OUT020,,Waypoint Style,Colombo,Peliyagoda,street,normal,,09:00,17:00,WAY-132,Women,Women's Dress V5,pcs,38,3,35,4,30,9,in_stock
OUT020,,Waypoint Style,Colombo,Peliyagoda,street,normal,,09:00,17:00,WAY-133,Women,Women's Jeans V5,pcs,38,3,35,10,10,9,in_stock
OUT020,,Waypoint Style,Colombo,Peliyagoda,street,normal,,09:00,17:00,WAY-134,Women,Women's Trousers V5,pcs,25,1,24,12,10,9,in_stock
OUT020,,Waypoint Style,Colombo,Peliyagoda,street,normal,,09:00,17:00,WAY-135,Women,Women's Skirt V5,pcs,4,0,4,1,10,17,low_stock
OUT020,,Waypoint Style,Colombo,Peliyagoda,street,normal,,09:00,17:00,WAY-136,Women,Women's Hoodie V5,pcs,39,1,38,9,10,7,in_stock
OUT020,,Waypoint Style,Colombo,Peliyagoda,street,normal,,09:00,17:00,WAY-137,Women,Women's Jacket V5,pcs,44,8,36,7,20,7,in_stock
OUT020,,Waypoint Style,Colombo,Peliyagoda,street,normal,,09:00,17:00,WAY-138,Kids,Kids T-Shirt V5,pcs,27,4,23,14,10,17,in_stock
OUT020,,Waypoint Style,Colombo,Peliyagoda,street,normal,,09:00,17:00,WAY-139,Kids,Kids Jeans V5,pcs,19,5,14,6,0,16,low_stock
OUT020,,Waypoint Style,Colombo,Peliyagoda,street,normal,,09:00,17:00,WAY-140,Kids,Kids Shorts V5,pcs,9,8,1,17,10,11,low_stock
OUT020,,Waypoint Style,Colombo,Peliyagoda,street,normal,,09:00,17:00,WAY-141,Kids,Kids Dress V5,pcs,26,3,23,10,20,6,in_stock
OUT020,,Waypoint Style,Colombo,Peliyagoda,street,normal,,09:00,17:00,WAY-142,Footwear,Men's Sneakers V5,pairs,16,3,13,21,20,17,low_stock
OUT020,,Waypoint Style,Colombo,Peliyagoda,street,normal,,09:00,17:00,WAY-143,Footwear,Women's Sneakers V5,pairs,6,5,1,18,0,12,low_stock
OUT020,,Waypoint Style,Colombo,Peliyagoda,street,normal,,09:00,17:00,WAY-144,Footwear,Men's Sandals V5,pairs,35,4,31,4,20,11,in_stock
OUT020,,Waypoint Style,Colombo,Peliyagoda,street,normal,,09:00,17:00,WAY-145,Footwear,Women's Sandals V5,pairs,29,5,24,14,10,17,in_stock
OUT020,,Waypoint Style,Colombo,Peliyagoda,street,normal,,09:00,17:00,WAY-146,Footwear,Kids' Shoes V5,pairs,5,3,2,11,20,7,low_stock
OUT020,,Waypoint Style,Colombo,Peliyagoda,street,normal,,09:00,17:00,WAY-147,Accessories,Backpack V5,pcs,29,1,28,1,0,12,in_stock
OUT020,,Waypoint Style,Colombo,Peliyagoda,street,normal,,09:00,17:00,WAY-148,Accessories,Wallet V5,pcs,31,8,23,15,30,15,in_stock
OUT020,,Waypoint Style,Colombo,Peliyagoda,street,normal,,09:00,17:00,WAY-149,Accessories,Cap V5,pcs,18,1,17,14,0,18,low_stock
OUT020,,Waypoint Style,Colombo,Peliyagoda,street,normal,,09:00,17:00,WAY-150,Accessories,Belt V5,pcs,19,2,17,8,0,15,in_stock
OUT020,,Waypoint Style,Colombo,Peliyagoda,street,normal,,09:00,17:00,WAY-151,Men,Men's T-Shirt V6,pcs,45,7,38,11,5,17,in_stock
OUT020,,Waypoint Style,Colombo,Peliyagoda,street,normal,,09:00,17:00,WAY-152,Men,Men's Polo Shirt V6,pcs,16,0,16,9,30,18,low_stock
OUT020,,Waypoint Style,Colombo,Peliyagoda,street,normal,,09:00,17:00,WAY-153,Men,Men's Casual Shirt V6,pcs,17,4,13,20,0,10,in_stock
OUT020,,Waypoint Style,Colombo,Peliyagoda,street,normal,,09:00,17:00,WAY-154,Men,Men's Formal Shirt V6,pcs,21,2,19,5,30,18,in_stock
OUT020,,Waypoint Style,Colombo,Peliyagoda,street,normal,,09:00,17:00,WAY-155,Men,Men's Jeans V6,pcs,12,8,4,3,30,12,low_stock
OUT020,,Waypoint Style,Colombo,Peliyagoda,street,normal,,09:00,17:00,WAY-156,Men,Men's Chino V6,pcs,42,6,36,7,0,11,in_stock
OUT020,,Waypoint Style,Colombo,Peliyagoda,street,normal,,09:00,17:00,WAY-157,Men,Men's Shorts V6,pcs,18,2,16,19,10,10,in_stock
OUT020,,Waypoint Style,Colombo,Peliyagoda,street,normal,,09:00,17:00,WAY-158,Men,Men's Hoodie V6,pcs,27,6,21,16,0,5,in_stock
OUT020,,Waypoint Style,Colombo,Peliyagoda,street,normal,,09:00,17:00,WAY-159,Men,Men's Jacket V6,pcs,5,1,4,12,30,11,low_stock
OUT020,,Waypoint Style,Colombo,Peliyagoda,street,normal,,09:00,17:00,WAY-160,Women,Women's T-Shirt V6,pcs,45,3,42,22,20,12,in_stock
OUT020,,Waypoint Style,Colombo,Peliyagoda,street,normal,,09:00,17:00,WAY-161,Women,Women's Blouse V6,pcs,4,2,2,13,5,9,low_stock
OUT020,,Waypoint Style,Colombo,Peliyagoda,street,normal,,09:00,17:00,WAY-162,Women,Women's Dress V6,pcs,29,8,21,6,10,6,in_stock
OUT020,,Waypoint Style,Colombo,Peliyagoda,street,normal,,09:00,17:00,WAY-163,Women,Women's Jeans V6,pcs,8,8,0,11,0,9,out_of_stock
OUT020,,Waypoint Style,Colombo,Peliyagoda,street,normal,,09:00,17:00,WAY-164,Women,Women's Trousers V6,pcs,41,7,34,16,5,9,in_stock
OUT020,,Waypoint Style,Colombo,Peliyagoda,street,normal,,09:00,17:00,WAY-165,Women,Women's Skirt V6,pcs,13,5,8,15,20,7,in_stock
OUT020,,Waypoint Style,Colombo,Peliyagoda,street,normal,,09:00,17:00,WAY-166,Women,Women's Hoodie V6,pcs,14,6,8,9,0,8,low_stock
OUT020,,Waypoint Style,Colombo,Peliyagoda,street,normal,,09:00,17:00,WAY-167,Women,Women's Jacket V6,pcs,15,7,8,8,0,12,low_stock
OUT020,,Waypoint Style,Colombo,Peliyagoda,street,normal,,09:00,17:00,WAY-168,Kids,Kids T-Shirt V6,pcs,9,0,9,13,10,17,low_stock
OUT020,,Waypoint Style,Colombo,Peliyagoda,street,normal,,09:00,17:00,WAY-169,Kids,Kids Jeans V6,pcs,32,1,31,17,30,16,in_stock
OUT020,,Waypoint Style,Colombo,Peliyagoda,street,normal,,09:00,17:00,WAY-170,Kids,Kids Shorts V6,pcs,30,3,27,19,5,5,in_stock
OUT020,,Waypoint Style,Colombo,Peliyagoda,street,normal,,09:00,17:00,WAY-171,Kids,Kids Dress V6,pcs,10,7,3,10,0,5,low_stock
OUT020,,Waypoint Style,Colombo,Peliyagoda,street,normal,,09:00,17:00,WAY-172,Footwear,Men's Sneakers V6,pairs,26,7,19,21,30,9,in_stock
OUT020,,Waypoint Style,Colombo,Peliyagoda,street,normal,,09:00,17:00,WAY-173,Footwear,Women's Sneakers V6,pairs,38,5,33,18,0,13,in_stock
OUT020,,Waypoint Style,Colombo,Peliyagoda,street,normal,,09:00,17:00,WAY-174,Footwear,Men's Sandals V6,pairs,42,5,37,19,10,18,in_stock
OUT020,,Waypoint Style,Colombo,Peliyagoda,street,normal,,09:00,17:00,WAY-175,Footwear,Women's Sandals V6,pairs,26,5,21,19,30,8,in_stock
OUT020,,Waypoint Style,Colombo,Peliyagoda,street,normal,,09:00,17:00,WAY-176,Footwear,Kids' Shoes V6,pairs,34,7,27,17,20,5,in_stock
OUT020,,Waypoint Style,Colombo,Peliyagoda,street,normal,,09:00,17:00,WAY-177,Accessories,Backpack V6,pcs,38,8,30,10,10,9,in_stock
OUT020,,Waypoint Style,Colombo,Peliyagoda,street,normal,,09:00,17:00,WAY-178,Accessories,Wallet V6,pcs,34,4,30,10,0,10,in_stock
OUT020,,Waypoint Style,Colombo,Peliyagoda,street,normal,,09:00,17:00,WAY-179,Accessories,Cap V6,pcs,40,6,34,21,10,12,in_stock
OUT020,,Waypoint Style,Colombo,Peliyagoda,street,normal,,09:00,17:00,WAY-180,Accessories,Belt V6,pcs,9,5,4,19,5,17,low_stock
OUT020,,Waypoint Style,Colombo,Peliyagoda,street,normal,,09:00,17:00,WAY-181,Men,Men's T-Shirt V7,pcs,19,4,15,20,10,6,in_stock
OUT020,,Waypoint Style,Colombo,Peliyagoda,street,normal,,09:00,17:00,WAY-182,Men,Men's Polo Shirt V7,pcs,13,4,9,16,20,7,in_stock
OUT020,,Waypoint Style,Colombo,Peliyagoda,street,normal,,09:00,17:00,WAY-183,Men,Men's Casual Shirt V7,pcs,43,8,35,8,0,12,in_stock
OUT020,,Waypoint Style,Colombo,Peliyagoda,street,normal,,09:00,17:00,WAY-184,Men,Men's Formal Shirt V7,pcs,42,8,34,22,0,9,in_stock
OUT020,,Waypoint Style,Colombo,Peliyagoda,street,normal,,09:00,17:00,WAY-185,Men,Men's Jeans V7,pcs,12,0,12,19,10,12,low_stock
OUT020,,Waypoint Style,Colombo,Peliyagoda,street,normal,,09:00,17:00,WAY-186,Men,Men's Chino V7,pcs,12,1,11,8,0,5,in_stock
OUT020,,Waypoint Style,Colombo,Peliyagoda,street,normal,,09:00,17:00,WAY-187,Men,Men's Shorts V7,pcs,23,1,22,6,5,6,in_stock
OUT020,,Waypoint Style,Colombo,Peliyagoda,street,normal,,09:00,17:00,WAY-188,Men,Men's Hoodie V7,pcs,8,8,0,15,0,18,out_of_stock
OUT020,,Waypoint Style,Colombo,Peliyagoda,street,normal,,09:00,17:00,WAY-189,Men,Men's Jacket V7,pcs,12,7,5,21,20,5,low_stock
OUT020,,Waypoint Style,Colombo,Peliyagoda,street,normal,,09:00,17:00,WAY-190,Women,Women's T-Shirt V7,pcs,7,0,7,1,10,12,low_stock
OUT020,,Waypoint Style,Colombo,Peliyagoda,street,normal,,09:00,17:00,WAY-191,Women,Women's Blouse V7,pcs,21,8,13,22,5,13,low_stock
OUT020,,Waypoint Style,Colombo,Peliyagoda,street,normal,,09:00,17:00,WAY-192,Women,Women's Dress V7,pcs,25,7,18,21,20,12,in_stock
OUT020,,Waypoint Style,Colombo,Peliyagoda,street,normal,,09:00,17:00,WAY-193,Women,Women's Jeans V7,pcs,33,1,32,18,0,10,in_stock
OUT020,,Waypoint Style,Colombo,Peliyagoda,street,normal,,09:00,17:00,WAY-194,Women,Women's Trousers V7,pcs,13,3,10,17,10,12,low_stock
OUT020,,Waypoint Style,Colombo,Peliyagoda,street,normal,,09:00,17:00,WAY-195,Women,Women's Skirt V7,pcs,17,0,17,4,30,8,in_stock
OUT020,,Waypoint Style,Colombo,Peliyagoda,street,normal,,09:00,17:00,WAY-196,Women,Women's Hoodie V7,pcs,9,0,9,2,0,14,low_stock
OUT020,,Waypoint Style,Colombo,Peliyagoda,street,normal,,09:00,17:00,WAY-197,Women,Women's Jacket V7,pcs,25,3,22,5,20,17,in_stock
OUT020,,Waypoint Style,Colombo,Peliyagoda,street,normal,,09:00,17:00,WAY-198,Kids,Kids T-Shirt V7,pcs,5,3,2,6,30,14,low_stock
OUT020,,Waypoint Style,Colombo,Peliyagoda,street,normal,,09:00,17:00,WAY-199,Kids,Kids Jeans V7,pcs,32,5,27,15,30,14,in_stock
OUT020,,Waypoint Style,Colombo,Peliyagoda,street,normal,,09:00,17:00,WAY-200,Kids,Kids Shorts V7,pcs,19,1,18,8,20,17,in_stock
OUT035,,Waypoint Style,Gampaha,Peliyagoda,mall_bay,mall_dock,10:30-12:30,10:30,12:30,WAY-001,Men,Men's T-Shirt,pcs,32,0,32,5,0,10,in_stock
OUT035,,Waypoint Style,Gampaha,Peliyagoda,mall_bay,mall_dock,10:30-12:30,10:30,12:30,WAY-002,Men,Men's Polo Shirt,pcs,45,7,38,19,0,12,in_stock
OUT035,,Waypoint Style,Gampaha,Peliyagoda,mall_bay,mall_dock,10:30-12:30,10:30,12:30,WAY-003,Men,Men's Casual Shirt,pcs,14,8,6,15,0,11,low_stock
OUT035,,Waypoint Style,Gampaha,Peliyagoda,mall_bay,mall_dock,10:30-12:30,10:30,12:30,WAY-004,Men,Men's Formal Shirt,pcs,16,0,16,11,0,10,in_stock
OUT035,,Waypoint Style,Gampaha,Peliyagoda,mall_bay,mall_dock,10:30-12:30,10:30,12:30,WAY-005,Men,Men's Jeans,pcs,11,4,7,9,5,9,low_stock
OUT035,,Waypoint Style,Gampaha,Peliyagoda,mall_bay,mall_dock,10:30-12:30,10:30,12:30,WAY-006,Men,Men's Chino,pcs,4,0,4,3,5,12,low_stock
OUT035,,Waypoint Style,Gampaha,Peliyagoda,mall_bay,mall_dock,10:30-12:30,10:30,12:30,WAY-007,Men,Men's Shorts,pcs,32,6,26,12,10,13,in_stock
OUT035,,Waypoint Style,Gampaha,Peliyagoda,mall_bay,mall_dock,10:30-12:30,10:30,12:30,WAY-008,Men,Men's Hoodie,pcs,29,4,25,18,0,5,in_stock
OUT035,,Waypoint Style,Gampaha,Peliyagoda,mall_bay,mall_dock,10:30-12:30,10:30,12:30,WAY-009,Men,Men's Jacket,pcs,21,2,19,19,0,17,in_stock
OUT035,,Waypoint Style,Gampaha,Peliyagoda,mall_bay,mall_dock,10:30-12:30,10:30,12:30,WAY-010,Women,Women's T-Shirt,pcs,13,1,12,2,30,16,low_stock
OUT035,,Waypoint Style,Gampaha,Peliyagoda,mall_bay,mall_dock,10:30-12:30,10:30,12:30,WAY-011,Women,Women's Blouse,pcs,31,7,24,16,0,7,in_stock
OUT035,,Waypoint Style,Gampaha,Peliyagoda,mall_bay,mall_dock,10:30-12:30,10:30,12:30,WAY-012,Women,Women's Dress,pcs,14,6,8,16,0,17,low_stock
OUT035,,Waypoint Style,Gampaha,Peliyagoda,mall_bay,mall_dock,10:30-12:30,10:30,12:30,WAY-013,Women,Women's Jeans,pcs,33,3,30,22,0,18,in_stock
OUT035,,Waypoint Style,Gampaha,Peliyagoda,mall_bay,mall_dock,10:30-12:30,10:30,12:30,WAY-014,Women,Women's Trousers,pcs,36,7,29,9,0,13,in_stock
OUT035,,Waypoint Style,Gampaha,Peliyagoda,mall_bay,mall_dock,10:30-12:30,10:30,12:30,WAY-015,Women,Women's Skirt,pcs,16,3,13,7,30,9,in_stock
OUT035,,Waypoint Style,Gampaha,Peliyagoda,mall_bay,mall_dock,10:30-12:30,10:30,12:30,WAY-016,Women,Women's Hoodie,pcs,40,2,38,13,5,18,in_stock
OUT035,,Waypoint Style,Gampaha,Peliyagoda,mall_bay,mall_dock,10:30-12:30,10:30,12:30,WAY-017,Women,Women's Jacket,pcs,34,0,34,12,20,9,in_stock
OUT035,,Waypoint Style,Gampaha,Peliyagoda,mall_bay,mall_dock,10:30-12:30,10:30,12:30,WAY-018,Kids,Kids T-Shirt,pcs,13,4,9,14,10,7,in_stock
OUT035,,Waypoint Style,Gampaha,Peliyagoda,mall_bay,mall_dock,10:30-12:30,10:30,12:30,WAY-019,Kids,Kids Jeans,pcs,24,2,22,1,0,16,in_stock
OUT035,,Waypoint Style,Gampaha,Peliyagoda,mall_bay,mall_dock,10:30-12:30,10:30,12:30,WAY-020,Kids,Kids Shorts,pcs,37,6,31,9,0,5,in_stock
OUT035,,Waypoint Style,Gampaha,Peliyagoda,mall_bay,mall_dock,10:30-12:30,10:30,12:30,WAY-021,Kids,Kids Dress,pcs,5,0,5,18,10,5,low_stock
OUT035,,Waypoint Style,Gampaha,Peliyagoda,mall_bay,mall_dock,10:30-12:30,10:30,12:30,WAY-022,Footwear,Men's Sneakers,pairs,15,8,7,11,5,9,low_stock
OUT035,,Waypoint Style,Gampaha,Peliyagoda,mall_bay,mall_dock,10:30-12:30,10:30,12:30,WAY-023,Footwear,Women's Sneakers,pairs,32,8,24,16,20,10,in_stock
OUT035,,Waypoint Style,Gampaha,Peliyagoda,mall_bay,mall_dock,10:30-12:30,10:30,12:30,WAY-024,Footwear,Men's Sandals,pairs,29,3,26,18,20,10,in_stock
OUT035,,Waypoint Style,Gampaha,Peliyagoda,mall_bay,mall_dock,10:30-12:30,10:30,12:30,WAY-025,Footwear,Women's Sandals,pairs,39,5,34,6,0,14,in_stock
OUT035,,Waypoint Style,Gampaha,Peliyagoda,mall_bay,mall_dock,10:30-12:30,10:30,12:30,WAY-026,Footwear,Kids' Shoes,pairs,45,6,39,6,0,17,in_stock
OUT035,,Waypoint Style,Gampaha,Peliyagoda,mall_bay,mall_dock,10:30-12:30,10:30,12:30,WAY-027,Accessories,Backpack,pcs,12,3,9,21,10,13,low_stock
OUT035,,Waypoint Style,Gampaha,Peliyagoda,mall_bay,mall_dock,10:30-12:30,10:30,12:30,WAY-028,Accessories,Wallet,pcs,12,5,7,15,20,13,low_stock
OUT035,,Waypoint Style,Gampaha,Peliyagoda,mall_bay,mall_dock,10:30-12:30,10:30,12:30,WAY-029,Accessories,Cap,pcs,37,7,30,21,30,10,in_stock
OUT035,,Waypoint Style,Gampaha,Peliyagoda,mall_bay,mall_dock,10:30-12:30,10:30,12:30,WAY-030,Accessories,Belt,pcs,11,7,4,2,20,12,low_stock
OUT035,,Waypoint Style,Gampaha,Peliyagoda,mall_bay,mall_dock,10:30-12:30,10:30,12:30,WAY-031,Men,Men's T-Shirt V2,pcs,40,3,37,6,10,13,in_stock
OUT035,,Waypoint Style,Gampaha,Peliyagoda,mall_bay,mall_dock,10:30-12:30,10:30,12:30,WAY-032,Men,Men's Polo Shirt V2,pcs,39,3,36,13,5,12,in_stock
OUT035,,Waypoint Style,Gampaha,Peliyagoda,mall_bay,mall_dock,10:30-12:30,10:30,12:30,WAY-033,Men,Men's Casual Shirt V2,pcs,14,5,9,4,20,11,low_stock
OUT035,,Waypoint Style,Gampaha,Peliyagoda,mall_bay,mall_dock,10:30-12:30,10:30,12:30,WAY-034,Men,Men's Formal Shirt V2,pcs,19,5,14,9,20,13,in_stock
OUT035,,Waypoint Style,Gampaha,Peliyagoda,mall_bay,mall_dock,10:30-12:30,10:30,12:30,WAY-035,Men,Men's Jeans V2,pcs,29,2,27,7,5,10,in_stock
OUT035,,Waypoint Style,Gampaha,Peliyagoda,mall_bay,mall_dock,10:30-12:30,10:30,12:30,WAY-036,Men,Men's Chino V2,pcs,20,5,15,6,5,14,in_stock
OUT035,,Waypoint Style,Gampaha,Peliyagoda,mall_bay,mall_dock,10:30-12:30,10:30,12:30,WAY-037,Men,Men's Shorts V2,pcs,24,3,21,10,20,5,in_stock
OUT035,,Waypoint Style,Gampaha,Peliyagoda,mall_bay,mall_dock,10:30-12:30,10:30,12:30,WAY-038,Men,Men's Hoodie V2,pcs,8,8,0,11,0,7,out_of_stock
OUT035,,Waypoint Style,Gampaha,Peliyagoda,mall_bay,mall_dock,10:30-12:30,10:30,12:30,WAY-039,Men,Men's Jacket V2,pcs,30,1,29,10,20,9,in_stock
OUT035,,Waypoint Style,Gampaha,Peliyagoda,mall_bay,mall_dock,10:30-12:30,10:30,12:30,WAY-040,Women,Women's T-Shirt V2,pcs,27,0,27,18,0,15,in_stock
OUT035,,Waypoint Style,Gampaha,Peliyagoda,mall_bay,mall_dock,10:30-12:30,10:30,12:30,WAY-041,Women,Women's Blouse V2,pcs,24,7,17,8,20,18,low_stock
OUT035,,Waypoint Style,Gampaha,Peliyagoda,mall_bay,mall_dock,10:30-12:30,10:30,12:30,WAY-042,Women,Women's Dress V2,pcs,28,2,26,15,30,12,in_stock
OUT035,,Waypoint Style,Gampaha,Peliyagoda,mall_bay,mall_dock,10:30-12:30,10:30,12:30,WAY-043,Women,Women's Jeans V2,pcs,31,8,23,11,5,5,in_stock
OUT035,,Waypoint Style,Gampaha,Peliyagoda,mall_bay,mall_dock,10:30-12:30,10:30,12:30,WAY-044,Women,Women's Trousers V2,pcs,31,5,26,5,20,16,in_stock
OUT035,,Waypoint Style,Gampaha,Peliyagoda,mall_bay,mall_dock,10:30-12:30,10:30,12:30,WAY-045,Women,Women's Skirt V2,pcs,16,4,12,20,0,16,low_stock
OUT035,,Waypoint Style,Gampaha,Peliyagoda,mall_bay,mall_dock,10:30-12:30,10:30,12:30,WAY-046,Women,Women's Hoodie V2,pcs,35,8,27,18,30,13,in_stock
OUT035,,Waypoint Style,Gampaha,Peliyagoda,mall_bay,mall_dock,10:30-12:30,10:30,12:30,WAY-047,Women,Women's Jacket V2,pcs,23,8,15,4,5,8,in_stock
OUT035,,Waypoint Style,Gampaha,Peliyagoda,mall_bay,mall_dock,10:30-12:30,10:30,12:30,WAY-048,Kids,Kids T-Shirt V2,pcs,18,6,12,18,0,13,low_stock
OUT035,,Waypoint Style,Gampaha,Peliyagoda,mall_bay,mall_dock,10:30-12:30,10:30,12:30,WAY-049,Kids,Kids Jeans V2,pcs,20,0,20,13,0,18,in_stock
OUT035,,Waypoint Style,Gampaha,Peliyagoda,mall_bay,mall_dock,10:30-12:30,10:30,12:30,WAY-050,Kids,Kids Shorts V2,pcs,33,2,31,3,0,6,in_stock
OUT035,,Waypoint Style,Gampaha,Peliyagoda,mall_bay,mall_dock,10:30-12:30,10:30,12:30,WAY-051,Kids,Kids Dress V2,pcs,20,7,13,21,20,13,low_stock
OUT035,,Waypoint Style,Gampaha,Peliyagoda,mall_bay,mall_dock,10:30-12:30,10:30,12:30,WAY-052,Footwear,Men's Sneakers V2,pairs,18,0,18,1,0,13,in_stock
OUT035,,Waypoint Style,Gampaha,Peliyagoda,mall_bay,mall_dock,10:30-12:30,10:30,12:30,WAY-053,Footwear,Women's Sneakers V2,pairs,40,5,35,16,0,10,in_stock
OUT035,,Waypoint Style,Gampaha,Peliyagoda,mall_bay,mall_dock,10:30-12:30,10:30,12:30,WAY-054,Footwear,Men's Sandals V2,pairs,15,2,13,21,5,6,in_stock
OUT035,,Waypoint Style,Gampaha,Peliyagoda,mall_bay,mall_dock,10:30-12:30,10:30,12:30,WAY-055,Footwear,Women's Sandals V2,pairs,19,0,19,3,30,6,in_stock
OUT035,,Waypoint Style,Gampaha,Peliyagoda,mall_bay,mall_dock,10:30-12:30,10:30,12:30,WAY-056,Footwear,Kids' Shoes V2,pairs,4,3,1,9,0,9,low_stock
OUT035,,Waypoint Style,Gampaha,Peliyagoda,mall_bay,mall_dock,10:30-12:30,10:30,12:30,WAY-057,Accessories,Backpack V2,pcs,4,3,1,20,30,9,low_stock
OUT035,,Waypoint Style,Gampaha,Peliyagoda,mall_bay,mall_dock,10:30-12:30,10:30,12:30,WAY-058,Accessories,Wallet V2,pcs,15,4,11,10,30,14,low_stock
OUT035,,Waypoint Style,Gampaha,Peliyagoda,mall_bay,mall_dock,10:30-12:30,10:30,12:30,WAY-059,Accessories,Cap V2,pcs,30,8,22,9,30,12,in_stock
OUT035,,Waypoint Style,Gampaha,Peliyagoda,mall_bay,mall_dock,10:30-12:30,10:30,12:30,WAY-060,Accessories,Belt V2,pcs,19,8,11,3,30,15,low_stock
OUT035,,Waypoint Style,Gampaha,Peliyagoda,mall_bay,mall_dock,10:30-12:30,10:30,12:30,WAY-061,Men,Men's T-Shirt V3,pcs,8,8,0,12,10,12,out_of_stock
OUT035,,Waypoint Style,Gampaha,Peliyagoda,mall_bay,mall_dock,10:30-12:30,10:30,12:30,WAY-062,Men,Men's Polo Shirt V3,pcs,25,3,22,14,20,14,in_stock
OUT035,,Waypoint Style,Gampaha,Peliyagoda,mall_bay,mall_dock,10:30-12:30,10:30,12:30,WAY-063,Men,Men's Casual Shirt V3,pcs,35,5,30,15,20,5,in_stock
OUT035,,Waypoint Style,Gampaha,Peliyagoda,mall_bay,mall_dock,10:30-12:30,10:30,12:30,WAY-064,Men,Men's Formal Shirt V3,pcs,30,8,22,18,10,13,in_stock
OUT035,,Waypoint Style,Gampaha,Peliyagoda,mall_bay,mall_dock,10:30-12:30,10:30,12:30,WAY-065,Men,Men's Jeans V3,pcs,22,8,14,16,10,17,low_stock
OUT035,,Waypoint Style,Gampaha,Peliyagoda,mall_bay,mall_dock,10:30-12:30,10:30,12:30,WAY-066,Men,Men's Chino V3,pcs,39,5,34,21,30,16,in_stock
OUT035,,Waypoint Style,Gampaha,Peliyagoda,mall_bay,mall_dock,10:30-12:30,10:30,12:30,WAY-067,Men,Men's Shorts V3,pcs,17,3,14,15,10,9,in_stock
OUT035,,Waypoint Style,Gampaha,Peliyagoda,mall_bay,mall_dock,10:30-12:30,10:30,12:30,WAY-068,Men,Men's Hoodie V3,pcs,32,4,28,1,0,17,in_stock
OUT035,,Waypoint Style,Gampaha,Peliyagoda,mall_bay,mall_dock,10:30-12:30,10:30,12:30,WAY-069,Men,Men's Jacket V3,pcs,39,8,31,1,20,9,in_stock
OUT035,,Waypoint Style,Gampaha,Peliyagoda,mall_bay,mall_dock,10:30-12:30,10:30,12:30,WAY-070,Women,Women's T-Shirt V3,pcs,19,7,12,15,0,6,in_stock
OUT035,,Waypoint Style,Gampaha,Peliyagoda,mall_bay,mall_dock,10:30-12:30,10:30,12:30,WAY-071,Women,Women's Blouse V3,pcs,34,8,26,15,0,9,in_stock
OUT035,,Waypoint Style,Gampaha,Peliyagoda,mall_bay,mall_dock,10:30-12:30,10:30,12:30,WAY-072,Women,Women's Dress V3,pcs,44,0,44,21,0,13,in_stock
OUT035,,Waypoint Style,Gampaha,Peliyagoda,mall_bay,mall_dock,10:30-12:30,10:30,12:30,WAY-073,Women,Women's Jeans V3,pcs,9,8,1,21,10,12,low_stock
OUT035,,Waypoint Style,Gampaha,Peliyagoda,mall_bay,mall_dock,10:30-12:30,10:30,12:30,WAY-074,Women,Women's Trousers V3,pcs,8,2,6,5,5,11,low_stock
OUT035,,Waypoint Style,Gampaha,Peliyagoda,mall_bay,mall_dock,10:30-12:30,10:30,12:30,WAY-075,Women,Women's Skirt V3,pcs,45,2,43,7,0,9,in_stock
OUT035,,Waypoint Style,Gampaha,Peliyagoda,mall_bay,mall_dock,10:30-12:30,10:30,12:30,WAY-076,Women,Women's Hoodie V3,pcs,8,3,5,9,20,18,low_stock
OUT035,,Waypoint Style,Gampaha,Peliyagoda,mall_bay,mall_dock,10:30-12:30,10:30,12:30,WAY-077,Women,Women's Jacket V3,pcs,41,8,33,16,20,11,in_stock
OUT035,,Waypoint Style,Gampaha,Peliyagoda,mall_bay,mall_dock,10:30-12:30,10:30,12:30,WAY-078,Kids,Kids T-Shirt V3,pcs,42,4,38,10,0,6,in_stock
OUT035,,Waypoint Style,Gampaha,Peliyagoda,mall_bay,mall_dock,10:30-12:30,10:30,12:30,WAY-079,Kids,Kids Jeans V3,pcs,39,8,31,9,5,6,in_stock
OUT035,,Waypoint Style,Gampaha,Peliyagoda,mall_bay,mall_dock,10:30-12:30,10:30,12:30,WAY-080,Kids,Kids Shorts V3,pcs,43,0,43,8,20,10,in_stock
OUT035,,Waypoint Style,Gampaha,Peliyagoda,mall_bay,mall_dock,10:30-12:30,10:30,12:30,WAY-081,Kids,Kids Dress V3,pcs,5,0,5,4,5,12,low_stock
OUT035,,Waypoint Style,Gampaha,Peliyagoda,mall_bay,mall_dock,10:30-12:30,10:30,12:30,WAY-082,Footwear,Men's Sneakers V3,pairs,36,8,28,13,5,14,in_stock
OUT035,,Waypoint Style,Gampaha,Peliyagoda,mall_bay,mall_dock,10:30-12:30,10:30,12:30,WAY-083,Footwear,Women's Sneakers V3,pairs,19,8,11,11,20,16,low_stock
OUT035,,Waypoint Style,Gampaha,Peliyagoda,mall_bay,mall_dock,10:30-12:30,10:30,12:30,WAY-084,Footwear,Men's Sandals V3,pairs,28,8,20,18,5,8,in_stock
OUT035,,Waypoint Style,Gampaha,Peliyagoda,mall_bay,mall_dock,10:30-12:30,10:30,12:30,WAY-085,Footwear,Women's Sandals V3,pairs,7,5,2,1,20,14,low_stock
OUT035,,Waypoint Style,Gampaha,Peliyagoda,mall_bay,mall_dock,10:30-12:30,10:30,12:30,WAY-086,Footwear,Kids' Shoes V3,pairs,14,1,13,20,0,6,in_stock
OUT035,,Waypoint Style,Gampaha,Peliyagoda,mall_bay,mall_dock,10:30-12:30,10:30,12:30,WAY-087,Accessories,Backpack V3,pcs,42,2,40,22,5,14,in_stock
OUT035,,Waypoint Style,Gampaha,Peliyagoda,mall_bay,mall_dock,10:30-12:30,10:30,12:30,WAY-088,Accessories,Wallet V3,pcs,30,7,23,11,10,11,in_stock
OUT035,,Waypoint Style,Gampaha,Peliyagoda,mall_bay,mall_dock,10:30-12:30,10:30,12:30,WAY-089,Accessories,Cap V3,pcs,19,8,11,7,20,12,low_stock
OUT035,,Waypoint Style,Gampaha,Peliyagoda,mall_bay,mall_dock,10:30-12:30,10:30,12:30,WAY-090,Accessories,Belt V3,pcs,26,6,20,9,0,7,in_stock
OUT035,,Waypoint Style,Gampaha,Peliyagoda,mall_bay,mall_dock,10:30-12:30,10:30,12:30,WAY-091,Men,Men's T-Shirt V4,pcs,23,3,20,3,0,6,in_stock
OUT035,,Waypoint Style,Gampaha,Peliyagoda,mall_bay,mall_dock,10:30-12:30,10:30,12:30,WAY-092,Men,Men's Polo Shirt V4,pcs,29,4,25,10,0,13,in_stock
OUT035,,Waypoint Style,Gampaha,Peliyagoda,mall_bay,mall_dock,10:30-12:30,10:30,12:30,WAY-093,Men,Men's Casual Shirt V4,pcs,32,8,24,5,5,12,in_stock
OUT035,,Waypoint Style,Gampaha,Peliyagoda,mall_bay,mall_dock,10:30-12:30,10:30,12:30,WAY-094,Men,Men's Formal Shirt V4,pcs,7,6,1,18,0,8,low_stock
OUT035,,Waypoint Style,Gampaha,Peliyagoda,mall_bay,mall_dock,10:30-12:30,10:30,12:30,WAY-095,Men,Men's Jeans V4,pcs,45,3,42,14,5,8,in_stock
OUT035,,Waypoint Style,Gampaha,Peliyagoda,mall_bay,mall_dock,10:30-12:30,10:30,12:30,WAY-096,Men,Men's Chino V4,pcs,32,3,29,1,30,16,in_stock
OUT035,,Waypoint Style,Gampaha,Peliyagoda,mall_bay,mall_dock,10:30-12:30,10:30,12:30,WAY-097,Men,Men's Shorts V4,pcs,43,4,39,1,0,9,in_stock
OUT035,,Waypoint Style,Gampaha,Peliyagoda,mall_bay,mall_dock,10:30-12:30,10:30,12:30,WAY-098,Men,Men's Hoodie V4,pcs,37,0,37,15,10,16,in_stock
OUT035,,Waypoint Style,Gampaha,Peliyagoda,mall_bay,mall_dock,10:30-12:30,10:30,12:30,WAY-099,Men,Men's Jacket V4,pcs,31,8,23,18,10,15,in_stock
OUT035,,Waypoint Style,Gampaha,Peliyagoda,mall_bay,mall_dock,10:30-12:30,10:30,12:30,WAY-100,Women,Women's T-Shirt V4,pcs,33,1,32,22,30,10,in_stock
OUT035,,Waypoint Style,Gampaha,Peliyagoda,mall_bay,mall_dock,10:30-12:30,10:30,12:30,WAY-101,Women,Women's Blouse V4,pcs,26,8,18,19,30,11,in_stock
OUT035,,Waypoint Style,Gampaha,Peliyagoda,mall_bay,mall_dock,10:30-12:30,10:30,12:30,WAY-102,Women,Women's Dress V4,pcs,41,6,35,9,0,18,in_stock
OUT035,,Waypoint Style,Gampaha,Peliyagoda,mall_bay,mall_dock,10:30-12:30,10:30,12:30,WAY-103,Women,Women's Jeans V4,pcs,12,3,9,5,30,18,low_stock
OUT035,,Waypoint Style,Gampaha,Peliyagoda,mall_bay,mall_dock,10:30-12:30,10:30,12:30,WAY-104,Women,Women's Trousers V4,pcs,9,8,1,19,10,14,low_stock
OUT035,,Waypoint Style,Gampaha,Peliyagoda,mall_bay,mall_dock,10:30-12:30,10:30,12:30,WAY-105,Women,Women's Skirt V4,pcs,29,8,21,17,0,15,in_stock
OUT035,,Waypoint Style,Gampaha,Peliyagoda,mall_bay,mall_dock,10:30-12:30,10:30,12:30,WAY-106,Women,Women's Hoodie V4,pcs,36,2,34,22,10,13,in_stock
OUT035,,Waypoint Style,Gampaha,Peliyagoda,mall_bay,mall_dock,10:30-12:30,10:30,12:30,WAY-107,Women,Women's Jacket V4,pcs,17,0,17,6,20,14,in_stock
OUT035,,Waypoint Style,Gampaha,Peliyagoda,mall_bay,mall_dock,10:30-12:30,10:30,12:30,WAY-108,Kids,Kids T-Shirt V4,pcs,30,0,30,1,30,18,in_stock
OUT035,,Waypoint Style,Gampaha,Peliyagoda,mall_bay,mall_dock,10:30-12:30,10:30,12:30,WAY-109,Kids,Kids Jeans V4,pcs,33,6,27,19,5,9,in_stock
OUT035,,Waypoint Style,Gampaha,Peliyagoda,mall_bay,mall_dock,10:30-12:30,10:30,12:30,WAY-110,Kids,Kids Shorts V4,pcs,43,5,38,18,5,8,in_stock
OUT035,,Waypoint Style,Gampaha,Peliyagoda,mall_bay,mall_dock,10:30-12:30,10:30,12:30,WAY-111,Kids,Kids Dress V4,pcs,26,4,22,6,20,17,in_stock
OUT035,,Waypoint Style,Gampaha,Peliyagoda,mall_bay,mall_dock,10:30-12:30,10:30,12:30,WAY-112,Footwear,Men's Sneakers V4,pairs,16,3,13,18,0,16,low_stock
OUT035,,Waypoint Style,Gampaha,Peliyagoda,mall_bay,mall_dock,10:30-12:30,10:30,12:30,WAY-113,Footwear,Women's Sneakers V4,pairs,4,0,4,6,0,5,low_stock
OUT035,,Waypoint Style,Gampaha,Peliyagoda,mall_bay,mall_dock,10:30-12:30,10:30,12:30,WAY-114,Footwear,Men's Sandals V4,pairs,35,8,27,8,0,14,in_stock
OUT035,,Waypoint Style,Gampaha,Peliyagoda,mall_bay,mall_dock,10:30-12:30,10:30,12:30,WAY-115,Footwear,Women's Sandals V4,pairs,22,6,16,21,20,5,in_stock
OUT035,,Waypoint Style,Gampaha,Peliyagoda,mall_bay,mall_dock,10:30-12:30,10:30,12:30,WAY-116,Footwear,Kids' Shoes V4,pairs,25,3,22,14,0,11,in_stock
OUT035,,Waypoint Style,Gampaha,Peliyagoda,mall_bay,mall_dock,10:30-12:30,10:30,12:30,WAY-117,Accessories,Backpack V4,pcs,11,6,5,10,10,7,low_stock
OUT035,,Waypoint Style,Gampaha,Peliyagoda,mall_bay,mall_dock,10:30-12:30,10:30,12:30,WAY-118,Accessories,Wallet V4,pcs,24,7,17,5,20,6,in_stock
OUT035,,Waypoint Style,Gampaha,Peliyagoda,mall_bay,mall_dock,10:30-12:30,10:30,12:30,WAY-119,Accessories,Cap V4,pcs,13,1,12,22,0,12,low_stock
OUT035,,Waypoint Style,Gampaha,Peliyagoda,mall_bay,mall_dock,10:30-12:30,10:30,12:30,WAY-120,Accessories,Belt V4,pcs,38,0,38,22,0,10,in_stock
OUT035,,Waypoint Style,Gampaha,Peliyagoda,mall_bay,mall_dock,10:30-12:30,10:30,12:30,WAY-121,Men,Men's T-Shirt V5,pcs,10,5,5,10,10,16,low_stock
OUT035,,Waypoint Style,Gampaha,Peliyagoda,mall_bay,mall_dock,10:30-12:30,10:30,12:30,WAY-122,Men,Men's Polo Shirt V5,pcs,21,5,16,16,20,8,in_stock
OUT035,,Waypoint Style,Gampaha,Peliyagoda,mall_bay,mall_dock,10:30-12:30,10:30,12:30,WAY-123,Men,Men's Casual Shirt V5,pcs,33,7,26,5,30,6,in_stock
OUT035,,Waypoint Style,Gampaha,Peliyagoda,mall_bay,mall_dock,10:30-12:30,10:30,12:30,WAY-124,Men,Men's Formal Shirt V5,pcs,19,8,11,19,5,18,low_stock
OUT035,,Waypoint Style,Gampaha,Peliyagoda,mall_bay,mall_dock,10:30-12:30,10:30,12:30,WAY-125,Men,Men's Jeans V5,pcs,20,8,12,14,10,5,in_stock
OUT035,,Waypoint Style,Gampaha,Peliyagoda,mall_bay,mall_dock,10:30-12:30,10:30,12:30,WAY-126,Men,Men's Chino V5,pcs,38,8,30,10,20,11,in_stock
OUT035,,Waypoint Style,Gampaha,Peliyagoda,mall_bay,mall_dock,10:30-12:30,10:30,12:30,WAY-127,Men,Men's Shorts V5,pcs,19,1,18,18,10,12,in_stock
OUT035,,Waypoint Style,Gampaha,Peliyagoda,mall_bay,mall_dock,10:30-12:30,10:30,12:30,WAY-128,Men,Men's Hoodie V5,pcs,7,5,2,3,30,14,low_stock
OUT035,,Waypoint Style,Gampaha,Peliyagoda,mall_bay,mall_dock,10:30-12:30,10:30,12:30,WAY-129,Men,Men's Jacket V5,pcs,4,4,0,13,20,8,out_of_stock
OUT035,,Waypoint Style,Gampaha,Peliyagoda,mall_bay,mall_dock,10:30-12:30,10:30,12:30,WAY-130,Women,Women's T-Shirt V5,pcs,17,2,15,19,30,6,in_stock
OUT035,,Waypoint Style,Gampaha,Peliyagoda,mall_bay,mall_dock,10:30-12:30,10:30,12:30,WAY-131,Women,Women's Blouse V5,pcs,17,0,17,18,0,15,in_stock
OUT035,,Waypoint Style,Gampaha,Peliyagoda,mall_bay,mall_dock,10:30-12:30,10:30,12:30,WAY-132,Women,Women's Dress V5,pcs,19,3,16,19,0,15,in_stock
OUT035,,Waypoint Style,Gampaha,Peliyagoda,mall_bay,mall_dock,10:30-12:30,10:30,12:30,WAY-133,Women,Women's Jeans V5,pcs,15,0,15,13,0,9,in_stock
OUT035,,Waypoint Style,Gampaha,Peliyagoda,mall_bay,mall_dock,10:30-12:30,10:30,12:30,WAY-134,Women,Women's Trousers V5,pcs,11,5,6,15,30,9,low_stock
OUT035,,Waypoint Style,Gampaha,Peliyagoda,mall_bay,mall_dock,10:30-12:30,10:30,12:30,WAY-135,Women,Women's Skirt V5,pcs,37,4,33,12,5,14,in_stock
OUT035,,Waypoint Style,Gampaha,Peliyagoda,mall_bay,mall_dock,10:30-12:30,10:30,12:30,WAY-136,Women,Women's Hoodie V5,pcs,27,6,21,13,0,6,in_stock
OUT035,,Waypoint Style,Gampaha,Peliyagoda,mall_bay,mall_dock,10:30-12:30,10:30,12:30,WAY-137,Women,Women's Jacket V5,pcs,35,1,34,20,5,7,in_stock
OUT035,,Waypoint Style,Gampaha,Peliyagoda,mall_bay,mall_dock,10:30-12:30,10:30,12:30,WAY-138,Kids,Kids T-Shirt V5,pcs,7,6,1,8,30,6,low_stock
OUT035,,Waypoint Style,Gampaha,Peliyagoda,mall_bay,mall_dock,10:30-12:30,10:30,12:30,WAY-139,Kids,Kids Jeans V5,pcs,31,8,23,15,0,5,in_stock
OUT035,,Waypoint Style,Gampaha,Peliyagoda,mall_bay,mall_dock,10:30-12:30,10:30,12:30,WAY-140,Kids,Kids Shorts V5,pcs,4,4,0,18,10,12,out_of_stock
OUT035,,Waypoint Style,Gampaha,Peliyagoda,mall_bay,mall_dock,10:30-12:30,10:30,12:30,WAY-141,Kids,Kids Dress V5,pcs,36,7,29,20,0,14,in_stock
OUT035,,Waypoint Style,Gampaha,Peliyagoda,mall_bay,mall_dock,10:30-12:30,10:30,12:30,WAY-142,Footwear,Men's Sneakers V5,pairs,10,0,10,22,10,8,in_stock
OUT035,,Waypoint Style,Gampaha,Peliyagoda,mall_bay,mall_dock,10:30-12:30,10:30,12:30,WAY-143,Footwear,Women's Sneakers V5,pairs,15,4,11,14,0,13,low_stock
OUT035,,Waypoint Style,Gampaha,Peliyagoda,mall_bay,mall_dock,10:30-12:30,10:30,12:30,WAY-144,Footwear,Men's Sandals V5,pairs,15,1,14,12,0,12,in_stock
OUT035,,Waypoint Style,Gampaha,Peliyagoda,mall_bay,mall_dock,10:30-12:30,10:30,12:30,WAY-145,Footwear,Women's Sandals V5,pairs,14,6,8,7,0,11,low_stock
OUT035,,Waypoint Style,Gampaha,Peliyagoda,mall_bay,mall_dock,10:30-12:30,10:30,12:30,WAY-146,Footwear,Kids' Shoes V5,pairs,31,5,26,14,10,5,in_stock
OUT035,,Waypoint Style,Gampaha,Peliyagoda,mall_bay,mall_dock,10:30-12:30,10:30,12:30,WAY-147,Accessories,Backpack V5,pcs,14,0,14,15,30,9,in_stock
OUT035,,Waypoint Style,Gampaha,Peliyagoda,mall_bay,mall_dock,10:30-12:30,10:30,12:30,WAY-148,Accessories,Wallet V5,pcs,9,3,6,16,10,5,in_stock
OUT035,,Waypoint Style,Gampaha,Peliyagoda,mall_bay,mall_dock,10:30-12:30,10:30,12:30,WAY-149,Accessories,Cap V5,pcs,17,4,13,7,0,8,in_stock
OUT035,,Waypoint Style,Gampaha,Peliyagoda,mall_bay,mall_dock,10:30-12:30,10:30,12:30,WAY-150,Accessories,Belt V5,pcs,40,5,35,20,5,15,in_stock
OUT035,,Waypoint Style,Gampaha,Peliyagoda,mall_bay,mall_dock,10:30-12:30,10:30,12:30,WAY-151,Men,Men's T-Shirt V6,pcs,43,6,37,19,30,18,in_stock
OUT035,,Waypoint Style,Gampaha,Peliyagoda,mall_bay,mall_dock,10:30-12:30,10:30,12:30,WAY-152,Men,Men's Polo Shirt V6,pcs,10,6,4,5,5,11,low_stock
OUT035,,Waypoint Style,Gampaha,Peliyagoda,mall_bay,mall_dock,10:30-12:30,10:30,12:30,WAY-153,Men,Men's Casual Shirt V6,pcs,10,5,5,17,10,7,low_stock
OUT035,,Waypoint Style,Gampaha,Peliyagoda,mall_bay,mall_dock,10:30-12:30,10:30,12:30,WAY-154,Men,Men's Formal Shirt V6,pcs,38,4,34,14,30,16,in_stock
OUT035,,Waypoint Style,Gampaha,Peliyagoda,mall_bay,mall_dock,10:30-12:30,10:30,12:30,WAY-155,Men,Men's Jeans V6,pcs,42,4,38,13,0,13,in_stock
OUT035,,Waypoint Style,Gampaha,Peliyagoda,mall_bay,mall_dock,10:30-12:30,10:30,12:30,WAY-156,Men,Men's Chino V6,pcs,4,1,3,20,30,15,low_stock
OUT035,,Waypoint Style,Gampaha,Peliyagoda,mall_bay,mall_dock,10:30-12:30,10:30,12:30,WAY-157,Men,Men's Shorts V6,pcs,42,6,36,18,30,12,in_stock
OUT035,,Waypoint Style,Gampaha,Peliyagoda,mall_bay,mall_dock,10:30-12:30,10:30,12:30,WAY-158,Men,Men's Hoodie V6,pcs,28,6,22,6,10,15,in_stock
OUT035,,Waypoint Style,Gampaha,Peliyagoda,mall_bay,mall_dock,10:30-12:30,10:30,12:30,WAY-159,Men,Men's Jacket V6,pcs,39,5,34,20,0,17,in_stock
OUT035,,Waypoint Style,Gampaha,Peliyagoda,mall_bay,mall_dock,10:30-12:30,10:30,12:30,WAY-160,Women,Women's T-Shirt V6,pcs,14,1,13,5,20,11,in_stock
OUT035,,Waypoint Style,Gampaha,Peliyagoda,mall_bay,mall_dock,10:30-12:30,10:30,12:30,WAY-161,Women,Women's Blouse V6,pcs,16,4,12,11,5,5,in_stock
OUT035,,Waypoint Style,Gampaha,Peliyagoda,mall_bay,mall_dock,10:30-12:30,10:30,12:30,WAY-162,Women,Women's Dress V6,pcs,27,1,26,17,0,10,in_stock
OUT035,,Waypoint Style,Gampaha,Peliyagoda,mall_bay,mall_dock,10:30-12:30,10:30,12:30,WAY-163,Women,Women's Jeans V6,pcs,16,0,16,8,20,11,in_stock
OUT035,,Waypoint Style,Gampaha,Peliyagoda,mall_bay,mall_dock,10:30-12:30,10:30,12:30,WAY-164,Women,Women's Trousers V6,pcs,19,0,19,22,10,8,in_stock
OUT035,,Waypoint Style,Gampaha,Peliyagoda,mall_bay,mall_dock,10:30-12:30,10:30,12:30,WAY-165,Women,Women's Skirt V6,pcs,4,3,1,2,10,15,low_stock
OUT035,,Waypoint Style,Gampaha,Peliyagoda,mall_bay,mall_dock,10:30-12:30,10:30,12:30,WAY-166,Women,Women's Hoodie V6,pcs,38,4,34,21,30,13,in_stock
OUT035,,Waypoint Style,Gampaha,Peliyagoda,mall_bay,mall_dock,10:30-12:30,10:30,12:30,WAY-167,Women,Women's Jacket V6,pcs,13,8,5,17,10,16,low_stock
OUT035,,Waypoint Style,Gampaha,Peliyagoda,mall_bay,mall_dock,10:30-12:30,10:30,12:30,WAY-168,Kids,Kids T-Shirt V6,pcs,20,0,20,18,30,15,in_stock
OUT035,,Waypoint Style,Gampaha,Peliyagoda,mall_bay,mall_dock,10:30-12:30,10:30,12:30,WAY-169,Kids,Kids Jeans V6,pcs,36,5,31,9,5,10,in_stock
OUT035,,Waypoint Style,Gampaha,Peliyagoda,mall_bay,mall_dock,10:30-12:30,10:30,12:30,WAY-170,Kids,Kids Shorts V6,pcs,14,5,9,13,0,15,low_stock
OUT035,,Waypoint Style,Gampaha,Peliyagoda,mall_bay,mall_dock,10:30-12:30,10:30,12:30,WAY-171,Kids,Kids Dress V6,pcs,28,7,21,6,5,5,in_stock
OUT035,,Waypoint Style,Gampaha,Peliyagoda,mall_bay,mall_dock,10:30-12:30,10:30,12:30,WAY-172,Footwear,Men's Sneakers V6,pairs,14,0,14,8,10,10,in_stock
OUT035,,Waypoint Style,Gampaha,Peliyagoda,mall_bay,mall_dock,10:30-12:30,10:30,12:30,WAY-173,Footwear,Women's Sneakers V6,pairs,44,7,37,15,0,18,in_stock
OUT035,,Waypoint Style,Gampaha,Peliyagoda,mall_bay,mall_dock,10:30-12:30,10:30,12:30,WAY-174,Footwear,Men's Sandals V6,pairs,8,6,2,18,20,11,low_stock
OUT035,,Waypoint Style,Gampaha,Peliyagoda,mall_bay,mall_dock,10:30-12:30,10:30,12:30,WAY-175,Footwear,Women's Sandals V6,pairs,35,8,27,12,5,18,in_stock
OUT035,,Waypoint Style,Gampaha,Peliyagoda,mall_bay,mall_dock,10:30-12:30,10:30,12:30,WAY-176,Footwear,Kids' Shoes V6,pairs,40,7,33,18,20,10,in_stock
OUT035,,Waypoint Style,Gampaha,Peliyagoda,mall_bay,mall_dock,10:30-12:30,10:30,12:30,WAY-177,Accessories,Backpack V6,pcs,33,6,27,19,0,8,in_stock
OUT035,,Waypoint Style,Gampaha,Peliyagoda,mall_bay,mall_dock,10:30-12:30,10:30,12:30,WAY-178,Accessories,Wallet V6,pcs,32,0,32,6,30,12,in_stock
OUT035,,Waypoint Style,Gampaha,Peliyagoda,mall_bay,mall_dock,10:30-12:30,10:30,12:30,WAY-179,Accessories,Cap V6,pcs,45,3,42,10,20,15,in_stock
OUT035,,Waypoint Style,Gampaha,Peliyagoda,mall_bay,mall_dock,10:30-12:30,10:30,12:30,WAY-180,Accessories,Belt V6,pcs,44,4,40,15,0,13,in_stock
OUT035,,Waypoint Style,Gampaha,Peliyagoda,mall_bay,mall_dock,10:30-12:30,10:30,12:30,WAY-181,Men,Men's T-Shirt V7,pcs,16,4,12,18,0,14,low_stock
OUT035,,Waypoint Style,Gampaha,Peliyagoda,mall_bay,mall_dock,10:30-12:30,10:30,12:30,WAY-182,Men,Men's Polo Shirt V7,pcs,10,7,3,18,5,8,low_stock
OUT035,,Waypoint Style,Gampaha,Peliyagoda,mall_bay,mall_dock,10:30-12:30,10:30,12:30,WAY-183,Men,Men's Casual Shirt V7,pcs,41,0,41,17,10,14,in_stock
OUT035,,Waypoint Style,Gampaha,Peliyagoda,mall_bay,mall_dock,10:30-12:30,10:30,12:30,WAY-184,Men,Men's Formal Shirt V7,pcs,43,1,42,21,20,14,in_stock
OUT035,,Waypoint Style,Gampaha,Peliyagoda,mall_bay,mall_dock,10:30-12:30,10:30,12:30,WAY-185,Men,Men's Jeans V7,pcs,11,8,3,12,10,16,low_stock
OUT035,,Waypoint Style,Gampaha,Peliyagoda,mall_bay,mall_dock,10:30-12:30,10:30,12:30,WAY-186,Men,Men's Chino V7,pcs,4,3,1,16,10,10,low_stock
OUT035,,Waypoint Style,Gampaha,Peliyagoda,mall_bay,mall_dock,10:30-12:30,10:30,12:30,WAY-187,Men,Men's Shorts V7,pcs,6,1,5,5,0,10,low_stock
OUT035,,Waypoint Style,Gampaha,Peliyagoda,mall_bay,mall_dock,10:30-12:30,10:30,12:30,WAY-188,Men,Men's Hoodie V7,pcs,37,3,34,9,10,8,in_stock
OUT035,,Waypoint Style,Gampaha,Peliyagoda,mall_bay,mall_dock,10:30-12:30,10:30,12:30,WAY-189,Men,Men's Jacket V7,pcs,41,5,36,12,0,5,in_stock
OUT035,,Waypoint Style,Gampaha,Peliyagoda,mall_bay,mall_dock,10:30-12:30,10:30,12:30,WAY-190,Women,Women's T-Shirt V7,pcs,32,0,32,17,30,10,in_stock
OUT035,,Waypoint Style,Gampaha,Peliyagoda,mall_bay,mall_dock,10:30-12:30,10:30,12:30,WAY-191,Women,Women's Blouse V7,pcs,21,8,13,13,20,13,low_stock
OUT035,,Waypoint Style,Gampaha,Peliyagoda,mall_bay,mall_dock,10:30-12:30,10:30,12:30,WAY-192,Women,Women's Dress V7,pcs,13,2,11,14,20,12,low_stock
OUT035,,Waypoint Style,Gampaha,Peliyagoda,mall_bay,mall_dock,10:30-12:30,10:30,12:30,WAY-193,Women,Women's Jeans V7,pcs,6,6,0,21,20,8,out_of_stock
OUT035,,Waypoint Style,Gampaha,Peliyagoda,mall_bay,mall_dock,10:30-12:30,10:30,12:30,WAY-194,Women,Women's Trousers V7,pcs,7,2,5,5,0,14,low_stock
OUT035,,Waypoint Style,Gampaha,Peliyagoda,mall_bay,mall_dock,10:30-12:30,10:30,12:30,WAY-195,Women,Women's Skirt V7,pcs,22,7,15,13,0,10,in_stock
OUT035,,Waypoint Style,Gampaha,Peliyagoda,mall_bay,mall_dock,10:30-12:30,10:30,12:30,WAY-196,Women,Women's Hoodie V7,pcs,19,2,17,13,20,6,in_stock
OUT035,,Waypoint Style,Gampaha,Peliyagoda,mall_bay,mall_dock,10:30-12:30,10:30,12:30,WAY-197,Women,Women's Jacket V7,pcs,31,0,31,5,0,12,in_stock
OUT035,,Waypoint Style,Gampaha,Peliyagoda,mall_bay,mall_dock,10:30-12:30,10:30,12:30,WAY-198,Kids,Kids T-Shirt V7,pcs,16,8,8,19,10,6,in_stock
OUT035,,Waypoint Style,Gampaha,Peliyagoda,mall_bay,mall_dock,10:30-12:30,10:30,12:30,WAY-199,Kids,Kids Jeans V7,pcs,41,4,37,20,0,11,in_stock
OUT035,,Waypoint Style,Gampaha,Peliyagoda,mall_bay,mall_dock,10:30-12:30,10:30,12:30,WAY-200,Kids,Kids Shorts V7,pcs,9,4,5,2,0,14,low_stock
OUT036,,Waypoint Style,Gampaha,Peliyagoda,mall_bay,mall_dock,10:30-12:30,10:30,12:30,WAY-001,Men,Men's T-Shirt,pcs,33,7,26,8,30,5,in_stock
OUT036,,Waypoint Style,Gampaha,Peliyagoda,mall_bay,mall_dock,10:30-12:30,10:30,12:30,WAY-002,Men,Men's Polo Shirt,pcs,5,2,3,17,30,9,low_stock
OUT036,,Waypoint Style,Gampaha,Peliyagoda,mall_bay,mall_dock,10:30-12:30,10:30,12:30,WAY-003,Men,Men's Casual Shirt,pcs,24,1,23,15,0,10,in_stock
OUT036,,Waypoint Style,Gampaha,Peliyagoda,mall_bay,mall_dock,10:30-12:30,10:30,12:30,WAY-004,Men,Men's Formal Shirt,pcs,4,0,4,18,20,15,low_stock
OUT036,,Waypoint Style,Gampaha,Peliyagoda,mall_bay,mall_dock,10:30-12:30,10:30,12:30,WAY-005,Men,Men's Jeans,pcs,4,2,2,18,0,14,low_stock
OUT036,,Waypoint Style,Gampaha,Peliyagoda,mall_bay,mall_dock,10:30-12:30,10:30,12:30,WAY-006,Men,Men's Chino,pcs,42,8,34,9,20,13,in_stock
OUT036,,Waypoint Style,Gampaha,Peliyagoda,mall_bay,mall_dock,10:30-12:30,10:30,12:30,WAY-007,Men,Men's Shorts,pcs,10,7,3,10,20,6,low_stock
OUT036,,Waypoint Style,Gampaha,Peliyagoda,mall_bay,mall_dock,10:30-12:30,10:30,12:30,WAY-008,Men,Men's Hoodie,pcs,13,1,12,21,0,5,in_stock
OUT036,,Waypoint Style,Gampaha,Peliyagoda,mall_bay,mall_dock,10:30-12:30,10:30,12:30,WAY-009,Men,Men's Jacket,pcs,7,4,3,22,20,9,low_stock
OUT036,,Waypoint Style,Gampaha,Peliyagoda,mall_bay,mall_dock,10:30-12:30,10:30,12:30,WAY-010,Women,Women's T-Shirt,pcs,38,0,38,19,5,8,in_stock
OUT036,,Waypoint Style,Gampaha,Peliyagoda,mall_bay,mall_dock,10:30-12:30,10:30,12:30,WAY-011,Women,Women's Blouse,pcs,9,3,6,17,0,9,low_stock
OUT036,,Waypoint Style,Gampaha,Peliyagoda,mall_bay,mall_dock,10:30-12:30,10:30,12:30,WAY-012,Women,Women's Dress,pcs,23,3,20,20,5,9,in_stock
OUT036,,Waypoint Style,Gampaha,Peliyagoda,mall_bay,mall_dock,10:30-12:30,10:30,12:30,WAY-013,Women,Women's Jeans,pcs,45,8,37,16,5,8,in_stock
OUT036,,Waypoint Style,Gampaha,Peliyagoda,mall_bay,mall_dock,10:30-12:30,10:30,12:30,WAY-014,Women,Women's Trousers,pcs,39,4,35,22,10,18,in_stock
OUT036,,Waypoint Style,Gampaha,Peliyagoda,mall_bay,mall_dock,10:30-12:30,10:30,12:30,WAY-015,Women,Women's Skirt,pcs,22,5,17,17,10,9,in_stock
OUT036,,Waypoint Style,Gampaha,Peliyagoda,mall_bay,mall_dock,10:30-12:30,10:30,12:30,WAY-016,Women,Women's Hoodie,pcs,43,7,36,5,5,9,in_stock
OUT036,,Waypoint Style,Gampaha,Peliyagoda,mall_bay,mall_dock,10:30-12:30,10:30,12:30,WAY-017,Women,Women's Jacket,pcs,22,0,22,8,0,8,in_stock
OUT036,,Waypoint Style,Gampaha,Peliyagoda,mall_bay,mall_dock,10:30-12:30,10:30,12:30,WAY-018,Kids,Kids T-Shirt,pcs,13,2,11,16,0,11,low_stock
OUT036,,Waypoint Style,Gampaha,Peliyagoda,mall_bay,mall_dock,10:30-12:30,10:30,12:30,WAY-019,Kids,Kids Jeans,pcs,11,1,10,1,0,10,low_stock
OUT036,,Waypoint Style,Gampaha,Peliyagoda,mall_bay,mall_dock,10:30-12:30,10:30,12:30,WAY-020,Kids,Kids Shorts,pcs,34,7,27,11,20,14,in_stock
OUT036,,Waypoint Style,Gampaha,Peliyagoda,mall_bay,mall_dock,10:30-12:30,10:30,12:30,WAY-021,Kids,Kids Dress,pcs,45,8,37,3,20,15,in_stock
OUT036,,Waypoint Style,Gampaha,Peliyagoda,mall_bay,mall_dock,10:30-12:30,10:30,12:30,WAY-022,Footwear,Men's Sneakers,pairs,42,2,40,16,30,10,in_stock
OUT036,,Waypoint Style,Gampaha,Peliyagoda,mall_bay,mall_dock,10:30-12:30,10:30,12:30,WAY-023,Footwear,Women's Sneakers,pairs,4,1,3,13,0,14,low_stock
OUT036,,Waypoint Style,Gampaha,Peliyagoda,mall_bay,mall_dock,10:30-12:30,10:30,12:30,WAY-024,Footwear,Men's Sandals,pairs,27,0,27,2,0,17,in_stock
OUT036,,Waypoint Style,Gampaha,Peliyagoda,mall_bay,mall_dock,10:30-12:30,10:30,12:30,WAY-025,Footwear,Women's Sandals,pairs,44,6,38,5,5,7,in_stock
OUT036,,Waypoint Style,Gampaha,Peliyagoda,mall_bay,mall_dock,10:30-12:30,10:30,12:30,WAY-026,Footwear,Kids' Shoes,pairs,19,0,19,21,20,10,in_stock
OUT036,,Waypoint Style,Gampaha,Peliyagoda,mall_bay,mall_dock,10:30-12:30,10:30,12:30,WAY-027,Accessories,Backpack,pcs,14,4,10,12,20,8,in_stock
OUT036,,Waypoint Style,Gampaha,Peliyagoda,mall_bay,mall_dock,10:30-12:30,10:30,12:30,WAY-028,Accessories,Wallet,pcs,39,7,32,22,30,15,in_stock
OUT036,,Waypoint Style,Gampaha,Peliyagoda,mall_bay,mall_dock,10:30-12:30,10:30,12:30,WAY-029,Accessories,Cap,pcs,9,3,6,6,30,16,low_stock
OUT036,,Waypoint Style,Gampaha,Peliyagoda,mall_bay,mall_dock,10:30-12:30,10:30,12:30,WAY-030,Accessories,Belt,pcs,44,2,42,21,5,17,in_stock
OUT036,,Waypoint Style,Gampaha,Peliyagoda,mall_bay,mall_dock,10:30-12:30,10:30,12:30,WAY-031,Men,Men's T-Shirt V2,pcs,21,6,15,8,0,12,in_stock
OUT036,,Waypoint Style,Gampaha,Peliyagoda,mall_bay,mall_dock,10:30-12:30,10:30,12:30,WAY-032,Men,Men's Polo Shirt V2,pcs,8,2,6,18,5,11,low_stock
OUT036,,Waypoint Style,Gampaha,Peliyagoda,mall_bay,mall_dock,10:30-12:30,10:30,12:30,WAY-033,Men,Men's Casual Shirt V2,pcs,29,4,25,9,20,8,in_stock
OUT036,,Waypoint Style,Gampaha,Peliyagoda,mall_bay,mall_dock,10:30-12:30,10:30,12:30,WAY-034,Men,Men's Formal Shirt V2,pcs,4,3,1,18,0,17,low_stock
OUT036,,Waypoint Style,Gampaha,Peliyagoda,mall_bay,mall_dock,10:30-12:30,10:30,12:30,WAY-035,Men,Men's Jeans V2,pcs,43,7,36,19,0,18,in_stock
OUT036,,Waypoint Style,Gampaha,Peliyagoda,mall_bay,mall_dock,10:30-12:30,10:30,12:30,WAY-036,Men,Men's Chino V2,pcs,40,5,35,4,30,11,in_stock
OUT036,,Waypoint Style,Gampaha,Peliyagoda,mall_bay,mall_dock,10:30-12:30,10:30,12:30,WAY-037,Men,Men's Shorts V2,pcs,19,3,16,10,0,17,low_stock
OUT036,,Waypoint Style,Gampaha,Peliyagoda,mall_bay,mall_dock,10:30-12:30,10:30,12:30,WAY-038,Men,Men's Hoodie V2,pcs,7,1,6,4,5,12,low_stock
OUT036,,Waypoint Style,Gampaha,Peliyagoda,mall_bay,mall_dock,10:30-12:30,10:30,12:30,WAY-039,Men,Men's Jacket V2,pcs,7,4,3,3,5,10,low_stock
OUT036,,Waypoint Style,Gampaha,Peliyagoda,mall_bay,mall_dock,10:30-12:30,10:30,12:30,WAY-040,Women,Women's T-Shirt V2,pcs,36,0,36,1,0,13,in_stock
OUT036,,Waypoint Style,Gampaha,Peliyagoda,mall_bay,mall_dock,10:30-12:30,10:30,12:30,WAY-041,Women,Women's Blouse V2,pcs,15,2,13,14,5,13,low_stock
OUT036,,Waypoint Style,Gampaha,Peliyagoda,mall_bay,mall_dock,10:30-12:30,10:30,12:30,WAY-042,Women,Women's Dress V2,pcs,42,5,37,13,0,12,in_stock
OUT036,,Waypoint Style,Gampaha,Peliyagoda,mall_bay,mall_dock,10:30-12:30,10:30,12:30,WAY-043,Women,Women's Jeans V2,pcs,13,1,12,3,0,6,in_stock
OUT036,,Waypoint Style,Gampaha,Peliyagoda,mall_bay,mall_dock,10:30-12:30,10:30,12:30,WAY-044,Women,Women's Trousers V2,pcs,22,4,18,17,0,14,in_stock
OUT036,,Waypoint Style,Gampaha,Peliyagoda,mall_bay,mall_dock,10:30-12:30,10:30,12:30,WAY-045,Women,Women's Skirt V2,pcs,40,7,33,22,20,16,in_stock
OUT036,,Waypoint Style,Gampaha,Peliyagoda,mall_bay,mall_dock,10:30-12:30,10:30,12:30,WAY-046,Women,Women's Hoodie V2,pcs,45,6,39,4,0,5,in_stock
OUT036,,Waypoint Style,Gampaha,Peliyagoda,mall_bay,mall_dock,10:30-12:30,10:30,12:30,WAY-047,Women,Women's Jacket V2,pcs,26,7,19,16,5,6,in_stock
OUT036,,Waypoint Style,Gampaha,Peliyagoda,mall_bay,mall_dock,10:30-12:30,10:30,12:30,WAY-048,Kids,Kids T-Shirt V2,pcs,23,2,21,10,10,7,in_stock
OUT036,,Waypoint Style,Gampaha,Peliyagoda,mall_bay,mall_dock,10:30-12:30,10:30,12:30,WAY-049,Kids,Kids Jeans V2,pcs,14,8,6,9,10,9,low_stock
OUT036,,Waypoint Style,Gampaha,Peliyagoda,mall_bay,mall_dock,10:30-12:30,10:30,12:30,WAY-050,Kids,Kids Shorts V2,pcs,42,0,42,9,10,5,in_stock
OUT036,,Waypoint Style,Gampaha,Peliyagoda,mall_bay,mall_dock,10:30-12:30,10:30,12:30,WAY-051,Kids,Kids Dress V2,pcs,21,4,17,15,10,18,low_stock
OUT036,,Waypoint Style,Gampaha,Peliyagoda,mall_bay,mall_dock,10:30-12:30,10:30,12:30,WAY-052,Footwear,Men's Sneakers V2,pairs,16,2,14,18,0,11,in_stock
OUT036,,Waypoint Style,Gampaha,Peliyagoda,mall_bay,mall_dock,10:30-12:30,10:30,12:30,WAY-053,Footwear,Women's Sneakers V2,pairs,7,7,0,12,0,15,out_of_stock
OUT036,,Waypoint Style,Gampaha,Peliyagoda,mall_bay,mall_dock,10:30-12:30,10:30,12:30,WAY-054,Footwear,Men's Sandals V2,pairs,44,0,44,11,30,5,in_stock
OUT036,,Waypoint Style,Gampaha,Peliyagoda,mall_bay,mall_dock,10:30-12:30,10:30,12:30,WAY-055,Footwear,Women's Sandals V2,pairs,42,2,40,4,20,14,in_stock
OUT036,,Waypoint Style,Gampaha,Peliyagoda,mall_bay,mall_dock,10:30-12:30,10:30,12:30,WAY-056,Footwear,Kids' Shoes V2,pairs,38,4,34,15,0,10,in_stock
OUT036,,Waypoint Style,Gampaha,Peliyagoda,mall_bay,mall_dock,10:30-12:30,10:30,12:30,WAY-057,Accessories,Backpack V2,pcs,43,8,35,22,0,8,in_stock
OUT036,,Waypoint Style,Gampaha,Peliyagoda,mall_bay,mall_dock,10:30-12:30,10:30,12:30,WAY-058,Accessories,Wallet V2,pcs,20,2,18,9,20,10,in_stock
OUT036,,Waypoint Style,Gampaha,Peliyagoda,mall_bay,mall_dock,10:30-12:30,10:30,12:30,WAY-059,Accessories,Cap V2,pcs,26,1,25,5,0,7,in_stock
OUT036,,Waypoint Style,Gampaha,Peliyagoda,mall_bay,mall_dock,10:30-12:30,10:30,12:30,WAY-060,Accessories,Belt V2,pcs,30,6,24,9,20,18,in_stock
OUT036,,Waypoint Style,Gampaha,Peliyagoda,mall_bay,mall_dock,10:30-12:30,10:30,12:30,WAY-061,Men,Men's T-Shirt V3,pcs,17,1,16,12,20,13,in_stock
OUT036,,Waypoint Style,Gampaha,Peliyagoda,mall_bay,mall_dock,10:30-12:30,10:30,12:30,WAY-062,Men,Men's Polo Shirt V3,pcs,29,0,29,19,0,16,in_stock
OUT036,,Waypoint Style,Gampaha,Peliyagoda,mall_bay,mall_dock,10:30-12:30,10:30,12:30,WAY-063,Men,Men's Casual Shirt V3,pcs,34,2,32,5,30,8,in_stock
OUT036,,Waypoint Style,Gampaha,Peliyagoda,mall_bay,mall_dock,10:30-12:30,10:30,12:30,WAY-064,Men,Men's Formal Shirt V3,pcs,8,7,1,7,10,6,low_stock
OUT036,,Waypoint Style,Gampaha,Peliyagoda,mall_bay,mall_dock,10:30-12:30,10:30,12:30,WAY-065,Men,Men's Jeans V3,pcs,27,6,21,14,0,6,in_stock
OUT036,,Waypoint Style,Gampaha,Peliyagoda,mall_bay,mall_dock,10:30-12:30,10:30,12:30,WAY-066,Men,Men's Chino V3,pcs,42,0,42,2,30,11,in_stock
OUT036,,Waypoint Style,Gampaha,Peliyagoda,mall_bay,mall_dock,10:30-12:30,10:30,12:30,WAY-067,Men,Men's Shorts V3,pcs,32,7,25,5,0,17,in_stock
OUT036,,Waypoint Style,Gampaha,Peliyagoda,mall_bay,mall_dock,10:30-12:30,10:30,12:30,WAY-068,Men,Men's Hoodie V3,pcs,39,8,31,5,0,12,in_stock
OUT036,,Waypoint Style,Gampaha,Peliyagoda,mall_bay,mall_dock,10:30-12:30,10:30,12:30,WAY-069,Men,Men's Jacket V3,pcs,33,8,25,16,20,12,in_stock
OUT036,,Waypoint Style,Gampaha,Peliyagoda,mall_bay,mall_dock,10:30-12:30,10:30,12:30,WAY-070,Women,Women's T-Shirt V3,pcs,9,4,5,3,10,18,low_stock
OUT036,,Waypoint Style,Gampaha,Peliyagoda,mall_bay,mall_dock,10:30-12:30,10:30,12:30,WAY-071,Women,Women's Blouse V3,pcs,45,3,42,8,0,16,in_stock
OUT036,,Waypoint Style,Gampaha,Peliyagoda,mall_bay,mall_dock,10:30-12:30,10:30,12:30,WAY-072,Women,Women's Dress V3,pcs,45,0,45,18,0,10,in_stock
OUT036,,Waypoint Style,Gampaha,Peliyagoda,mall_bay,mall_dock,10:30-12:30,10:30,12:30,WAY-073,Women,Women's Jeans V3,pcs,33,2,31,10,10,14,in_stock
OUT036,,Waypoint Style,Gampaha,Peliyagoda,mall_bay,mall_dock,10:30-12:30,10:30,12:30,WAY-074,Women,Women's Trousers V3,pcs,29,4,25,15,0,13,in_stock
OUT036,,Waypoint Style,Gampaha,Peliyagoda,mall_bay,mall_dock,10:30-12:30,10:30,12:30,WAY-075,Women,Women's Skirt V3,pcs,12,7,5,17,0,10,low_stock
OUT036,,Waypoint Style,Gampaha,Peliyagoda,mall_bay,mall_dock,10:30-12:30,10:30,12:30,WAY-076,Women,Women's Hoodie V3,pcs,29,4,25,14,0,10,in_stock
OUT036,,Waypoint Style,Gampaha,Peliyagoda,mall_bay,mall_dock,10:30-12:30,10:30,12:30,WAY-077,Women,Women's Jacket V3,pcs,9,5,4,19,5,15,low_stock
OUT036,,Waypoint Style,Gampaha,Peliyagoda,mall_bay,mall_dock,10:30-12:30,10:30,12:30,WAY-078,Kids,Kids T-Shirt V3,pcs,25,4,21,2,0,6,in_stock
OUT036,,Waypoint Style,Gampaha,Peliyagoda,mall_bay,mall_dock,10:30-12:30,10:30,12:30,WAY-079,Kids,Kids Jeans V3,pcs,9,1,8,15,10,8,low_stock
OUT036,,Waypoint Style,Gampaha,Peliyagoda,mall_bay,mall_dock,10:30-12:30,10:30,12:30,WAY-080,Kids,Kids Shorts V3,pcs,43,8,35,10,20,17,in_stock
OUT036,,Waypoint Style,Gampaha,Peliyagoda,mall_bay,mall_dock,10:30-12:30,10:30,12:30,WAY-081,Kids,Kids Dress V3,pcs,25,2,23,18,30,6,in_stock
OUT036,,Waypoint Style,Gampaha,Peliyagoda,mall_bay,mall_dock,10:30-12:30,10:30,12:30,WAY-082,Footwear,Men's Sneakers V3,pairs,11,4,7,18,30,10,low_stock
OUT036,,Waypoint Style,Gampaha,Peliyagoda,mall_bay,mall_dock,10:30-12:30,10:30,12:30,WAY-083,Footwear,Women's Sneakers V3,pairs,16,5,11,17,30,6,in_stock
OUT036,,Waypoint Style,Gampaha,Peliyagoda,mall_bay,mall_dock,10:30-12:30,10:30,12:30,WAY-084,Footwear,Men's Sandals V3,pairs,6,1,5,20,30,16,low_stock
OUT036,,Waypoint Style,Gampaha,Peliyagoda,mall_bay,mall_dock,10:30-12:30,10:30,12:30,WAY-085,Footwear,Women's Sandals V3,pairs,18,6,12,22,5,10,in_stock
OUT036,,Waypoint Style,Gampaha,Peliyagoda,mall_bay,mall_dock,10:30-12:30,10:30,12:30,WAY-086,Footwear,Kids' Shoes V3,pairs,16,8,8,7,30,12,low_stock
OUT036,,Waypoint Style,Gampaha,Peliyagoda,mall_bay,mall_dock,10:30-12:30,10:30,12:30,WAY-087,Accessories,Backpack V3,pcs,28,6,22,8,20,16,in_stock
OUT036,,Waypoint Style,Gampaha,Peliyagoda,mall_bay,mall_dock,10:30-12:30,10:30,12:30,WAY-088,Accessories,Wallet V3,pcs,26,6,20,8,0,6,in_stock
OUT036,,Waypoint Style,Gampaha,Peliyagoda,mall_bay,mall_dock,10:30-12:30,10:30,12:30,WAY-089,Accessories,Cap V3,pcs,10,7,3,21,0,12,low_stock
OUT036,,Waypoint Style,Gampaha,Peliyagoda,mall_bay,mall_dock,10:30-12:30,10:30,12:30,WAY-090,Accessories,Belt V3,pcs,43,7,36,21,20,13,in_stock
OUT036,,Waypoint Style,Gampaha,Peliyagoda,mall_bay,mall_dock,10:30-12:30,10:30,12:30,WAY-091,Men,Men's T-Shirt V4,pcs,7,7,0,9,0,14,out_of_stock
OUT036,,Waypoint Style,Gampaha,Peliyagoda,mall_bay,mall_dock,10:30-12:30,10:30,12:30,WAY-092,Men,Men's Polo Shirt V4,pcs,45,4,41,15,5,18,in_stock
OUT036,,Waypoint Style,Gampaha,Peliyagoda,mall_bay,mall_dock,10:30-12:30,10:30,12:30,WAY-093,Men,Men's Casual Shirt V4,pcs,23,8,15,7,0,11,in_stock
OUT036,,Waypoint Style,Gampaha,Peliyagoda,mall_bay,mall_dock,10:30-12:30,10:30,12:30,WAY-094,Men,Men's Formal Shirt V4,pcs,7,1,6,6,30,16,low_stock
OUT036,,Waypoint Style,Gampaha,Peliyagoda,mall_bay,mall_dock,10:30-12:30,10:30,12:30,WAY-095,Men,Men's Jeans V4,pcs,17,6,11,17,10,15,low_stock
OUT036,,Waypoint Style,Gampaha,Peliyagoda,mall_bay,mall_dock,10:30-12:30,10:30,12:30,WAY-096,Men,Men's Chino V4,pcs,36,4,32,22,30,13,in_stock
OUT036,,Waypoint Style,Gampaha,Peliyagoda,mall_bay,mall_dock,10:30-12:30,10:30,12:30,WAY-097,Men,Men's Shorts V4,pcs,6,1,5,22,10,9,low_stock
OUT036,,Waypoint Style,Gampaha,Peliyagoda,mall_bay,mall_dock,10:30-12:30,10:30,12:30,WAY-098,Men,Men's Hoodie V4,pcs,12,1,11,5,30,18,low_stock
OUT036,,Waypoint Style,Gampaha,Peliyagoda,mall_bay,mall_dock,10:30-12:30,10:30,12:30,WAY-099,Men,Men's Jacket V4,pcs,41,1,40,13,30,17,in_stock
OUT036,,Waypoint Style,Gampaha,Peliyagoda,mall_bay,mall_dock,10:30-12:30,10:30,12:30,WAY-100,Women,Women's T-Shirt V4,pcs,31,5,26,14,20,13,in_stock
OUT036,,Waypoint Style,Gampaha,Peliyagoda,mall_bay,mall_dock,10:30-12:30,10:30,12:30,WAY-101,Women,Women's Blouse V4,pcs,28,7,21,4,0,6,in_stock
OUT036,,Waypoint Style,Gampaha,Peliyagoda,mall_bay,mall_dock,10:30-12:30,10:30,12:30,WAY-102,Women,Women's Dress V4,pcs,26,5,21,11,10,18,in_stock
OUT036,,Waypoint Style,Gampaha,Peliyagoda,mall_bay,mall_dock,10:30-12:30,10:30,12:30,WAY-103,Women,Women's Jeans V4,pcs,8,2,6,17,5,11,low_stock
OUT036,,Waypoint Style,Gampaha,Peliyagoda,mall_bay,mall_dock,10:30-12:30,10:30,12:30,WAY-104,Women,Women's Trousers V4,pcs,17,6,11,16,30,9,in_stock
OUT036,,Waypoint Style,Gampaha,Peliyagoda,mall_bay,mall_dock,10:30-12:30,10:30,12:30,WAY-105,Women,Women's Skirt V4,pcs,35,3,32,6,0,8,in_stock
OUT036,,Waypoint Style,Gampaha,Peliyagoda,mall_bay,mall_dock,10:30-12:30,10:30,12:30,WAY-106,Women,Women's Hoodie V4,pcs,21,6,15,12,0,7,in_stock
OUT036,,Waypoint Style,Gampaha,Peliyagoda,mall_bay,mall_dock,10:30-12:30,10:30,12:30,WAY-107,Women,Women's Jacket V4,pcs,43,3,40,1,20,13,in_stock
OUT036,,Waypoint Style,Gampaha,Peliyagoda,mall_bay,mall_dock,10:30-12:30,10:30,12:30,WAY-108,Kids,Kids T-Shirt V4,pcs,42,7,35,21,0,13,in_stock
OUT036,,Waypoint Style,Gampaha,Peliyagoda,mall_bay,mall_dock,10:30-12:30,10:30,12:30,WAY-109,Kids,Kids Jeans V4,pcs,19,8,11,7,30,6,in_stock
OUT036,,Waypoint Style,Gampaha,Peliyagoda,mall_bay,mall_dock,10:30-12:30,10:30,12:30,WAY-110,Kids,Kids Shorts V4,pcs,16,5,11,17,10,17,low_stock
OUT036,,Waypoint Style,Gampaha,Peliyagoda,mall_bay,mall_dock,10:30-12:30,10:30,12:30,WAY-111,Kids,Kids Dress V4,pcs,40,6,34,19,0,12,in_stock
OUT036,,Waypoint Style,Gampaha,Peliyagoda,mall_bay,mall_dock,10:30-12:30,10:30,12:30,WAY-112,Footwear,Men's Sneakers V4,pairs,18,6,12,4,0,17,low_stock
OUT036,,Waypoint Style,Gampaha,Peliyagoda,mall_bay,mall_dock,10:30-12:30,10:30,12:30,WAY-113,Footwear,Women's Sneakers V4,pairs,31,2,29,4,0,6,in_stock
OUT036,,Waypoint Style,Gampaha,Peliyagoda,mall_bay,mall_dock,10:30-12:30,10:30,12:30,WAY-114,Footwear,Men's Sandals V4,pairs,4,4,0,1,5,14,out_of_stock
OUT036,,Waypoint Style,Gampaha,Peliyagoda,mall_bay,mall_dock,10:30-12:30,10:30,12:30,WAY-115,Footwear,Women's Sandals V4,pairs,5,5,0,20,0,6,out_of_stock
OUT036,,Waypoint Style,Gampaha,Peliyagoda,mall_bay,mall_dock,10:30-12:30,10:30,12:30,WAY-116,Footwear,Kids' Shoes V4,pairs,16,4,12,19,30,18,low_stock
OUT036,,Waypoint Style,Gampaha,Peliyagoda,mall_bay,mall_dock,10:30-12:30,10:30,12:30,WAY-117,Accessories,Backpack V4,pcs,42,6,36,20,30,5,in_stock
OUT036,,Waypoint Style,Gampaha,Peliyagoda,mall_bay,mall_dock,10:30-12:30,10:30,12:30,WAY-118,Accessories,Wallet V4,pcs,43,3,40,21,30,12,in_stock
OUT036,,Waypoint Style,Gampaha,Peliyagoda,mall_bay,mall_dock,10:30-12:30,10:30,12:30,WAY-119,Accessories,Cap V4,pcs,39,4,35,19,0,18,in_stock
OUT036,,Waypoint Style,Gampaha,Peliyagoda,mall_bay,mall_dock,10:30-12:30,10:30,12:30,WAY-120,Accessories,Belt V4,pcs,39,5,34,6,0,16,in_stock
OUT036,,Waypoint Style,Gampaha,Peliyagoda,mall_bay,mall_dock,10:30-12:30,10:30,12:30,WAY-121,Men,Men's T-Shirt V5,pcs,43,1,42,9,5,13,in_stock
OUT036,,Waypoint Style,Gampaha,Peliyagoda,mall_bay,mall_dock,10:30-12:30,10:30,12:30,WAY-122,Men,Men's Polo Shirt V5,pcs,41,4,37,14,0,6,in_stock
OUT036,,Waypoint Style,Gampaha,Peliyagoda,mall_bay,mall_dock,10:30-12:30,10:30,12:30,WAY-123,Men,Men's Casual Shirt V5,pcs,26,1,25,13,20,15,in_stock
OUT036,,Waypoint Style,Gampaha,Peliyagoda,mall_bay,mall_dock,10:30-12:30,10:30,12:30,WAY-124,Men,Men's Formal Shirt V5,pcs,42,2,40,5,0,18,in_stock
OUT036,,Waypoint Style,Gampaha,Peliyagoda,mall_bay,mall_dock,10:30-12:30,10:30,12:30,WAY-125,Men,Men's Jeans V5,pcs,33,6,27,8,20,10,in_stock
OUT036,,Waypoint Style,Gampaha,Peliyagoda,mall_bay,mall_dock,10:30-12:30,10:30,12:30,WAY-126,Men,Men's Chino V5,pcs,33,0,33,6,10,9,in_stock
OUT036,,Waypoint Style,Gampaha,Peliyagoda,mall_bay,mall_dock,10:30-12:30,10:30,12:30,WAY-127,Men,Men's Shorts V5,pcs,6,6,0,19,10,17,out_of_stock
OUT036,,Waypoint Style,Gampaha,Peliyagoda,mall_bay,mall_dock,10:30-12:30,10:30,12:30,WAY-128,Men,Men's Hoodie V5,pcs,39,5,34,16,5,18,in_stock
OUT036,,Waypoint Style,Gampaha,Peliyagoda,mall_bay,mall_dock,10:30-12:30,10:30,12:30,WAY-129,Men,Men's Jacket V5,pcs,13,2,11,9,20,9,in_stock
OUT036,,Waypoint Style,Gampaha,Peliyagoda,mall_bay,mall_dock,10:30-12:30,10:30,12:30,WAY-130,Women,Women's T-Shirt V5,pcs,39,7,32,17,10,5,in_stock
OUT036,,Waypoint Style,Gampaha,Peliyagoda,mall_bay,mall_dock,10:30-12:30,10:30,12:30,WAY-131,Women,Women's Blouse V5,pcs,29,6,23,21,0,12,in_stock
OUT036,,Waypoint Style,Gampaha,Peliyagoda,mall_bay,mall_dock,10:30-12:30,10:30,12:30,WAY-132,Women,Women's Dress V5,pcs,30,5,25,10,0,12,in_stock
OUT036,,Waypoint Style,Gampaha,Peliyagoda,mall_bay,mall_dock,10:30-12:30,10:30,12:30,WAY-133,Women,Women's Jeans V5,pcs,16,7,9,13,0,7,in_stock
OUT036,,Waypoint Style,Gampaha,Peliyagoda,mall_bay,mall_dock,10:30-12:30,10:30,12:30,WAY-134,Women,Women's Trousers V5,pcs,14,5,9,12,0,17,low_stock
OUT036,,Waypoint Style,Gampaha,Peliyagoda,mall_bay,mall_dock,10:30-12:30,10:30,12:30,WAY-135,Women,Women's Skirt V5,pcs,16,1,15,5,5,12,in_stock
OUT036,,Waypoint Style,Gampaha,Peliyagoda,mall_bay,mall_dock,10:30-12:30,10:30,12:30,WAY-136,Women,Women's Hoodie V5,pcs,32,1,31,17,30,12,in_stock
OUT036,,Waypoint Style,Gampaha,Peliyagoda,mall_bay,mall_dock,10:30-12:30,10:30,12:30,WAY-137,Women,Women's Jacket V5,pcs,30,6,24,7,30,10,in_stock
OUT036,,Waypoint Style,Gampaha,Peliyagoda,mall_bay,mall_dock,10:30-12:30,10:30,12:30,WAY-138,Kids,Kids T-Shirt V5,pcs,31,2,29,17,0,9,in_stock
OUT036,,Waypoint Style,Gampaha,Peliyagoda,mall_bay,mall_dock,10:30-12:30,10:30,12:30,WAY-139,Kids,Kids Jeans V5,pcs,11,1,10,17,5,10,low_stock
OUT036,,Waypoint Style,Gampaha,Peliyagoda,mall_bay,mall_dock,10:30-12:30,10:30,12:30,WAY-140,Kids,Kids Shorts V5,pcs,34,2,32,16,20,15,in_stock
OUT036,,Waypoint Style,Gampaha,Peliyagoda,mall_bay,mall_dock,10:30-12:30,10:30,12:30,WAY-141,Kids,Kids Dress V5,pcs,27,5,22,9,30,6,in_stock
OUT036,,Waypoint Style,Gampaha,Peliyagoda,mall_bay,mall_dock,10:30-12:30,10:30,12:30,WAY-142,Footwear,Men's Sneakers V5,pairs,6,5,1,7,30,15,low_stock
OUT036,,Waypoint Style,Gampaha,Peliyagoda,mall_bay,mall_dock,10:30-12:30,10:30,12:30,WAY-143,Footwear,Women's Sneakers V5,pairs,13,1,12,18,30,16,low_stock
OUT036,,Waypoint Style,Gampaha,Peliyagoda,mall_bay,mall_dock,10:30-12:30,10:30,12:30,WAY-144,Footwear,Men's Sandals V5,pairs,28,2,26,21,0,18,in_stock
OUT036,,Waypoint Style,Gampaha,Peliyagoda,mall_bay,mall_dock,10:30-12:30,10:30,12:30,WAY-145,Footwear,Women's Sandals V5,pairs,25,0,25,18,20,11,in_stock
OUT036,,Waypoint Style,Gampaha,Peliyagoda,mall_bay,mall_dock,10:30-12:30,10:30,12:30,WAY-146,Footwear,Kids' Shoes V5,pairs,38,0,38,13,0,6,in_stock
OUT036,,Waypoint Style,Gampaha,Peliyagoda,mall_bay,mall_dock,10:30-12:30,10:30,12:30,WAY-147,Accessories,Backpack V5,pcs,38,8,30,20,20,5,in_stock
OUT036,,Waypoint Style,Gampaha,Peliyagoda,mall_bay,mall_dock,10:30-12:30,10:30,12:30,WAY-148,Accessories,Wallet V5,pcs,30,2,28,14,20,10,in_stock
OUT036,,Waypoint Style,Gampaha,Peliyagoda,mall_bay,mall_dock,10:30-12:30,10:30,12:30,WAY-149,Accessories,Cap V5,pcs,12,6,6,21,0,7,low_stock
OUT036,,Waypoint Style,Gampaha,Peliyagoda,mall_bay,mall_dock,10:30-12:30,10:30,12:30,WAY-150,Accessories,Belt V5,pcs,12,4,8,2,20,6,in_stock
OUT036,,Waypoint Style,Gampaha,Peliyagoda,mall_bay,mall_dock,10:30-12:30,10:30,12:30,WAY-151,Men,Men's T-Shirt V6,pcs,7,1,6,8,5,13,low_stock
OUT036,,Waypoint Style,Gampaha,Peliyagoda,mall_bay,mall_dock,10:30-12:30,10:30,12:30,WAY-152,Men,Men's Polo Shirt V6,pcs,24,8,16,22,0,13,in_stock
OUT036,,Waypoint Style,Gampaha,Peliyagoda,mall_bay,mall_dock,10:30-12:30,10:30,12:30,WAY-153,Men,Men's Casual Shirt V6,pcs,42,1,41,18,30,14,in_stock
OUT036,,Waypoint Style,Gampaha,Peliyagoda,mall_bay,mall_dock,10:30-12:30,10:30,12:30,WAY-154,Men,Men's Formal Shirt V6,pcs,33,8,25,10,10,16,in_stock
OUT036,,Waypoint Style,Gampaha,Peliyagoda,mall_bay,mall_dock,10:30-12:30,10:30,12:30,WAY-155,Men,Men's Jeans V6,pcs,15,5,10,19,5,8,in_stock
OUT036,,Waypoint Style,Gampaha,Peliyagoda,mall_bay,mall_dock,10:30-12:30,10:30,12:30,WAY-156,Men,Men's Chino V6,pcs,12,1,11,5,0,9,in_stock
OUT036,,Waypoint Style,Gampaha,Peliyagoda,mall_bay,mall_dock,10:30-12:30,10:30,12:30,WAY-157,Men,Men's Shorts V6,pcs,41,4,37,8,10,5,in_stock
OUT036,,Waypoint Style,Gampaha,Peliyagoda,mall_bay,mall_dock,10:30-12:30,10:30,12:30,WAY-158,Men,Men's Hoodie V6,pcs,39,4,35,8,0,5,in_stock
OUT036,,Waypoint Style,Gampaha,Peliyagoda,mall_bay,mall_dock,10:30-12:30,10:30,12:30,WAY-159,Men,Men's Jacket V6,pcs,18,1,17,19,10,8,in_stock
OUT036,,Waypoint Style,Gampaha,Peliyagoda,mall_bay,mall_dock,10:30-12:30,10:30,12:30,WAY-160,Women,Women's T-Shirt V6,pcs,28,3,25,15,20,18,in_stock
OUT036,,Waypoint Style,Gampaha,Peliyagoda,mall_bay,mall_dock,10:30-12:30,10:30,12:30,WAY-161,Women,Women's Blouse V6,pcs,4,2,2,13,20,10,low_stock
OUT036,,Waypoint Style,Gampaha,Peliyagoda,mall_bay,mall_dock,10:30-12:30,10:30,12:30,WAY-162,Women,Women's Dress V6,pcs,43,8,35,2,10,8,in_stock
OUT036,,Waypoint Style,Gampaha,Peliyagoda,mall_bay,mall_dock,10:30-12:30,10:30,12:30,WAY-163,Women,Women's Jeans V6,pcs,7,2,5,22,20,6,low_stock
OUT036,,Waypoint Style,Gampaha,Peliyagoda,mall_bay,mall_dock,10:30-12:30,10:30,12:30,WAY-164,Women,Women's Trousers V6,pcs,30,8,22,9,0,18,in_stock
OUT036,,Waypoint Style,Gampaha,Peliyagoda,mall_bay,mall_dock,10:30-12:30,10:30,12:30,WAY-165,Women,Women's Skirt V6,pcs,27,2,25,5,30,11,in_stock
OUT036,,Waypoint Style,Gampaha,Peliyagoda,mall_bay,mall_dock,10:30-12:30,10:30,12:30,WAY-166,Women,Women's Hoodie V6,pcs,4,2,2,14,0,7,low_stock
OUT036,,Waypoint Style,Gampaha,Peliyagoda,mall_bay,mall_dock,10:30-12:30,10:30,12:30,WAY-167,Women,Women's Jacket V6,pcs,28,7,21,10,0,15,in_stock
OUT036,,Waypoint Style,Gampaha,Peliyagoda,mall_bay,mall_dock,10:30-12:30,10:30,12:30,WAY-168,Kids,Kids T-Shirt V6,pcs,29,3,26,16,5,7,in_stock
OUT036,,Waypoint Style,Gampaha,Peliyagoda,mall_bay,mall_dock,10:30-12:30,10:30,12:30,WAY-169,Kids,Kids Jeans V6,pcs,42,8,34,9,20,6,in_stock
OUT036,,Waypoint Style,Gampaha,Peliyagoda,mall_bay,mall_dock,10:30-12:30,10:30,12:30,WAY-170,Kids,Kids Shorts V6,pcs,26,7,19,5,30,7,in_stock
OUT036,,Waypoint Style,Gampaha,Peliyagoda,mall_bay,mall_dock,10:30-12:30,10:30,12:30,WAY-171,Kids,Kids Dress V6,pcs,16,7,9,7,30,12,low_stock
OUT036,,Waypoint Style,Gampaha,Peliyagoda,mall_bay,mall_dock,10:30-12:30,10:30,12:30,WAY-172,Footwear,Men's Sneakers V6,pairs,42,7,35,11,20,6,in_stock
OUT036,,Waypoint Style,Gampaha,Peliyagoda,mall_bay,mall_dock,10:30-12:30,10:30,12:30,WAY-173,Footwear,Women's Sneakers V6,pairs,30,1,29,11,0,18,in_stock
OUT036,,Waypoint Style,Gampaha,Peliyagoda,mall_bay,mall_dock,10:30-12:30,10:30,12:30,WAY-174,Footwear,Men's Sandals V6,pairs,25,4,21,9,30,8,in_stock
OUT036,,Waypoint Style,Gampaha,Peliyagoda,mall_bay,mall_dock,10:30-12:30,10:30,12:30,WAY-175,Footwear,Women's Sandals V6,pairs,23,0,23,9,0,13,in_stock
OUT036,,Waypoint Style,Gampaha,Peliyagoda,mall_bay,mall_dock,10:30-12:30,10:30,12:30,WAY-176,Footwear,Kids' Shoes V6,pairs,13,3,10,9,5,5,in_stock
OUT036,,Waypoint Style,Gampaha,Peliyagoda,mall_bay,mall_dock,10:30-12:30,10:30,12:30,WAY-177,Accessories,Backpack V6,pcs,23,1,22,12,0,7,in_stock
OUT036,,Waypoint Style,Gampaha,Peliyagoda,mall_bay,mall_dock,10:30-12:30,10:30,12:30,WAY-178,Accessories,Wallet V6,pcs,44,5,39,7,5,8,in_stock
OUT036,,Waypoint Style,Gampaha,Peliyagoda,mall_bay,mall_dock,10:30-12:30,10:30,12:30,WAY-179,Accessories,Cap V6,pcs,30,2,28,1,5,9,in_stock
OUT036,,Waypoint Style,Gampaha,Peliyagoda,mall_bay,mall_dock,10:30-12:30,10:30,12:30,WAY-180,Accessories,Belt V6,pcs,14,0,14,2,5,15,low_stock
OUT036,,Waypoint Style,Gampaha,Peliyagoda,mall_bay,mall_dock,10:30-12:30,10:30,12:30,WAY-181,Men,Men's T-Shirt V7,pcs,5,0,5,17,0,10,low_stock
OUT036,,Waypoint Style,Gampaha,Peliyagoda,mall_bay,mall_dock,10:30-12:30,10:30,12:30,WAY-182,Men,Men's Polo Shirt V7,pcs,18,7,11,9,0,12,low_stock
OUT036,,Waypoint Style,Gampaha,Peliyagoda,mall_bay,mall_dock,10:30-12:30,10:30,12:30,WAY-183,Men,Men's Casual Shirt V7,pcs,4,1,3,4,20,14,low_stock
OUT036,,Waypoint Style,Gampaha,Peliyagoda,mall_bay,mall_dock,10:30-12:30,10:30,12:30,WAY-184,Men,Men's Formal Shirt V7,pcs,29,7,22,1,0,15,in_stock
OUT036,,Waypoint Style,Gampaha,Peliyagoda,mall_bay,mall_dock,10:30-12:30,10:30,12:30,WAY-185,Men,Men's Jeans V7,pcs,23,0,23,14,0,7,in_stock
OUT036,,Waypoint Style,Gampaha,Peliyagoda,mall_bay,mall_dock,10:30-12:30,10:30,12:30,WAY-186,Men,Men's Chino V7,pcs,35,1,34,2,10,14,in_stock
OUT036,,Waypoint Style,Gampaha,Peliyagoda,mall_bay,mall_dock,10:30-12:30,10:30,12:30,WAY-187,Men,Men's Shorts V7,pcs,5,4,1,11,0,12,low_stock
OUT036,,Waypoint Style,Gampaha,Peliyagoda,mall_bay,mall_dock,10:30-12:30,10:30,12:30,WAY-188,Men,Men's Hoodie V7,pcs,38,6,32,17,0,16,in_stock
OUT036,,Waypoint Style,Gampaha,Peliyagoda,mall_bay,mall_dock,10:30-12:30,10:30,12:30,WAY-189,Men,Men's Jacket V7,pcs,5,2,3,18,30,6,low_stock
OUT036,,Waypoint Style,Gampaha,Peliyagoda,mall_bay,mall_dock,10:30-12:30,10:30,12:30,WAY-190,Women,Women's T-Shirt V7,pcs,23,8,15,8,20,8,in_stock
OUT036,,Waypoint Style,Gampaha,Peliyagoda,mall_bay,mall_dock,10:30-12:30,10:30,12:30,WAY-191,Women,Women's Blouse V7,pcs,39,4,35,9,20,16,in_stock
OUT036,,Waypoint Style,Gampaha,Peliyagoda,mall_bay,mall_dock,10:30-12:30,10:30,12:30,WAY-192,Women,Women's Dress V7,pcs,31,3,28,9,20,8,in_stock
OUT036,,Waypoint Style,Gampaha,Peliyagoda,mall_bay,mall_dock,10:30-12:30,10:30,12:30,WAY-193,Women,Women's Jeans V7,pcs,28,3,25,10,5,9,in_stock
OUT036,,Waypoint Style,Gampaha,Peliyagoda,mall_bay,mall_dock,10:30-12:30,10:30,12:30,WAY-194,Women,Women's Trousers V7,pcs,34,5,29,18,10,10,in_stock
OUT036,,Waypoint Style,Gampaha,Peliyagoda,mall_bay,mall_dock,10:30-12:30,10:30,12:30,WAY-195,Women,Women's Skirt V7,pcs,40,8,32,8,0,18,in_stock
OUT036,,Waypoint Style,Gampaha,Peliyagoda,mall_bay,mall_dock,10:30-12:30,10:30,12:30,WAY-196,Women,Women's Hoodie V7,pcs,27,2,25,5,10,17,in_stock
OUT036,,Waypoint Style,Gampaha,Peliyagoda,mall_bay,mall_dock,10:30-12:30,10:30,12:30,WAY-197,Women,Women's Jacket V7,pcs,21,1,20,5,20,14,in_stock
OUT036,,Waypoint Style,Gampaha,Peliyagoda,mall_bay,mall_dock,10:30-12:30,10:30,12:30,WAY-198,Kids,Kids T-Shirt V7,pcs,17,4,13,8,0,11,in_stock
OUT036,,Waypoint Style,Gampaha,Peliyagoda,mall_bay,mall_dock,10:30-12:30,10:30,12:30,WAY-199,Kids,Kids Jeans V7,pcs,22,0,22,13,0,6,in_stock
OUT036,,Waypoint Style,Gampaha,Peliyagoda,mall_bay,mall_dock,10:30-12:30,10:30,12:30,WAY-200,Kids,Kids Shorts V7,pcs,11,5,6,9,30,14,low_stock
OUT037,,Waypoint Style,Gampaha,Peliyagoda,street,normal,,09:00,17:00,WAY-001,Men,Men's T-Shirt,pcs,41,8,33,10,30,10,in_stock
OUT037,,Waypoint Style,Gampaha,Peliyagoda,street,normal,,09:00,17:00,WAY-002,Men,Men's Polo Shirt,pcs,20,5,15,22,0,17,low_stock
OUT037,,Waypoint Style,Gampaha,Peliyagoda,street,normal,,09:00,17:00,WAY-003,Men,Men's Casual Shirt,pcs,16,7,9,20,30,7,in_stock
OUT037,,Waypoint Style,Gampaha,Peliyagoda,street,normal,,09:00,17:00,WAY-004,Men,Men's Formal Shirt,pcs,41,3,38,4,10,6,in_stock
OUT037,,Waypoint Style,Gampaha,Peliyagoda,street,normal,,09:00,17:00,WAY-005,Men,Men's Jeans,pcs,23,8,15,3,0,10,in_stock
OUT037,,Waypoint Style,Gampaha,Peliyagoda,street,normal,,09:00,17:00,WAY-006,Men,Men's Chino,pcs,44,4,40,1,30,11,in_stock
OUT037,,Waypoint Style,Gampaha,Peliyagoda,street,normal,,09:00,17:00,WAY-007,Men,Men's Shorts,pcs,37,6,31,16,30,17,in_stock
OUT037,,Waypoint Style,Gampaha,Peliyagoda,street,normal,,09:00,17:00,WAY-008,Men,Men's Hoodie,pcs,28,5,23,11,5,8,in_stock
OUT037,,Waypoint Style,Gampaha,Peliyagoda,street,normal,,09:00,17:00,WAY-009,Men,Men's Jacket,pcs,45,8,37,5,10,7,in_stock
OUT037,,Waypoint Style,Gampaha,Peliyagoda,street,normal,,09:00,17:00,WAY-010,Women,Women's T-Shirt,pcs,45,6,39,7,30,10,in_stock
OUT037,,Waypoint Style,Gampaha,Peliyagoda,street,normal,,09:00,17:00,WAY-011,Women,Women's Blouse,pcs,38,3,35,16,10,16,in_stock
OUT037,,Waypoint Style,Gampaha,Peliyagoda,street,normal,,09:00,17:00,WAY-012,Women,Women's Dress,pcs,26,6,20,16,20,9,in_stock
OUT037,,Waypoint Style,Gampaha,Peliyagoda,street,normal,,09:00,17:00,WAY-013,Women,Women's Jeans,pcs,32,5,27,18,0,5,in_stock
OUT037,,Waypoint Style,Gampaha,Peliyagoda,street,normal,,09:00,17:00,WAY-014,Women,Women's Trousers,pcs,26,4,22,18,0,8,in_stock
OUT037,,Waypoint Style,Gampaha,Peliyagoda,street,normal,,09:00,17:00,WAY-015,Women,Women's Skirt,pcs,20,5,15,18,0,13,in_stock
OUT037,,Waypoint Style,Gampaha,Peliyagoda,street,normal,,09:00,17:00,WAY-016,Women,Women's Hoodie,pcs,22,2,20,19,0,10,in_stock
OUT037,,Waypoint Style,Gampaha,Peliyagoda,street,normal,,09:00,17:00,WAY-017,Women,Women's Jacket,pcs,29,4,25,13,10,11,in_stock
OUT037,,Waypoint Style,Gampaha,Peliyagoda,street,normal,,09:00,17:00,WAY-018,Kids,Kids T-Shirt,pcs,36,7,29,17,0,16,in_stock
OUT037,,Waypoint Style,Gampaha,Peliyagoda,street,normal,,09:00,17:00,WAY-019,Kids,Kids Jeans,pcs,5,5,0,2,5,16,out_of_stock
OUT037,,Waypoint Style,Gampaha,Peliyagoda,street,normal,,09:00,17:00,WAY-020,Kids,Kids Shorts,pcs,6,3,3,18,0,6,low_stock
OUT037,,Waypoint Style,Gampaha,Peliyagoda,street,normal,,09:00,17:00,WAY-021,Kids,Kids Dress,pcs,4,3,1,14,0,8,low_stock
OUT037,,Waypoint Style,Gampaha,Peliyagoda,street,normal,,09:00,17:00,WAY-022,Footwear,Men's Sneakers,pairs,20,2,18,7,0,18,low_stock
OUT037,,Waypoint Style,Gampaha,Peliyagoda,street,normal,,09:00,17:00,WAY-023,Footwear,Women's Sneakers,pairs,5,3,2,9,0,15,low_stock
OUT037,,Waypoint Style,Gampaha,Peliyagoda,street,normal,,09:00,17:00,WAY-024,Footwear,Men's Sandals,pairs,34,4,30,18,0,7,in_stock
OUT037,,Waypoint Style,Gampaha,Peliyagoda,street,normal,,09:00,17:00,WAY-025,Footwear,Women's Sandals,pairs,42,7,35,19,30,9,in_stock
OUT037,,Waypoint Style,Gampaha,Peliyagoda,street,normal,,09:00,17:00,WAY-026,Footwear,Kids' Shoes,pairs,5,3,2,16,5,5,low_stock
OUT037,,Waypoint Style,Gampaha,Peliyagoda,street,normal,,09:00,17:00,WAY-027,Accessories,Backpack,pcs,26,4,22,11,0,17,in_stock
OUT037,,Waypoint Style,Gampaha,Peliyagoda,street,normal,,09:00,17:00,WAY-028,Accessories,Wallet,pcs,42,3,39,9,30,18,in_stock
OUT037,,Waypoint Style,Gampaha,Peliyagoda,street,normal,,09:00,17:00,WAY-029,Accessories,Cap,pcs,37,2,35,2,20,9,in_stock
OUT037,,Waypoint Style,Gampaha,Peliyagoda,street,normal,,09:00,17:00,WAY-030,Accessories,Belt,pcs,29,5,24,6,20,10,in_stock
OUT037,,Waypoint Style,Gampaha,Peliyagoda,street,normal,,09:00,17:00,WAY-031,Men,Men's T-Shirt V2,pcs,18,0,18,12,5,5,in_stock
OUT037,,Waypoint Style,Gampaha,Peliyagoda,street,normal,,09:00,17:00,WAY-032,Men,Men's Polo Shirt V2,pcs,32,6,26,13,10,10,in_stock
OUT037,,Waypoint Style,Gampaha,Peliyagoda,street,normal,,09:00,17:00,WAY-033,Men,Men's Casual Shirt V2,pcs,19,8,11,22,20,13,low_stock
OUT037,,Waypoint Style,Gampaha,Peliyagoda,street,normal,,09:00,17:00,WAY-034,Men,Men's Formal Shirt V2,pcs,13,8,5,2,0,8,low_stock
OUT037,,Waypoint Style,Gampaha,Peliyagoda,street,normal,,09:00,17:00,WAY-035,Men,Men's Jeans V2,pcs,32,1,31,1,5,17,in_stock
OUT037,,Waypoint Style,Gampaha,Peliyagoda,street,normal,,09:00,17:00,WAY-036,Men,Men's Chino V2,pcs,38,8,30,12,20,12,in_stock
OUT037,,Waypoint Style,Gampaha,Peliyagoda,street,normal,,09:00,17:00,WAY-037,Men,Men's Shorts V2,pcs,36,1,35,14,30,17,in_stock
OUT037,,Waypoint Style,Gampaha,Peliyagoda,street,normal,,09:00,17:00,WAY-038,Men,Men's Hoodie V2,pcs,28,8,20,19,0,12,in_stock
OUT037,,Waypoint Style,Gampaha,Peliyagoda,street,normal,,09:00,17:00,WAY-039,Men,Men's Jacket V2,pcs,21,3,18,9,0,18,low_stock
OUT037,,Waypoint Style,Gampaha,Peliyagoda,street,normal,,09:00,17:00,WAY-040,Women,Women's T-Shirt V2,pcs,6,3,3,8,5,11,low_stock
OUT037,,Waypoint Style,Gampaha,Peliyagoda,street,normal,,09:00,17:00,WAY-041,Women,Women's Blouse V2,pcs,31,8,23,20,0,8,in_stock
OUT037,,Waypoint Style,Gampaha,Peliyagoda,street,normal,,09:00,17:00,WAY-042,Women,Women's Dress V2,pcs,39,3,36,22,30,12,in_stock
OUT037,,Waypoint Style,Gampaha,Peliyagoda,street,normal,,09:00,17:00,WAY-043,Women,Women's Jeans V2,pcs,27,3,24,12,0,17,in_stock
OUT037,,Waypoint Style,Gampaha,Peliyagoda,street,normal,,09:00,17:00,WAY-044,Women,Women's Trousers V2,pcs,44,3,41,20,0,11,in_stock
OUT037,,Waypoint Style,Gampaha,Peliyagoda,street,normal,,09:00,17:00,WAY-045,Women,Women's Skirt V2,pcs,41,3,38,18,0,11,in_stock
OUT037,,Waypoint Style,Gampaha,Peliyagoda,street,normal,,09:00,17:00,WAY-046,Women,Women's Hoodie V2,pcs,19,2,17,1,0,10,in_stock
OUT037,,Waypoint Style,Gampaha,Peliyagoda,street,normal,,09:00,17:00,WAY-047,Women,Women's Jacket V2,pcs,41,6,35,10,0,15,in_stock
OUT037,,Waypoint Style,Gampaha,Peliyagoda,street,normal,,09:00,17:00,WAY-048,Kids,Kids T-Shirt V2,pcs,14,3,11,3,0,18,low_stock
OUT037,,Waypoint Style,Gampaha,Peliyagoda,street,normal,,09:00,17:00,WAY-049,Kids,Kids Jeans V2,pcs,36,5,31,3,0,15,in_stock
OUT037,,Waypoint Style,Gampaha,Peliyagoda,street,normal,,09:00,17:00,WAY-050,Kids,Kids Shorts V2,pcs,13,8,5,7,0,5,low_stock
OUT037,,Waypoint Style,Gampaha,Peliyagoda,street,normal,,09:00,17:00,WAY-051,Kids,Kids Dress V2,pcs,45,6,39,1,0,16,in_stock
OUT037,,Waypoint Style,Gampaha,Peliyagoda,street,normal,,09:00,17:00,WAY-052,Footwear,Men's Sneakers V2,pairs,28,8,20,1,0,10,in_stock
OUT037,,Waypoint Style,Gampaha,Peliyagoda,street,normal,,09:00,17:00,WAY-053,Footwear,Women's Sneakers V2,pairs,4,2,2,22,10,5,low_stock
OUT037,,Waypoint Style,Gampaha,Peliyagoda,street,normal,,09:00,17:00,WAY-054,Footwear,Men's Sandals V2,pairs,42,5,37,21,0,16,in_stock
OUT037,,Waypoint Style,Gampaha,Peliyagoda,street,normal,,09:00,17:00,WAY-055,Footwear,Women's Sandals V2,pairs,44,1,43,19,30,15,in_stock
OUT037,,Waypoint Style,Gampaha,Peliyagoda,street,normal,,09:00,17:00,WAY-056,Footwear,Kids' Shoes V2,pairs,10,4,6,20,0,7,low_stock
OUT037,,Waypoint Style,Gampaha,Peliyagoda,street,normal,,09:00,17:00,WAY-057,Accessories,Backpack V2,pcs,29,1,28,12,0,10,in_stock
OUT037,,Waypoint Style,Gampaha,Peliyagoda,street,normal,,09:00,17:00,WAY-058,Accessories,Wallet V2,pcs,45,5,40,12,0,17,in_stock
OUT037,,Waypoint Style,Gampaha,Peliyagoda,street,normal,,09:00,17:00,WAY-059,Accessories,Cap V2,pcs,29,8,21,17,30,9,in_stock
OUT037,,Waypoint Style,Gampaha,Peliyagoda,street,normal,,09:00,17:00,WAY-060,Accessories,Belt V2,pcs,5,1,4,1,0,12,low_stock
OUT037,,Waypoint Style,Gampaha,Peliyagoda,street,normal,,09:00,17:00,WAY-061,Men,Men's T-Shirt V3,pcs,10,7,3,16,0,13,low_stock
OUT037,,Waypoint Style,Gampaha,Peliyagoda,street,normal,,09:00,17:00,WAY-062,Men,Men's Polo Shirt V3,pcs,14,7,7,8,0,10,low_stock
OUT037,,Waypoint Style,Gampaha,Peliyagoda,street,normal,,09:00,17:00,WAY-063,Men,Men's Casual Shirt V3,pcs,36,8,28,17,0,18,in_stock
OUT037,,Waypoint Style,Gampaha,Peliyagoda,street,normal,,09:00,17:00,WAY-064,Men,Men's Formal Shirt V3,pcs,44,7,37,5,20,12,in_stock
OUT037,,Waypoint Style,Gampaha,Peliyagoda,street,normal,,09:00,17:00,WAY-065,Men,Men's Jeans V3,pcs,23,1,22,10,10,12,in_stock
OUT037,,Waypoint Style,Gampaha,Peliyagoda,street,normal,,09:00,17:00,WAY-066,Men,Men's Chino V3,pcs,4,4,0,17,0,8,out_of_stock
OUT037,,Waypoint Style,Gampaha,Peliyagoda,street,normal,,09:00,17:00,WAY-067,Men,Men's Shorts V3,pcs,17,3,14,9,5,13,in_stock
OUT037,,Waypoint Style,Gampaha,Peliyagoda,street,normal,,09:00,17:00,WAY-068,Men,Men's Hoodie V3,pcs,21,8,13,9,20,13,low_stock
OUT037,,Waypoint Style,Gampaha,Peliyagoda,street,normal,,09:00,17:00,WAY-069,Men,Men's Jacket V3,pcs,25,8,17,18,5,5,in_stock
OUT037,,Waypoint Style,Gampaha,Peliyagoda,street,normal,,09:00,17:00,WAY-070,Women,Women's T-Shirt V3,pcs,34,2,32,21,0,13,in_stock
OUT037,,Waypoint Style,Gampaha,Peliyagoda,street,normal,,09:00,17:00,WAY-071,Women,Women's Blouse V3,pcs,18,1,17,11,5,7,in_stock
OUT037,,Waypoint Style,Gampaha,Peliyagoda,street,normal,,09:00,17:00,WAY-072,Women,Women's Dress V3,pcs,12,1,11,7,0,6,in_stock
OUT037,,Waypoint Style,Gampaha,Peliyagoda,street,normal,,09:00,17:00,WAY-073,Women,Women's Jeans V3,pcs,36,1,35,9,30,13,in_stock
OUT037,,Waypoint Style,Gampaha,Peliyagoda,street,normal,,09:00,17:00,WAY-074,Women,Women's Trousers V3,pcs,25,2,23,1,20,11,in_stock
OUT037,,Waypoint Style,Gampaha,Peliyagoda,street,normal,,09:00,17:00,WAY-075,Women,Women's Skirt V3,pcs,22,1,21,12,0,6,in_stock
OUT037,,Waypoint Style,Gampaha,Peliyagoda,street,normal,,09:00,17:00,WAY-076,Women,Women's Hoodie V3,pcs,16,1,15,16,20,12,in_stock
OUT037,,Waypoint Style,Gampaha,Peliyagoda,street,normal,,09:00,17:00,WAY-077,Women,Women's Jacket V3,pcs,21,6,15,9,0,12,in_stock
OUT037,,Waypoint Style,Gampaha,Peliyagoda,street,normal,,09:00,17:00,WAY-078,Kids,Kids T-Shirt V3,pcs,19,7,12,19,10,10,in_stock
OUT037,,Waypoint Style,Gampaha,Peliyagoda,street,normal,,09:00,17:00,WAY-079,Kids,Kids Jeans V3,pcs,31,5,26,10,0,9,in_stock
OUT037,,Waypoint Style,Gampaha,Peliyagoda,street,normal,,09:00,17:00,WAY-080,Kids,Kids Shorts V3,pcs,43,8,35,15,5,7,in_stock
OUT037,,Waypoint Style,Gampaha,Peliyagoda,street,normal,,09:00,17:00,WAY-081,Kids,Kids Dress V3,pcs,18,6,12,8,0,5,in_stock
OUT037,,Waypoint Style,Gampaha,Peliyagoda,street,normal,,09:00,17:00,WAY-082,Footwear,Men's Sneakers V3,pairs,11,5,6,6,0,5,in_stock
OUT037,,Waypoint Style,Gampaha,Peliyagoda,street,normal,,09:00,17:00,WAY-083,Footwear,Women's Sneakers V3,pairs,23,2,21,15,20,12,in_stock
OUT037,,Waypoint Style,Gampaha,Peliyagoda,street,normal,,09:00,17:00,WAY-084,Footwear,Men's Sandals V3,pairs,39,7,32,19,5,10,in_stock
OUT037,,Waypoint Style,Gampaha,Peliyagoda,street,normal,,09:00,17:00,WAY-085,Footwear,Women's Sandals V3,pairs,16,0,16,9,5,6,in_stock
OUT037,,Waypoint Style,Gampaha,Peliyagoda,street,normal,,09:00,17:00,WAY-086,Footwear,Kids' Shoes V3,pairs,41,7,34,3,0,16,in_stock
OUT037,,Waypoint Style,Gampaha,Peliyagoda,street,normal,,09:00,17:00,WAY-087,Accessories,Backpack V3,pcs,15,3,12,13,10,7,in_stock
OUT037,,Waypoint Style,Gampaha,Peliyagoda,street,normal,,09:00,17:00,WAY-088,Accessories,Wallet V3,pcs,4,2,2,16,0,15,low_stock
OUT037,,Waypoint Style,Gampaha,Peliyagoda,street,normal,,09:00,17:00,WAY-089,Accessories,Cap V3,pcs,34,1,33,16,20,18,in_stock
OUT037,,Waypoint Style,Gampaha,Peliyagoda,street,normal,,09:00,17:00,WAY-090,Accessories,Belt V3,pcs,11,6,5,10,0,17,low_stock
OUT037,,Waypoint Style,Gampaha,Peliyagoda,street,normal,,09:00,17:00,WAY-091,Men,Men's T-Shirt V4,pcs,14,1,13,12,30,18,low_stock
OUT037,,Waypoint Style,Gampaha,Peliyagoda,street,normal,,09:00,17:00,WAY-092,Men,Men's Polo Shirt V4,pcs,26,3,23,12,0,5,in_stock
OUT037,,Waypoint Style,Gampaha,Peliyagoda,street,normal,,09:00,17:00,WAY-093,Men,Men's Casual Shirt V4,pcs,18,3,15,18,30,10,in_stock
OUT037,,Waypoint Style,Gampaha,Peliyagoda,street,normal,,09:00,17:00,WAY-094,Men,Men's Formal Shirt V4,pcs,24,6,18,4,10,11,in_stock
OUT037,,Waypoint Style,Gampaha,Peliyagoda,street,normal,,09:00,17:00,WAY-095,Men,Men's Jeans V4,pcs,23,4,19,17,10,9,in_stock
OUT037,,Waypoint Style,Gampaha,Peliyagoda,street,normal,,09:00,17:00,WAY-096,Men,Men's Chino V4,pcs,44,1,43,9,0,17,in_stock
OUT037,,Waypoint Style,Gampaha,Peliyagoda,street,normal,,09:00,17:00,WAY-097,Men,Men's Shorts V4,pcs,15,6,9,4,30,12,low_stock
OUT037,,Waypoint Style,Gampaha,Peliyagoda,street,normal,,09:00,17:00,WAY-098,Men,Men's Hoodie V4,pcs,37,5,32,12,20,13,in_stock
OUT037,,Waypoint Style,Gampaha,Peliyagoda,street,normal,,09:00,17:00,WAY-099,Men,Men's Jacket V4,pcs,35,4,31,5,5,15,in_stock
OUT037,,Waypoint Style,Gampaha,Peliyagoda,street,normal,,09:00,17:00,WAY-100,Women,Women's T-Shirt V4,pcs,20,1,19,5,0,10,in_stock
OUT037,,Waypoint Style,Gampaha,Peliyagoda,street,normal,,09:00,17:00,WAY-101,Women,Women's Blouse V4,pcs,11,3,8,8,0,8,low_stock
OUT037,,Waypoint Style,Gampaha,Peliyagoda,street,normal,,09:00,17:00,WAY-102,Women,Women's Dress V4,pcs,11,8,3,9,0,14,low_stock
OUT037,,Waypoint Style,Gampaha,Peliyagoda,street,normal,,09:00,17:00,WAY-103,Women,Women's Jeans V4,pcs,7,3,4,21,20,11,low_stock
OUT037,,Waypoint Style,Gampaha,Peliyagoda,street,normal,,09:00,17:00,WAY-104,Women,Women's Trousers V4,pcs,28,2,26,9,20,12,in_stock
OUT037,,Waypoint Style,Gampaha,Peliyagoda,street,normal,,09:00,17:00,WAY-105,Women,Women's Skirt V4,pcs,20,8,12,9,20,6,in_stock
OUT037,,Waypoint Style,Gampaha,Peliyagoda,street,normal,,09:00,17:00,WAY-106,Women,Women's Hoodie V4,pcs,6,0,6,8,30,17,low_stock
OUT037,,Waypoint Style,Gampaha,Peliyagoda,street,normal,,09:00,17:00,WAY-107,Women,Women's Jacket V4,pcs,22,6,16,18,5,12,in_stock
OUT037,,Waypoint Style,Gampaha,Peliyagoda,street,normal,,09:00,17:00,WAY-108,Kids,Kids T-Shirt V4,pcs,40,4,36,9,10,13,in_stock
OUT037,,Waypoint Style,Gampaha,Peliyagoda,street,normal,,09:00,17:00,WAY-109,Kids,Kids Jeans V4,pcs,40,7,33,14,0,16,in_stock
OUT037,,Waypoint Style,Gampaha,Peliyagoda,street,normal,,09:00,17:00,WAY-110,Kids,Kids Shorts V4,pcs,30,0,30,15,30,14,in_stock
OUT037,,Waypoint Style,Gampaha,Peliyagoda,street,normal,,09:00,17:00,WAY-111,Kids,Kids Dress V4,pcs,37,4,33,4,20,14,in_stock
OUT037,,Waypoint Style,Gampaha,Peliyagoda,street,normal,,09:00,17:00,WAY-112,Footwear,Men's Sneakers V4,pairs,34,4,30,16,0,16,in_stock
OUT037,,Waypoint Style,Gampaha,Peliyagoda,street,normal,,09:00,17:00,WAY-113,Footwear,Women's Sneakers V4,pairs,39,6,33,20,10,10,in_stock
OUT037,,Waypoint Style,Gampaha,Peliyagoda,street,normal,,09:00,17:00,WAY-114,Footwear,Men's Sandals V4,pairs,33,4,29,9,20,12,in_stock
OUT037,,Waypoint Style,Gampaha,Peliyagoda,street,normal,,09:00,17:00,WAY-115,Footwear,Women's Sandals V4,pairs,14,5,9,3,5,11,low_stock
OUT037,,Waypoint Style,Gampaha,Peliyagoda,street,normal,,09:00,17:00,WAY-116,Footwear,Kids' Shoes V4,pairs,27,0,27,17,30,5,in_stock
OUT037,,Waypoint Style,Gampaha,Peliyagoda,street,normal,,09:00,17:00,WAY-117,Accessories,Backpack V4,pcs,4,3,1,5,10,5,low_stock
OUT037,,Waypoint Style,Gampaha,Peliyagoda,street,normal,,09:00,17:00,WAY-118,Accessories,Wallet V4,pcs,23,8,15,1,0,5,in_stock
OUT037,,Waypoint Style,Gampaha,Peliyagoda,street,normal,,09:00,17:00,WAY-119,Accessories,Cap V4,pcs,11,3,8,9,0,12,low_stock
OUT037,,Waypoint Style,Gampaha,Peliyagoda,street,normal,,09:00,17:00,WAY-120,Accessories,Belt V4,pcs,17,3,14,19,10,5,in_stock
OUT037,,Waypoint Style,Gampaha,Peliyagoda,street,normal,,09:00,17:00,WAY-121,Men,Men's T-Shirt V5,pcs,10,5,5,21,0,7,low_stock
OUT037,,Waypoint Style,Gampaha,Peliyagoda,street,normal,,09:00,17:00,WAY-122,Men,Men's Polo Shirt V5,pcs,40,0,40,5,5,12,in_stock
OUT037,,Waypoint Style,Gampaha,Peliyagoda,street,normal,,09:00,17:00,WAY-123,Men,Men's Casual Shirt V5,pcs,35,2,33,16,0,15,in_stock
OUT037,,Waypoint Style,Gampaha,Peliyagoda,street,normal,,09:00,17:00,WAY-124,Men,Men's Formal Shirt V5,pcs,32,1,31,16,0,7,in_stock
OUT037,,Waypoint Style,Gampaha,Peliyagoda,street,normal,,09:00,17:00,WAY-125,Men,Men's Jeans V5,pcs,21,2,19,12,20,7,in_stock
OUT037,,Waypoint Style,Gampaha,Peliyagoda,street,normal,,09:00,17:00,WAY-126,Men,Men's Chino V5,pcs,29,7,22,6,0,7,in_stock
OUT037,,Waypoint Style,Gampaha,Peliyagoda,street,normal,,09:00,17:00,WAY-127,Men,Men's Shorts V5,pcs,39,6,33,19,0,8,in_stock
OUT037,,Waypoint Style,Gampaha,Peliyagoda,street,normal,,09:00,17:00,WAY-128,Men,Men's Hoodie V5,pcs,29,5,24,9,20,9,in_stock
OUT037,,Waypoint Style,Gampaha,Peliyagoda,street,normal,,09:00,17:00,WAY-129,Men,Men's Jacket V5,pcs,37,7,30,16,0,6,in_stock
OUT037,,Waypoint Style,Gampaha,Peliyagoda,street,normal,,09:00,17:00,WAY-130,Women,Women's T-Shirt V5,pcs,27,6,21,8,0,6,in_stock
OUT037,,Waypoint Style,Gampaha,Peliyagoda,street,normal,,09:00,17:00,WAY-131,Women,Women's Blouse V5,pcs,39,4,35,4,5,18,in_stock
OUT037,,Waypoint Style,Gampaha,Peliyagoda,street,normal,,09:00,17:00,WAY-132,Women,Women's Dress V5,pcs,26,4,22,19,0,15,in_stock
OUT037,,Waypoint Style,Gampaha,Peliyagoda,street,normal,,09:00,17:00,WAY-133,Women,Women's Jeans V5,pcs,14,2,12,16,0,10,in_stock
OUT037,,Waypoint Style,Gampaha,Peliyagoda,street,normal,,09:00,17:00,WAY-134,Women,Women's Trousers V5,pcs,27,7,20,8,5,14,in_stock
OUT037,,Waypoint Style,Gampaha,Peliyagoda,street,normal,,09:00,17:00,WAY-135,Women,Women's Skirt V5,pcs,44,2,42,21,0,10,in_stock
OUT037,,Waypoint Style,Gampaha,Peliyagoda,street,normal,,09:00,17:00,WAY-136,Women,Women's Hoodie V5,pcs,41,8,33,18,5,11,in_stock
OUT037,,Waypoint Style,Gampaha,Peliyagoda,street,normal,,09:00,17:00,WAY-137,Women,Women's Jacket V5,pcs,14,8,6,21,5,8,low_stock
OUT037,,Waypoint Style,Gampaha,Peliyagoda,street,normal,,09:00,17:00,WAY-138,Kids,Kids T-Shirt V5,pcs,26,5,21,7,10,18,in_stock
OUT037,,Waypoint Style,Gampaha,Peliyagoda,street,normal,,09:00,17:00,WAY-139,Kids,Kids Jeans V5,pcs,21,6,15,18,0,12,in_stock
OUT037,,Waypoint Style,Gampaha,Peliyagoda,street,normal,,09:00,17:00,WAY-140,Kids,Kids Shorts V5,pcs,26,2,24,16,0,14,in_stock
OUT037,,Waypoint Style,Gampaha,Peliyagoda,street,normal,,09:00,17:00,WAY-141,Kids,Kids Dress V5,pcs,29,6,23,9,5,9,in_stock
OUT037,,Waypoint Style,Gampaha,Peliyagoda,street,normal,,09:00,17:00,WAY-142,Footwear,Men's Sneakers V5,pairs,38,0,38,1,0,14,in_stock
OUT037,,Waypoint Style,Gampaha,Peliyagoda,street,normal,,09:00,17:00,WAY-143,Footwear,Women's Sneakers V5,pairs,11,7,4,18,0,13,low_stock
OUT037,,Waypoint Style,Gampaha,Peliyagoda,street,normal,,09:00,17:00,WAY-144,Footwear,Men's Sandals V5,pairs,28,3,25,18,0,11,in_stock
OUT037,,Waypoint Style,Gampaha,Peliyagoda,street,normal,,09:00,17:00,WAY-145,Footwear,Women's Sandals V5,pairs,4,0,4,3,30,10,low_stock
OUT037,,Waypoint Style,Gampaha,Peliyagoda,street,normal,,09:00,17:00,WAY-146,Footwear,Kids' Shoes V5,pairs,41,7,34,20,20,15,in_stock
OUT037,,Waypoint Style,Gampaha,Peliyagoda,street,normal,,09:00,17:00,WAY-147,Accessories,Backpack V5,pcs,10,1,9,10,20,5,in_stock
OUT037,,Waypoint Style,Gampaha,Peliyagoda,street,normal,,09:00,17:00,WAY-148,Accessories,Wallet V5,pcs,9,6,3,12,20,8,low_stock
OUT037,,Waypoint Style,Gampaha,Peliyagoda,street,normal,,09:00,17:00,WAY-149,Accessories,Cap V5,pcs,5,3,2,9,5,6,low_stock
OUT037,,Waypoint Style,Gampaha,Peliyagoda,street,normal,,09:00,17:00,WAY-150,Accessories,Belt V5,pcs,11,0,11,9,30,6,in_stock
OUT037,,Waypoint Style,Gampaha,Peliyagoda,street,normal,,09:00,17:00,WAY-151,Men,Men's T-Shirt V6,pcs,33,1,32,14,0,18,in_stock
OUT037,,Waypoint Style,Gampaha,Peliyagoda,street,normal,,09:00,17:00,WAY-152,Men,Men's Polo Shirt V6,pcs,15,3,12,16,5,17,low_stock
OUT037,,Waypoint Style,Gampaha,Peliyagoda,street,normal,,09:00,17:00,WAY-153,Men,Men's Casual Shirt V6,pcs,6,2,4,9,0,13,low_stock
OUT037,,Waypoint Style,Gampaha,Peliyagoda,street,normal,,09:00,17:00,WAY-154,Men,Men's Formal Shirt V6,pcs,15,1,14,9,20,7,in_stock
OUT037,,Waypoint Style,Gampaha,Peliyagoda,street,normal,,09:00,17:00,WAY-155,Men,Men's Jeans V6,pcs,19,6,13,22,5,8,in_stock
OUT037,,Waypoint Style,Gampaha,Peliyagoda,street,normal,,09:00,17:00,WAY-156,Men,Men's Chino V6,pcs,5,0,5,9,0,17,low_stock
OUT037,,Waypoint Style,Gampaha,Peliyagoda,street,normal,,09:00,17:00,WAY-157,Men,Men's Shorts V6,pcs,39,6,33,7,0,9,in_stock
OUT037,,Waypoint Style,Gampaha,Peliyagoda,street,normal,,09:00,17:00,WAY-158,Men,Men's Hoodie V6,pcs,34,2,32,3,5,16,in_stock
OUT037,,Waypoint Style,Gampaha,Peliyagoda,street,normal,,09:00,17:00,WAY-159,Men,Men's Jacket V6,pcs,26,0,26,18,5,10,in_stock
OUT037,,Waypoint Style,Gampaha,Peliyagoda,street,normal,,09:00,17:00,WAY-160,Women,Women's T-Shirt V6,pcs,36,0,36,9,5,9,in_stock
OUT037,,Waypoint Style,Gampaha,Peliyagoda,street,normal,,09:00,17:00,WAY-161,Women,Women's Blouse V6,pcs,43,3,40,11,5,7,in_stock
OUT037,,Waypoint Style,Gampaha,Peliyagoda,street,normal,,09:00,17:00,WAY-162,Women,Women's Dress V6,pcs,17,1,16,17,0,14,in_stock
OUT037,,Waypoint Style,Gampaha,Peliyagoda,street,normal,,09:00,17:00,WAY-163,Women,Women's Jeans V6,pcs,38,8,30,16,5,7,in_stock
OUT037,,Waypoint Style,Gampaha,Peliyagoda,street,normal,,09:00,17:00,WAY-164,Women,Women's Trousers V6,pcs,31,8,23,1,30,13,in_stock
OUT037,,Waypoint Style,Gampaha,Peliyagoda,street,normal,,09:00,17:00,WAY-165,Women,Women's Skirt V6,pcs,23,4,19,13,5,15,in_stock
OUT037,,Waypoint Style,Gampaha,Peliyagoda,street,normal,,09:00,17:00,WAY-166,Women,Women's Hoodie V6,pcs,19,1,18,10,20,6,in_stock
OUT037,,Waypoint Style,Gampaha,Peliyagoda,street,normal,,09:00,17:00,WAY-167,Women,Women's Jacket V6,pcs,45,6,39,2,30,8,in_stock
OUT037,,Waypoint Style,Gampaha,Peliyagoda,street,normal,,09:00,17:00,WAY-168,Kids,Kids T-Shirt V6,pcs,13,2,11,9,30,10,in_stock
OUT037,,Waypoint Style,Gampaha,Peliyagoda,street,normal,,09:00,17:00,WAY-169,Kids,Kids Jeans V6,pcs,14,3,11,4,10,5,in_stock
OUT037,,Waypoint Style,Gampaha,Peliyagoda,street,normal,,09:00,17:00,WAY-170,Kids,Kids Shorts V6,pcs,29,0,29,16,30,7,in_stock
OUT037,,Waypoint Style,Gampaha,Peliyagoda,street,normal,,09:00,17:00,WAY-171,Kids,Kids Dress V6,pcs,32,2,30,4,20,11,in_stock
OUT037,,Waypoint Style,Gampaha,Peliyagoda,street,normal,,09:00,17:00,WAY-172,Footwear,Men's Sneakers V6,pairs,12,6,6,12,5,9,low_stock
OUT037,,Waypoint Style,Gampaha,Peliyagoda,street,normal,,09:00,17:00,WAY-173,Footwear,Women's Sneakers V6,pairs,19,8,11,4,5,16,low_stock
OUT037,,Waypoint Style,Gampaha,Peliyagoda,street,normal,,09:00,17:00,WAY-174,Footwear,Men's Sandals V6,pairs,39,3,36,4,0,14,in_stock
OUT037,,Waypoint Style,Gampaha,Peliyagoda,street,normal,,09:00,17:00,WAY-175,Footwear,Women's Sandals V6,pairs,40,5,35,18,30,13,in_stock
OUT037,,Waypoint Style,Gampaha,Peliyagoda,street,normal,,09:00,17:00,WAY-176,Footwear,Kids' Shoes V6,pairs,8,5,3,5,0,6,low_stock
OUT037,,Waypoint Style,Gampaha,Peliyagoda,street,normal,,09:00,17:00,WAY-177,Accessories,Backpack V6,pcs,43,0,43,20,0,6,in_stock
OUT037,,Waypoint Style,Gampaha,Peliyagoda,street,normal,,09:00,17:00,WAY-178,Accessories,Wallet V6,pcs,14,2,12,10,0,15,low_stock
OUT037,,Waypoint Style,Gampaha,Peliyagoda,street,normal,,09:00,17:00,WAY-179,Accessories,Cap V6,pcs,22,8,14,12,0,10,in_stock
OUT037,,Waypoint Style,Gampaha,Peliyagoda,street,normal,,09:00,17:00,WAY-180,Accessories,Belt V6,pcs,45,3,42,16,0,15,in_stock
OUT037,,Waypoint Style,Gampaha,Peliyagoda,street,normal,,09:00,17:00,WAY-181,Men,Men's T-Shirt V7,pcs,33,2,31,18,0,11,in_stock
OUT037,,Waypoint Style,Gampaha,Peliyagoda,street,normal,,09:00,17:00,WAY-182,Men,Men's Polo Shirt V7,pcs,21,1,20,13,0,5,in_stock
OUT037,,Waypoint Style,Gampaha,Peliyagoda,street,normal,,09:00,17:00,WAY-183,Men,Men's Casual Shirt V7,pcs,33,3,30,2,10,12,in_stock
OUT037,,Waypoint Style,Gampaha,Peliyagoda,street,normal,,09:00,17:00,WAY-184,Men,Men's Formal Shirt V7,pcs,37,6,31,18,20,11,in_stock
OUT037,,Waypoint Style,Gampaha,Peliyagoda,street,normal,,09:00,17:00,WAY-185,Men,Men's Jeans V7,pcs,16,4,12,11,20,5,in_stock
OUT037,,Waypoint Style,Gampaha,Peliyagoda,street,normal,,09:00,17:00,WAY-186,Men,Men's Chino V7,pcs,15,5,10,17,0,9,in_stock
OUT037,,Waypoint Style,Gampaha,Peliyagoda,street,normal,,09:00,17:00,WAY-187,Men,Men's Shorts V7,pcs,16,6,10,1,20,18,low_stock
OUT037,,Waypoint Style,Gampaha,Peliyagoda,street,normal,,09:00,17:00,WAY-188,Men,Men's Hoodie V7,pcs,5,1,4,9,10,5,low_stock
OUT037,,Waypoint Style,Gampaha,Peliyagoda,street,normal,,09:00,17:00,WAY-189,Men,Men's Jacket V7,pcs,12,4,8,11,10,15,low_stock
OUT037,,Waypoint Style,Gampaha,Peliyagoda,street,normal,,09:00,17:00,WAY-190,Women,Women's T-Shirt V7,pcs,10,6,4,7,30,18,low_stock
OUT037,,Waypoint Style,Gampaha,Peliyagoda,street,normal,,09:00,17:00,WAY-191,Women,Women's Blouse V7,pcs,13,5,8,11,10,16,low_stock
OUT037,,Waypoint Style,Gampaha,Peliyagoda,street,normal,,09:00,17:00,WAY-192,Women,Women's Dress V7,pcs,12,8,4,21,0,13,low_stock
OUT037,,Waypoint Style,Gampaha,Peliyagoda,street,normal,,09:00,17:00,WAY-193,Women,Women's Jeans V7,pcs,20,8,12,5,0,17,low_stock
OUT037,,Waypoint Style,Gampaha,Peliyagoda,street,normal,,09:00,17:00,WAY-194,Women,Women's Trousers V7,pcs,28,0,28,3,30,15,in_stock
OUT037,,Waypoint Style,Gampaha,Peliyagoda,street,normal,,09:00,17:00,WAY-195,Women,Women's Skirt V7,pcs,4,1,3,9,10,8,low_stock
OUT037,,Waypoint Style,Gampaha,Peliyagoda,street,normal,,09:00,17:00,WAY-196,Women,Women's Hoodie V7,pcs,13,7,6,10,10,10,low_stock
OUT037,,Waypoint Style,Gampaha,Peliyagoda,street,normal,,09:00,17:00,WAY-197,Women,Women's Jacket V7,pcs,10,8,2,4,5,17,low_stock
OUT037,,Waypoint Style,Gampaha,Peliyagoda,street,normal,,09:00,17:00,WAY-198,Kids,Kids T-Shirt V7,pcs,37,8,29,9,5,9,in_stock
OUT037,,Waypoint Style,Gampaha,Peliyagoda,street,normal,,09:00,17:00,WAY-199,Kids,Kids Jeans V7,pcs,38,4,34,13,20,14,in_stock
OUT037,,Waypoint Style,Gampaha,Peliyagoda,street,normal,,09:00,17:00,WAY-200,Kids,Kids Shorts V7,pcs,9,3,6,12,0,12,low_stock
OUT047,,Waypoint Style,Kalutara,Peliyagoda,street,normal,,09:00,17:00,WAY-001,Men,Men's T-Shirt,pcs,6,2,4,19,30,16,low_stock
OUT047,,Waypoint Style,Kalutara,Peliyagoda,street,normal,,09:00,17:00,WAY-002,Men,Men's Polo Shirt,pcs,36,2,34,4,10,5,in_stock
OUT047,,Waypoint Style,Kalutara,Peliyagoda,street,normal,,09:00,17:00,WAY-003,Men,Men's Casual Shirt,pcs,37,8,29,16,20,15,in_stock
OUT047,,Waypoint Style,Kalutara,Peliyagoda,street,normal,,09:00,17:00,WAY-004,Men,Men's Formal Shirt,pcs,44,0,44,16,20,16,in_stock
OUT047,,Waypoint Style,Kalutara,Peliyagoda,street,normal,,09:00,17:00,WAY-005,Men,Men's Jeans,pcs,23,1,22,17,0,9,in_stock
OUT047,,Waypoint Style,Kalutara,Peliyagoda,street,normal,,09:00,17:00,WAY-006,Men,Men's Chino,pcs,11,5,6,18,20,13,low_stock
OUT047,,Waypoint Style,Kalutara,Peliyagoda,street,normal,,09:00,17:00,WAY-007,Men,Men's Shorts,pcs,18,4,14,21,0,17,low_stock
OUT047,,Waypoint Style,Kalutara,Peliyagoda,street,normal,,09:00,17:00,WAY-008,Men,Men's Hoodie,pcs,6,2,4,18,0,10,low_stock
OUT047,,Waypoint Style,Kalutara,Peliyagoda,street,normal,,09:00,17:00,WAY-009,Men,Men's Jacket,pcs,30,8,22,10,0,16,in_stock
OUT047,,Waypoint Style,Kalutara,Peliyagoda,street,normal,,09:00,17:00,WAY-010,Women,Women's T-Shirt,pcs,35,3,32,6,30,10,in_stock
OUT047,,Waypoint Style,Kalutara,Peliyagoda,street,normal,,09:00,17:00,WAY-011,Women,Women's Blouse,pcs,9,6,3,9,5,17,low_stock
OUT047,,Waypoint Style,Kalutara,Peliyagoda,street,normal,,09:00,17:00,WAY-012,Women,Women's Dress,pcs,15,2,13,2,20,11,in_stock
OUT047,,Waypoint Style,Kalutara,Peliyagoda,street,normal,,09:00,17:00,WAY-013,Women,Women's Jeans,pcs,5,0,5,1,20,14,low_stock
OUT047,,Waypoint Style,Kalutara,Peliyagoda,street,normal,,09:00,17:00,WAY-014,Women,Women's Trousers,pcs,30,8,22,20,20,16,in_stock
OUT047,,Waypoint Style,Kalutara,Peliyagoda,street,normal,,09:00,17:00,WAY-015,Women,Women's Skirt,pcs,30,5,25,6,10,18,in_stock
OUT047,,Waypoint Style,Kalutara,Peliyagoda,street,normal,,09:00,17:00,WAY-016,Women,Women's Hoodie,pcs,18,4,14,20,30,8,in_stock
OUT047,,Waypoint Style,Kalutara,Peliyagoda,street,normal,,09:00,17:00,WAY-017,Women,Women's Jacket,pcs,7,0,7,11,5,11,low_stock
OUT047,,Waypoint Style,Kalutara,Peliyagoda,street,normal,,09:00,17:00,WAY-018,Kids,Kids T-Shirt,pcs,20,1,19,4,20,18,in_stock
OUT047,,Waypoint Style,Kalutara,Peliyagoda,street,normal,,09:00,17:00,WAY-019,Kids,Kids Jeans,pcs,13,2,11,1,30,9,in_stock
OUT047,,Waypoint Style,Kalutara,Peliyagoda,street,normal,,09:00,17:00,WAY-020,Kids,Kids Shorts,pcs,43,3,40,1,20,15,in_stock
OUT047,,Waypoint Style,Kalutara,Peliyagoda,street,normal,,09:00,17:00,WAY-021,Kids,Kids Dress,pcs,30,8,22,21,30,15,in_stock
OUT047,,Waypoint Style,Kalutara,Peliyagoda,street,normal,,09:00,17:00,WAY-022,Footwear,Men's Sneakers,pairs,33,4,29,3,0,14,in_stock
OUT047,,Waypoint Style,Kalutara,Peliyagoda,street,normal,,09:00,17:00,WAY-023,Footwear,Women's Sneakers,pairs,31,5,26,9,0,7,in_stock
OUT047,,Waypoint Style,Kalutara,Peliyagoda,street,normal,,09:00,17:00,WAY-024,Footwear,Men's Sandals,pairs,42,2,40,22,10,12,in_stock
OUT047,,Waypoint Style,Kalutara,Peliyagoda,street,normal,,09:00,17:00,WAY-025,Footwear,Women's Sandals,pairs,35,7,28,10,5,18,in_stock
OUT047,,Waypoint Style,Kalutara,Peliyagoda,street,normal,,09:00,17:00,WAY-026,Footwear,Kids' Shoes,pairs,29,8,21,18,0,8,in_stock
OUT047,,Waypoint Style,Kalutara,Peliyagoda,street,normal,,09:00,17:00,WAY-027,Accessories,Backpack,pcs,45,7,38,5,0,14,in_stock
OUT047,,Waypoint Style,Kalutara,Peliyagoda,street,normal,,09:00,17:00,WAY-028,Accessories,Wallet,pcs,43,1,42,20,0,13,in_stock
OUT047,,Waypoint Style,Kalutara,Peliyagoda,street,normal,,09:00,17:00,WAY-029,Accessories,Cap,pcs,27,4,23,11,30,11,in_stock
OUT047,,Waypoint Style,Kalutara,Peliyagoda,street,normal,,09:00,17:00,WAY-030,Accessories,Belt,pcs,22,2,20,5,30,7,in_stock
OUT047,,Waypoint Style,Kalutara,Peliyagoda,street,normal,,09:00,17:00,WAY-031,Men,Men's T-Shirt V2,pcs,23,4,19,21,30,11,in_stock
OUT047,,Waypoint Style,Kalutara,Peliyagoda,street,normal,,09:00,17:00,WAY-032,Men,Men's Polo Shirt V2,pcs,30,5,25,10,0,15,in_stock
OUT047,,Waypoint Style,Kalutara,Peliyagoda,street,normal,,09:00,17:00,WAY-033,Men,Men's Casual Shirt V2,pcs,4,1,3,17,0,10,low_stock
OUT047,,Waypoint Style,Kalutara,Peliyagoda,street,normal,,09:00,17:00,WAY-034,Men,Men's Formal Shirt V2,pcs,17,1,16,17,10,13,in_stock
OUT047,,Waypoint Style,Kalutara,Peliyagoda,street,normal,,09:00,17:00,WAY-035,Men,Men's Jeans V2,pcs,20,3,17,12,10,17,low_stock
OUT047,,Waypoint Style,Kalutara,Peliyagoda,street,normal,,09:00,17:00,WAY-036,Men,Men's Chino V2,pcs,10,6,4,1,10,17,low_stock
OUT047,,Waypoint Style,Kalutara,Peliyagoda,street,normal,,09:00,17:00,WAY-037,Men,Men's Shorts V2,pcs,29,2,27,13,0,7,in_stock
OUT047,,Waypoint Style,Kalutara,Peliyagoda,street,normal,,09:00,17:00,WAY-038,Men,Men's Hoodie V2,pcs,45,0,45,11,0,8,in_stock
OUT047,,Waypoint Style,Kalutara,Peliyagoda,street,normal,,09:00,17:00,WAY-039,Men,Men's Jacket V2,pcs,24,5,19,18,0,8,in_stock
OUT047,,Waypoint Style,Kalutara,Peliyagoda,street,normal,,09:00,17:00,WAY-040,Women,Women's T-Shirt V2,pcs,8,6,2,14,5,7,low_stock
OUT047,,Waypoint Style,Kalutara,Peliyagoda,street,normal,,09:00,17:00,WAY-041,Women,Women's Blouse V2,pcs,23,1,22,20,20,6,in_stock
OUT047,,Waypoint Style,Kalutara,Peliyagoda,street,normal,,09:00,17:00,WAY-042,Women,Women's Dress V2,pcs,4,2,2,16,5,13,low_stock
OUT047,,Waypoint Style,Kalutara,Peliyagoda,street,normal,,09:00,17:00,WAY-043,Women,Women's Jeans V2,pcs,30,4,26,20,10,12,in_stock
OUT047,,Waypoint Style,Kalutara,Peliyagoda,street,normal,,09:00,17:00,WAY-044,Women,Women's Trousers V2,pcs,33,0,33,18,20,5,in_stock
OUT047,,Waypoint Style,Kalutara,Peliyagoda,street,normal,,09:00,17:00,WAY-045,Women,Women's Skirt V2,pcs,35,8,27,17,0,13,in_stock
OUT047,,Waypoint Style,Kalutara,Peliyagoda,street,normal,,09:00,17:00,WAY-046,Women,Women's Hoodie V2,pcs,8,6,2,17,5,13,low_stock
OUT047,,Waypoint Style,Kalutara,Peliyagoda,street,normal,,09:00,17:00,WAY-047,Women,Women's Jacket V2,pcs,24,4,20,19,20,17,in_stock
OUT047,,Waypoint Style,Kalutara,Peliyagoda,street,normal,,09:00,17:00,WAY-048,Kids,Kids T-Shirt V2,pcs,6,1,5,2,10,17,low_stock
OUT047,,Waypoint Style,Kalutara,Peliyagoda,street,normal,,09:00,17:00,WAY-049,Kids,Kids Jeans V2,pcs,37,2,35,19,5,17,in_stock
OUT047,,Waypoint Style,Kalutara,Peliyagoda,street,normal,,09:00,17:00,WAY-050,Kids,Kids Shorts V2,pcs,20,5,15,2,0,9,in_stock
OUT047,,Waypoint Style,Kalutara,Peliyagoda,street,normal,,09:00,17:00,WAY-051,Kids,Kids Dress V2,pcs,23,4,19,13,10,8,in_stock
OUT047,,Waypoint Style,Kalutara,Peliyagoda,street,normal,,09:00,17:00,WAY-052,Footwear,Men's Sneakers V2,pairs,45,4,41,10,20,8,in_stock
OUT047,,Waypoint Style,Kalutara,Peliyagoda,street,normal,,09:00,17:00,WAY-053,Footwear,Women's Sneakers V2,pairs,6,1,5,15,20,8,low_stock
OUT047,,Waypoint Style,Kalutara,Peliyagoda,street,normal,,09:00,17:00,WAY-054,Footwear,Men's Sandals V2,pairs,20,1,19,11,20,17,in_stock
OUT047,,Waypoint Style,Kalutara,Peliyagoda,street,normal,,09:00,17:00,WAY-055,Footwear,Women's Sandals V2,pairs,7,6,1,6,30,12,low_stock
OUT047,,Waypoint Style,Kalutara,Peliyagoda,street,normal,,09:00,17:00,WAY-056,Footwear,Kids' Shoes V2,pairs,42,7,35,6,30,12,in_stock
OUT047,,Waypoint Style,Kalutara,Peliyagoda,street,normal,,09:00,17:00,WAY-057,Accessories,Backpack V2,pcs,45,7,38,20,20,16,in_stock
OUT047,,Waypoint Style,Kalutara,Peliyagoda,street,normal,,09:00,17:00,WAY-058,Accessories,Wallet V2,pcs,35,3,32,8,10,16,in_stock
OUT047,,Waypoint Style,Kalutara,Peliyagoda,street,normal,,09:00,17:00,WAY-059,Accessories,Cap V2,pcs,29,0,29,10,5,17,in_stock
OUT047,,Waypoint Style,Kalutara,Peliyagoda,street,normal,,09:00,17:00,WAY-060,Accessories,Belt V2,pcs,35,7,28,21,5,16,in_stock
OUT047,,Waypoint Style,Kalutara,Peliyagoda,street,normal,,09:00,17:00,WAY-061,Men,Men's T-Shirt V3,pcs,41,3,38,5,10,9,in_stock
OUT047,,Waypoint Style,Kalutara,Peliyagoda,street,normal,,09:00,17:00,WAY-062,Men,Men's Polo Shirt V3,pcs,4,1,3,17,10,17,low_stock
OUT047,,Waypoint Style,Kalutara,Peliyagoda,street,normal,,09:00,17:00,WAY-063,Men,Men's Casual Shirt V3,pcs,18,4,14,16,10,18,low_stock
OUT047,,Waypoint Style,Kalutara,Peliyagoda,street,normal,,09:00,17:00,WAY-064,Men,Men's Formal Shirt V3,pcs,34,3,31,21,0,5,in_stock
OUT047,,Waypoint Style,Kalutara,Peliyagoda,street,normal,,09:00,17:00,WAY-065,Men,Men's Jeans V3,pcs,26,6,20,20,30,16,in_stock
OUT047,,Waypoint Style,Kalutara,Peliyagoda,street,normal,,09:00,17:00,WAY-066,Men,Men's Chino V3,pcs,37,4,33,3,0,7,in_stock
OUT047,,Waypoint Style,Kalutara,Peliyagoda,street,normal,,09:00,17:00,WAY-067,Men,Men's Shorts V3,pcs,11,5,6,13,0,7,low_stock
OUT047,,Waypoint Style,Kalutara,Peliyagoda,street,normal,,09:00,17:00,WAY-068,Men,Men's Hoodie V3,pcs,25,2,23,2,0,10,in_stock
OUT047,,Waypoint Style,Kalutara,Peliyagoda,street,normal,,09:00,17:00,WAY-069,Men,Men's Jacket V3,pcs,6,5,1,4,10,16,low_stock
OUT047,,Waypoint Style,Kalutara,Peliyagoda,street,normal,,09:00,17:00,WAY-070,Women,Women's T-Shirt V3,pcs,39,8,31,22,20,10,in_stock
OUT047,,Waypoint Style,Kalutara,Peliyagoda,street,normal,,09:00,17:00,WAY-071,Women,Women's Blouse V3,pcs,41,5,36,5,0,6,in_stock
OUT047,,Waypoint Style,Kalutara,Peliyagoda,street,normal,,09:00,17:00,WAY-072,Women,Women's Dress V3,pcs,45,6,39,2,0,9,in_stock
OUT047,,Waypoint Style,Kalutara,Peliyagoda,street,normal,,09:00,17:00,WAY-073,Women,Women's Jeans V3,pcs,33,2,31,2,20,8,in_stock
OUT047,,Waypoint Style,Kalutara,Peliyagoda,street,normal,,09:00,17:00,WAY-074,Women,Women's Trousers V3,pcs,37,7,30,18,5,18,in_stock
OUT047,,Waypoint Style,Kalutara,Peliyagoda,street,normal,,09:00,17:00,WAY-075,Women,Women's Skirt V3,pcs,35,5,30,19,0,13,in_stock
OUT047,,Waypoint Style,Kalutara,Peliyagoda,street,normal,,09:00,17:00,WAY-076,Women,Women's Hoodie V3,pcs,44,6,38,9,0,12,in_stock
OUT047,,Waypoint Style,Kalutara,Peliyagoda,street,normal,,09:00,17:00,WAY-077,Women,Women's Jacket V3,pcs,10,1,9,2,5,9,low_stock
OUT047,,Waypoint Style,Kalutara,Peliyagoda,street,normal,,09:00,17:00,WAY-078,Kids,Kids T-Shirt V3,pcs,24,5,19,18,0,15,in_stock
OUT047,,Waypoint Style,Kalutara,Peliyagoda,street,normal,,09:00,17:00,WAY-079,Kids,Kids Jeans V3,pcs,13,7,6,10,20,6,low_stock
OUT047,,Waypoint Style,Kalutara,Peliyagoda,street,normal,,09:00,17:00,WAY-080,Kids,Kids Shorts V3,pcs,21,1,20,9,30,18,in_stock
OUT047,,Waypoint Style,Kalutara,Peliyagoda,street,normal,,09:00,17:00,WAY-081,Kids,Kids Dress V3,pcs,8,6,2,10,30,10,low_stock
OUT047,,Waypoint Style,Kalutara,Peliyagoda,street,normal,,09:00,17:00,WAY-082,Footwear,Men's Sneakers V3,pairs,38,4,34,12,30,16,in_stock
OUT047,,Waypoint Style,Kalutara,Peliyagoda,street,normal,,09:00,17:00,WAY-083,Footwear,Women's Sneakers V3,pairs,26,3,23,17,10,8,in_stock
OUT047,,Waypoint Style,Kalutara,Peliyagoda,street,normal,,09:00,17:00,WAY-084,Footwear,Men's Sandals V3,pairs,15,5,10,18,0,13,low_stock
OUT047,,Waypoint Style,Kalutara,Peliyagoda,street,normal,,09:00,17:00,WAY-085,Footwear,Women's Sandals V3,pairs,6,3,3,19,0,9,low_stock
OUT047,,Waypoint Style,Kalutara,Peliyagoda,street,normal,,09:00,17:00,WAY-086,Footwear,Kids' Shoes V3,pairs,14,4,10,15,0,13,low_stock
OUT047,,Waypoint Style,Kalutara,Peliyagoda,street,normal,,09:00,17:00,WAY-087,Accessories,Backpack V3,pcs,41,2,39,7,10,8,in_stock
OUT047,,Waypoint Style,Kalutara,Peliyagoda,street,normal,,09:00,17:00,WAY-088,Accessories,Wallet V3,pcs,37,4,33,12,5,10,in_stock
OUT047,,Waypoint Style,Kalutara,Peliyagoda,street,normal,,09:00,17:00,WAY-089,Accessories,Cap V3,pcs,27,1,26,14,30,14,in_stock
OUT047,,Waypoint Style,Kalutara,Peliyagoda,street,normal,,09:00,17:00,WAY-090,Accessories,Belt V3,pcs,31,8,23,7,10,5,in_stock
OUT047,,Waypoint Style,Kalutara,Peliyagoda,street,normal,,09:00,17:00,WAY-091,Men,Men's T-Shirt V4,pcs,30,1,29,11,0,5,in_stock
OUT047,,Waypoint Style,Kalutara,Peliyagoda,street,normal,,09:00,17:00,WAY-092,Men,Men's Polo Shirt V4,pcs,12,0,12,3,5,13,low_stock
OUT047,,Waypoint Style,Kalutara,Peliyagoda,street,normal,,09:00,17:00,WAY-093,Men,Men's Casual Shirt V4,pcs,30,2,28,9,20,12,in_stock
OUT047,,Waypoint Style,Kalutara,Peliyagoda,street,normal,,09:00,17:00,WAY-094,Men,Men's Formal Shirt V4,pcs,31,5,26,6,5,17,in_stock
OUT047,,Waypoint Style,Kalutara,Peliyagoda,street,normal,,09:00,17:00,WAY-095,Men,Men's Jeans V4,pcs,4,1,3,20,0,6,low_stock
OUT047,,Waypoint Style,Kalutara,Peliyagoda,street,normal,,09:00,17:00,WAY-096,Men,Men's Chino V4,pcs,9,6,3,3,20,8,low_stock
OUT047,,Waypoint Style,Kalutara,Peliyagoda,street,normal,,09:00,17:00,WAY-097,Men,Men's Shorts V4,pcs,18,7,11,12,10,12,low_stock
OUT047,,Waypoint Style,Kalutara,Peliyagoda,street,normal,,09:00,17:00,WAY-098,Men,Men's Hoodie V4,pcs,45,7,38,9,20,8,in_stock
OUT047,,Waypoint Style,Kalutara,Peliyagoda,street,normal,,09:00,17:00,WAY-099,Men,Men's Jacket V4,pcs,7,3,4,17,0,12,low_stock
OUT047,,Waypoint Style,Kalutara,Peliyagoda,street,normal,,09:00,17:00,WAY-100,Women,Women's T-Shirt V4,pcs,8,1,7,3,0,16,low_stock
OUT047,,Waypoint Style,Kalutara,Peliyagoda,street,normal,,09:00,17:00,WAY-101,Women,Women's Blouse V4,pcs,14,7,7,4,10,15,low_stock
OUT047,,Waypoint Style,Kalutara,Peliyagoda,street,normal,,09:00,17:00,WAY-102,Women,Women's Dress V4,pcs,9,2,7,11,30,13,low_stock
OUT047,,Waypoint Style,Kalutara,Peliyagoda,street,normal,,09:00,17:00,WAY-103,Women,Women's Jeans V4,pcs,6,0,6,18,0,8,low_stock
OUT047,,Waypoint Style,Kalutara,Peliyagoda,street,normal,,09:00,17:00,WAY-104,Women,Women's Trousers V4,pcs,26,0,26,2,5,16,in_stock
OUT047,,Waypoint Style,Kalutara,Peliyagoda,street,normal,,09:00,17:00,WAY-105,Women,Women's Skirt V4,pcs,5,0,5,10,10,17,low_stock
OUT047,,Waypoint Style,Kalutara,Peliyagoda,street,normal,,09:00,17:00,WAY-106,Women,Women's Hoodie V4,pcs,33,7,26,18,30,11,in_stock
OUT047,,Waypoint Style,Kalutara,Peliyagoda,street,normal,,09:00,17:00,WAY-107,Women,Women's Jacket V4,pcs,42,8,34,15,10,11,in_stock
OUT047,,Waypoint Style,Kalutara,Peliyagoda,street,normal,,09:00,17:00,WAY-108,Kids,Kids T-Shirt V4,pcs,31,2,29,18,0,9,in_stock
OUT047,,Waypoint Style,Kalutara,Peliyagoda,street,normal,,09:00,17:00,WAY-109,Kids,Kids Jeans V4,pcs,5,0,5,21,5,6,low_stock
OUT047,,Waypoint Style,Kalutara,Peliyagoda,street,normal,,09:00,17:00,WAY-110,Kids,Kids Shorts V4,pcs,15,5,10,20,20,17,low_stock
OUT047,,Waypoint Style,Kalutara,Peliyagoda,street,normal,,09:00,17:00,WAY-111,Kids,Kids Dress V4,pcs,27,3,24,6,10,16,in_stock
OUT047,,Waypoint Style,Kalutara,Peliyagoda,street,normal,,09:00,17:00,WAY-112,Footwear,Men's Sneakers V4,pairs,40,6,34,14,10,5,in_stock
OUT047,,Waypoint Style,Kalutara,Peliyagoda,street,normal,,09:00,17:00,WAY-113,Footwear,Women's Sneakers V4,pairs,26,5,21,7,0,5,in_stock
OUT047,,Waypoint Style,Kalutara,Peliyagoda,street,normal,,09:00,17:00,WAY-114,Footwear,Men's Sandals V4,pairs,31,3,28,7,20,9,in_stock
OUT047,,Waypoint Style,Kalutara,Peliyagoda,street,normal,,09:00,17:00,WAY-115,Footwear,Women's Sandals V4,pairs,34,2,32,11,10,11,in_stock
OUT047,,Waypoint Style,Kalutara,Peliyagoda,street,normal,,09:00,17:00,WAY-116,Footwear,Kids' Shoes V4,pairs,22,8,14,1,30,12,in_stock
OUT047,,Waypoint Style,Kalutara,Peliyagoda,street,normal,,09:00,17:00,WAY-117,Accessories,Backpack V4,pcs,13,7,6,18,30,16,low_stock
OUT047,,Waypoint Style,Kalutara,Peliyagoda,street,normal,,09:00,17:00,WAY-118,Accessories,Wallet V4,pcs,35,6,29,11,5,17,in_stock
OUT047,,Waypoint Style,Kalutara,Peliyagoda,street,normal,,09:00,17:00,WAY-119,Accessories,Cap V4,pcs,8,6,2,9,20,18,low_stock
OUT047,,Waypoint Style,Kalutara,Peliyagoda,street,normal,,09:00,17:00,WAY-120,Accessories,Belt V4,pcs,41,1,40,3,30,17,in_stock
OUT047,,Waypoint Style,Kalutara,Peliyagoda,street,normal,,09:00,17:00,WAY-121,Men,Men's T-Shirt V5,pcs,11,1,10,5,20,5,in_stock
OUT047,,Waypoint Style,Kalutara,Peliyagoda,street,normal,,09:00,17:00,WAY-122,Men,Men's Polo Shirt V5,pcs,42,4,38,12,10,13,in_stock
OUT047,,Waypoint Style,Kalutara,Peliyagoda,street,normal,,09:00,17:00,WAY-123,Men,Men's Casual Shirt V5,pcs,21,0,21,12,30,12,in_stock
OUT047,,Waypoint Style,Kalutara,Peliyagoda,street,normal,,09:00,17:00,WAY-124,Men,Men's Formal Shirt V5,pcs,11,7,4,14,0,11,low_stock
OUT047,,Waypoint Style,Kalutara,Peliyagoda,street,normal,,09:00,17:00,WAY-125,Men,Men's Jeans V5,pcs,13,7,6,17,20,18,low_stock
OUT047,,Waypoint Style,Kalutara,Peliyagoda,street,normal,,09:00,17:00,WAY-126,Men,Men's Chino V5,pcs,43,0,43,18,30,11,in_stock
OUT047,,Waypoint Style,Kalutara,Peliyagoda,street,normal,,09:00,17:00,WAY-127,Men,Men's Shorts V5,pcs,11,1,10,1,5,15,low_stock
OUT047,,Waypoint Style,Kalutara,Peliyagoda,street,normal,,09:00,17:00,WAY-128,Men,Men's Hoodie V5,pcs,6,2,4,20,0,5,low_stock
OUT047,,Waypoint Style,Kalutara,Peliyagoda,street,normal,,09:00,17:00,WAY-129,Men,Men's Jacket V5,pcs,4,1,3,11,5,11,low_stock
OUT047,,Waypoint Style,Kalutara,Peliyagoda,street,normal,,09:00,17:00,WAY-130,Women,Women's T-Shirt V5,pcs,32,0,32,9,30,9,in_stock
OUT047,,Waypoint Style,Kalutara,Peliyagoda,street,normal,,09:00,17:00,WAY-131,Women,Women's Blouse V5,pcs,12,0,12,21,0,17,low_stock
OUT047,,Waypoint Style,Kalutara,Peliyagoda,street,normal,,09:00,17:00,WAY-132,Women,Women's Dress V5,pcs,18,8,10,4,0,18,low_stock
OUT047,,Waypoint Style,Kalutara,Peliyagoda,street,normal,,09:00,17:00,WAY-133,Women,Women's Jeans V5,pcs,44,0,44,4,20,6,in_stock
OUT047,,Waypoint Style,Kalutara,Peliyagoda,street,normal,,09:00,17:00,WAY-134,Women,Women's Trousers V5,pcs,14,2,12,11,30,11,in_stock
OUT047,,Waypoint Style,Kalutara,Peliyagoda,street,normal,,09:00,17:00,WAY-135,Women,Women's Skirt V5,pcs,5,1,4,19,0,8,low_stock
OUT047,,Waypoint Style,Kalutara,Peliyagoda,street,normal,,09:00,17:00,WAY-136,Women,Women's Hoodie V5,pcs,27,4,23,11,30,10,in_stock
OUT047,,Waypoint Style,Kalutara,Peliyagoda,street,normal,,09:00,17:00,WAY-137,Women,Women's Jacket V5,pcs,12,8,4,9,30,8,low_stock
OUT047,,Waypoint Style,Kalutara,Peliyagoda,street,normal,,09:00,17:00,WAY-138,Kids,Kids T-Shirt V5,pcs,17,0,17,2,20,7,in_stock
OUT047,,Waypoint Style,Kalutara,Peliyagoda,street,normal,,09:00,17:00,WAY-139,Kids,Kids Jeans V5,pcs,22,6,16,6,20,5,in_stock
OUT047,,Waypoint Style,Kalutara,Peliyagoda,street,normal,,09:00,17:00,WAY-140,Kids,Kids Shorts V5,pcs,22,3,19,11,30,6,in_stock
OUT047,,Waypoint Style,Kalutara,Peliyagoda,street,normal,,09:00,17:00,WAY-141,Kids,Kids Dress V5,pcs,20,5,15,1,0,12,in_stock
OUT047,,Waypoint Style,Kalutara,Peliyagoda,street,normal,,09:00,17:00,WAY-142,Footwear,Men's Sneakers V5,pairs,21,7,14,9,0,8,in_stock
OUT047,,Waypoint Style,Kalutara,Peliyagoda,street,normal,,09:00,17:00,WAY-143,Footwear,Women's Sneakers V5,pairs,45,1,44,8,0,5,in_stock
OUT047,,Waypoint Style,Kalutara,Peliyagoda,street,normal,,09:00,17:00,WAY-144,Footwear,Men's Sandals V5,pairs,34,2,32,7,20,10,in_stock
OUT047,,Waypoint Style,Kalutara,Peliyagoda,street,normal,,09:00,17:00,WAY-145,Footwear,Women's Sandals V5,pairs,27,1,26,3,5,7,in_stock
OUT047,,Waypoint Style,Kalutara,Peliyagoda,street,normal,,09:00,17:00,WAY-146,Footwear,Kids' Shoes V5,pairs,29,1,28,13,30,7,in_stock
OUT047,,Waypoint Style,Kalutara,Peliyagoda,street,normal,,09:00,17:00,WAY-147,Accessories,Backpack V5,pcs,18,6,12,19,30,6,in_stock
OUT047,,Waypoint Style,Kalutara,Peliyagoda,street,normal,,09:00,17:00,WAY-148,Accessories,Wallet V5,pcs,6,6,0,11,0,16,out_of_stock
OUT047,,Waypoint Style,Kalutara,Peliyagoda,street,normal,,09:00,17:00,WAY-149,Accessories,Cap V5,pcs,18,3,15,18,0,15,low_stock
OUT047,,Waypoint Style,Kalutara,Peliyagoda,street,normal,,09:00,17:00,WAY-150,Accessories,Belt V5,pcs,35,2,33,14,5,7,in_stock
OUT047,,Waypoint Style,Kalutara,Peliyagoda,street,normal,,09:00,17:00,WAY-151,Men,Men's T-Shirt V6,pcs,9,8,1,2,0,17,low_stock
OUT047,,Waypoint Style,Kalutara,Peliyagoda,street,normal,,09:00,17:00,WAY-152,Men,Men's Polo Shirt V6,pcs,23,5,18,17,0,5,in_stock
OUT047,,Waypoint Style,Kalutara,Peliyagoda,street,normal,,09:00,17:00,WAY-153,Men,Men's Casual Shirt V6,pcs,25,0,25,1,5,10,in_stock
OUT047,,Waypoint Style,Kalutara,Peliyagoda,street,normal,,09:00,17:00,WAY-154,Men,Men's Formal Shirt V6,pcs,5,3,2,18,30,15,low_stock
OUT047,,Waypoint Style,Kalutara,Peliyagoda,street,normal,,09:00,17:00,WAY-155,Men,Men's Jeans V6,pcs,44,2,42,12,20,13,in_stock
OUT047,,Waypoint Style,Kalutara,Peliyagoda,street,normal,,09:00,17:00,WAY-156,Men,Men's Chino V6,pcs,39,5,34,5,0,17,in_stock
OUT047,,Waypoint Style,Kalutara,Peliyagoda,street,normal,,09:00,17:00,WAY-157,Men,Men's Shorts V6,pcs,9,6,3,10,10,11,low_stock
OUT047,,Waypoint Style,Kalutara,Peliyagoda,street,normal,,09:00,17:00,WAY-158,Men,Men's Hoodie V6,pcs,41,5,36,2,0,7,in_stock
OUT047,,Waypoint Style,Kalutara,Peliyagoda,street,normal,,09:00,17:00,WAY-159,Men,Men's Jacket V6,pcs,8,8,0,5,10,11,out_of_stock
OUT047,,Waypoint Style,Kalutara,Peliyagoda,street,normal,,09:00,17:00,WAY-160,Women,Women's T-Shirt V6,pcs,35,7,28,3,0,7,in_stock
OUT047,,Waypoint Style,Kalutara,Peliyagoda,street,normal,,09:00,17:00,WAY-161,Women,Women's Blouse V6,pcs,15,2,13,9,0,11,in_stock
OUT047,,Waypoint Style,Kalutara,Peliyagoda,street,normal,,09:00,17:00,WAY-162,Women,Women's Dress V6,pcs,18,7,11,6,0,12,low_stock
OUT047,,Waypoint Style,Kalutara,Peliyagoda,street,normal,,09:00,17:00,WAY-163,Women,Women's Jeans V6,pcs,15,2,13,18,20,11,in_stock
OUT047,,Waypoint Style,Kalutara,Peliyagoda,street,normal,,09:00,17:00,WAY-164,Women,Women's Trousers V6,pcs,18,0,18,7,20,12,in_stock
OUT047,,Waypoint Style,Kalutara,Peliyagoda,street,normal,,09:00,17:00,WAY-165,Women,Women's Skirt V6,pcs,24,6,18,21,30,12,in_stock
OUT047,,Waypoint Style,Kalutara,Peliyagoda,street,normal,,09:00,17:00,WAY-166,Women,Women's Hoodie V6,pcs,28,2,26,20,0,14,in_stock
OUT047,,Waypoint Style,Kalutara,Peliyagoda,street,normal,,09:00,17:00,WAY-167,Women,Women's Jacket V6,pcs,35,3,32,13,10,6,in_stock
OUT047,,Waypoint Style,Kalutara,Peliyagoda,street,normal,,09:00,17:00,WAY-168,Kids,Kids T-Shirt V6,pcs,11,2,9,14,30,18,low_stock
OUT047,,Waypoint Style,Kalutara,Peliyagoda,street,normal,,09:00,17:00,WAY-169,Kids,Kids Jeans V6,pcs,44,6,38,15,20,13,in_stock
OUT047,,Waypoint Style,Kalutara,Peliyagoda,street,normal,,09:00,17:00,WAY-170,Kids,Kids Shorts V6,pcs,32,2,30,14,5,10,in_stock
OUT047,,Waypoint Style,Kalutara,Peliyagoda,street,normal,,09:00,17:00,WAY-171,Kids,Kids Dress V6,pcs,11,6,5,5,0,14,low_stock
OUT047,,Waypoint Style,Kalutara,Peliyagoda,street,normal,,09:00,17:00,WAY-172,Footwear,Men's Sneakers V6,pairs,21,8,13,14,20,14,low_stock
OUT047,,Waypoint Style,Kalutara,Peliyagoda,street,normal,,09:00,17:00,WAY-173,Footwear,Women's Sneakers V6,pairs,8,7,1,1,0,14,low_stock
OUT047,,Waypoint Style,Kalutara,Peliyagoda,street,normal,,09:00,17:00,WAY-174,Footwear,Men's Sandals V6,pairs,10,5,5,18,10,16,low_stock
OUT047,,Waypoint Style,Kalutara,Peliyagoda,street,normal,,09:00,17:00,WAY-175,Footwear,Women's Sandals V6,pairs,27,3,24,18,0,8,in_stock
OUT047,,Waypoint Style,Kalutara,Peliyagoda,street,normal,,09:00,17:00,WAY-176,Footwear,Kids' Shoes V6,pairs,35,2,33,18,5,14,in_stock
OUT047,,Waypoint Style,Kalutara,Peliyagoda,street,normal,,09:00,17:00,WAY-177,Accessories,Backpack V6,pcs,35,0,35,1,30,15,in_stock
OUT047,,Waypoint Style,Kalutara,Peliyagoda,street,normal,,09:00,17:00,WAY-178,Accessories,Wallet V6,pcs,32,1,31,2,0,12,in_stock
OUT047,,Waypoint Style,Kalutara,Peliyagoda,street,normal,,09:00,17:00,WAY-179,Accessories,Cap V6,pcs,7,6,1,4,5,13,low_stock
OUT047,,Waypoint Style,Kalutara,Peliyagoda,street,normal,,09:00,17:00,WAY-180,Accessories,Belt V6,pcs,23,5,18,7,5,14,in_stock
OUT047,,Waypoint Style,Kalutara,Peliyagoda,street,normal,,09:00,17:00,WAY-181,Men,Men's T-Shirt V7,pcs,41,2,39,9,10,11,in_stock
OUT047,,Waypoint Style,Kalutara,Peliyagoda,street,normal,,09:00,17:00,WAY-182,Men,Men's Polo Shirt V7,pcs,43,4,39,19,10,13,in_stock
OUT047,,Waypoint Style,Kalutara,Peliyagoda,street,normal,,09:00,17:00,WAY-183,Men,Men's Casual Shirt V7,pcs,11,1,10,8,0,16,low_stock
OUT047,,Waypoint Style,Kalutara,Peliyagoda,street,normal,,09:00,17:00,WAY-184,Men,Men's Formal Shirt V7,pcs,11,8,3,7,0,18,low_stock
OUT047,,Waypoint Style,Kalutara,Peliyagoda,street,normal,,09:00,17:00,WAY-185,Men,Men's Jeans V7,pcs,15,4,11,3,0,9,in_stock
OUT047,,Waypoint Style,Kalutara,Peliyagoda,street,normal,,09:00,17:00,WAY-186,Men,Men's Chino V7,pcs,42,0,42,11,0,13,in_stock
OUT047,,Waypoint Style,Kalutara,Peliyagoda,street,normal,,09:00,17:00,WAY-187,Men,Men's Shorts V7,pcs,42,8,34,21,0,11,in_stock
OUT047,,Waypoint Style,Kalutara,Peliyagoda,street,normal,,09:00,17:00,WAY-188,Men,Men's Hoodie V7,pcs,9,5,4,11,0,9,low_stock
OUT047,,Waypoint Style,Kalutara,Peliyagoda,street,normal,,09:00,17:00,WAY-189,Men,Men's Jacket V7,pcs,43,8,35,1,10,14,in_stock
OUT047,,Waypoint Style,Kalutara,Peliyagoda,street,normal,,09:00,17:00,WAY-190,Women,Women's T-Shirt V7,pcs,26,2,24,3,5,12,in_stock
OUT047,,Waypoint Style,Kalutara,Peliyagoda,street,normal,,09:00,17:00,WAY-191,Women,Women's Blouse V7,pcs,31,0,31,7,0,5,in_stock
OUT047,,Waypoint Style,Kalutara,Peliyagoda,street,normal,,09:00,17:00,WAY-192,Women,Women's Dress V7,pcs,25,1,24,11,20,7,in_stock
OUT047,,Waypoint Style,Kalutara,Peliyagoda,street,normal,,09:00,17:00,WAY-193,Women,Women's Jeans V7,pcs,20,0,20,2,0,9,in_stock
OUT047,,Waypoint Style,Kalutara,Peliyagoda,street,normal,,09:00,17:00,WAY-194,Women,Women's Trousers V7,pcs,42,3,39,13,10,10,in_stock
OUT047,,Waypoint Style,Kalutara,Peliyagoda,street,normal,,09:00,17:00,WAY-195,Women,Women's Skirt V7,pcs,15,3,12,21,30,11,in_stock
OUT047,,Waypoint Style,Kalutara,Peliyagoda,street,normal,,09:00,17:00,WAY-196,Women,Women's Hoodie V7,pcs,38,4,34,8,0,17,in_stock
OUT047,,Waypoint Style,Kalutara,Peliyagoda,street,normal,,09:00,17:00,WAY-197,Women,Women's Jacket V7,pcs,31,5,26,13,0,15,in_stock
OUT047,,Waypoint Style,Kalutara,Peliyagoda,street,normal,,09:00,17:00,WAY-198,Kids,Kids T-Shirt V7,pcs,18,7,11,22,20,13,low_stock
OUT047,,Waypoint Style,Kalutara,Peliyagoda,street,normal,,09:00,17:00,WAY-199,Kids,Kids Jeans V7,pcs,4,3,1,6,10,7,low_stock
OUT047,,Waypoint Style,Kalutara,Peliyagoda,street,normal,,09:00,17:00,WAY-200,Kids,Kids Shorts V7,pcs,40,7,33,8,10,5,in_stock
OUT048,,Waypoint Style,Kalutara,Peliyagoda,rear_dock,normal,,09:00,17:00,WAY-001,Men,Men's T-Shirt,pcs,10,7,3,2,20,12,low_stock
OUT048,,Waypoint Style,Kalutara,Peliyagoda,rear_dock,normal,,09:00,17:00,WAY-002,Men,Men's Polo Shirt,pcs,11,7,4,8,30,6,low_stock
OUT048,,Waypoint Style,Kalutara,Peliyagoda,rear_dock,normal,,09:00,17:00,WAY-003,Men,Men's Casual Shirt,pcs,20,0,20,18,0,12,in_stock
OUT048,,Waypoint Style,Kalutara,Peliyagoda,rear_dock,normal,,09:00,17:00,WAY-004,Men,Men's Formal Shirt,pcs,37,6,31,10,5,5,in_stock
OUT048,,Waypoint Style,Kalutara,Peliyagoda,rear_dock,normal,,09:00,17:00,WAY-005,Men,Men's Jeans,pcs,21,4,17,10,0,13,in_stock
OUT048,,Waypoint Style,Kalutara,Peliyagoda,rear_dock,normal,,09:00,17:00,WAY-006,Men,Men's Chino,pcs,9,3,6,13,20,11,low_stock
OUT048,,Waypoint Style,Kalutara,Peliyagoda,rear_dock,normal,,09:00,17:00,WAY-007,Men,Men's Shorts,pcs,34,6,28,17,5,13,in_stock
OUT048,,Waypoint Style,Kalutara,Peliyagoda,rear_dock,normal,,09:00,17:00,WAY-008,Men,Men's Hoodie,pcs,5,5,0,21,0,18,out_of_stock
OUT048,,Waypoint Style,Kalutara,Peliyagoda,rear_dock,normal,,09:00,17:00,WAY-009,Men,Men's Jacket,pcs,37,1,36,22,30,5,in_stock
OUT048,,Waypoint Style,Kalutara,Peliyagoda,rear_dock,normal,,09:00,17:00,WAY-010,Women,Women's T-Shirt,pcs,23,8,15,20,5,12,in_stock
OUT048,,Waypoint Style,Kalutara,Peliyagoda,rear_dock,normal,,09:00,17:00,WAY-011,Women,Women's Blouse,pcs,11,2,9,8,10,14,low_stock
OUT048,,Waypoint Style,Kalutara,Peliyagoda,rear_dock,normal,,09:00,17:00,WAY-012,Women,Women's Dress,pcs,16,1,15,15,5,9,in_stock
OUT048,,Waypoint Style,Kalutara,Peliyagoda,rear_dock,normal,,09:00,17:00,WAY-013,Women,Women's Jeans,pcs,41,6,35,18,0,5,in_stock
OUT048,,Waypoint Style,Kalutara,Peliyagoda,rear_dock,normal,,09:00,17:00,WAY-014,Women,Women's Trousers,pcs,40,3,37,7,5,15,in_stock
OUT048,,Waypoint Style,Kalutara,Peliyagoda,rear_dock,normal,,09:00,17:00,WAY-015,Women,Women's Skirt,pcs,22,8,14,18,20,6,in_stock
OUT048,,Waypoint Style,Kalutara,Peliyagoda,rear_dock,normal,,09:00,17:00,WAY-016,Women,Women's Hoodie,pcs,8,1,7,22,20,17,low_stock
OUT048,,Waypoint Style,Kalutara,Peliyagoda,rear_dock,normal,,09:00,17:00,WAY-017,Women,Women's Jacket,pcs,13,5,8,6,20,15,low_stock
OUT048,,Waypoint Style,Kalutara,Peliyagoda,rear_dock,normal,,09:00,17:00,WAY-018,Kids,Kids T-Shirt,pcs,15,1,14,3,20,9,in_stock
OUT048,,Waypoint Style,Kalutara,Peliyagoda,rear_dock,normal,,09:00,17:00,WAY-019,Kids,Kids Jeans,pcs,41,5,36,2,20,5,in_stock
OUT048,,Waypoint Style,Kalutara,Peliyagoda,rear_dock,normal,,09:00,17:00,WAY-020,Kids,Kids Shorts,pcs,33,2,31,18,10,8,in_stock
OUT048,,Waypoint Style,Kalutara,Peliyagoda,rear_dock,normal,,09:00,17:00,WAY-021,Kids,Kids Dress,pcs,44,4,40,15,30,15,in_stock
OUT048,,Waypoint Style,Kalutara,Peliyagoda,rear_dock,normal,,09:00,17:00,WAY-022,Footwear,Men's Sneakers,pairs,35,4,31,9,10,18,in_stock
OUT048,,Waypoint Style,Kalutara,Peliyagoda,rear_dock,normal,,09:00,17:00,WAY-023,Footwear,Women's Sneakers,pairs,41,2,39,6,20,7,in_stock
OUT048,,Waypoint Style,Kalutara,Peliyagoda,rear_dock,normal,,09:00,17:00,WAY-024,Footwear,Men's Sandals,pairs,14,7,7,9,30,14,low_stock
OUT048,,Waypoint Style,Kalutara,Peliyagoda,rear_dock,normal,,09:00,17:00,WAY-025,Footwear,Women's Sandals,pairs,33,5,28,6,10,6,in_stock
OUT048,,Waypoint Style,Kalutara,Peliyagoda,rear_dock,normal,,09:00,17:00,WAY-026,Footwear,Kids' Shoes,pairs,10,1,9,5,30,18,low_stock
OUT048,,Waypoint Style,Kalutara,Peliyagoda,rear_dock,normal,,09:00,17:00,WAY-027,Accessories,Backpack,pcs,11,6,5,17,30,13,low_stock
OUT048,,Waypoint Style,Kalutara,Peliyagoda,rear_dock,normal,,09:00,17:00,WAY-028,Accessories,Wallet,pcs,27,3,24,2,0,13,in_stock
OUT048,,Waypoint Style,Kalutara,Peliyagoda,rear_dock,normal,,09:00,17:00,WAY-029,Accessories,Cap,pcs,11,1,10,13,0,16,low_stock
OUT048,,Waypoint Style,Kalutara,Peliyagoda,rear_dock,normal,,09:00,17:00,WAY-030,Accessories,Belt,pcs,45,6,39,10,5,14,in_stock
OUT048,,Waypoint Style,Kalutara,Peliyagoda,rear_dock,normal,,09:00,17:00,WAY-031,Men,Men's T-Shirt V2,pcs,22,2,20,18,30,14,in_stock
OUT048,,Waypoint Style,Kalutara,Peliyagoda,rear_dock,normal,,09:00,17:00,WAY-032,Men,Men's Polo Shirt V2,pcs,37,5,32,22,0,14,in_stock
OUT048,,Waypoint Style,Kalutara,Peliyagoda,rear_dock,normal,,09:00,17:00,WAY-033,Men,Men's Casual Shirt V2,pcs,22,3,19,18,20,18,in_stock
OUT048,,Waypoint Style,Kalutara,Peliyagoda,rear_dock,normal,,09:00,17:00,WAY-034,Men,Men's Formal Shirt V2,pcs,39,3,36,4,0,12,in_stock
OUT048,,Waypoint Style,Kalutara,Peliyagoda,rear_dock,normal,,09:00,17:00,WAY-035,Men,Men's Jeans V2,pcs,15,6,9,9,0,11,low_stock
OUT048,,Waypoint Style,Kalutara,Peliyagoda,rear_dock,normal,,09:00,17:00,WAY-036,Men,Men's Chino V2,pcs,14,1,13,18,0,12,in_stock
OUT048,,Waypoint Style,Kalutara,Peliyagoda,rear_dock,normal,,09:00,17:00,WAY-037,Men,Men's Shorts V2,pcs,22,1,21,10,0,15,in_stock
OUT048,,Waypoint Style,Kalutara,Peliyagoda,rear_dock,normal,,09:00,17:00,WAY-038,Men,Men's Hoodie V2,pcs,28,8,20,6,0,18,in_stock
OUT048,,Waypoint Style,Kalutara,Peliyagoda,rear_dock,normal,,09:00,17:00,WAY-039,Men,Men's Jacket V2,pcs,26,3,23,9,5,15,in_stock
OUT048,,Waypoint Style,Kalutara,Peliyagoda,rear_dock,normal,,09:00,17:00,WAY-040,Women,Women's T-Shirt V2,pcs,27,7,20,21,0,7,in_stock
OUT048,,Waypoint Style,Kalutara,Peliyagoda,rear_dock,normal,,09:00,17:00,WAY-041,Women,Women's Blouse V2,pcs,40,4,36,14,20,13,in_stock
OUT048,,Waypoint Style,Kalutara,Peliyagoda,rear_dock,normal,,09:00,17:00,WAY-042,Women,Women's Dress V2,pcs,15,2,13,4,5,6,in_stock
OUT048,,Waypoint Style,Kalutara,Peliyagoda,rear_dock,normal,,09:00,17:00,WAY-043,Women,Women's Jeans V2,pcs,28,2,26,12,10,12,in_stock
OUT048,,Waypoint Style,Kalutara,Peliyagoda,rear_dock,normal,,09:00,17:00,WAY-044,Women,Women's Trousers V2,pcs,31,6,25,22,0,15,in_stock
OUT048,,Waypoint Style,Kalutara,Peliyagoda,rear_dock,normal,,09:00,17:00,WAY-045,Women,Women's Skirt V2,pcs,35,7,28,9,0,14,in_stock
OUT048,,Waypoint Style,Kalutara,Peliyagoda,rear_dock,normal,,09:00,17:00,WAY-046,Women,Women's Hoodie V2,pcs,40,7,33,15,10,7,in_stock
OUT048,,Waypoint Style,Kalutara,Peliyagoda,rear_dock,normal,,09:00,17:00,WAY-047,Women,Women's Jacket V2,pcs,31,7,24,18,30,17,in_stock
OUT048,,Waypoint Style,Kalutara,Peliyagoda,rear_dock,normal,,09:00,17:00,WAY-048,Kids,Kids T-Shirt V2,pcs,16,3,13,21,10,10,in_stock
OUT048,,Waypoint Style,Kalutara,Peliyagoda,rear_dock,normal,,09:00,17:00,WAY-049,Kids,Kids Jeans V2,pcs,44,8,36,12,5,6,in_stock
OUT048,,Waypoint Style,Kalutara,Peliyagoda,rear_dock,normal,,09:00,17:00,WAY-050,Kids,Kids Shorts V2,pcs,19,8,11,12,10,5,in_stock
OUT048,,Waypoint Style,Kalutara,Peliyagoda,rear_dock,normal,,09:00,17:00,WAY-051,Kids,Kids Dress V2,pcs,6,2,4,9,0,14,low_stock
OUT048,,Waypoint Style,Kalutara,Peliyagoda,rear_dock,normal,,09:00,17:00,WAY-052,Footwear,Men's Sneakers V2,pairs,4,1,3,11,20,8,low_stock
OUT048,,Waypoint Style,Kalutara,Peliyagoda,rear_dock,normal,,09:00,17:00,WAY-053,Footwear,Women's Sneakers V2,pairs,20,7,13,17,0,6,in_stock
OUT048,,Waypoint Style,Kalutara,Peliyagoda,rear_dock,normal,,09:00,17:00,WAY-054,Footwear,Men's Sandals V2,pairs,22,4,18,19,20,14,in_stock
OUT048,,Waypoint Style,Kalutara,Peliyagoda,rear_dock,normal,,09:00,17:00,WAY-055,Footwear,Women's Sandals V2,pairs,33,1,32,13,5,16,in_stock
OUT048,,Waypoint Style,Kalutara,Peliyagoda,rear_dock,normal,,09:00,17:00,WAY-056,Footwear,Kids' Shoes V2,pairs,38,4,34,16,10,8,in_stock
OUT048,,Waypoint Style,Kalutara,Peliyagoda,rear_dock,normal,,09:00,17:00,WAY-057,Accessories,Backpack V2,pcs,36,3,33,9,0,6,in_stock
OUT048,,Waypoint Style,Kalutara,Peliyagoda,rear_dock,normal,,09:00,17:00,WAY-058,Accessories,Wallet V2,pcs,11,4,7,22,0,16,low_stock
OUT048,,Waypoint Style,Kalutara,Peliyagoda,rear_dock,normal,,09:00,17:00,WAY-059,Accessories,Cap V2,pcs,35,6,29,1,30,14,in_stock
OUT048,,Waypoint Style,Kalutara,Peliyagoda,rear_dock,normal,,09:00,17:00,WAY-060,Accessories,Belt V2,pcs,37,7,30,12,5,8,in_stock
OUT048,,Waypoint Style,Kalutara,Peliyagoda,rear_dock,normal,,09:00,17:00,WAY-061,Men,Men's T-Shirt V3,pcs,6,1,5,11,20,9,low_stock
OUT048,,Waypoint Style,Kalutara,Peliyagoda,rear_dock,normal,,09:00,17:00,WAY-062,Men,Men's Polo Shirt V3,pcs,5,3,2,19,30,14,low_stock
OUT048,,Waypoint Style,Kalutara,Peliyagoda,rear_dock,normal,,09:00,17:00,WAY-063,Men,Men's Casual Shirt V3,pcs,15,0,15,18,20,12,in_stock
OUT048,,Waypoint Style,Kalutara,Peliyagoda,rear_dock,normal,,09:00,17:00,WAY-064,Men,Men's Formal Shirt V3,pcs,36,5,31,1,0,5,in_stock
OUT048,,Waypoint Style,Kalutara,Peliyagoda,rear_dock,normal,,09:00,17:00,WAY-065,Men,Men's Jeans V3,pcs,44,3,41,2,20,13,in_stock
OUT048,,Waypoint Style,Kalutara,Peliyagoda,rear_dock,normal,,09:00,17:00,WAY-066,Men,Men's Chino V3,pcs,14,8,6,17,0,10,low_stock
OUT048,,Waypoint Style,Kalutara,Peliyagoda,rear_dock,normal,,09:00,17:00,WAY-067,Men,Men's Shorts V3,pcs,28,6,22,8,0,13,in_stock
OUT048,,Waypoint Style,Kalutara,Peliyagoda,rear_dock,normal,,09:00,17:00,WAY-068,Men,Men's Hoodie V3,pcs,41,5,36,9,10,7,in_stock
OUT048,,Waypoint Style,Kalutara,Peliyagoda,rear_dock,normal,,09:00,17:00,WAY-069,Men,Men's Jacket V3,pcs,16,2,14,14,0,7,in_stock
OUT048,,Waypoint Style,Kalutara,Peliyagoda,rear_dock,normal,,09:00,17:00,WAY-070,Women,Women's T-Shirt V3,pcs,18,3,15,18,10,16,low_stock
OUT048,,Waypoint Style,Kalutara,Peliyagoda,rear_dock,normal,,09:00,17:00,WAY-071,Women,Women's Blouse V3,pcs,16,4,12,6,0,7,in_stock
OUT048,,Waypoint Style,Kalutara,Peliyagoda,rear_dock,normal,,09:00,17:00,WAY-072,Women,Women's Dress V3,pcs,36,8,28,13,10,6,in_stock
OUT048,,Waypoint Style,Kalutara,Peliyagoda,rear_dock,normal,,09:00,17:00,WAY-073,Women,Women's Jeans V3,pcs,45,1,44,17,30,12,in_stock
OUT048,,Waypoint Style,Kalutara,Peliyagoda,rear_dock,normal,,09:00,17:00,WAY-074,Women,Women's Trousers V3,pcs,32,0,32,17,0,18,in_stock
OUT048,,Waypoint Style,Kalutara,Peliyagoda,rear_dock,normal,,09:00,17:00,WAY-075,Women,Women's Skirt V3,pcs,11,3,8,22,30,9,low_stock
OUT048,,Waypoint Style,Kalutara,Peliyagoda,rear_dock,normal,,09:00,17:00,WAY-076,Women,Women's Hoodie V3,pcs,20,0,20,18,0,10,in_stock
OUT048,,Waypoint Style,Kalutara,Peliyagoda,rear_dock,normal,,09:00,17:00,WAY-077,Women,Women's Jacket V3,pcs,25,2,23,18,5,15,in_stock
OUT048,,Waypoint Style,Kalutara,Peliyagoda,rear_dock,normal,,09:00,17:00,WAY-078,Kids,Kids T-Shirt V3,pcs,20,5,15,18,5,8,in_stock
OUT048,,Waypoint Style,Kalutara,Peliyagoda,rear_dock,normal,,09:00,17:00,WAY-079,Kids,Kids Jeans V3,pcs,37,2,35,8,0,16,in_stock
OUT048,,Waypoint Style,Kalutara,Peliyagoda,rear_dock,normal,,09:00,17:00,WAY-080,Kids,Kids Shorts V3,pcs,29,2,27,12,20,12,in_stock
OUT048,,Waypoint Style,Kalutara,Peliyagoda,rear_dock,normal,,09:00,17:00,WAY-081,Kids,Kids Dress V3,pcs,44,4,40,11,10,14,in_stock
OUT048,,Waypoint Style,Kalutara,Peliyagoda,rear_dock,normal,,09:00,17:00,WAY-082,Footwear,Men's Sneakers V3,pairs,28,1,27,2,0,9,in_stock
OUT048,,Waypoint Style,Kalutara,Peliyagoda,rear_dock,normal,,09:00,17:00,WAY-083,Footwear,Women's Sneakers V3,pairs,12,3,9,15,10,9,low_stock
OUT048,,Waypoint Style,Kalutara,Peliyagoda,rear_dock,normal,,09:00,17:00,WAY-084,Footwear,Men's Sandals V3,pairs,4,4,0,5,20,8,out_of_stock
OUT048,,Waypoint Style,Kalutara,Peliyagoda,rear_dock,normal,,09:00,17:00,WAY-085,Footwear,Women's Sandals V3,pairs,24,4,20,9,5,14,in_stock
OUT048,,Waypoint Style,Kalutara,Peliyagoda,rear_dock,normal,,09:00,17:00,WAY-086,Footwear,Kids' Shoes V3,pairs,24,6,18,2,5,11,in_stock
OUT048,,Waypoint Style,Kalutara,Peliyagoda,rear_dock,normal,,09:00,17:00,WAY-087,Accessories,Backpack V3,pcs,29,4,25,14,30,15,in_stock
OUT048,,Waypoint Style,Kalutara,Peliyagoda,rear_dock,normal,,09:00,17:00,WAY-088,Accessories,Wallet V3,pcs,35,0,35,20,0,7,in_stock
OUT048,,Waypoint Style,Kalutara,Peliyagoda,rear_dock,normal,,09:00,17:00,WAY-089,Accessories,Cap V3,pcs,41,6,35,6,0,16,in_stock
OUT048,,Waypoint Style,Kalutara,Peliyagoda,rear_dock,normal,,09:00,17:00,WAY-090,Accessories,Belt V3,pcs,23,1,22,3,0,9,in_stock
OUT048,,Waypoint Style,Kalutara,Peliyagoda,rear_dock,normal,,09:00,17:00,WAY-091,Men,Men's T-Shirt V4,pcs,41,5,36,6,20,6,in_stock
OUT048,,Waypoint Style,Kalutara,Peliyagoda,rear_dock,normal,,09:00,17:00,WAY-092,Men,Men's Polo Shirt V4,pcs,40,1,39,7,10,8,in_stock
OUT048,,Waypoint Style,Kalutara,Peliyagoda,rear_dock,normal,,09:00,17:00,WAY-093,Men,Men's Casual Shirt V4,pcs,10,3,7,20,10,11,low_stock
OUT048,,Waypoint Style,Kalutara,Peliyagoda,rear_dock,normal,,09:00,17:00,WAY-094,Men,Men's Formal Shirt V4,pcs,44,3,41,13,5,14,in_stock
OUT048,,Waypoint Style,Kalutara,Peliyagoda,rear_dock,normal,,09:00,17:00,WAY-095,Men,Men's Jeans V4,pcs,33,1,32,12,0,18,in_stock
OUT048,,Waypoint Style,Kalutara,Peliyagoda,rear_dock,normal,,09:00,17:00,WAY-096,Men,Men's Chino V4,pcs,19,0,19,12,30,5,in_stock
OUT048,,Waypoint Style,Kalutara,Peliyagoda,rear_dock,normal,,09:00,17:00,WAY-097,Men,Men's Shorts V4,pcs,32,4,28,21,0,16,in_stock
OUT048,,Waypoint Style,Kalutara,Peliyagoda,rear_dock,normal,,09:00,17:00,WAY-098,Men,Men's Hoodie V4,pcs,36,7,29,18,0,9,in_stock
OUT048,,Waypoint Style,Kalutara,Peliyagoda,rear_dock,normal,,09:00,17:00,WAY-099,Men,Men's Jacket V4,pcs,42,8,34,7,0,16,in_stock
OUT048,,Waypoint Style,Kalutara,Peliyagoda,rear_dock,normal,,09:00,17:00,WAY-100,Women,Women's T-Shirt V4,pcs,30,4,26,15,0,18,in_stock
OUT048,,Waypoint Style,Kalutara,Peliyagoda,rear_dock,normal,,09:00,17:00,WAY-101,Women,Women's Blouse V4,pcs,20,7,13,5,10,9,in_stock
OUT048,,Waypoint Style,Kalutara,Peliyagoda,rear_dock,normal,,09:00,17:00,WAY-102,Women,Women's Dress V4,pcs,32,5,27,20,20,16,in_stock
OUT048,,Waypoint Style,Kalutara,Peliyagoda,rear_dock,normal,,09:00,17:00,WAY-103,Women,Women's Jeans V4,pcs,21,0,21,22,10,13,in_stock
OUT048,,Waypoint Style,Kalutara,Peliyagoda,rear_dock,normal,,09:00,17:00,WAY-104,Women,Women's Trousers V4,pcs,19,0,19,1,0,11,in_stock
OUT048,,Waypoint Style,Kalutara,Peliyagoda,rear_dock,normal,,09:00,17:00,WAY-105,Women,Women's Skirt V4,pcs,37,4,33,9,0,15,in_stock
OUT048,,Waypoint Style,Kalutara,Peliyagoda,rear_dock,normal,,09:00,17:00,WAY-106,Women,Women's Hoodie V4,pcs,15,7,8,9,20,14,low_stock
OUT048,,Waypoint Style,Kalutara,Peliyagoda,rear_dock,normal,,09:00,17:00,WAY-107,Women,Women's Jacket V4,pcs,22,3,19,9,0,11,in_stock
OUT048,,Waypoint Style,Kalutara,Peliyagoda,rear_dock,normal,,09:00,17:00,WAY-108,Kids,Kids T-Shirt V4,pcs,36,0,36,19,0,14,in_stock
OUT048,,Waypoint Style,Kalutara,Peliyagoda,rear_dock,normal,,09:00,17:00,WAY-109,Kids,Kids Jeans V4,pcs,38,2,36,9,5,9,in_stock
OUT048,,Waypoint Style,Kalutara,Peliyagoda,rear_dock,normal,,09:00,17:00,WAY-110,Kids,Kids Shorts V4,pcs,17,8,9,2,20,7,in_stock
OUT048,,Waypoint Style,Kalutara,Peliyagoda,rear_dock,normal,,09:00,17:00,WAY-111,Kids,Kids Dress V4,pcs,44,8,36,12,10,7,in_stock
OUT048,,Waypoint Style,Kalutara,Peliyagoda,rear_dock,normal,,09:00,17:00,WAY-112,Footwear,Men's Sneakers V4,pairs,18,3,15,8,0,10,in_stock
OUT048,,Waypoint Style,Kalutara,Peliyagoda,rear_dock,normal,,09:00,17:00,WAY-113,Footwear,Women's Sneakers V4,pairs,40,2,38,11,5,13,in_stock
OUT048,,Waypoint Style,Kalutara,Peliyagoda,rear_dock,normal,,09:00,17:00,WAY-114,Footwear,Men's Sandals V4,pairs,25,6,19,1,30,15,in_stock
OUT048,,Waypoint Style,Kalutara,Peliyagoda,rear_dock,normal,,09:00,17:00,WAY-115,Footwear,Women's Sandals V4,pairs,32,0,32,1,0,7,in_stock
OUT048,,Waypoint Style,Kalutara,Peliyagoda,rear_dock,normal,,09:00,17:00,WAY-116,Footwear,Kids' Shoes V4,pairs,38,7,31,18,5,13,in_stock
OUT048,,Waypoint Style,Kalutara,Peliyagoda,rear_dock,normal,,09:00,17:00,WAY-117,Accessories,Backpack V4,pcs,38,6,32,8,10,13,in_stock
OUT048,,Waypoint Style,Kalutara,Peliyagoda,rear_dock,normal,,09:00,17:00,WAY-118,Accessories,Wallet V4,pcs,11,3,8,8,20,9,low_stock
OUT048,,Waypoint Style,Kalutara,Peliyagoda,rear_dock,normal,,09:00,17:00,WAY-119,Accessories,Cap V4,pcs,6,3,3,5,5,8,low_stock
OUT048,,Waypoint Style,Kalutara,Peliyagoda,rear_dock,normal,,09:00,17:00,WAY-120,Accessories,Belt V4,pcs,17,7,10,11,0,15,low_stock
OUT048,,Waypoint Style,Kalutara,Peliyagoda,rear_dock,normal,,09:00,17:00,WAY-121,Men,Men's T-Shirt V5,pcs,35,3,32,12,0,6,in_stock
OUT048,,Waypoint Style,Kalutara,Peliyagoda,rear_dock,normal,,09:00,17:00,WAY-122,Men,Men's Polo Shirt V5,pcs,15,4,11,10,20,15,low_stock
OUT048,,Waypoint Style,Kalutara,Peliyagoda,rear_dock,normal,,09:00,17:00,WAY-123,Men,Men's Casual Shirt V5,pcs,28,8,20,10,5,8,in_stock
OUT048,,Waypoint Style,Kalutara,Peliyagoda,rear_dock,normal,,09:00,17:00,WAY-124,Men,Men's Formal Shirt V5,pcs,11,1,10,22,5,12,low_stock
OUT048,,Waypoint Style,Kalutara,Peliyagoda,rear_dock,normal,,09:00,17:00,WAY-125,Men,Men's Jeans V5,pcs,38,3,35,1,0,18,in_stock
OUT048,,Waypoint Style,Kalutara,Peliyagoda,rear_dock,normal,,09:00,17:00,WAY-126,Men,Men's Chino V5,pcs,4,0,4,19,10,9,low_stock
OUT048,,Waypoint Style,Kalutara,Peliyagoda,rear_dock,normal,,09:00,17:00,WAY-127,Men,Men's Shorts V5,pcs,16,3,13,7,0,13,low_stock
OUT048,,Waypoint Style,Kalutara,Peliyagoda,rear_dock,normal,,09:00,17:00,WAY-128,Men,Men's Hoodie V5,pcs,38,6,32,1,0,8,in_stock
OUT048,,Waypoint Style,Kalutara,Peliyagoda,rear_dock,normal,,09:00,17:00,WAY-129,Men,Men's Jacket V5,pcs,15,2,13,18,10,9,in_stock
OUT048,,Waypoint Style,Kalutara,Peliyagoda,rear_dock,normal,,09:00,17:00,WAY-130,Women,Women's T-Shirt V5,pcs,18,1,17,3,10,18,low_stock
OUT048,,Waypoint Style,Kalutara,Peliyagoda,rear_dock,normal,,09:00,17:00,WAY-131,Women,Women's Blouse V5,pcs,20,7,13,5,0,15,low_stock
OUT048,,Waypoint Style,Kalutara,Peliyagoda,rear_dock,normal,,09:00,17:00,WAY-132,Women,Women's Dress V5,pcs,9,5,4,5,30,5,low_stock
OUT048,,Waypoint Style,Kalutara,Peliyagoda,rear_dock,normal,,09:00,17:00,WAY-133,Women,Women's Jeans V5,pcs,16,0,16,7,0,17,low_stock
OUT048,,Waypoint Style,Kalutara,Peliyagoda,rear_dock,normal,,09:00,17:00,WAY-134,Women,Women's Trousers V5,pcs,42,0,42,14,0,6,in_stock
OUT048,,Waypoint Style,Kalutara,Peliyagoda,rear_dock,normal,,09:00,17:00,WAY-135,Women,Women's Skirt V5,pcs,40,0,40,9,0,10,in_stock
OUT048,,Waypoint Style,Kalutara,Peliyagoda,rear_dock,normal,,09:00,17:00,WAY-136,Women,Women's Hoodie V5,pcs,39,1,38,4,20,13,in_stock
OUT048,,Waypoint Style,Kalutara,Peliyagoda,rear_dock,normal,,09:00,17:00,WAY-137,Women,Women's Jacket V5,pcs,34,4,30,2,30,5,in_stock
OUT048,,Waypoint Style,Kalutara,Peliyagoda,rear_dock,normal,,09:00,17:00,WAY-138,Kids,Kids T-Shirt V5,pcs,40,2,38,16,10,6,in_stock
OUT048,,Waypoint Style,Kalutara,Peliyagoda,rear_dock,normal,,09:00,17:00,WAY-139,Kids,Kids Jeans V5,pcs,12,8,4,2,10,17,low_stock
OUT048,,Waypoint Style,Kalutara,Peliyagoda,rear_dock,normal,,09:00,17:00,WAY-140,Kids,Kids Shorts V5,pcs,27,1,26,6,30,8,in_stock
OUT048,,Waypoint Style,Kalutara,Peliyagoda,rear_dock,normal,,09:00,17:00,WAY-141,Kids,Kids Dress V5,pcs,32,3,29,6,30,14,in_stock
OUT048,,Waypoint Style,Kalutara,Peliyagoda,rear_dock,normal,,09:00,17:00,WAY-142,Footwear,Men's Sneakers V5,pairs,42,5,37,22,30,16,in_stock
OUT048,,Waypoint Style,Kalutara,Peliyagoda,rear_dock,normal,,09:00,17:00,WAY-143,Footwear,Women's Sneakers V5,pairs,13,5,8,22,30,12,low_stock
OUT048,,Waypoint Style,Kalutara,Peliyagoda,rear_dock,normal,,09:00,17:00,WAY-144,Footwear,Men's Sandals V5,pairs,12,5,7,1,20,16,low_stock
OUT048,,Waypoint Style,Kalutara,Peliyagoda,rear_dock,normal,,09:00,17:00,WAY-145,Footwear,Women's Sandals V5,pairs,17,6,11,2,0,13,low_stock
OUT048,,Waypoint Style,Kalutara,Peliyagoda,rear_dock,normal,,09:00,17:00,WAY-146,Footwear,Kids' Shoes V5,pairs,42,2,40,7,10,13,in_stock
OUT048,,Waypoint Style,Kalutara,Peliyagoda,rear_dock,normal,,09:00,17:00,WAY-147,Accessories,Backpack V5,pcs,20,4,16,14,0,5,in_stock
OUT048,,Waypoint Style,Kalutara,Peliyagoda,rear_dock,normal,,09:00,17:00,WAY-148,Accessories,Wallet V5,pcs,6,2,4,10,20,10,low_stock
OUT048,,Waypoint Style,Kalutara,Peliyagoda,rear_dock,normal,,09:00,17:00,WAY-149,Accessories,Cap V5,pcs,16,8,8,19,10,11,low_stock
OUT048,,Waypoint Style,Kalutara,Peliyagoda,rear_dock,normal,,09:00,17:00,WAY-150,Accessories,Belt V5,pcs,38,0,38,18,10,14,in_stock
OUT048,,Waypoint Style,Kalutara,Peliyagoda,rear_dock,normal,,09:00,17:00,WAY-151,Men,Men's T-Shirt V6,pcs,25,7,18,18,0,14,in_stock
OUT048,,Waypoint Style,Kalutara,Peliyagoda,rear_dock,normal,,09:00,17:00,WAY-152,Men,Men's Polo Shirt V6,pcs,38,1,37,3,5,6,in_stock
OUT048,,Waypoint Style,Kalutara,Peliyagoda,rear_dock,normal,,09:00,17:00,WAY-153,Men,Men's Casual Shirt V6,pcs,21,6,15,2,30,11,in_stock
OUT048,,Waypoint Style,Kalutara,Peliyagoda,rear_dock,normal,,09:00,17:00,WAY-154,Men,Men's Formal Shirt V6,pcs,34,0,34,13,20,14,in_stock
OUT048,,Waypoint Style,Kalutara,Peliyagoda,rear_dock,normal,,09:00,17:00,WAY-155,Men,Men's Jeans V6,pcs,36,5,31,10,30,16,in_stock
OUT048,,Waypoint Style,Kalutara,Peliyagoda,rear_dock,normal,,09:00,17:00,WAY-156,Men,Men's Chino V6,pcs,8,6,2,18,0,11,low_stock
OUT048,,Waypoint Style,Kalutara,Peliyagoda,rear_dock,normal,,09:00,17:00,WAY-157,Men,Men's Shorts V6,pcs,38,4,34,5,30,10,in_stock
OUT048,,Waypoint Style,Kalutara,Peliyagoda,rear_dock,normal,,09:00,17:00,WAY-158,Men,Men's Hoodie V6,pcs,42,7,35,4,0,11,in_stock
OUT048,,Waypoint Style,Kalutara,Peliyagoda,rear_dock,normal,,09:00,17:00,WAY-159,Men,Men's Jacket V6,pcs,16,5,11,17,30,15,low_stock
OUT048,,Waypoint Style,Kalutara,Peliyagoda,rear_dock,normal,,09:00,17:00,WAY-160,Women,Women's T-Shirt V6,pcs,32,0,32,8,0,10,in_stock
OUT048,,Waypoint Style,Kalutara,Peliyagoda,rear_dock,normal,,09:00,17:00,WAY-161,Women,Women's Blouse V6,pcs,37,8,29,13,10,17,in_stock
OUT048,,Waypoint Style,Kalutara,Peliyagoda,rear_dock,normal,,09:00,17:00,WAY-162,Women,Women's Dress V6,pcs,30,0,30,9,30,15,in_stock
OUT048,,Waypoint Style,Kalutara,Peliyagoda,rear_dock,normal,,09:00,17:00,WAY-163,Women,Women's Jeans V6,pcs,16,5,11,14,0,13,low_stock
OUT048,,Waypoint Style,Kalutara,Peliyagoda,rear_dock,normal,,09:00,17:00,WAY-164,Women,Women's Trousers V6,pcs,8,5,3,15,0,15,low_stock
OUT048,,Waypoint Style,Kalutara,Peliyagoda,rear_dock,normal,,09:00,17:00,WAY-165,Women,Women's Skirt V6,pcs,34,7,27,21,30,13,in_stock
OUT048,,Waypoint Style,Kalutara,Peliyagoda,rear_dock,normal,,09:00,17:00,WAY-166,Women,Women's Hoodie V6,pcs,6,0,6,17,5,14,low_stock
OUT048,,Waypoint Style,Kalutara,Peliyagoda,rear_dock,normal,,09:00,17:00,WAY-167,Women,Women's Jacket V6,pcs,31,4,27,17,20,14,in_stock
OUT048,,Waypoint Style,Kalutara,Peliyagoda,rear_dock,normal,,09:00,17:00,WAY-168,Kids,Kids T-Shirt V6,pcs,44,4,40,22,0,10,in_stock
OUT048,,Waypoint Style,Kalutara,Peliyagoda,rear_dock,normal,,09:00,17:00,WAY-169,Kids,Kids Jeans V6,pcs,5,5,0,8,5,16,out_of_stock
OUT048,,Waypoint Style,Kalutara,Peliyagoda,rear_dock,normal,,09:00,17:00,WAY-170,Kids,Kids Shorts V6,pcs,15,1,14,5,5,8,in_stock
OUT048,,Waypoint Style,Kalutara,Peliyagoda,rear_dock,normal,,09:00,17:00,WAY-171,Kids,Kids Dress V6,pcs,36,2,34,2,30,12,in_stock
OUT048,,Waypoint Style,Kalutara,Peliyagoda,rear_dock,normal,,09:00,17:00,WAY-172,Footwear,Men's Sneakers V6,pairs,6,1,5,9,5,6,low_stock
OUT048,,Waypoint Style,Kalutara,Peliyagoda,rear_dock,normal,,09:00,17:00,WAY-173,Footwear,Women's Sneakers V6,pairs,37,8,29,20,0,10,in_stock
OUT048,,Waypoint Style,Kalutara,Peliyagoda,rear_dock,normal,,09:00,17:00,WAY-174,Footwear,Men's Sandals V6,pairs,32,5,27,18,0,12,in_stock
OUT048,,Waypoint Style,Kalutara,Peliyagoda,rear_dock,normal,,09:00,17:00,WAY-175,Footwear,Women's Sandals V6,pairs,4,2,2,17,30,6,low_stock
OUT048,,Waypoint Style,Kalutara,Peliyagoda,rear_dock,normal,,09:00,17:00,WAY-176,Footwear,Kids' Shoes V6,pairs,45,0,45,17,0,14,in_stock
OUT048,,Waypoint Style,Kalutara,Peliyagoda,rear_dock,normal,,09:00,17:00,WAY-177,Accessories,Backpack V6,pcs,21,4,17,8,0,14,in_stock
OUT048,,Waypoint Style,Kalutara,Peliyagoda,rear_dock,normal,,09:00,17:00,WAY-178,Accessories,Wallet V6,pcs,33,7,26,12,0,7,in_stock
OUT048,,Waypoint Style,Kalutara,Peliyagoda,rear_dock,normal,,09:00,17:00,WAY-179,Accessories,Cap V6,pcs,4,0,4,16,0,9,low_stock
OUT048,,Waypoint Style,Kalutara,Peliyagoda,rear_dock,normal,,09:00,17:00,WAY-180,Accessories,Belt V6,pcs,23,3,20,17,0,11,in_stock
OUT048,,Waypoint Style,Kalutara,Peliyagoda,rear_dock,normal,,09:00,17:00,WAY-181,Men,Men's T-Shirt V7,pcs,4,0,4,14,0,5,low_stock
OUT048,,Waypoint Style,Kalutara,Peliyagoda,rear_dock,normal,,09:00,17:00,WAY-182,Men,Men's Polo Shirt V7,pcs,40,1,39,19,0,18,in_stock
OUT048,,Waypoint Style,Kalutara,Peliyagoda,rear_dock,normal,,09:00,17:00,WAY-183,Men,Men's Casual Shirt V7,pcs,28,6,22,11,0,17,in_stock
OUT048,,Waypoint Style,Kalutara,Peliyagoda,rear_dock,normal,,09:00,17:00,WAY-184,Men,Men's Formal Shirt V7,pcs,16,1,15,8,10,17,low_stock
OUT048,,Waypoint Style,Kalutara,Peliyagoda,rear_dock,normal,,09:00,17:00,WAY-185,Men,Men's Jeans V7,pcs,34,0,34,16,5,8,in_stock
OUT048,,Waypoint Style,Kalutara,Peliyagoda,rear_dock,normal,,09:00,17:00,WAY-186,Men,Men's Chino V7,pcs,21,6,15,21,20,14,in_stock
OUT048,,Waypoint Style,Kalutara,Peliyagoda,rear_dock,normal,,09:00,17:00,WAY-187,Men,Men's Shorts V7,pcs,35,4,31,15,5,10,in_stock
OUT048,,Waypoint Style,Kalutara,Peliyagoda,rear_dock,normal,,09:00,17:00,WAY-188,Men,Men's Hoodie V7,pcs,25,7,18,10,0,12,in_stock
OUT048,,Waypoint Style,Kalutara,Peliyagoda,rear_dock,normal,,09:00,17:00,WAY-189,Men,Men's Jacket V7,pcs,8,6,2,11,5,11,low_stock
OUT048,,Waypoint Style,Kalutara,Peliyagoda,rear_dock,normal,,09:00,17:00,WAY-190,Women,Women's T-Shirt V7,pcs,31,2,29,10,0,9,in_stock
OUT048,,Waypoint Style,Kalutara,Peliyagoda,rear_dock,normal,,09:00,17:00,WAY-191,Women,Women's Blouse V7,pcs,23,7,16,2,10,9,in_stock
OUT048,,Waypoint Style,Kalutara,Peliyagoda,rear_dock,normal,,09:00,17:00,WAY-192,Women,Women's Dress V7,pcs,39,3,36,18,0,12,in_stock
OUT048,,Waypoint Style,Kalutara,Peliyagoda,rear_dock,normal,,09:00,17:00,WAY-193,Women,Women's Jeans V7,pcs,6,5,1,1,5,8,low_stock
OUT048,,Waypoint Style,Kalutara,Peliyagoda,rear_dock,normal,,09:00,17:00,WAY-194,Women,Women's Trousers V7,pcs,9,3,6,17,5,15,low_stock
OUT048,,Waypoint Style,Kalutara,Peliyagoda,rear_dock,normal,,09:00,17:00,WAY-195,Women,Women's Skirt V7,pcs,8,3,5,12,0,8,low_stock
OUT048,,Waypoint Style,Kalutara,Peliyagoda,rear_dock,normal,,09:00,17:00,WAY-196,Women,Women's Hoodie V7,pcs,32,1,31,13,0,7,in_stock
OUT048,,Waypoint Style,Kalutara,Peliyagoda,rear_dock,normal,,09:00,17:00,WAY-197,Women,Women's Jacket V7,pcs,43,7,36,13,5,12,in_stock
OUT048,,Waypoint Style,Kalutara,Peliyagoda,rear_dock,normal,,09:00,17:00,WAY-198,Kids,Kids T-Shirt V7,pcs,26,8,18,20,0,18,low_stock
OUT048,,Waypoint Style,Kalutara,Peliyagoda,rear_dock,normal,,09:00,17:00,WAY-199,Kids,Kids Jeans V7,pcs,39,5,34,22,5,9,in_stock
OUT048,,Waypoint Style,Kalutara,Peliyagoda,rear_dock,normal,,09:00,17:00,WAY-200,Kids,Kids Shorts V7,pcs,10,2,8,20,5,9,low_stock
OUT056,,Waypoint Style,Galle,Peliyagoda,mall_bay,mall_dock,10:00-12:00,10:00,12:00,WAY-001,Men,Men's T-Shirt,pcs,41,6,35,2,20,16,in_stock
OUT056,,Waypoint Style,Galle,Peliyagoda,mall_bay,mall_dock,10:00-12:00,10:00,12:00,WAY-002,Men,Men's Polo Shirt,pcs,38,0,38,13,0,17,in_stock
OUT056,,Waypoint Style,Galle,Peliyagoda,mall_bay,mall_dock,10:00-12:00,10:00,12:00,WAY-003,Men,Men's Casual Shirt,pcs,18,5,13,2,0,13,low_stock
OUT056,,Waypoint Style,Galle,Peliyagoda,mall_bay,mall_dock,10:00-12:00,10:00,12:00,WAY-004,Men,Men's Formal Shirt,pcs,5,2,3,9,0,7,low_stock
OUT056,,Waypoint Style,Galle,Peliyagoda,mall_bay,mall_dock,10:00-12:00,10:00,12:00,WAY-005,Men,Men's Jeans,pcs,31,5,26,3,10,7,in_stock
OUT056,,Waypoint Style,Galle,Peliyagoda,mall_bay,mall_dock,10:00-12:00,10:00,12:00,WAY-006,Men,Men's Chino,pcs,12,5,7,13,20,7,low_stock
OUT056,,Waypoint Style,Galle,Peliyagoda,mall_bay,mall_dock,10:00-12:00,10:00,12:00,WAY-007,Men,Men's Shorts,pcs,40,5,35,14,0,13,in_stock
OUT056,,Waypoint Style,Galle,Peliyagoda,mall_bay,mall_dock,10:00-12:00,10:00,12:00,WAY-008,Men,Men's Hoodie,pcs,22,4,18,22,5,5,in_stock
OUT056,,Waypoint Style,Galle,Peliyagoda,mall_bay,mall_dock,10:00-12:00,10:00,12:00,WAY-009,Men,Men's Jacket,pcs,23,6,17,15,30,11,in_stock
OUT056,,Waypoint Style,Galle,Peliyagoda,mall_bay,mall_dock,10:00-12:00,10:00,12:00,WAY-010,Women,Women's T-Shirt,pcs,10,3,7,12,10,17,low_stock
OUT056,,Waypoint Style,Galle,Peliyagoda,mall_bay,mall_dock,10:00-12:00,10:00,12:00,WAY-011,Women,Women's Blouse,pcs,31,7,24,6,0,11,in_stock
OUT056,,Waypoint Style,Galle,Peliyagoda,mall_bay,mall_dock,10:00-12:00,10:00,12:00,WAY-012,Women,Women's Dress,pcs,20,8,12,1,0,7,in_stock
OUT056,,Waypoint Style,Galle,Peliyagoda,mall_bay,mall_dock,10:00-12:00,10:00,12:00,WAY-013,Women,Women's Jeans,pcs,39,1,38,18,5,11,in_stock
OUT056,,Waypoint Style,Galle,Peliyagoda,mall_bay,mall_dock,10:00-12:00,10:00,12:00,WAY-014,Women,Women's Trousers,pcs,26,4,22,10,5,12,in_stock
OUT056,,Waypoint Style,Galle,Peliyagoda,mall_bay,mall_dock,10:00-12:00,10:00,12:00,WAY-015,Women,Women's Skirt,pcs,7,6,1,6,20,18,low_stock
OUT056,,Waypoint Style,Galle,Peliyagoda,mall_bay,mall_dock,10:00-12:00,10:00,12:00,WAY-016,Women,Women's Hoodie,pcs,41,1,40,5,0,14,in_stock
OUT056,,Waypoint Style,Galle,Peliyagoda,mall_bay,mall_dock,10:00-12:00,10:00,12:00,WAY-017,Women,Women's Jacket,pcs,45,5,40,2,5,12,in_stock
OUT056,,Waypoint Style,Galle,Peliyagoda,mall_bay,mall_dock,10:00-12:00,10:00,12:00,WAY-018,Kids,Kids T-Shirt,pcs,29,0,29,15,20,15,in_stock
OUT056,,Waypoint Style,Galle,Peliyagoda,mall_bay,mall_dock,10:00-12:00,10:00,12:00,WAY-019,Kids,Kids Jeans,pcs,26,7,19,4,0,7,in_stock
OUT056,,Waypoint Style,Galle,Peliyagoda,mall_bay,mall_dock,10:00-12:00,10:00,12:00,WAY-020,Kids,Kids Shorts,pcs,12,4,8,17,0,10,low_stock
OUT056,,Waypoint Style,Galle,Peliyagoda,mall_bay,mall_dock,10:00-12:00,10:00,12:00,WAY-021,Kids,Kids Dress,pcs,27,1,26,4,0,11,in_stock
OUT056,,Waypoint Style,Galle,Peliyagoda,mall_bay,mall_dock,10:00-12:00,10:00,12:00,WAY-022,Footwear,Men's Sneakers,pairs,14,4,10,5,30,9,in_stock
OUT056,,Waypoint Style,Galle,Peliyagoda,mall_bay,mall_dock,10:00-12:00,10:00,12:00,WAY-023,Footwear,Women's Sneakers,pairs,14,0,14,20,5,9,in_stock
OUT056,,Waypoint Style,Galle,Peliyagoda,mall_bay,mall_dock,10:00-12:00,10:00,12:00,WAY-024,Footwear,Men's Sandals,pairs,14,8,6,1,20,18,low_stock
OUT056,,Waypoint Style,Galle,Peliyagoda,mall_bay,mall_dock,10:00-12:00,10:00,12:00,WAY-025,Footwear,Women's Sandals,pairs,30,1,29,21,0,11,in_stock
OUT056,,Waypoint Style,Galle,Peliyagoda,mall_bay,mall_dock,10:00-12:00,10:00,12:00,WAY-026,Footwear,Kids' Shoes,pairs,19,8,11,19,10,16,low_stock
OUT056,,Waypoint Style,Galle,Peliyagoda,mall_bay,mall_dock,10:00-12:00,10:00,12:00,WAY-027,Accessories,Backpack,pcs,33,0,33,6,10,11,in_stock
OUT056,,Waypoint Style,Galle,Peliyagoda,mall_bay,mall_dock,10:00-12:00,10:00,12:00,WAY-028,Accessories,Wallet,pcs,25,1,24,15,20,12,in_stock
OUT056,,Waypoint Style,Galle,Peliyagoda,mall_bay,mall_dock,10:00-12:00,10:00,12:00,WAY-029,Accessories,Cap,pcs,37,6,31,22,5,12,in_stock
OUT056,,Waypoint Style,Galle,Peliyagoda,mall_bay,mall_dock,10:00-12:00,10:00,12:00,WAY-030,Accessories,Belt,pcs,17,6,11,9,30,7,in_stock
OUT056,,Waypoint Style,Galle,Peliyagoda,mall_bay,mall_dock,10:00-12:00,10:00,12:00,WAY-031,Men,Men's T-Shirt V2,pcs,24,1,23,10,0,16,in_stock
OUT056,,Waypoint Style,Galle,Peliyagoda,mall_bay,mall_dock,10:00-12:00,10:00,12:00,WAY-032,Men,Men's Polo Shirt V2,pcs,7,2,5,9,0,14,low_stock
OUT056,,Waypoint Style,Galle,Peliyagoda,mall_bay,mall_dock,10:00-12:00,10:00,12:00,WAY-033,Men,Men's Casual Shirt V2,pcs,14,6,8,5,0,8,low_stock
OUT056,,Waypoint Style,Galle,Peliyagoda,mall_bay,mall_dock,10:00-12:00,10:00,12:00,WAY-034,Men,Men's Formal Shirt V2,pcs,18,7,11,21,20,17,low_stock
OUT056,,Waypoint Style,Galle,Peliyagoda,mall_bay,mall_dock,10:00-12:00,10:00,12:00,WAY-035,Men,Men's Jeans V2,pcs,26,7,19,2,20,9,in_stock
OUT056,,Waypoint Style,Galle,Peliyagoda,mall_bay,mall_dock,10:00-12:00,10:00,12:00,WAY-036,Men,Men's Chino V2,pcs,45,1,44,1,30,16,in_stock
OUT056,,Waypoint Style,Galle,Peliyagoda,mall_bay,mall_dock,10:00-12:00,10:00,12:00,WAY-037,Men,Men's Shorts V2,pcs,44,8,36,12,10,9,in_stock
OUT056,,Waypoint Style,Galle,Peliyagoda,mall_bay,mall_dock,10:00-12:00,10:00,12:00,WAY-038,Men,Men's Hoodie V2,pcs,36,0,36,17,0,6,in_stock
OUT056,,Waypoint Style,Galle,Peliyagoda,mall_bay,mall_dock,10:00-12:00,10:00,12:00,WAY-039,Men,Men's Jacket V2,pcs,19,8,11,18,20,17,low_stock
OUT056,,Waypoint Style,Galle,Peliyagoda,mall_bay,mall_dock,10:00-12:00,10:00,12:00,WAY-040,Women,Women's T-Shirt V2,pcs,22,1,21,3,0,5,in_stock
OUT056,,Waypoint Style,Galle,Peliyagoda,mall_bay,mall_dock,10:00-12:00,10:00,12:00,WAY-041,Women,Women's Blouse V2,pcs,27,4,23,9,5,11,in_stock
OUT056,,Waypoint Style,Galle,Peliyagoda,mall_bay,mall_dock,10:00-12:00,10:00,12:00,WAY-042,Women,Women's Dress V2,pcs,16,7,9,2,10,7,in_stock
OUT056,,Waypoint Style,Galle,Peliyagoda,mall_bay,mall_dock,10:00-12:00,10:00,12:00,WAY-043,Women,Women's Jeans V2,pcs,7,3,4,9,30,8,low_stock
OUT056,,Waypoint Style,Galle,Peliyagoda,mall_bay,mall_dock,10:00-12:00,10:00,12:00,WAY-044,Women,Women's Trousers V2,pcs,16,4,12,15,20,17,low_stock
OUT056,,Waypoint Style,Galle,Peliyagoda,mall_bay,mall_dock,10:00-12:00,10:00,12:00,WAY-045,Women,Women's Skirt V2,pcs,21,4,17,5,0,18,low_stock
OUT056,,Waypoint Style,Galle,Peliyagoda,mall_bay,mall_dock,10:00-12:00,10:00,12:00,WAY-046,Women,Women's Hoodie V2,pcs,35,2,33,9,0,16,in_stock
OUT056,,Waypoint Style,Galle,Peliyagoda,mall_bay,mall_dock,10:00-12:00,10:00,12:00,WAY-047,Women,Women's Jacket V2,pcs,5,3,2,18,0,9,low_stock
OUT056,,Waypoint Style,Galle,Peliyagoda,mall_bay,mall_dock,10:00-12:00,10:00,12:00,WAY-048,Kids,Kids T-Shirt V2,pcs,15,6,9,11,30,5,in_stock
OUT056,,Waypoint Style,Galle,Peliyagoda,mall_bay,mall_dock,10:00-12:00,10:00,12:00,WAY-049,Kids,Kids Jeans V2,pcs,33,0,33,9,0,9,in_stock
OUT056,,Waypoint Style,Galle,Peliyagoda,mall_bay,mall_dock,10:00-12:00,10:00,12:00,WAY-050,Kids,Kids Shorts V2,pcs,12,1,11,15,0,7,in_stock
OUT056,,Waypoint Style,Galle,Peliyagoda,mall_bay,mall_dock,10:00-12:00,10:00,12:00,WAY-051,Kids,Kids Dress V2,pcs,30,8,22,5,5,17,in_stock
OUT056,,Waypoint Style,Galle,Peliyagoda,mall_bay,mall_dock,10:00-12:00,10:00,12:00,WAY-052,Footwear,Men's Sneakers V2,pairs,5,4,1,22,0,13,low_stock
OUT056,,Waypoint Style,Galle,Peliyagoda,mall_bay,mall_dock,10:00-12:00,10:00,12:00,WAY-053,Footwear,Women's Sneakers V2,pairs,15,7,8,2,20,17,low_stock
OUT056,,Waypoint Style,Galle,Peliyagoda,mall_bay,mall_dock,10:00-12:00,10:00,12:00,WAY-054,Footwear,Men's Sandals V2,pairs,26,6,20,15,20,9,in_stock
OUT056,,Waypoint Style,Galle,Peliyagoda,mall_bay,mall_dock,10:00-12:00,10:00,12:00,WAY-055,Footwear,Women's Sandals V2,pairs,8,5,3,17,20,5,low_stock
OUT056,,Waypoint Style,Galle,Peliyagoda,mall_bay,mall_dock,10:00-12:00,10:00,12:00,WAY-056,Footwear,Kids' Shoes V2,pairs,37,8,29,14,20,15,in_stock
OUT056,,Waypoint Style,Galle,Peliyagoda,mall_bay,mall_dock,10:00-12:00,10:00,12:00,WAY-057,Accessories,Backpack V2,pcs,10,3,7,13,0,16,low_stock
OUT056,,Waypoint Style,Galle,Peliyagoda,mall_bay,mall_dock,10:00-12:00,10:00,12:00,WAY-058,Accessories,Wallet V2,pcs,22,0,22,18,20,14,in_stock
OUT056,,Waypoint Style,Galle,Peliyagoda,mall_bay,mall_dock,10:00-12:00,10:00,12:00,WAY-059,Accessories,Cap V2,pcs,33,3,30,3,30,17,in_stock
OUT056,,Waypoint Style,Galle,Peliyagoda,mall_bay,mall_dock,10:00-12:00,10:00,12:00,WAY-060,Accessories,Belt V2,pcs,34,0,34,13,0,5,in_stock
OUT056,,Waypoint Style,Galle,Peliyagoda,mall_bay,mall_dock,10:00-12:00,10:00,12:00,WAY-061,Men,Men's T-Shirt V3,pcs,39,4,35,2,0,15,in_stock
OUT056,,Waypoint Style,Galle,Peliyagoda,mall_bay,mall_dock,10:00-12:00,10:00,12:00,WAY-062,Men,Men's Polo Shirt V3,pcs,37,6,31,9,0,9,in_stock
OUT056,,Waypoint Style,Galle,Peliyagoda,mall_bay,mall_dock,10:00-12:00,10:00,12:00,WAY-063,Men,Men's Casual Shirt V3,pcs,20,3,17,18,0,14,in_stock
OUT056,,Waypoint Style,Galle,Peliyagoda,mall_bay,mall_dock,10:00-12:00,10:00,12:00,WAY-064,Men,Men's Formal Shirt V3,pcs,28,5,23,9,0,7,in_stock
OUT056,,Waypoint Style,Galle,Peliyagoda,mall_bay,mall_dock,10:00-12:00,10:00,12:00,WAY-065,Men,Men's Jeans V3,pcs,21,2,19,14,10,16,in_stock
OUT056,,Waypoint Style,Galle,Peliyagoda,mall_bay,mall_dock,10:00-12:00,10:00,12:00,WAY-066,Men,Men's Chino V3,pcs,44,0,44,14,0,14,in_stock
OUT056,,Waypoint Style,Galle,Peliyagoda,mall_bay,mall_dock,10:00-12:00,10:00,12:00,WAY-067,Men,Men's Shorts V3,pcs,22,6,16,20,0,15,in_stock
OUT056,,Waypoint Style,Galle,Peliyagoda,mall_bay,mall_dock,10:00-12:00,10:00,12:00,WAY-068,Men,Men's Hoodie V3,pcs,12,6,6,10,30,6,low_stock
OUT056,,Waypoint Style,Galle,Peliyagoda,mall_bay,mall_dock,10:00-12:00,10:00,12:00,WAY-069,Men,Men's Jacket V3,pcs,33,6,27,19,5,17,in_stock
OUT056,,Waypoint Style,Galle,Peliyagoda,mall_bay,mall_dock,10:00-12:00,10:00,12:00,WAY-070,Women,Women's T-Shirt V3,pcs,43,5,38,18,20,16,in_stock
OUT056,,Waypoint Style,Galle,Peliyagoda,mall_bay,mall_dock,10:00-12:00,10:00,12:00,WAY-071,Women,Women's Blouse V3,pcs,21,3,18,5,5,14,in_stock
OUT056,,Waypoint Style,Galle,Peliyagoda,mall_bay,mall_dock,10:00-12:00,10:00,12:00,WAY-072,Women,Women's Dress V3,pcs,15,5,10,16,0,12,low_stock
OUT056,,Waypoint Style,Galle,Peliyagoda,mall_bay,mall_dock,10:00-12:00,10:00,12:00,WAY-073,Women,Women's Jeans V3,pcs,28,3,25,8,10,6,in_stock
OUT056,,Waypoint Style,Galle,Peliyagoda,mall_bay,mall_dock,10:00-12:00,10:00,12:00,WAY-074,Women,Women's Trousers V3,pcs,19,6,13,15,5,18,low_stock
OUT056,,Waypoint Style,Galle,Peliyagoda,mall_bay,mall_dock,10:00-12:00,10:00,12:00,WAY-075,Women,Women's Skirt V3,pcs,37,2,35,10,10,6,in_stock
OUT056,,Waypoint Style,Galle,Peliyagoda,mall_bay,mall_dock,10:00-12:00,10:00,12:00,WAY-076,Women,Women's Hoodie V3,pcs,42,4,38,21,30,18,in_stock
OUT056,,Waypoint Style,Galle,Peliyagoda,mall_bay,mall_dock,10:00-12:00,10:00,12:00,WAY-077,Women,Women's Jacket V3,pcs,15,4,11,18,20,6,in_stock
OUT056,,Waypoint Style,Galle,Peliyagoda,mall_bay,mall_dock,10:00-12:00,10:00,12:00,WAY-078,Kids,Kids T-Shirt V3,pcs,21,4,17,12,10,6,in_stock
OUT056,,Waypoint Style,Galle,Peliyagoda,mall_bay,mall_dock,10:00-12:00,10:00,12:00,WAY-079,Kids,Kids Jeans V3,pcs,12,8,4,15,5,9,low_stock
OUT056,,Waypoint Style,Galle,Peliyagoda,mall_bay,mall_dock,10:00-12:00,10:00,12:00,WAY-080,Kids,Kids Shorts V3,pcs,45,3,42,7,20,13,in_stock
OUT056,,Waypoint Style,Galle,Peliyagoda,mall_bay,mall_dock,10:00-12:00,10:00,12:00,WAY-081,Kids,Kids Dress V3,pcs,29,2,27,5,20,8,in_stock
OUT056,,Waypoint Style,Galle,Peliyagoda,mall_bay,mall_dock,10:00-12:00,10:00,12:00,WAY-082,Footwear,Men's Sneakers V3,pairs,37,2,35,7,0,11,in_stock
OUT056,,Waypoint Style,Galle,Peliyagoda,mall_bay,mall_dock,10:00-12:00,10:00,12:00,WAY-083,Footwear,Women's Sneakers V3,pairs,24,1,23,16,5,6,in_stock
OUT056,,Waypoint Style,Galle,Peliyagoda,mall_bay,mall_dock,10:00-12:00,10:00,12:00,WAY-084,Footwear,Men's Sandals V3,pairs,36,5,31,8,20,6,in_stock
OUT056,,Waypoint Style,Galle,Peliyagoda,mall_bay,mall_dock,10:00-12:00,10:00,12:00,WAY-085,Footwear,Women's Sandals V3,pairs,30,4,26,2,0,18,in_stock
OUT056,,Waypoint Style,Galle,Peliyagoda,mall_bay,mall_dock,10:00-12:00,10:00,12:00,WAY-086,Footwear,Kids' Shoes V3,pairs,15,3,12,3,10,17,low_stock
OUT056,,Waypoint Style,Galle,Peliyagoda,mall_bay,mall_dock,10:00-12:00,10:00,12:00,WAY-087,Accessories,Backpack V3,pcs,12,7,5,22,10,17,low_stock
OUT056,,Waypoint Style,Galle,Peliyagoda,mall_bay,mall_dock,10:00-12:00,10:00,12:00,WAY-088,Accessories,Wallet V3,pcs,21,7,14,16,5,17,low_stock
OUT056,,Waypoint Style,Galle,Peliyagoda,mall_bay,mall_dock,10:00-12:00,10:00,12:00,WAY-089,Accessories,Cap V3,pcs,17,3,14,12,0,9,in_stock
OUT056,,Waypoint Style,Galle,Peliyagoda,mall_bay,mall_dock,10:00-12:00,10:00,12:00,WAY-090,Accessories,Belt V3,pcs,13,4,9,3,0,14,low_stock
OUT056,,Waypoint Style,Galle,Peliyagoda,mall_bay,mall_dock,10:00-12:00,10:00,12:00,WAY-091,Men,Men's T-Shirt V4,pcs,12,4,8,16,0,5,in_stock
OUT056,,Waypoint Style,Galle,Peliyagoda,mall_bay,mall_dock,10:00-12:00,10:00,12:00,WAY-092,Men,Men's Polo Shirt V4,pcs,43,4,39,13,30,10,in_stock
OUT056,,Waypoint Style,Galle,Peliyagoda,mall_bay,mall_dock,10:00-12:00,10:00,12:00,WAY-093,Men,Men's Casual Shirt V4,pcs,26,7,19,15,0,16,in_stock
OUT056,,Waypoint Style,Galle,Peliyagoda,mall_bay,mall_dock,10:00-12:00,10:00,12:00,WAY-094,Men,Men's Formal Shirt V4,pcs,9,1,8,4,20,10,low_stock
OUT056,,Waypoint Style,Galle,Peliyagoda,mall_bay,mall_dock,10:00-12:00,10:00,12:00,WAY-095,Men,Men's Jeans V4,pcs,4,2,2,18,5,15,low_stock
OUT056,,Waypoint Style,Galle,Peliyagoda,mall_bay,mall_dock,10:00-12:00,10:00,12:00,WAY-096,Men,Men's Chino V4,pcs,30,8,22,7,20,13,in_stock
OUT056,,Waypoint Style,Galle,Peliyagoda,mall_bay,mall_dock,10:00-12:00,10:00,12:00,WAY-097,Men,Men's Shorts V4,pcs,35,0,35,6,20,6,in_stock
OUT056,,Waypoint Style,Galle,Peliyagoda,mall_bay,mall_dock,10:00-12:00,10:00,12:00,WAY-098,Men,Men's Hoodie V4,pcs,25,5,20,20,30,8,in_stock
OUT056,,Waypoint Style,Galle,Peliyagoda,mall_bay,mall_dock,10:00-12:00,10:00,12:00,WAY-099,Men,Men's Jacket V4,pcs,37,6,31,11,0,10,in_stock
OUT056,,Waypoint Style,Galle,Peliyagoda,mall_bay,mall_dock,10:00-12:00,10:00,12:00,WAY-100,Women,Women's T-Shirt V4,pcs,10,4,6,13,5,11,low_stock
OUT056,,Waypoint Style,Galle,Peliyagoda,mall_bay,mall_dock,10:00-12:00,10:00,12:00,WAY-101,Women,Women's Blouse V4,pcs,18,5,13,4,0,9,in_stock
OUT056,,Waypoint Style,Galle,Peliyagoda,mall_bay,mall_dock,10:00-12:00,10:00,12:00,WAY-102,Women,Women's Dress V4,pcs,32,4,28,4,20,10,in_stock
OUT056,,Waypoint Style,Galle,Peliyagoda,mall_bay,mall_dock,10:00-12:00,10:00,12:00,WAY-103,Women,Women's Jeans V4,pcs,24,6,18,15,20,6,in_stock
OUT056,,Waypoint Style,Galle,Peliyagoda,mall_bay,mall_dock,10:00-12:00,10:00,12:00,WAY-104,Women,Women's Trousers V4,pcs,38,5,33,19,0,13,in_stock
OUT056,,Waypoint Style,Galle,Peliyagoda,mall_bay,mall_dock,10:00-12:00,10:00,12:00,WAY-105,Women,Women's Skirt V4,pcs,20,3,17,11,0,17,low_stock
OUT056,,Waypoint Style,Galle,Peliyagoda,mall_bay,mall_dock,10:00-12:00,10:00,12:00,WAY-106,Women,Women's Hoodie V4,pcs,34,2,32,5,5,14,in_stock
OUT056,,Waypoint Style,Galle,Peliyagoda,mall_bay,mall_dock,10:00-12:00,10:00,12:00,WAY-107,Women,Women's Jacket V4,pcs,13,6,7,16,20,14,low_stock
OUT056,,Waypoint Style,Galle,Peliyagoda,mall_bay,mall_dock,10:00-12:00,10:00,12:00,WAY-108,Kids,Kids T-Shirt V4,pcs,28,7,21,4,0,10,in_stock
OUT056,,Waypoint Style,Galle,Peliyagoda,mall_bay,mall_dock,10:00-12:00,10:00,12:00,WAY-109,Kids,Kids Jeans V4,pcs,24,6,18,1,5,12,in_stock
OUT056,,Waypoint Style,Galle,Peliyagoda,mall_bay,mall_dock,10:00-12:00,10:00,12:00,WAY-110,Kids,Kids Shorts V4,pcs,18,3,15,11,0,15,low_stock
OUT056,,Waypoint Style,Galle,Peliyagoda,mall_bay,mall_dock,10:00-12:00,10:00,12:00,WAY-111,Kids,Kids Dress V4,pcs,27,1,26,22,30,9,in_stock
OUT056,,Waypoint Style,Galle,Peliyagoda,mall_bay,mall_dock,10:00-12:00,10:00,12:00,WAY-112,Footwear,Men's Sneakers V4,pairs,23,8,15,21,30,11,in_stock
OUT056,,Waypoint Style,Galle,Peliyagoda,mall_bay,mall_dock,10:00-12:00,10:00,12:00,WAY-113,Footwear,Women's Sneakers V4,pairs,12,1,11,18,10,11,low_stock
OUT056,,Waypoint Style,Galle,Peliyagoda,mall_bay,mall_dock,10:00-12:00,10:00,12:00,WAY-114,Footwear,Men's Sandals V4,pairs,7,4,3,19,5,14,low_stock
OUT056,,Waypoint Style,Galle,Peliyagoda,mall_bay,mall_dock,10:00-12:00,10:00,12:00,WAY-115,Footwear,Women's Sandals V4,pairs,8,4,4,14,10,11,low_stock
OUT056,,Waypoint Style,Galle,Peliyagoda,mall_bay,mall_dock,10:00-12:00,10:00,12:00,WAY-116,Footwear,Kids' Shoes V4,pairs,42,4,38,2,0,16,in_stock
OUT056,,Waypoint Style,Galle,Peliyagoda,mall_bay,mall_dock,10:00-12:00,10:00,12:00,WAY-117,Accessories,Backpack V4,pcs,4,2,2,2,10,18,low_stock
OUT056,,Waypoint Style,Galle,Peliyagoda,mall_bay,mall_dock,10:00-12:00,10:00,12:00,WAY-118,Accessories,Wallet V4,pcs,26,6,20,9,5,5,in_stock
OUT056,,Waypoint Style,Galle,Peliyagoda,mall_bay,mall_dock,10:00-12:00,10:00,12:00,WAY-119,Accessories,Cap V4,pcs,21,8,13,12,30,14,low_stock
OUT056,,Waypoint Style,Galle,Peliyagoda,mall_bay,mall_dock,10:00-12:00,10:00,12:00,WAY-120,Accessories,Belt V4,pcs,35,6,29,12,30,9,in_stock
OUT056,,Waypoint Style,Galle,Peliyagoda,mall_bay,mall_dock,10:00-12:00,10:00,12:00,WAY-121,Men,Men's T-Shirt V5,pcs,23,6,17,9,5,11,in_stock
OUT056,,Waypoint Style,Galle,Peliyagoda,mall_bay,mall_dock,10:00-12:00,10:00,12:00,WAY-122,Men,Men's Polo Shirt V5,pcs,12,0,12,11,20,16,low_stock
OUT056,,Waypoint Style,Galle,Peliyagoda,mall_bay,mall_dock,10:00-12:00,10:00,12:00,WAY-123,Men,Men's Casual Shirt V5,pcs,21,8,13,2,30,18,low_stock
OUT056,,Waypoint Style,Galle,Peliyagoda,mall_bay,mall_dock,10:00-12:00,10:00,12:00,WAY-124,Men,Men's Formal Shirt V5,pcs,26,4,22,12,10,6,in_stock
OUT056,,Waypoint Style,Galle,Peliyagoda,mall_bay,mall_dock,10:00-12:00,10:00,12:00,WAY-125,Men,Men's Jeans V5,pcs,4,0,4,9,30,7,low_stock
OUT056,,Waypoint Style,Galle,Peliyagoda,mall_bay,mall_dock,10:00-12:00,10:00,12:00,WAY-126,Men,Men's Chino V5,pcs,18,0,18,9,20,8,in_stock
OUT056,,Waypoint Style,Galle,Peliyagoda,mall_bay,mall_dock,10:00-12:00,10:00,12:00,WAY-127,Men,Men's Shorts V5,pcs,25,0,25,18,5,6,in_stock
OUT056,,Waypoint Style,Galle,Peliyagoda,mall_bay,mall_dock,10:00-12:00,10:00,12:00,WAY-128,Men,Men's Hoodie V5,pcs,19,1,18,1,10,7,in_stock
OUT056,,Waypoint Style,Galle,Peliyagoda,mall_bay,mall_dock,10:00-12:00,10:00,12:00,WAY-129,Men,Men's Jacket V5,pcs,32,4,28,1,0,17,in_stock
OUT056,,Waypoint Style,Galle,Peliyagoda,mall_bay,mall_dock,10:00-12:00,10:00,12:00,WAY-130,Women,Women's T-Shirt V5,pcs,43,7,36,9,0,18,in_stock
OUT056,,Waypoint Style,Galle,Peliyagoda,mall_bay,mall_dock,10:00-12:00,10:00,12:00,WAY-131,Women,Women's Blouse V5,pcs,29,2,27,14,20,16,in_stock
OUT056,,Waypoint Style,Galle,Peliyagoda,mall_bay,mall_dock,10:00-12:00,10:00,12:00,WAY-132,Women,Women's Dress V5,pcs,31,3,28,22,20,18,in_stock
OUT056,,Waypoint Style,Galle,Peliyagoda,mall_bay,mall_dock,10:00-12:00,10:00,12:00,WAY-133,Women,Women's Jeans V5,pcs,11,2,9,18,20,16,low_stock
OUT056,,Waypoint Style,Galle,Peliyagoda,mall_bay,mall_dock,10:00-12:00,10:00,12:00,WAY-134,Women,Women's Trousers V5,pcs,35,5,30,15,10,18,in_stock
OUT056,,Waypoint Style,Galle,Peliyagoda,mall_bay,mall_dock,10:00-12:00,10:00,12:00,WAY-135,Women,Women's Skirt V5,pcs,4,4,0,21,10,7,out_of_stock
OUT056,,Waypoint Style,Galle,Peliyagoda,mall_bay,mall_dock,10:00-12:00,10:00,12:00,WAY-136,Women,Women's Hoodie V5,pcs,8,5,3,8,5,17,low_stock
OUT056,,Waypoint Style,Galle,Peliyagoda,mall_bay,mall_dock,10:00-12:00,10:00,12:00,WAY-137,Women,Women's Jacket V5,pcs,17,2,15,7,0,5,in_stock
OUT056,,Waypoint Style,Galle,Peliyagoda,mall_bay,mall_dock,10:00-12:00,10:00,12:00,WAY-138,Kids,Kids T-Shirt V5,pcs,4,2,2,15,10,16,low_stock
OUT056,,Waypoint Style,Galle,Peliyagoda,mall_bay,mall_dock,10:00-12:00,10:00,12:00,WAY-139,Kids,Kids Jeans V5,pcs,44,3,41,7,0,6,in_stock
OUT056,,Waypoint Style,Galle,Peliyagoda,mall_bay,mall_dock,10:00-12:00,10:00,12:00,WAY-140,Kids,Kids Shorts V5,pcs,30,4,26,12,30,16,in_stock
OUT056,,Waypoint Style,Galle,Peliyagoda,mall_bay,mall_dock,10:00-12:00,10:00,12:00,WAY-141,Kids,Kids Dress V5,pcs,40,0,40,7,20,5,in_stock
OUT056,,Waypoint Style,Galle,Peliyagoda,mall_bay,mall_dock,10:00-12:00,10:00,12:00,WAY-142,Footwear,Men's Sneakers V5,pairs,32,3,29,7,30,6,in_stock
OUT056,,Waypoint Style,Galle,Peliyagoda,mall_bay,mall_dock,10:00-12:00,10:00,12:00,WAY-143,Footwear,Women's Sneakers V5,pairs,23,0,23,15,0,11,in_stock
OUT056,,Waypoint Style,Galle,Peliyagoda,mall_bay,mall_dock,10:00-12:00,10:00,12:00,WAY-144,Footwear,Men's Sandals V5,pairs,10,4,6,13,30,10,low_stock
OUT056,,Waypoint Style,Galle,Peliyagoda,mall_bay,mall_dock,10:00-12:00,10:00,12:00,WAY-145,Footwear,Women's Sandals V5,pairs,40,8,32,1,20,13,in_stock
OUT056,,Waypoint Style,Galle,Peliyagoda,mall_bay,mall_dock,10:00-12:00,10:00,12:00,WAY-146,Footwear,Kids' Shoes V5,pairs,26,1,25,8,20,10,in_stock
OUT056,,Waypoint Style,Galle,Peliyagoda,mall_bay,mall_dock,10:00-12:00,10:00,12:00,WAY-147,Accessories,Backpack V5,pcs,13,8,5,2,0,6,low_stock
OUT056,,Waypoint Style,Galle,Peliyagoda,mall_bay,mall_dock,10:00-12:00,10:00,12:00,WAY-148,Accessories,Wallet V5,pcs,33,8,25,19,0,15,in_stock
OUT056,,Waypoint Style,Galle,Peliyagoda,mall_bay,mall_dock,10:00-12:00,10:00,12:00,WAY-149,Accessories,Cap V5,pcs,30,7,23,19,0,13,in_stock
OUT056,,Waypoint Style,Galle,Peliyagoda,mall_bay,mall_dock,10:00-12:00,10:00,12:00,WAY-150,Accessories,Belt V5,pcs,12,5,7,11,20,12,low_stock
OUT056,,Waypoint Style,Galle,Peliyagoda,mall_bay,mall_dock,10:00-12:00,10:00,12:00,WAY-151,Men,Men's T-Shirt V6,pcs,36,0,36,22,0,8,in_stock
OUT056,,Waypoint Style,Galle,Peliyagoda,mall_bay,mall_dock,10:00-12:00,10:00,12:00,WAY-152,Men,Men's Polo Shirt V6,pcs,36,6,30,18,0,18,in_stock
OUT056,,Waypoint Style,Galle,Peliyagoda,mall_bay,mall_dock,10:00-12:00,10:00,12:00,WAY-153,Men,Men's Casual Shirt V6,pcs,39,4,35,2,0,9,in_stock
OUT056,,Waypoint Style,Galle,Peliyagoda,mall_bay,mall_dock,10:00-12:00,10:00,12:00,WAY-154,Men,Men's Formal Shirt V6,pcs,40,6,34,10,0,7,in_stock
OUT056,,Waypoint Style,Galle,Peliyagoda,mall_bay,mall_dock,10:00-12:00,10:00,12:00,WAY-155,Men,Men's Jeans V6,pcs,6,2,4,3,0,13,low_stock
OUT056,,Waypoint Style,Galle,Peliyagoda,mall_bay,mall_dock,10:00-12:00,10:00,12:00,WAY-156,Men,Men's Chino V6,pcs,29,8,21,9,20,12,in_stock
OUT056,,Waypoint Style,Galle,Peliyagoda,mall_bay,mall_dock,10:00-12:00,10:00,12:00,WAY-157,Men,Men's Shorts V6,pcs,34,4,30,19,0,17,in_stock
OUT056,,Waypoint Style,Galle,Peliyagoda,mall_bay,mall_dock,10:00-12:00,10:00,12:00,WAY-158,Men,Men's Hoodie V6,pcs,44,8,36,16,5,13,in_stock
OUT056,,Waypoint Style,Galle,Peliyagoda,mall_bay,mall_dock,10:00-12:00,10:00,12:00,WAY-159,Men,Men's Jacket V6,pcs,4,1,3,2,20,16,low_stock
OUT056,,Waypoint Style,Galle,Peliyagoda,mall_bay,mall_dock,10:00-12:00,10:00,12:00,WAY-160,Women,Women's T-Shirt V6,pcs,6,5,1,17,20,17,low_stock
OUT056,,Waypoint Style,Galle,Peliyagoda,mall_bay,mall_dock,10:00-12:00,10:00,12:00,WAY-161,Women,Women's Blouse V6,pcs,24,5,19,6,30,9,in_stock
OUT056,,Waypoint Style,Galle,Peliyagoda,mall_bay,mall_dock,10:00-12:00,10:00,12:00,WAY-162,Women,Women's Dress V6,pcs,17,7,10,2,0,9,in_stock
OUT056,,Waypoint Style,Galle,Peliyagoda,mall_bay,mall_dock,10:00-12:00,10:00,12:00,WAY-163,Women,Women's Jeans V6,pcs,24,1,23,14,30,6,in_stock
OUT056,,Waypoint Style,Galle,Peliyagoda,mall_bay,mall_dock,10:00-12:00,10:00,12:00,WAY-164,Women,Women's Trousers V6,pcs,31,0,31,8,10,10,in_stock
OUT056,,Waypoint Style,Galle,Peliyagoda,mall_bay,mall_dock,10:00-12:00,10:00,12:00,WAY-165,Women,Women's Skirt V6,pcs,28,8,20,14,10,7,in_stock
OUT056,,Waypoint Style,Galle,Peliyagoda,mall_bay,mall_dock,10:00-12:00,10:00,12:00,WAY-166,Women,Women's Hoodie V6,pcs,16,3,13,10,10,17,low_stock
OUT056,,Waypoint Style,Galle,Peliyagoda,mall_bay,mall_dock,10:00-12:00,10:00,12:00,WAY-167,Women,Women's Jacket V6,pcs,43,7,36,18,10,9,in_stock
OUT056,,Waypoint Style,Galle,Peliyagoda,mall_bay,mall_dock,10:00-12:00,10:00,12:00,WAY-168,Kids,Kids T-Shirt V6,pcs,18,8,10,21,5,11,low_stock
OUT056,,Waypoint Style,Galle,Peliyagoda,mall_bay,mall_dock,10:00-12:00,10:00,12:00,WAY-169,Kids,Kids Jeans V6,pcs,4,2,2,4,5,6,low_stock
OUT056,,Waypoint Style,Galle,Peliyagoda,mall_bay,mall_dock,10:00-12:00,10:00,12:00,WAY-170,Kids,Kids Shorts V6,pcs,33,5,28,10,10,16,in_stock
OUT056,,Waypoint Style,Galle,Peliyagoda,mall_bay,mall_dock,10:00-12:00,10:00,12:00,WAY-171,Kids,Kids Dress V6,pcs,41,6,35,13,10,17,in_stock
OUT056,,Waypoint Style,Galle,Peliyagoda,mall_bay,mall_dock,10:00-12:00,10:00,12:00,WAY-172,Footwear,Men's Sneakers V6,pairs,31,6,25,2,20,8,in_stock
OUT056,,Waypoint Style,Galle,Peliyagoda,mall_bay,mall_dock,10:00-12:00,10:00,12:00,WAY-173,Footwear,Women's Sneakers V6,pairs,43,4,39,15,0,5,in_stock
OUT056,,Waypoint Style,Galle,Peliyagoda,mall_bay,mall_dock,10:00-12:00,10:00,12:00,WAY-174,Footwear,Men's Sandals V6,pairs,37,7,30,3,20,7,in_stock
OUT056,,Waypoint Style,Galle,Peliyagoda,mall_bay,mall_dock,10:00-12:00,10:00,12:00,WAY-175,Footwear,Women's Sandals V6,pairs,32,2,30,7,20,16,in_stock
OUT056,,Waypoint Style,Galle,Peliyagoda,mall_bay,mall_dock,10:00-12:00,10:00,12:00,WAY-176,Footwear,Kids' Shoes V6,pairs,38,7,31,5,0,10,in_stock
OUT056,,Waypoint Style,Galle,Peliyagoda,mall_bay,mall_dock,10:00-12:00,10:00,12:00,WAY-177,Accessories,Backpack V6,pcs,7,0,7,20,5,6,in_stock
OUT056,,Waypoint Style,Galle,Peliyagoda,mall_bay,mall_dock,10:00-12:00,10:00,12:00,WAY-178,Accessories,Wallet V6,pcs,21,7,14,5,5,12,in_stock
OUT056,,Waypoint Style,Galle,Peliyagoda,mall_bay,mall_dock,10:00-12:00,10:00,12:00,WAY-179,Accessories,Cap V6,pcs,25,2,23,15,0,14,in_stock
OUT056,,Waypoint Style,Galle,Peliyagoda,mall_bay,mall_dock,10:00-12:00,10:00,12:00,WAY-180,Accessories,Belt V6,pcs,11,3,8,12,20,6,in_stock
OUT056,,Waypoint Style,Galle,Peliyagoda,mall_bay,mall_dock,10:00-12:00,10:00,12:00,WAY-181,Men,Men's T-Shirt V7,pcs,14,7,7,18,20,7,low_stock
OUT056,,Waypoint Style,Galle,Peliyagoda,mall_bay,mall_dock,10:00-12:00,10:00,12:00,WAY-182,Men,Men's Polo Shirt V7,pcs,6,4,2,18,0,7,low_stock
OUT056,,Waypoint Style,Galle,Peliyagoda,mall_bay,mall_dock,10:00-12:00,10:00,12:00,WAY-183,Men,Men's Casual Shirt V7,pcs,21,5,16,2,10,6,in_stock
OUT056,,Waypoint Style,Galle,Peliyagoda,mall_bay,mall_dock,10:00-12:00,10:00,12:00,WAY-184,Men,Men's Formal Shirt V7,pcs,20,0,20,15,20,6,in_stock
OUT056,,Waypoint Style,Galle,Peliyagoda,mall_bay,mall_dock,10:00-12:00,10:00,12:00,WAY-185,Men,Men's Jeans V7,pcs,7,1,6,13,0,12,low_stock
OUT056,,Waypoint Style,Galle,Peliyagoda,mall_bay,mall_dock,10:00-12:00,10:00,12:00,WAY-186,Men,Men's Chino V7,pcs,12,2,10,10,20,9,in_stock
OUT056,,Waypoint Style,Galle,Peliyagoda,mall_bay,mall_dock,10:00-12:00,10:00,12:00,WAY-187,Men,Men's Shorts V7,pcs,17,8,9,8,20,18,low_stock
OUT056,,Waypoint Style,Galle,Peliyagoda,mall_bay,mall_dock,10:00-12:00,10:00,12:00,WAY-188,Men,Men's Hoodie V7,pcs,25,8,17,15,20,10,in_stock
OUT056,,Waypoint Style,Galle,Peliyagoda,mall_bay,mall_dock,10:00-12:00,10:00,12:00,WAY-189,Men,Men's Jacket V7,pcs,22,0,22,17,20,17,in_stock
OUT056,,Waypoint Style,Galle,Peliyagoda,mall_bay,mall_dock,10:00-12:00,10:00,12:00,WAY-190,Women,Women's T-Shirt V7,pcs,11,5,6,4,20,14,low_stock
OUT056,,Waypoint Style,Galle,Peliyagoda,mall_bay,mall_dock,10:00-12:00,10:00,12:00,WAY-191,Women,Women's Blouse V7,pcs,25,4,21,18,30,16,in_stock
OUT056,,Waypoint Style,Galle,Peliyagoda,mall_bay,mall_dock,10:00-12:00,10:00,12:00,WAY-192,Women,Women's Dress V7,pcs,5,2,3,13,5,16,low_stock
OUT056,,Waypoint Style,Galle,Peliyagoda,mall_bay,mall_dock,10:00-12:00,10:00,12:00,WAY-193,Women,Women's Jeans V7,pcs,7,7,0,3,20,8,out_of_stock
OUT056,,Waypoint Style,Galle,Peliyagoda,mall_bay,mall_dock,10:00-12:00,10:00,12:00,WAY-194,Women,Women's Trousers V7,pcs,34,0,34,6,5,5,in_stock
OUT056,,Waypoint Style,Galle,Peliyagoda,mall_bay,mall_dock,10:00-12:00,10:00,12:00,WAY-195,Women,Women's Skirt V7,pcs,36,5,31,14,5,13,in_stock
OUT056,,Waypoint Style,Galle,Peliyagoda,mall_bay,mall_dock,10:00-12:00,10:00,12:00,WAY-196,Women,Women's Hoodie V7,pcs,21,2,19,7,0,14,in_stock
OUT056,,Waypoint Style,Galle,Peliyagoda,mall_bay,mall_dock,10:00-12:00,10:00,12:00,WAY-197,Women,Women's Jacket V7,pcs,44,1,43,9,10,8,in_stock
OUT056,,Waypoint Style,Galle,Peliyagoda,mall_bay,mall_dock,10:00-12:00,10:00,12:00,WAY-198,Kids,Kids T-Shirt V7,pcs,14,7,7,5,0,6,in_stock
OUT056,,Waypoint Style,Galle,Peliyagoda,mall_bay,mall_dock,10:00-12:00,10:00,12:00,WAY-199,Kids,Kids Jeans V7,pcs,27,3,24,5,20,15,in_stock
OUT056,,Waypoint Style,Galle,Peliyagoda,mall_bay,mall_dock,10:00-12:00,10:00,12:00,WAY-200,Kids,Kids Shorts V7,pcs,36,3,33,22,0,10,in_stock
OUT057,,Waypoint Style,Galle,Peliyagoda,street,normal,,09:00,17:00,WAY-001,Men,Men's T-Shirt,pcs,7,1,6,20,20,14,low_stock
OUT057,,Waypoint Style,Galle,Peliyagoda,street,normal,,09:00,17:00,WAY-002,Men,Men's Polo Shirt,pcs,35,2,33,22,5,17,in_stock
OUT057,,Waypoint Style,Galle,Peliyagoda,street,normal,,09:00,17:00,WAY-003,Men,Men's Casual Shirt,pcs,36,7,29,11,0,14,in_stock
OUT057,,Waypoint Style,Galle,Peliyagoda,street,normal,,09:00,17:00,WAY-004,Men,Men's Formal Shirt,pcs,19,7,12,2,0,18,low_stock
OUT057,,Waypoint Style,Galle,Peliyagoda,street,normal,,09:00,17:00,WAY-005,Men,Men's Jeans,pcs,40,5,35,22,0,15,in_stock
OUT057,,Waypoint Style,Galle,Peliyagoda,street,normal,,09:00,17:00,WAY-006,Men,Men's Chino,pcs,29,7,22,15,0,16,in_stock
OUT057,,Waypoint Style,Galle,Peliyagoda,street,normal,,09:00,17:00,WAY-007,Men,Men's Shorts,pcs,35,8,27,9,5,18,in_stock
OUT057,,Waypoint Style,Galle,Peliyagoda,street,normal,,09:00,17:00,WAY-008,Men,Men's Hoodie,pcs,11,5,6,6,30,7,low_stock
OUT057,,Waypoint Style,Galle,Peliyagoda,street,normal,,09:00,17:00,WAY-009,Men,Men's Jacket,pcs,35,6,29,10,30,14,in_stock
OUT057,,Waypoint Style,Galle,Peliyagoda,street,normal,,09:00,17:00,WAY-010,Women,Women's T-Shirt,pcs,14,5,9,15,0,14,low_stock
OUT057,,Waypoint Style,Galle,Peliyagoda,street,normal,,09:00,17:00,WAY-011,Women,Women's Blouse,pcs,42,1,41,5,5,8,in_stock
OUT057,,Waypoint Style,Galle,Peliyagoda,street,normal,,09:00,17:00,WAY-012,Women,Women's Dress,pcs,24,2,22,18,30,10,in_stock
OUT057,,Waypoint Style,Galle,Peliyagoda,street,normal,,09:00,17:00,WAY-013,Women,Women's Jeans,pcs,36,8,28,7,0,8,in_stock
OUT057,,Waypoint Style,Galle,Peliyagoda,street,normal,,09:00,17:00,WAY-014,Women,Women's Trousers,pcs,14,0,14,5,0,5,in_stock
OUT057,,Waypoint Style,Galle,Peliyagoda,street,normal,,09:00,17:00,WAY-015,Women,Women's Skirt,pcs,36,3,33,10,5,17,in_stock
OUT057,,Waypoint Style,Galle,Peliyagoda,street,normal,,09:00,17:00,WAY-016,Women,Women's Hoodie,pcs,23,3,20,16,30,8,in_stock
OUT057,,Waypoint Style,Galle,Peliyagoda,street,normal,,09:00,17:00,WAY-017,Women,Women's Jacket,pcs,39,8,31,9,0,17,in_stock
OUT057,,Waypoint Style,Galle,Peliyagoda,street,normal,,09:00,17:00,WAY-018,Kids,Kids T-Shirt,pcs,45,8,37,9,5,9,in_stock
OUT057,,Waypoint Style,Galle,Peliyagoda,street,normal,,09:00,17:00,WAY-019,Kids,Kids Jeans,pcs,14,0,14,8,5,12,in_stock
OUT057,,Waypoint Style,Galle,Peliyagoda,street,normal,,09:00,17:00,WAY-020,Kids,Kids Shorts,pcs,30,4,26,20,20,7,in_stock
OUT057,,Waypoint Style,Galle,Peliyagoda,street,normal,,09:00,17:00,WAY-021,Kids,Kids Dress,pcs,10,3,7,17,20,17,low_stock
OUT057,,Waypoint Style,Galle,Peliyagoda,street,normal,,09:00,17:00,WAY-022,Footwear,Men's Sneakers,pairs,36,3,33,14,5,7,in_stock
OUT057,,Waypoint Style,Galle,Peliyagoda,street,normal,,09:00,17:00,WAY-023,Footwear,Women's Sneakers,pairs,21,6,15,22,20,7,in_stock
OUT057,,Waypoint Style,Galle,Peliyagoda,street,normal,,09:00,17:00,WAY-024,Footwear,Men's Sandals,pairs,33,5,28,8,20,14,in_stock
OUT057,,Waypoint Style,Galle,Peliyagoda,street,normal,,09:00,17:00,WAY-025,Footwear,Women's Sandals,pairs,6,4,2,13,0,13,low_stock
OUT057,,Waypoint Style,Galle,Peliyagoda,street,normal,,09:00,17:00,WAY-026,Footwear,Kids' Shoes,pairs,26,5,21,18,0,5,in_stock
OUT057,,Waypoint Style,Galle,Peliyagoda,street,normal,,09:00,17:00,WAY-027,Accessories,Backpack,pcs,23,5,18,10,30,7,in_stock
OUT057,,Waypoint Style,Galle,Peliyagoda,street,normal,,09:00,17:00,WAY-028,Accessories,Wallet,pcs,28,3,25,9,5,17,in_stock
OUT057,,Waypoint Style,Galle,Peliyagoda,street,normal,,09:00,17:00,WAY-029,Accessories,Cap,pcs,8,1,7,6,20,10,low_stock
OUT057,,Waypoint Style,Galle,Peliyagoda,street,normal,,09:00,17:00,WAY-030,Accessories,Belt,pcs,17,0,17,8,0,16,in_stock
OUT057,,Waypoint Style,Galle,Peliyagoda,street,normal,,09:00,17:00,WAY-031,Men,Men's T-Shirt V2,pcs,12,6,6,7,5,14,low_stock
OUT057,,Waypoint Style,Galle,Peliyagoda,street,normal,,09:00,17:00,WAY-032,Men,Men's Polo Shirt V2,pcs,40,1,39,4,10,12,in_stock
OUT057,,Waypoint Style,Galle,Peliyagoda,street,normal,,09:00,17:00,WAY-033,Men,Men's Casual Shirt V2,pcs,6,1,5,9,10,13,low_stock
OUT057,,Waypoint Style,Galle,Peliyagoda,street,normal,,09:00,17:00,WAY-034,Men,Men's Formal Shirt V2,pcs,30,0,30,12,10,14,in_stock
OUT057,,Waypoint Style,Galle,Peliyagoda,street,normal,,09:00,17:00,WAY-035,Men,Men's Jeans V2,pcs,13,1,12,12,0,17,low_stock
OUT057,,Waypoint Style,Galle,Peliyagoda,street,normal,,09:00,17:00,WAY-036,Men,Men's Chino V2,pcs,24,7,17,3,30,17,low_stock
OUT057,,Waypoint Style,Galle,Peliyagoda,street,normal,,09:00,17:00,WAY-037,Men,Men's Shorts V2,pcs,23,5,18,18,0,17,in_stock
OUT057,,Waypoint Style,Galle,Peliyagoda,street,normal,,09:00,17:00,WAY-038,Men,Men's Hoodie V2,pcs,25,2,23,7,10,8,in_stock
OUT057,,Waypoint Style,Galle,Peliyagoda,street,normal,,09:00,17:00,WAY-039,Men,Men's Jacket V2,pcs,15,1,14,7,30,14,low_stock
OUT057,,Waypoint Style,Galle,Peliyagoda,street,normal,,09:00,17:00,WAY-040,Women,Women's T-Shirt V2,pcs,25,6,19,4,10,6,in_stock
OUT057,,Waypoint Style,Galle,Peliyagoda,street,normal,,09:00,17:00,WAY-041,Women,Women's Blouse V2,pcs,38,0,38,11,30,17,in_stock
OUT057,,Waypoint Style,Galle,Peliyagoda,street,normal,,09:00,17:00,WAY-042,Women,Women's Dress V2,pcs,33,7,26,5,30,17,in_stock
OUT057,,Waypoint Style,Galle,Peliyagoda,street,normal,,09:00,17:00,WAY-043,Women,Women's Jeans V2,pcs,16,3,13,12,0,9,in_stock
OUT057,,Waypoint Style,Galle,Peliyagoda,street,normal,,09:00,17:00,WAY-044,Women,Women's Trousers V2,pcs,41,1,40,22,0,8,in_stock
OUT057,,Waypoint Style,Galle,Peliyagoda,street,normal,,09:00,17:00,WAY-045,Women,Women's Skirt V2,pcs,41,7,34,1,0,15,in_stock
OUT057,,Waypoint Style,Galle,Peliyagoda,street,normal,,09:00,17:00,WAY-046,Women,Women's Hoodie V2,pcs,10,7,3,4,20,16,low_stock
OUT057,,Waypoint Style,Galle,Peliyagoda,street,normal,,09:00,17:00,WAY-047,Women,Women's Jacket V2,pcs,30,6,24,15,30,7,in_stock
OUT057,,Waypoint Style,Galle,Peliyagoda,street,normal,,09:00,17:00,WAY-048,Kids,Kids T-Shirt V2,pcs,26,4,22,6,5,11,in_stock
OUT057,,Waypoint Style,Galle,Peliyagoda,street,normal,,09:00,17:00,WAY-049,Kids,Kids Jeans V2,pcs,22,7,15,13,30,7,in_stock
OUT057,,Waypoint Style,Galle,Peliyagoda,street,normal,,09:00,17:00,WAY-050,Kids,Kids Shorts V2,pcs,19,2,17,12,0,7,in_stock
OUT057,,Waypoint Style,Galle,Peliyagoda,street,normal,,09:00,17:00,WAY-051,Kids,Kids Dress V2,pcs,22,6,16,6,0,14,in_stock
OUT057,,Waypoint Style,Galle,Peliyagoda,street,normal,,09:00,17:00,WAY-052,Footwear,Men's Sneakers V2,pairs,30,8,22,5,30,13,in_stock
OUT057,,Waypoint Style,Galle,Peliyagoda,street,normal,,09:00,17:00,WAY-053,Footwear,Women's Sneakers V2,pairs,11,2,9,5,10,14,low_stock
OUT057,,Waypoint Style,Galle,Peliyagoda,street,normal,,09:00,17:00,WAY-054,Footwear,Men's Sandals V2,pairs,32,8,24,19,20,12,in_stock
OUT057,,Waypoint Style,Galle,Peliyagoda,street,normal,,09:00,17:00,WAY-055,Footwear,Women's Sandals V2,pairs,21,0,21,7,30,11,in_stock
OUT057,,Waypoint Style,Galle,Peliyagoda,street,normal,,09:00,17:00,WAY-056,Footwear,Kids' Shoes V2,pairs,13,2,11,15,10,18,low_stock
OUT057,,Waypoint Style,Galle,Peliyagoda,street,normal,,09:00,17:00,WAY-057,Accessories,Backpack V2,pcs,41,2,39,19,0,10,in_stock
OUT057,,Waypoint Style,Galle,Peliyagoda,street,normal,,09:00,17:00,WAY-058,Accessories,Wallet V2,pcs,34,5,29,18,20,12,in_stock
OUT057,,Waypoint Style,Galle,Peliyagoda,street,normal,,09:00,17:00,WAY-059,Accessories,Cap V2,pcs,29,6,23,10,0,9,in_stock
OUT057,,Waypoint Style,Galle,Peliyagoda,street,normal,,09:00,17:00,WAY-060,Accessories,Belt V2,pcs,18,4,14,9,30,7,in_stock
OUT057,,Waypoint Style,Galle,Peliyagoda,street,normal,,09:00,17:00,WAY-061,Men,Men's T-Shirt V3,pcs,32,3,29,1,30,6,in_stock
OUT057,,Waypoint Style,Galle,Peliyagoda,street,normal,,09:00,17:00,WAY-062,Men,Men's Polo Shirt V3,pcs,41,5,36,15,0,7,in_stock
OUT057,,Waypoint Style,Galle,Peliyagoda,street,normal,,09:00,17:00,WAY-063,Men,Men's Casual Shirt V3,pcs,5,2,3,22,5,5,low_stock
OUT057,,Waypoint Style,Galle,Peliyagoda,street,normal,,09:00,17:00,WAY-064,Men,Men's Formal Shirt V3,pcs,20,5,15,22,5,11,in_stock
OUT057,,Waypoint Style,Galle,Peliyagoda,street,normal,,09:00,17:00,WAY-065,Men,Men's Jeans V3,pcs,21,2,19,4,5,5,in_stock
OUT057,,Waypoint Style,Galle,Peliyagoda,street,normal,,09:00,17:00,WAY-066,Men,Men's Chino V3,pcs,36,4,32,18,10,13,in_stock
OUT057,,Waypoint Style,Galle,Peliyagoda,street,normal,,09:00,17:00,WAY-067,Men,Men's Shorts V3,pcs,16,0,16,4,30,9,in_stock
OUT057,,Waypoint Style,Galle,Peliyagoda,street,normal,,09:00,17:00,WAY-068,Men,Men's Hoodie V3,pcs,4,1,3,14,0,17,low_stock
OUT057,,Waypoint Style,Galle,Peliyagoda,street,normal,,09:00,17:00,WAY-069,Men,Men's Jacket V3,pcs,45,6,39,18,30,5,in_stock
OUT057,,Waypoint Style,Galle,Peliyagoda,street,normal,,09:00,17:00,WAY-070,Women,Women's T-Shirt V3,pcs,28,5,23,14,0,14,in_stock
OUT057,,Waypoint Style,Galle,Peliyagoda,street,normal,,09:00,17:00,WAY-071,Women,Women's Blouse V3,pcs,23,7,16,1,0,17,low_stock
OUT057,,Waypoint Style,Galle,Peliyagoda,street,normal,,09:00,17:00,WAY-072,Women,Women's Dress V3,pcs,10,3,7,15,0,13,low_stock
OUT057,,Waypoint Style,Galle,Peliyagoda,street,normal,,09:00,17:00,WAY-073,Women,Women's Jeans V3,pcs,19,8,11,17,0,17,low_stock
OUT057,,Waypoint Style,Galle,Peliyagoda,street,normal,,09:00,17:00,WAY-074,Women,Women's Trousers V3,pcs,18,4,14,3,20,17,low_stock
OUT057,,Waypoint Style,Galle,Peliyagoda,street,normal,,09:00,17:00,WAY-075,Women,Women's Skirt V3,pcs,34,0,34,18,10,6,in_stock
OUT057,,Waypoint Style,Galle,Peliyagoda,street,normal,,09:00,17:00,WAY-076,Women,Women's Hoodie V3,pcs,34,3,31,19,5,16,in_stock
OUT057,,Waypoint Style,Galle,Peliyagoda,street,normal,,09:00,17:00,WAY-077,Women,Women's Jacket V3,pcs,13,4,9,2,0,10,low_stock
OUT057,,Waypoint Style,Galle,Peliyagoda,street,normal,,09:00,17:00,WAY-078,Kids,Kids T-Shirt V3,pcs,30,1,29,13,20,9,in_stock
OUT057,,Waypoint Style,Galle,Peliyagoda,street,normal,,09:00,17:00,WAY-079,Kids,Kids Jeans V3,pcs,22,1,21,19,0,15,in_stock
OUT057,,Waypoint Style,Galle,Peliyagoda,street,normal,,09:00,17:00,WAY-080,Kids,Kids Shorts V3,pcs,13,8,5,13,0,18,low_stock
OUT057,,Waypoint Style,Galle,Peliyagoda,street,normal,,09:00,17:00,WAY-081,Kids,Kids Dress V3,pcs,20,3,17,5,0,6,in_stock
OUT057,,Waypoint Style,Galle,Peliyagoda,street,normal,,09:00,17:00,WAY-082,Footwear,Men's Sneakers V3,pairs,19,7,12,20,20,15,low_stock
OUT057,,Waypoint Style,Galle,Peliyagoda,street,normal,,09:00,17:00,WAY-083,Footwear,Women's Sneakers V3,pairs,38,5,33,14,5,10,in_stock
OUT057,,Waypoint Style,Galle,Peliyagoda,street,normal,,09:00,17:00,WAY-084,Footwear,Men's Sandals V3,pairs,6,0,6,12,0,10,low_stock
OUT057,,Waypoint Style,Galle,Peliyagoda,street,normal,,09:00,17:00,WAY-085,Footwear,Women's Sandals V3,pairs,27,1,26,18,20,10,in_stock
OUT057,,Waypoint Style,Galle,Peliyagoda,street,normal,,09:00,17:00,WAY-086,Footwear,Kids' Shoes V3,pairs,31,7,24,14,5,15,in_stock
OUT057,,Waypoint Style,Galle,Peliyagoda,street,normal,,09:00,17:00,WAY-087,Accessories,Backpack V3,pcs,21,1,20,4,0,13,in_stock
OUT057,,Waypoint Style,Galle,Peliyagoda,street,normal,,09:00,17:00,WAY-088,Accessories,Wallet V3,pcs,39,2,37,9,0,9,in_stock
OUT057,,Waypoint Style,Galle,Peliyagoda,street,normal,,09:00,17:00,WAY-089,Accessories,Cap V3,pcs,7,3,4,6,0,6,low_stock
OUT057,,Waypoint Style,Galle,Peliyagoda,street,normal,,09:00,17:00,WAY-090,Accessories,Belt V3,pcs,32,1,31,10,5,14,in_stock
OUT057,,Waypoint Style,Galle,Peliyagoda,street,normal,,09:00,17:00,WAY-091,Men,Men's T-Shirt V4,pcs,8,8,0,6,0,9,out_of_stock
OUT057,,Waypoint Style,Galle,Peliyagoda,street,normal,,09:00,17:00,WAY-092,Men,Men's Polo Shirt V4,pcs,36,6,30,22,5,7,in_stock
OUT057,,Waypoint Style,Galle,Peliyagoda,street,normal,,09:00,17:00,WAY-093,Men,Men's Casual Shirt V4,pcs,16,7,9,17,30,10,low_stock
OUT057,,Waypoint Style,Galle,Peliyagoda,street,normal,,09:00,17:00,WAY-094,Men,Men's Formal Shirt V4,pcs,8,3,5,13,30,7,low_stock
OUT057,,Waypoint Style,Galle,Peliyagoda,street,normal,,09:00,17:00,WAY-095,Men,Men's Jeans V4,pcs,28,1,27,7,5,5,in_stock
OUT057,,Waypoint Style,Galle,Peliyagoda,street,normal,,09:00,17:00,WAY-096,Men,Men's Chino V4,pcs,6,5,1,9,0,8,low_stock
OUT057,,Waypoint Style,Galle,Peliyagoda,street,normal,,09:00,17:00,WAY-097,Men,Men's Shorts V4,pcs,4,2,2,4,30,11,low_stock
OUT057,,Waypoint Style,Galle,Peliyagoda,street,normal,,09:00,17:00,WAY-098,Men,Men's Hoodie V4,pcs,23,6,17,3,5,15,in_stock
OUT057,,Waypoint Style,Galle,Peliyagoda,street,normal,,09:00,17:00,WAY-099,Men,Men's Jacket V4,pcs,32,0,32,5,10,8,in_stock
OUT057,,Waypoint Style,Galle,Peliyagoda,street,normal,,09:00,17:00,WAY-100,Women,Women's T-Shirt V4,pcs,21,0,21,7,30,18,in_stock
OUT057,,Waypoint Style,Galle,Peliyagoda,street,normal,,09:00,17:00,WAY-101,Women,Women's Blouse V4,pcs,35,8,27,20,5,17,in_stock
OUT057,,Waypoint Style,Galle,Peliyagoda,street,normal,,09:00,17:00,WAY-102,Women,Women's Dress V4,pcs,35,6,29,18,0,12,in_stock
OUT057,,Waypoint Style,Galle,Peliyagoda,street,normal,,09:00,17:00,WAY-103,Women,Women's Jeans V4,pcs,8,4,4,21,20,6,low_stock
OUT057,,Waypoint Style,Galle,Peliyagoda,street,normal,,09:00,17:00,WAY-104,Women,Women's Trousers V4,pcs,21,0,21,14,30,5,in_stock
OUT057,,Waypoint Style,Galle,Peliyagoda,street,normal,,09:00,17:00,WAY-105,Women,Women's Skirt V4,pcs,20,5,15,2,10,15,low_stock
OUT057,,Waypoint Style,Galle,Peliyagoda,street,normal,,09:00,17:00,WAY-106,Women,Women's Hoodie V4,pcs,29,2,27,12,30,14,in_stock
OUT057,,Waypoint Style,Galle,Peliyagoda,street,normal,,09:00,17:00,WAY-107,Women,Women's Jacket V4,pcs,44,5,39,18,20,16,in_stock
OUT057,,Waypoint Style,Galle,Peliyagoda,street,normal,,09:00,17:00,WAY-108,Kids,Kids T-Shirt V4,pcs,24,7,17,2,10,12,in_stock
OUT057,,Waypoint Style,Galle,Peliyagoda,street,normal,,09:00,17:00,WAY-109,Kids,Kids Jeans V4,pcs,30,4,26,22,30,11,in_stock
OUT057,,Waypoint Style,Galle,Peliyagoda,street,normal,,09:00,17:00,WAY-110,Kids,Kids Shorts V4,pcs,31,6,25,6,10,10,in_stock
OUT057,,Waypoint Style,Galle,Peliyagoda,street,normal,,09:00,17:00,WAY-111,Kids,Kids Dress V4,pcs,43,1,42,2,20,14,in_stock
OUT057,,Waypoint Style,Galle,Peliyagoda,street,normal,,09:00,17:00,WAY-112,Footwear,Men's Sneakers V4,pairs,18,2,16,7,0,14,in_stock
OUT057,,Waypoint Style,Galle,Peliyagoda,street,normal,,09:00,17:00,WAY-113,Footwear,Women's Sneakers V4,pairs,12,5,7,20,30,9,low_stock
OUT057,,Waypoint Style,Galle,Peliyagoda,street,normal,,09:00,17:00,WAY-114,Footwear,Men's Sandals V4,pairs,42,7,35,9,20,11,in_stock
OUT057,,Waypoint Style,Galle,Peliyagoda,street,normal,,09:00,17:00,WAY-115,Footwear,Women's Sandals V4,pairs,38,1,37,12,0,14,in_stock
OUT057,,Waypoint Style,Galle,Peliyagoda,street,normal,,09:00,17:00,WAY-116,Footwear,Kids' Shoes V4,pairs,10,5,5,22,10,7,low_stock
OUT057,,Waypoint Style,Galle,Peliyagoda,street,normal,,09:00,17:00,WAY-117,Accessories,Backpack V4,pcs,11,7,4,9,20,9,low_stock
OUT057,,Waypoint Style,Galle,Peliyagoda,street,normal,,09:00,17:00,WAY-118,Accessories,Wallet V4,pcs,32,4,28,3,20,16,in_stock
OUT057,,Waypoint Style,Galle,Peliyagoda,street,normal,,09:00,17:00,WAY-119,Accessories,Cap V4,pcs,39,7,32,7,0,5,in_stock
OUT057,,Waypoint Style,Galle,Peliyagoda,street,normal,,09:00,17:00,WAY-120,Accessories,Belt V4,pcs,13,1,12,9,0,18,low_stock
OUT057,,Waypoint Style,Galle,Peliyagoda,street,normal,,09:00,17:00,WAY-121,Men,Men's T-Shirt V5,pcs,19,6,13,22,0,7,in_stock
OUT057,,Waypoint Style,Galle,Peliyagoda,street,normal,,09:00,17:00,WAY-122,Men,Men's Polo Shirt V5,pcs,36,3,33,9,30,6,in_stock
OUT057,,Waypoint Style,Galle,Peliyagoda,street,normal,,09:00,17:00,WAY-123,Men,Men's Casual Shirt V5,pcs,17,5,12,13,0,6,in_stock
OUT057,,Waypoint Style,Galle,Peliyagoda,street,normal,,09:00,17:00,WAY-124,Men,Men's Formal Shirt V5,pcs,37,3,34,8,0,7,in_stock
OUT057,,Waypoint Style,Galle,Peliyagoda,street,normal,,09:00,17:00,WAY-125,Men,Men's Jeans V5,pcs,21,1,20,10,5,11,in_stock
OUT057,,Waypoint Style,Galle,Peliyagoda,street,normal,,09:00,17:00,WAY-126,Men,Men's Chino V5,pcs,9,6,3,15,0,18,low_stock
OUT057,,Waypoint Style,Galle,Peliyagoda,street,normal,,09:00,17:00,WAY-127,Men,Men's Shorts V5,pcs,20,3,17,9,0,14,in_stock
OUT057,,Waypoint Style,Galle,Peliyagoda,street,normal,,09:00,17:00,WAY-128,Men,Men's Hoodie V5,pcs,44,4,40,12,20,11,in_stock
OUT057,,Waypoint Style,Galle,Peliyagoda,street,normal,,09:00,17:00,WAY-129,Men,Men's Jacket V5,pcs,21,1,20,15,0,6,in_stock
OUT057,,Waypoint Style,Galle,Peliyagoda,street,normal,,09:00,17:00,WAY-130,Women,Women's T-Shirt V5,pcs,19,3,16,8,5,14,in_stock
OUT057,,Waypoint Style,Galle,Peliyagoda,street,normal,,09:00,17:00,WAY-131,Women,Women's Blouse V5,pcs,34,2,32,18,10,13,in_stock
OUT057,,Waypoint Style,Galle,Peliyagoda,street,normal,,09:00,17:00,WAY-132,Women,Women's Dress V5,pcs,42,3,39,7,20,11,in_stock
OUT057,,Waypoint Style,Galle,Peliyagoda,street,normal,,09:00,17:00,WAY-133,Women,Women's Jeans V5,pcs,5,4,1,22,20,17,low_stock
OUT057,,Waypoint Style,Galle,Peliyagoda,street,normal,,09:00,17:00,WAY-134,Women,Women's Trousers V5,pcs,39,6,33,18,5,5,in_stock
OUT057,,Waypoint Style,Galle,Peliyagoda,street,normal,,09:00,17:00,WAY-135,Women,Women's Skirt V5,pcs,22,3,19,22,30,12,in_stock
OUT057,,Waypoint Style,Galle,Peliyagoda,street,normal,,09:00,17:00,WAY-136,Women,Women's Hoodie V5,pcs,36,3,33,2,5,6,in_stock
OUT057,,Waypoint Style,Galle,Peliyagoda,street,normal,,09:00,17:00,WAY-137,Women,Women's Jacket V5,pcs,32,1,31,17,20,15,in_stock
OUT057,,Waypoint Style,Galle,Peliyagoda,street,normal,,09:00,17:00,WAY-138,Kids,Kids T-Shirt V5,pcs,41,3,38,10,5,11,in_stock
OUT057,,Waypoint Style,Galle,Peliyagoda,street,normal,,09:00,17:00,WAY-139,Kids,Kids Jeans V5,pcs,15,7,8,6,0,16,low_stock
OUT057,,Waypoint Style,Galle,Peliyagoda,street,normal,,09:00,17:00,WAY-140,Kids,Kids Shorts V5,pcs,21,2,19,1,20,15,in_stock
OUT057,,Waypoint Style,Galle,Peliyagoda,street,normal,,09:00,17:00,WAY-141,Kids,Kids Dress V5,pcs,35,0,35,9,20,16,in_stock
OUT057,,Waypoint Style,Galle,Peliyagoda,street,normal,,09:00,17:00,WAY-142,Footwear,Men's Sneakers V5,pairs,29,4,25,18,10,16,in_stock
OUT057,,Waypoint Style,Galle,Peliyagoda,street,normal,,09:00,17:00,WAY-143,Footwear,Women's Sneakers V5,pairs,10,5,5,9,10,10,low_stock
OUT057,,Waypoint Style,Galle,Peliyagoda,street,normal,,09:00,17:00,WAY-144,Footwear,Men's Sandals V5,pairs,35,4,31,7,0,6,in_stock
OUT057,,Waypoint Style,Galle,Peliyagoda,street,normal,,09:00,17:00,WAY-145,Footwear,Women's Sandals V5,pairs,11,5,6,19,0,12,low_stock
OUT057,,Waypoint Style,Galle,Peliyagoda,street,normal,,09:00,17:00,WAY-146,Footwear,Kids' Shoes V5,pairs,39,0,39,13,30,5,in_stock
OUT057,,Waypoint Style,Galle,Peliyagoda,street,normal,,09:00,17:00,WAY-147,Accessories,Backpack V5,pcs,10,4,6,9,30,18,low_stock
OUT057,,Waypoint Style,Galle,Peliyagoda,street,normal,,09:00,17:00,WAY-148,Accessories,Wallet V5,pcs,15,2,13,6,10,18,low_stock
OUT057,,Waypoint Style,Galle,Peliyagoda,street,normal,,09:00,17:00,WAY-149,Accessories,Cap V5,pcs,36,7,29,13,20,12,in_stock
OUT057,,Waypoint Style,Galle,Peliyagoda,street,normal,,09:00,17:00,WAY-150,Accessories,Belt V5,pcs,9,7,2,6,5,15,low_stock
OUT057,,Waypoint Style,Galle,Peliyagoda,street,normal,,09:00,17:00,WAY-151,Men,Men's T-Shirt V6,pcs,9,4,5,5,30,6,low_stock
OUT057,,Waypoint Style,Galle,Peliyagoda,street,normal,,09:00,17:00,WAY-152,Men,Men's Polo Shirt V6,pcs,41,7,34,8,5,13,in_stock
OUT057,,Waypoint Style,Galle,Peliyagoda,street,normal,,09:00,17:00,WAY-153,Men,Men's Casual Shirt V6,pcs,43,5,38,1,20,18,in_stock
OUT057,,Waypoint Style,Galle,Peliyagoda,street,normal,,09:00,17:00,WAY-154,Men,Men's Formal Shirt V6,pcs,38,1,37,19,20,14,in_stock
OUT057,,Waypoint Style,Galle,Peliyagoda,street,normal,,09:00,17:00,WAY-155,Men,Men's Jeans V6,pcs,11,6,5,12,5,11,low_stock
OUT057,,Waypoint Style,Galle,Peliyagoda,street,normal,,09:00,17:00,WAY-156,Men,Men's Chino V6,pcs,45,8,37,13,0,5,in_stock
OUT057,,Waypoint Style,Galle,Peliyagoda,street,normal,,09:00,17:00,WAY-157,Men,Men's Shorts V6,pcs,25,5,20,9,0,8,in_stock
OUT057,,Waypoint Style,Galle,Peliyagoda,street,normal,,09:00,17:00,WAY-158,Men,Men's Hoodie V6,pcs,12,8,4,19,30,7,low_stock
OUT057,,Waypoint Style,Galle,Peliyagoda,street,normal,,09:00,17:00,WAY-159,Men,Men's Jacket V6,pcs,34,8,26,18,10,7,in_stock
OUT057,,Waypoint Style,Galle,Peliyagoda,street,normal,,09:00,17:00,WAY-160,Women,Women's T-Shirt V6,pcs,9,1,8,4,10,18,low_stock
OUT057,,Waypoint Style,Galle,Peliyagoda,street,normal,,09:00,17:00,WAY-161,Women,Women's Blouse V6,pcs,8,7,1,9,20,5,low_stock
OUT057,,Waypoint Style,Galle,Peliyagoda,street,normal,,09:00,17:00,WAY-162,Women,Women's Dress V6,pcs,27,6,21,13,5,5,in_stock
OUT057,,Waypoint Style,Galle,Peliyagoda,street,normal,,09:00,17:00,WAY-163,Women,Women's Jeans V6,pcs,8,0,8,1,0,10,low_stock
OUT057,,Waypoint Style,Galle,Peliyagoda,street,normal,,09:00,17:00,WAY-164,Women,Women's Trousers V6,pcs,12,8,4,2,0,8,low_stock
OUT057,,Waypoint Style,Galle,Peliyagoda,street,normal,,09:00,17:00,WAY-165,Women,Women's Skirt V6,pcs,32,0,32,20,5,17,in_stock
OUT057,,Waypoint Style,Galle,Peliyagoda,street,normal,,09:00,17:00,WAY-166,Women,Women's Hoodie V6,pcs,36,3,33,14,0,11,in_stock
OUT057,,Waypoint Style,Galle,Peliyagoda,street,normal,,09:00,17:00,WAY-167,Women,Women's Jacket V6,pcs,15,7,8,7,0,11,low_stock
OUT057,,Waypoint Style,Galle,Peliyagoda,street,normal,,09:00,17:00,WAY-168,Kids,Kids T-Shirt V6,pcs,40,3,37,7,0,7,in_stock
OUT057,,Waypoint Style,Galle,Peliyagoda,street,normal,,09:00,17:00,WAY-169,Kids,Kids Jeans V6,pcs,11,3,8,17,30,12,low_stock
OUT057,,Waypoint Style,Galle,Peliyagoda,street,normal,,09:00,17:00,WAY-170,Kids,Kids Shorts V6,pcs,41,1,40,9,0,11,in_stock
OUT057,,Waypoint Style,Galle,Peliyagoda,street,normal,,09:00,17:00,WAY-171,Kids,Kids Dress V6,pcs,35,7,28,6,20,13,in_stock
OUT057,,Waypoint Style,Galle,Peliyagoda,street,normal,,09:00,17:00,WAY-172,Footwear,Men's Sneakers V6,pairs,45,7,38,2,5,16,in_stock
OUT057,,Waypoint Style,Galle,Peliyagoda,street,normal,,09:00,17:00,WAY-173,Footwear,Women's Sneakers V6,pairs,5,0,5,3,0,16,low_stock
OUT057,,Waypoint Style,Galle,Peliyagoda,street,normal,,09:00,17:00,WAY-174,Footwear,Men's Sandals V6,pairs,9,5,4,16,0,6,low_stock
OUT057,,Waypoint Style,Galle,Peliyagoda,street,normal,,09:00,17:00,WAY-175,Footwear,Women's Sandals V6,pairs,30,6,24,9,0,5,in_stock
OUT057,,Waypoint Style,Galle,Peliyagoda,street,normal,,09:00,17:00,WAY-176,Footwear,Kids' Shoes V6,pairs,37,0,37,11,5,5,in_stock
OUT057,,Waypoint Style,Galle,Peliyagoda,street,normal,,09:00,17:00,WAY-177,Accessories,Backpack V6,pcs,8,3,5,22,10,13,low_stock
OUT057,,Waypoint Style,Galle,Peliyagoda,street,normal,,09:00,17:00,WAY-178,Accessories,Wallet V6,pcs,45,6,39,9,0,17,in_stock
OUT057,,Waypoint Style,Galle,Peliyagoda,street,normal,,09:00,17:00,WAY-179,Accessories,Cap V6,pcs,33,5,28,22,10,16,in_stock
OUT057,,Waypoint Style,Galle,Peliyagoda,street,normal,,09:00,17:00,WAY-180,Accessories,Belt V6,pcs,12,6,6,16,0,9,low_stock
OUT057,,Waypoint Style,Galle,Peliyagoda,street,normal,,09:00,17:00,WAY-181,Men,Men's T-Shirt V7,pcs,21,7,14,20,5,6,in_stock
OUT057,,Waypoint Style,Galle,Peliyagoda,street,normal,,09:00,17:00,WAY-182,Men,Men's Polo Shirt V7,pcs,11,6,5,19,30,15,low_stock
OUT057,,Waypoint Style,Galle,Peliyagoda,street,normal,,09:00,17:00,WAY-183,Men,Men's Casual Shirt V7,pcs,36,5,31,1,0,10,in_stock
OUT057,,Waypoint Style,Galle,Peliyagoda,street,normal,,09:00,17:00,WAY-184,Men,Men's Formal Shirt V7,pcs,8,6,2,5,0,14,low_stock
OUT057,,Waypoint Style,Galle,Peliyagoda,street,normal,,09:00,17:00,WAY-185,Men,Men's Jeans V7,pcs,18,1,17,18,0,15,in_stock
OUT057,,Waypoint Style,Galle,Peliyagoda,street,normal,,09:00,17:00,WAY-186,Men,Men's Chino V7,pcs,6,4,2,20,30,13,low_stock
OUT057,,Waypoint Style,Galle,Peliyagoda,street,normal,,09:00,17:00,WAY-187,Men,Men's Shorts V7,pcs,5,3,2,15,5,7,low_stock
OUT057,,Waypoint Style,Galle,Peliyagoda,street,normal,,09:00,17:00,WAY-188,Men,Men's Hoodie V7,pcs,38,8,30,12,5,18,in_stock
OUT057,,Waypoint Style,Galle,Peliyagoda,street,normal,,09:00,17:00,WAY-189,Men,Men's Jacket V7,pcs,33,8,25,22,20,11,in_stock
OUT057,,Waypoint Style,Galle,Peliyagoda,street,normal,,09:00,17:00,WAY-190,Women,Women's T-Shirt V7,pcs,18,0,18,20,10,14,in_stock
OUT057,,Waypoint Style,Galle,Peliyagoda,street,normal,,09:00,17:00,WAY-191,Women,Women's Blouse V7,pcs,16,0,16,16,20,16,low_stock
OUT057,,Waypoint Style,Galle,Peliyagoda,street,normal,,09:00,17:00,WAY-192,Women,Women's Dress V7,pcs,16,5,11,4,30,7,in_stock
OUT057,,Waypoint Style,Galle,Peliyagoda,street,normal,,09:00,17:00,WAY-193,Women,Women's Jeans V7,pcs,21,6,15,12,20,16,low_stock
OUT057,,Waypoint Style,Galle,Peliyagoda,street,normal,,09:00,17:00,WAY-194,Women,Women's Trousers V7,pcs,29,8,21,4,0,18,in_stock
OUT057,,Waypoint Style,Galle,Peliyagoda,street,normal,,09:00,17:00,WAY-195,Women,Women's Skirt V7,pcs,9,1,8,3,0,5,in_stock
OUT057,,Waypoint Style,Galle,Peliyagoda,street,normal,,09:00,17:00,WAY-196,Women,Women's Hoodie V7,pcs,4,0,4,13,10,14,low_stock
OUT057,,Waypoint Style,Galle,Peliyagoda,street,normal,,09:00,17:00,WAY-197,Women,Women's Jacket V7,pcs,28,8,20,6,5,15,in_stock
OUT057,,Waypoint Style,Galle,Peliyagoda,street,normal,,09:00,17:00,WAY-198,Kids,Kids T-Shirt V7,pcs,6,6,0,13,10,7,out_of_stock
OUT057,,Waypoint Style,Galle,Peliyagoda,street,normal,,09:00,17:00,WAY-199,Kids,Kids Jeans V7,pcs,28,0,28,3,0,13,in_stock
OUT057,,Waypoint Style,Galle,Peliyagoda,street,normal,,09:00,17:00,WAY-200,Kids,Kids Shorts V7,pcs,22,5,17,10,5,14,in_stock
OUT063,,Waypoint Style,Matara,Peliyagoda,street,normal,,09:00,17:00,WAY-001,Men,Men's T-Shirt,pcs,33,1,32,11,0,18,in_stock
OUT063,,Waypoint Style,Matara,Peliyagoda,street,normal,,09:00,17:00,WAY-002,Men,Men's Polo Shirt,pcs,6,3,3,2,30,16,low_stock
OUT063,,Waypoint Style,Matara,Peliyagoda,street,normal,,09:00,17:00,WAY-003,Men,Men's Casual Shirt,pcs,31,3,28,15,5,7,in_stock
OUT063,,Waypoint Style,Matara,Peliyagoda,street,normal,,09:00,17:00,WAY-004,Men,Men's Formal Shirt,pcs,24,5,19,20,5,8,in_stock
OUT063,,Waypoint Style,Matara,Peliyagoda,street,normal,,09:00,17:00,WAY-005,Men,Men's Jeans,pcs,32,6,26,20,20,15,in_stock
OUT063,,Waypoint Style,Matara,Peliyagoda,street,normal,,09:00,17:00,WAY-006,Men,Men's Chino,pcs,44,7,37,12,0,12,in_stock
OUT063,,Waypoint Style,Matara,Peliyagoda,street,normal,,09:00,17:00,WAY-007,Men,Men's Shorts,pcs,35,3,32,5,5,18,in_stock
OUT063,,Waypoint Style,Matara,Peliyagoda,street,normal,,09:00,17:00,WAY-008,Men,Men's Hoodie,pcs,13,0,13,20,10,6,in_stock
OUT063,,Waypoint Style,Matara,Peliyagoda,street,normal,,09:00,17:00,WAY-009,Men,Men's Jacket,pcs,6,3,3,6,0,14,low_stock
OUT063,,Waypoint Style,Matara,Peliyagoda,street,normal,,09:00,17:00,WAY-010,Women,Women's T-Shirt,pcs,43,3,40,1,0,15,in_stock
OUT063,,Waypoint Style,Matara,Peliyagoda,street,normal,,09:00,17:00,WAY-011,Women,Women's Blouse,pcs,24,1,23,20,0,15,in_stock
OUT063,,Waypoint Style,Matara,Peliyagoda,street,normal,,09:00,17:00,WAY-012,Women,Women's Dress,pcs,41,7,34,20,30,5,in_stock
OUT063,,Waypoint Style,Matara,Peliyagoda,street,normal,,09:00,17:00,WAY-013,Women,Women's Jeans,pcs,43,4,39,21,30,18,in_stock
OUT063,,Waypoint Style,Matara,Peliyagoda,street,normal,,09:00,17:00,WAY-014,Women,Women's Trousers,pcs,6,3,3,6,0,14,low_stock
OUT063,,Waypoint Style,Matara,Peliyagoda,street,normal,,09:00,17:00,WAY-015,Women,Women's Skirt,pcs,7,2,5,18,0,11,low_stock
OUT063,,Waypoint Style,Matara,Peliyagoda,street,normal,,09:00,17:00,WAY-016,Women,Women's Hoodie,pcs,23,7,16,8,10,12,in_stock
OUT063,,Waypoint Style,Matara,Peliyagoda,street,normal,,09:00,17:00,WAY-017,Women,Women's Jacket,pcs,45,7,38,12,0,5,in_stock
OUT063,,Waypoint Style,Matara,Peliyagoda,street,normal,,09:00,17:00,WAY-018,Kids,Kids T-Shirt,pcs,32,7,25,14,20,5,in_stock
OUT063,,Waypoint Style,Matara,Peliyagoda,street,normal,,09:00,17:00,WAY-019,Kids,Kids Jeans,pcs,24,3,21,13,0,5,in_stock
OUT063,,Waypoint Style,Matara,Peliyagoda,street,normal,,09:00,17:00,WAY-020,Kids,Kids Shorts,pcs,44,2,42,13,0,12,in_stock
OUT063,,Waypoint Style,Matara,Peliyagoda,street,normal,,09:00,17:00,WAY-021,Kids,Kids Dress,pcs,15,5,10,2,0,7,in_stock
OUT063,,Waypoint Style,Matara,Peliyagoda,street,normal,,09:00,17:00,WAY-022,Footwear,Men's Sneakers,pairs,29,2,27,9,30,14,in_stock
OUT063,,Waypoint Style,Matara,Peliyagoda,street,normal,,09:00,17:00,WAY-023,Footwear,Women's Sneakers,pairs,37,1,36,4,0,6,in_stock
OUT063,,Waypoint Style,Matara,Peliyagoda,street,normal,,09:00,17:00,WAY-024,Footwear,Men's Sandals,pairs,32,7,25,5,10,18,in_stock
OUT063,,Waypoint Style,Matara,Peliyagoda,street,normal,,09:00,17:00,WAY-025,Footwear,Women's Sandals,pairs,19,4,15,20,0,16,low_stock
OUT063,,Waypoint Style,Matara,Peliyagoda,street,normal,,09:00,17:00,WAY-026,Footwear,Kids' Shoes,pairs,37,1,36,2,5,7,in_stock
OUT063,,Waypoint Style,Matara,Peliyagoda,street,normal,,09:00,17:00,WAY-027,Accessories,Backpack,pcs,21,0,21,22,0,11,in_stock
OUT063,,Waypoint Style,Matara,Peliyagoda,street,normal,,09:00,17:00,WAY-028,Accessories,Wallet,pcs,43,1,42,9,5,6,in_stock
OUT063,,Waypoint Style,Matara,Peliyagoda,street,normal,,09:00,17:00,WAY-029,Accessories,Cap,pcs,40,7,33,9,20,5,in_stock
OUT063,,Waypoint Style,Matara,Peliyagoda,street,normal,,09:00,17:00,WAY-030,Accessories,Belt,pcs,24,2,22,14,0,12,in_stock
OUT063,,Waypoint Style,Matara,Peliyagoda,street,normal,,09:00,17:00,WAY-031,Men,Men's T-Shirt V2,pcs,45,0,45,14,30,8,in_stock
OUT063,,Waypoint Style,Matara,Peliyagoda,street,normal,,09:00,17:00,WAY-032,Men,Men's Polo Shirt V2,pcs,36,5,31,16,0,6,in_stock
OUT063,,Waypoint Style,Matara,Peliyagoda,street,normal,,09:00,17:00,WAY-033,Men,Men's Casual Shirt V2,pcs,25,4,21,12,0,5,in_stock
OUT063,,Waypoint Style,Matara,Peliyagoda,street,normal,,09:00,17:00,WAY-034,Men,Men's Formal Shirt V2,pcs,43,8,35,10,10,9,in_stock
OUT063,,Waypoint Style,Matara,Peliyagoda,street,normal,,09:00,17:00,WAY-035,Men,Men's Jeans V2,pcs,9,4,5,14,10,5,low_stock
OUT063,,Waypoint Style,Matara,Peliyagoda,street,normal,,09:00,17:00,WAY-036,Men,Men's Chino V2,pcs,41,8,33,17,0,7,in_stock
OUT063,,Waypoint Style,Matara,Peliyagoda,street,normal,,09:00,17:00,WAY-037,Men,Men's Shorts V2,pcs,34,3,31,9,20,17,in_stock
OUT063,,Waypoint Style,Matara,Peliyagoda,street,normal,,09:00,17:00,WAY-038,Men,Men's Hoodie V2,pcs,41,0,41,18,0,10,in_stock
OUT063,,Waypoint Style,Matara,Peliyagoda,street,normal,,09:00,17:00,WAY-039,Men,Men's Jacket V2,pcs,23,1,22,13,5,18,in_stock
OUT063,,Waypoint Style,Matara,Peliyagoda,street,normal,,09:00,17:00,WAY-040,Women,Women's T-Shirt V2,pcs,14,2,12,16,0,5,in_stock
OUT063,,Waypoint Style,Matara,Peliyagoda,street,normal,,09:00,17:00,WAY-041,Women,Women's Blouse V2,pcs,18,6,12,14,10,9,in_stock
OUT063,,Waypoint Style,Matara,Peliyagoda,street,normal,,09:00,17:00,WAY-042,Women,Women's Dress V2,pcs,23,2,21,12,0,13,in_stock
OUT063,,Waypoint Style,Matara,Peliyagoda,street,normal,,09:00,17:00,WAY-043,Women,Women's Jeans V2,pcs,17,3,14,10,20,10,in_stock
OUT063,,Waypoint Style,Matara,Peliyagoda,street,normal,,09:00,17:00,WAY-044,Women,Women's Trousers V2,pcs,31,7,24,2,20,5,in_stock
OUT063,,Waypoint Style,Matara,Peliyagoda,street,normal,,09:00,17:00,WAY-045,Women,Women's Skirt V2,pcs,41,1,40,19,10,13,in_stock
OUT063,,Waypoint Style,Matara,Peliyagoda,street,normal,,09:00,17:00,WAY-046,Women,Women's Hoodie V2,pcs,36,2,34,10,30,6,in_stock
OUT063,,Waypoint Style,Matara,Peliyagoda,street,normal,,09:00,17:00,WAY-047,Women,Women's Jacket V2,pcs,22,3,19,22,20,18,in_stock
OUT063,,Waypoint Style,Matara,Peliyagoda,street,normal,,09:00,17:00,WAY-048,Kids,Kids T-Shirt V2,pcs,12,8,4,9,30,6,low_stock
OUT063,,Waypoint Style,Matara,Peliyagoda,street,normal,,09:00,17:00,WAY-049,Kids,Kids Jeans V2,pcs,21,1,20,9,5,10,in_stock
OUT063,,Waypoint Style,Matara,Peliyagoda,street,normal,,09:00,17:00,WAY-050,Kids,Kids Shorts V2,pcs,10,8,2,16,5,17,low_stock
OUT063,,Waypoint Style,Matara,Peliyagoda,street,normal,,09:00,17:00,WAY-051,Kids,Kids Dress V2,pcs,12,2,10,1,30,12,low_stock
OUT063,,Waypoint Style,Matara,Peliyagoda,street,normal,,09:00,17:00,WAY-052,Footwear,Men's Sneakers V2,pairs,9,2,7,1,20,8,low_stock
OUT063,,Waypoint Style,Matara,Peliyagoda,street,normal,,09:00,17:00,WAY-053,Footwear,Women's Sneakers V2,pairs,32,3,29,1,20,11,in_stock
OUT063,,Waypoint Style,Matara,Peliyagoda,street,normal,,09:00,17:00,WAY-054,Footwear,Men's Sandals V2,pairs,12,3,9,19,30,9,low_stock
OUT063,,Waypoint Style,Matara,Peliyagoda,street,normal,,09:00,17:00,WAY-055,Footwear,Women's Sandals V2,pairs,14,5,9,1,0,8,in_stock
OUT063,,Waypoint Style,Matara,Peliyagoda,street,normal,,09:00,17:00,WAY-056,Footwear,Kids' Shoes V2,pairs,38,2,36,12,10,7,in_stock
OUT063,,Waypoint Style,Matara,Peliyagoda,street,normal,,09:00,17:00,WAY-057,Accessories,Backpack V2,pcs,12,1,11,20,10,12,low_stock
OUT063,,Waypoint Style,Matara,Peliyagoda,street,normal,,09:00,17:00,WAY-058,Accessories,Wallet V2,pcs,29,5,24,10,0,14,in_stock
OUT063,,Waypoint Style,Matara,Peliyagoda,street,normal,,09:00,17:00,WAY-059,Accessories,Cap V2,pcs,26,5,21,5,0,5,in_stock
OUT063,,Waypoint Style,Matara,Peliyagoda,street,normal,,09:00,17:00,WAY-060,Accessories,Belt V2,pcs,38,4,34,4,5,7,in_stock
OUT063,,Waypoint Style,Matara,Peliyagoda,street,normal,,09:00,17:00,WAY-061,Men,Men's T-Shirt V3,pcs,4,1,3,2,0,6,low_stock
OUT063,,Waypoint Style,Matara,Peliyagoda,street,normal,,09:00,17:00,WAY-062,Men,Men's Polo Shirt V3,pcs,22,0,22,12,20,17,in_stock
OUT063,,Waypoint Style,Matara,Peliyagoda,street,normal,,09:00,17:00,WAY-063,Men,Men's Casual Shirt V3,pcs,18,1,17,3,20,13,in_stock
OUT063,,Waypoint Style,Matara,Peliyagoda,street,normal,,09:00,17:00,WAY-064,Men,Men's Formal Shirt V3,pcs,11,7,4,10,5,9,low_stock
OUT063,,Waypoint Style,Matara,Peliyagoda,street,normal,,09:00,17:00,WAY-065,Men,Men's Jeans V3,pcs,16,4,12,20,0,11,in_stock
OUT063,,Waypoint Style,Matara,Peliyagoda,street,normal,,09:00,17:00,WAY-066,Men,Men's Chino V3,pcs,6,5,1,16,10,16,low_stock
OUT063,,Waypoint Style,Matara,Peliyagoda,street,normal,,09:00,17:00,WAY-067,Men,Men's Shorts V3,pcs,32,0,32,21,20,16,in_stock
OUT063,,Waypoint Style,Matara,Peliyagoda,street,normal,,09:00,17:00,WAY-068,Men,Men's Hoodie V3,pcs,42,0,42,11,10,14,in_stock
OUT063,,Waypoint Style,Matara,Peliyagoda,street,normal,,09:00,17:00,WAY-069,Men,Men's Jacket V3,pcs,35,3,32,15,10,18,in_stock
OUT063,,Waypoint Style,Matara,Peliyagoda,street,normal,,09:00,17:00,WAY-070,Women,Women's T-Shirt V3,pcs,18,0,18,6,10,11,in_stock
OUT063,,Waypoint Style,Matara,Peliyagoda,street,normal,,09:00,17:00,WAY-071,Women,Women's Blouse V3,pcs,19,1,18,18,0,8,in_stock
OUT063,,Waypoint Style,Matara,Peliyagoda,street,normal,,09:00,17:00,WAY-072,Women,Women's Dress V3,pcs,29,6,23,4,10,16,in_stock
OUT063,,Waypoint Style,Matara,Peliyagoda,street,normal,,09:00,17:00,WAY-073,Women,Women's Jeans V3,pcs,9,4,5,7,0,17,low_stock
OUT063,,Waypoint Style,Matara,Peliyagoda,street,normal,,09:00,17:00,WAY-074,Women,Women's Trousers V3,pcs,37,4,33,18,20,10,in_stock
OUT063,,Waypoint Style,Matara,Peliyagoda,street,normal,,09:00,17:00,WAY-075,Women,Women's Skirt V3,pcs,18,8,10,11,0,12,low_stock
OUT063,,Waypoint Style,Matara,Peliyagoda,street,normal,,09:00,17:00,WAY-076,Women,Women's Hoodie V3,pcs,4,4,0,18,30,5,out_of_stock
OUT063,,Waypoint Style,Matara,Peliyagoda,street,normal,,09:00,17:00,WAY-077,Women,Women's Jacket V3,pcs,14,4,10,16,30,13,low_stock
OUT063,,Waypoint Style,Matara,Peliyagoda,street,normal,,09:00,17:00,WAY-078,Kids,Kids T-Shirt V3,pcs,44,1,43,9,10,11,in_stock
OUT063,,Waypoint Style,Matara,Peliyagoda,street,normal,,09:00,17:00,WAY-079,Kids,Kids Jeans V3,pcs,28,0,28,18,10,8,in_stock
OUT063,,Waypoint Style,Matara,Peliyagoda,street,normal,,09:00,17:00,WAY-080,Kids,Kids Shorts V3,pcs,45,5,40,19,0,14,in_stock
OUT063,,Waypoint Style,Matara,Peliyagoda,street,normal,,09:00,17:00,WAY-081,Kids,Kids Dress V3,pcs,36,7,29,19,30,6,in_stock
OUT063,,Waypoint Style,Matara,Peliyagoda,street,normal,,09:00,17:00,WAY-082,Footwear,Men's Sneakers V3,pairs,43,2,41,22,10,9,in_stock
OUT063,,Waypoint Style,Matara,Peliyagoda,street,normal,,09:00,17:00,WAY-083,Footwear,Women's Sneakers V3,pairs,40,3,37,5,30,16,in_stock
OUT063,,Waypoint Style,Matara,Peliyagoda,street,normal,,09:00,17:00,WAY-084,Footwear,Men's Sandals V3,pairs,28,2,26,13,0,10,in_stock
OUT063,,Waypoint Style,Matara,Peliyagoda,street,normal,,09:00,17:00,WAY-085,Footwear,Women's Sandals V3,pairs,17,7,10,22,5,8,in_stock
OUT063,,Waypoint Style,Matara,Peliyagoda,street,normal,,09:00,17:00,WAY-086,Footwear,Kids' Shoes V3,pairs,33,1,32,13,10,14,in_stock
OUT063,,Waypoint Style,Matara,Peliyagoda,street,normal,,09:00,17:00,WAY-087,Accessories,Backpack V3,pcs,29,0,29,22,20,15,in_stock
OUT063,,Waypoint Style,Matara,Peliyagoda,street,normal,,09:00,17:00,WAY-088,Accessories,Wallet V3,pcs,31,3,28,17,0,7,in_stock
OUT063,,Waypoint Style,Matara,Peliyagoda,street,normal,,09:00,17:00,WAY-089,Accessories,Cap V3,pcs,18,8,10,9,10,6,in_stock
OUT063,,Waypoint Style,Matara,Peliyagoda,street,normal,,09:00,17:00,WAY-090,Accessories,Belt V3,pcs,34,4,30,11,10,5,in_stock
OUT063,,Waypoint Style,Matara,Peliyagoda,street,normal,,09:00,17:00,WAY-091,Men,Men's T-Shirt V4,pcs,7,4,3,9,0,5,low_stock
OUT063,,Waypoint Style,Matara,Peliyagoda,street,normal,,09:00,17:00,WAY-092,Men,Men's Polo Shirt V4,pcs,30,4,26,20,5,12,in_stock
OUT063,,Waypoint Style,Matara,Peliyagoda,street,normal,,09:00,17:00,WAY-093,Men,Men's Casual Shirt V4,pcs,10,7,3,19,0,18,low_stock
OUT063,,Waypoint Style,Matara,Peliyagoda,street,normal,,09:00,17:00,WAY-094,Men,Men's Formal Shirt V4,pcs,18,7,11,9,0,8,in_stock
OUT063,,Waypoint Style,Matara,Peliyagoda,street,normal,,09:00,17:00,WAY-095,Men,Men's Jeans V4,pcs,6,5,1,15,10,16,low_stock
OUT063,,Waypoint Style,Matara,Peliyagoda,street,normal,,09:00,17:00,WAY-096,Men,Men's Chino V4,pcs,40,4,36,6,5,7,in_stock
OUT063,,Waypoint Style,Matara,Peliyagoda,street,normal,,09:00,17:00,WAY-097,Men,Men's Shorts V4,pcs,31,7,24,20,0,17,in_stock
OUT063,,Waypoint Style,Matara,Peliyagoda,street,normal,,09:00,17:00,WAY-098,Men,Men's Hoodie V4,pcs,22,2,20,1,20,14,in_stock
OUT063,,Waypoint Style,Matara,Peliyagoda,street,normal,,09:00,17:00,WAY-099,Men,Men's Jacket V4,pcs,5,5,0,8,0,14,out_of_stock
OUT063,,Waypoint Style,Matara,Peliyagoda,street,normal,,09:00,17:00,WAY-100,Women,Women's T-Shirt V4,pcs,11,8,3,13,0,12,low_stock
OUT063,,Waypoint Style,Matara,Peliyagoda,street,normal,,09:00,17:00,WAY-101,Women,Women's Blouse V4,pcs,29,2,27,12,0,5,in_stock
OUT063,,Waypoint Style,Matara,Peliyagoda,street,normal,,09:00,17:00,WAY-102,Women,Women's Dress V4,pcs,41,7,34,18,20,5,in_stock
OUT063,,Waypoint Style,Matara,Peliyagoda,street,normal,,09:00,17:00,WAY-103,Women,Women's Jeans V4,pcs,7,5,2,11,20,9,low_stock
OUT063,,Waypoint Style,Matara,Peliyagoda,street,normal,,09:00,17:00,WAY-104,Women,Women's Trousers V4,pcs,6,5,1,7,0,11,low_stock
OUT063,,Waypoint Style,Matara,Peliyagoda,street,normal,,09:00,17:00,WAY-105,Women,Women's Skirt V4,pcs,28,8,20,13,5,13,in_stock
OUT063,,Waypoint Style,Matara,Peliyagoda,street,normal,,09:00,17:00,WAY-106,Women,Women's Hoodie V4,pcs,38,8,30,19,0,13,in_stock
OUT063,,Waypoint Style,Matara,Peliyagoda,street,normal,,09:00,17:00,WAY-107,Women,Women's Jacket V4,pcs,11,7,4,3,20,15,low_stock
OUT063,,Waypoint Style,Matara,Peliyagoda,street,normal,,09:00,17:00,WAY-108,Kids,Kids T-Shirt V4,pcs,30,4,26,18,0,14,in_stock
OUT063,,Waypoint Style,Matara,Peliyagoda,street,normal,,09:00,17:00,WAY-109,Kids,Kids Jeans V4,pcs,5,0,5,9,0,14,low_stock
OUT063,,Waypoint Style,Matara,Peliyagoda,street,normal,,09:00,17:00,WAY-110,Kids,Kids Shorts V4,pcs,19,2,17,5,0,5,in_stock
OUT063,,Waypoint Style,Matara,Peliyagoda,street,normal,,09:00,17:00,WAY-111,Kids,Kids Dress V4,pcs,36,5,31,3,20,6,in_stock
OUT063,,Waypoint Style,Matara,Peliyagoda,street,normal,,09:00,17:00,WAY-112,Footwear,Men's Sneakers V4,pairs,31,3,28,6,30,17,in_stock
OUT063,,Waypoint Style,Matara,Peliyagoda,street,normal,,09:00,17:00,WAY-113,Footwear,Women's Sneakers V4,pairs,27,3,24,8,20,10,in_stock
OUT063,,Waypoint Style,Matara,Peliyagoda,street,normal,,09:00,17:00,WAY-114,Footwear,Men's Sandals V4,pairs,28,2,26,4,30,14,in_stock
OUT063,,Waypoint Style,Matara,Peliyagoda,street,normal,,09:00,17:00,WAY-115,Footwear,Women's Sandals V4,pairs,35,0,35,15,10,17,in_stock
OUT063,,Waypoint Style,Matara,Peliyagoda,street,normal,,09:00,17:00,WAY-116,Footwear,Kids' Shoes V4,pairs,23,1,22,22,5,6,in_stock
OUT063,,Waypoint Style,Matara,Peliyagoda,street,normal,,09:00,17:00,WAY-117,Accessories,Backpack V4,pcs,39,0,39,4,10,8,in_stock
OUT063,,Waypoint Style,Matara,Peliyagoda,street,normal,,09:00,17:00,WAY-118,Accessories,Wallet V4,pcs,7,3,4,1,20,9,low_stock
OUT063,,Waypoint Style,Matara,Peliyagoda,street,normal,,09:00,17:00,WAY-119,Accessories,Cap V4,pcs,9,3,6,20,10,13,low_stock
OUT063,,Waypoint Style,Matara,Peliyagoda,street,normal,,09:00,17:00,WAY-120,Accessories,Belt V4,pcs,26,4,22,2,10,7,in_stock
OUT063,,Waypoint Style,Matara,Peliyagoda,street,normal,,09:00,17:00,WAY-121,Men,Men's T-Shirt V5,pcs,27,4,23,22,30,16,in_stock
OUT063,,Waypoint Style,Matara,Peliyagoda,street,normal,,09:00,17:00,WAY-122,Men,Men's Polo Shirt V5,pcs,31,5,26,20,20,7,in_stock
OUT063,,Waypoint Style,Matara,Peliyagoda,street,normal,,09:00,17:00,WAY-123,Men,Men's Casual Shirt V5,pcs,17,6,11,8,30,8,in_stock
OUT063,,Waypoint Style,Matara,Peliyagoda,street,normal,,09:00,17:00,WAY-124,Men,Men's Formal Shirt V5,pcs,35,0,35,6,30,12,in_stock
OUT063,,Waypoint Style,Matara,Peliyagoda,street,normal,,09:00,17:00,WAY-125,Men,Men's Jeans V5,pcs,26,5,21,18,10,17,in_stock
OUT063,,Waypoint Style,Matara,Peliyagoda,street,normal,,09:00,17:00,WAY-126,Men,Men's Chino V5,pcs,43,4,39,18,20,9,in_stock
OUT063,,Waypoint Style,Matara,Peliyagoda,street,normal,,09:00,17:00,WAY-127,Men,Men's Shorts V5,pcs,19,0,19,9,0,16,in_stock
OUT063,,Waypoint Style,Matara,Peliyagoda,street,normal,,09:00,17:00,WAY-128,Men,Men's Hoodie V5,pcs,43,8,35,1,0,14,in_stock
OUT063,,Waypoint Style,Matara,Peliyagoda,street,normal,,09:00,17:00,WAY-129,Men,Men's Jacket V5,pcs,13,1,12,9,5,12,low_stock
OUT063,,Waypoint Style,Matara,Peliyagoda,street,normal,,09:00,17:00,WAY-130,Women,Women's T-Shirt V5,pcs,10,6,4,8,5,13,low_stock
OUT063,,Waypoint Style,Matara,Peliyagoda,street,normal,,09:00,17:00,WAY-131,Women,Women's Blouse V5,pcs,27,5,22,16,30,11,in_stock
OUT063,,Waypoint Style,Matara,Peliyagoda,street,normal,,09:00,17:00,WAY-132,Women,Women's Dress V5,pcs,11,8,3,2,0,14,low_stock
OUT063,,Waypoint Style,Matara,Peliyagoda,street,normal,,09:00,17:00,WAY-133,Women,Women's Jeans V5,pcs,39,2,37,18,0,11,in_stock
OUT063,,Waypoint Style,Matara,Peliyagoda,street,normal,,09:00,17:00,WAY-134,Women,Women's Trousers V5,pcs,8,0,8,7,30,12,low_stock
OUT063,,Waypoint Style,Matara,Peliyagoda,street,normal,,09:00,17:00,WAY-135,Women,Women's Skirt V5,pcs,5,2,3,11,5,10,low_stock
OUT063,,Waypoint Style,Matara,Peliyagoda,street,normal,,09:00,17:00,WAY-136,Women,Women's Hoodie V5,pcs,21,8,13,17,0,8,in_stock
OUT063,,Waypoint Style,Matara,Peliyagoda,street,normal,,09:00,17:00,WAY-137,Women,Women's Jacket V5,pcs,13,7,6,12,30,14,low_stock
OUT063,,Waypoint Style,Matara,Peliyagoda,street,normal,,09:00,17:00,WAY-138,Kids,Kids T-Shirt V5,pcs,35,4,31,1,5,15,in_stock
OUT063,,Waypoint Style,Matara,Peliyagoda,street,normal,,09:00,17:00,WAY-139,Kids,Kids Jeans V5,pcs,43,7,36,8,20,16,in_stock
OUT063,,Waypoint Style,Matara,Peliyagoda,street,normal,,09:00,17:00,WAY-140,Kids,Kids Shorts V5,pcs,7,3,4,19,0,6,low_stock
OUT063,,Waypoint Style,Matara,Peliyagoda,street,normal,,09:00,17:00,WAY-141,Kids,Kids Dress V5,pcs,5,2,3,9,10,10,low_stock
OUT063,,Waypoint Style,Matara,Peliyagoda,street,normal,,09:00,17:00,WAY-142,Footwear,Men's Sneakers V5,pairs,18,6,12,1,5,12,low_stock
OUT063,,Waypoint Style,Matara,Peliyagoda,street,normal,,09:00,17:00,WAY-143,Footwear,Women's Sneakers V5,pairs,22,8,14,5,10,10,in_stock
OUT063,,Waypoint Style,Matara,Peliyagoda,street,normal,,09:00,17:00,WAY-144,Footwear,Men's Sandals V5,pairs,20,7,13,7,10,10,in_stock
OUT063,,Waypoint Style,Matara,Peliyagoda,street,normal,,09:00,17:00,WAY-145,Footwear,Women's Sandals V5,pairs,8,2,6,13,10,9,low_stock
OUT063,,Waypoint Style,Matara,Peliyagoda,street,normal,,09:00,17:00,WAY-146,Footwear,Kids' Shoes V5,pairs,45,3,42,12,20,10,in_stock
OUT063,,Waypoint Style,Matara,Peliyagoda,street,normal,,09:00,17:00,WAY-147,Accessories,Backpack V5,pcs,13,5,8,18,0,9,low_stock
OUT063,,Waypoint Style,Matara,Peliyagoda,street,normal,,09:00,17:00,WAY-148,Accessories,Wallet V5,pcs,24,2,22,11,30,8,in_stock
OUT063,,Waypoint Style,Matara,Peliyagoda,street,normal,,09:00,17:00,WAY-149,Accessories,Cap V5,pcs,40,0,40,7,10,6,in_stock
OUT063,,Waypoint Style,Matara,Peliyagoda,street,normal,,09:00,17:00,WAY-150,Accessories,Belt V5,pcs,11,6,5,3,30,7,low_stock
OUT063,,Waypoint Style,Matara,Peliyagoda,street,normal,,09:00,17:00,WAY-151,Men,Men's T-Shirt V6,pcs,38,5,33,21,10,10,in_stock
OUT063,,Waypoint Style,Matara,Peliyagoda,street,normal,,09:00,17:00,WAY-152,Men,Men's Polo Shirt V6,pcs,35,7,28,6,20,14,in_stock
OUT063,,Waypoint Style,Matara,Peliyagoda,street,normal,,09:00,17:00,WAY-153,Men,Men's Casual Shirt V6,pcs,39,0,39,8,5,16,in_stock
OUT063,,Waypoint Style,Matara,Peliyagoda,street,normal,,09:00,17:00,WAY-154,Men,Men's Formal Shirt V6,pcs,14,0,14,8,0,15,low_stock
OUT063,,Waypoint Style,Matara,Peliyagoda,street,normal,,09:00,17:00,WAY-155,Men,Men's Jeans V6,pcs,29,2,27,13,30,13,in_stock
OUT063,,Waypoint Style,Matara,Peliyagoda,street,normal,,09:00,17:00,WAY-156,Men,Men's Chino V6,pcs,38,1,37,10,0,17,in_stock
OUT063,,Waypoint Style,Matara,Peliyagoda,street,normal,,09:00,17:00,WAY-157,Men,Men's Shorts V6,pcs,25,7,18,1,10,5,in_stock
OUT063,,Waypoint Style,Matara,Peliyagoda,street,normal,,09:00,17:00,WAY-158,Men,Men's Hoodie V6,pcs,23,8,15,19,30,7,in_stock
OUT063,,Waypoint Style,Matara,Peliyagoda,street,normal,,09:00,17:00,WAY-159,Men,Men's Jacket V6,pcs,29,3,26,12,30,6,in_stock
OUT063,,Waypoint Style,Matara,Peliyagoda,street,normal,,09:00,17:00,WAY-160,Women,Women's T-Shirt V6,pcs,12,6,6,9,20,6,low_stock
OUT063,,Waypoint Style,Matara,Peliyagoda,street,normal,,09:00,17:00,WAY-161,Women,Women's Blouse V6,pcs,41,8,33,3,0,10,in_stock
OUT063,,Waypoint Style,Matara,Peliyagoda,street,normal,,09:00,17:00,WAY-162,Women,Women's Dress V6,pcs,20,6,14,20,30,12,in_stock
OUT063,,Waypoint Style,Matara,Peliyagoda,street,normal,,09:00,17:00,WAY-163,Women,Women's Jeans V6,pcs,33,1,32,8,20,17,in_stock
OUT063,,Waypoint Style,Matara,Peliyagoda,street,normal,,09:00,17:00,WAY-164,Women,Women's Trousers V6,pcs,10,1,9,4,20,7,in_stock
OUT063,,Waypoint Style,Matara,Peliyagoda,street,normal,,09:00,17:00,WAY-165,Women,Women's Skirt V6,pcs,5,3,2,19,30,18,low_stock
OUT063,,Waypoint Style,Matara,Peliyagoda,street,normal,,09:00,17:00,WAY-166,Women,Women's Hoodie V6,pcs,45,8,37,15,30,10,in_stock
OUT063,,Waypoint Style,Matara,Peliyagoda,street,normal,,09:00,17:00,WAY-167,Women,Women's Jacket V6,pcs,33,2,31,13,30,18,in_stock
OUT063,,Waypoint Style,Matara,Peliyagoda,street,normal,,09:00,17:00,WAY-168,Kids,Kids T-Shirt V6,pcs,28,1,27,21,5,6,in_stock
OUT063,,Waypoint Style,Matara,Peliyagoda,street,normal,,09:00,17:00,WAY-169,Kids,Kids Jeans V6,pcs,32,1,31,18,30,11,in_stock
OUT063,,Waypoint Style,Matara,Peliyagoda,street,normal,,09:00,17:00,WAY-170,Kids,Kids Shorts V6,pcs,43,7,36,19,30,10,in_stock
OUT063,,Waypoint Style,Matara,Peliyagoda,street,normal,,09:00,17:00,WAY-171,Kids,Kids Dress V6,pcs,4,1,3,16,0,5,low_stock
OUT063,,Waypoint Style,Matara,Peliyagoda,street,normal,,09:00,17:00,WAY-172,Footwear,Men's Sneakers V6,pairs,42,6,36,19,0,9,in_stock
OUT063,,Waypoint Style,Matara,Peliyagoda,street,normal,,09:00,17:00,WAY-173,Footwear,Women's Sneakers V6,pairs,22,2,20,6,10,16,in_stock
OUT063,,Waypoint Style,Matara,Peliyagoda,street,normal,,09:00,17:00,WAY-174,Footwear,Men's Sandals V6,pairs,32,4,28,12,0,13,in_stock
OUT063,,Waypoint Style,Matara,Peliyagoda,street,normal,,09:00,17:00,WAY-175,Footwear,Women's Sandals V6,pairs,44,6,38,22,0,15,in_stock
OUT063,,Waypoint Style,Matara,Peliyagoda,street,normal,,09:00,17:00,WAY-176,Footwear,Kids' Shoes V6,pairs,16,6,10,5,0,12,low_stock
OUT063,,Waypoint Style,Matara,Peliyagoda,street,normal,,09:00,17:00,WAY-177,Accessories,Backpack V6,pcs,22,1,21,8,0,10,in_stock
OUT063,,Waypoint Style,Matara,Peliyagoda,street,normal,,09:00,17:00,WAY-178,Accessories,Wallet V6,pcs,44,7,37,1,30,11,in_stock
OUT063,,Waypoint Style,Matara,Peliyagoda,street,normal,,09:00,17:00,WAY-179,Accessories,Cap V6,pcs,25,8,17,1,10,13,in_stock
OUT063,,Waypoint Style,Matara,Peliyagoda,street,normal,,09:00,17:00,WAY-180,Accessories,Belt V6,pcs,9,8,1,16,0,9,low_stock
OUT063,,Waypoint Style,Matara,Peliyagoda,street,normal,,09:00,17:00,WAY-181,Men,Men's T-Shirt V7,pcs,4,0,4,6,5,13,low_stock
OUT063,,Waypoint Style,Matara,Peliyagoda,street,normal,,09:00,17:00,WAY-182,Men,Men's Polo Shirt V7,pcs,38,4,34,10,0,12,in_stock
OUT063,,Waypoint Style,Matara,Peliyagoda,street,normal,,09:00,17:00,WAY-183,Men,Men's Casual Shirt V7,pcs,19,4,15,7,0,14,in_stock
OUT063,,Waypoint Style,Matara,Peliyagoda,street,normal,,09:00,17:00,WAY-184,Men,Men's Formal Shirt V7,pcs,11,2,9,5,20,12,low_stock
OUT063,,Waypoint Style,Matara,Peliyagoda,street,normal,,09:00,17:00,WAY-185,Men,Men's Jeans V7,pcs,32,0,32,3,20,9,in_stock
OUT063,,Waypoint Style,Matara,Peliyagoda,street,normal,,09:00,17:00,WAY-186,Men,Men's Chino V7,pcs,17,8,9,14,5,7,in_stock
OUT063,,Waypoint Style,Matara,Peliyagoda,street,normal,,09:00,17:00,WAY-187,Men,Men's Shorts V7,pcs,19,5,14,1,20,5,in_stock
OUT063,,Waypoint Style,Matara,Peliyagoda,street,normal,,09:00,17:00,WAY-188,Men,Men's Hoodie V7,pcs,23,5,18,9,0,13,in_stock
OUT063,,Waypoint Style,Matara,Peliyagoda,street,normal,,09:00,17:00,WAY-189,Men,Men's Jacket V7,pcs,35,5,30,9,0,6,in_stock
OUT063,,Waypoint Style,Matara,Peliyagoda,street,normal,,09:00,17:00,WAY-190,Women,Women's T-Shirt V7,pcs,43,1,42,17,30,17,in_stock
OUT063,,Waypoint Style,Matara,Peliyagoda,street,normal,,09:00,17:00,WAY-191,Women,Women's Blouse V7,pcs,42,5,37,5,20,8,in_stock
OUT063,,Waypoint Style,Matara,Peliyagoda,street,normal,,09:00,17:00,WAY-192,Women,Women's Dress V7,pcs,41,8,33,16,0,5,in_stock
OUT063,,Waypoint Style,Matara,Peliyagoda,street,normal,,09:00,17:00,WAY-193,Women,Women's Jeans V7,pcs,11,4,7,18,5,13,low_stock
OUT063,,Waypoint Style,Matara,Peliyagoda,street,normal,,09:00,17:00,WAY-194,Women,Women's Trousers V7,pcs,18,1,17,4,30,15,in_stock
OUT063,,Waypoint Style,Matara,Peliyagoda,street,normal,,09:00,17:00,WAY-195,Women,Women's Skirt V7,pcs,15,5,10,7,0,18,low_stock
OUT063,,Waypoint Style,Matara,Peliyagoda,street,normal,,09:00,17:00,WAY-196,Women,Women's Hoodie V7,pcs,31,2,29,1,0,10,in_stock
OUT063,,Waypoint Style,Matara,Peliyagoda,street,normal,,09:00,17:00,WAY-197,Women,Women's Jacket V7,pcs,9,4,5,21,20,10,low_stock
OUT063,,Waypoint Style,Matara,Peliyagoda,street,normal,,09:00,17:00,WAY-198,Kids,Kids T-Shirt V7,pcs,15,2,13,13,0,17,low_stock
OUT063,,Waypoint Style,Matara,Peliyagoda,street,normal,,09:00,17:00,WAY-199,Kids,Kids Jeans V7,pcs,16,8,8,5,30,7,in_stock
OUT063,,Waypoint Style,Matara,Peliyagoda,street,normal,,09:00,17:00,WAY-200,Kids,Kids Shorts V7,pcs,29,2,27,14,20,13,in_stock
OUT070,,Waypoint Style,Kurunegala,Peliyagoda,rear_dock,normal,,09:00,17:00,WAY-001,Men,Men's T-Shirt,pcs,38,6,32,13,10,10,in_stock
OUT070,,Waypoint Style,Kurunegala,Peliyagoda,rear_dock,normal,,09:00,17:00,WAY-002,Men,Men's Polo Shirt,pcs,31,8,23,19,10,8,in_stock
OUT070,,Waypoint Style,Kurunegala,Peliyagoda,rear_dock,normal,,09:00,17:00,WAY-003,Men,Men's Casual Shirt,pcs,20,4,16,11,0,15,in_stock
OUT070,,Waypoint Style,Kurunegala,Peliyagoda,rear_dock,normal,,09:00,17:00,WAY-004,Men,Men's Formal Shirt,pcs,4,2,2,18,0,5,low_stock
OUT070,,Waypoint Style,Kurunegala,Peliyagoda,rear_dock,normal,,09:00,17:00,WAY-005,Men,Men's Jeans,pcs,43,8,35,5,0,13,in_stock
OUT070,,Waypoint Style,Kurunegala,Peliyagoda,rear_dock,normal,,09:00,17:00,WAY-006,Men,Men's Chino,pcs,6,2,4,7,20,6,low_stock
OUT070,,Waypoint Style,Kurunegala,Peliyagoda,rear_dock,normal,,09:00,17:00,WAY-007,Men,Men's Shorts,pcs,7,2,5,13,20,16,low_stock
OUT070,,Waypoint Style,Kurunegala,Peliyagoda,rear_dock,normal,,09:00,17:00,WAY-008,Men,Men's Hoodie,pcs,35,0,35,9,0,8,in_stock
OUT070,,Waypoint Style,Kurunegala,Peliyagoda,rear_dock,normal,,09:00,17:00,WAY-009,Men,Men's Jacket,pcs,37,3,34,20,20,10,in_stock
OUT070,,Waypoint Style,Kurunegala,Peliyagoda,rear_dock,normal,,09:00,17:00,WAY-010,Women,Women's T-Shirt,pcs,23,3,20,8,20,11,in_stock
OUT070,,Waypoint Style,Kurunegala,Peliyagoda,rear_dock,normal,,09:00,17:00,WAY-011,Women,Women's Blouse,pcs,35,0,35,17,10,6,in_stock
OUT070,,Waypoint Style,Kurunegala,Peliyagoda,rear_dock,normal,,09:00,17:00,WAY-012,Women,Women's Dress,pcs,24,7,17,11,10,11,in_stock
OUT070,,Waypoint Style,Kurunegala,Peliyagoda,rear_dock,normal,,09:00,17:00,WAY-013,Women,Women's Jeans,pcs,21,3,18,18,0,8,in_stock
OUT070,,Waypoint Style,Kurunegala,Peliyagoda,rear_dock,normal,,09:00,17:00,WAY-014,Women,Women's Trousers,pcs,35,1,34,2,10,11,in_stock
OUT070,,Waypoint Style,Kurunegala,Peliyagoda,rear_dock,normal,,09:00,17:00,WAY-015,Women,Women's Skirt,pcs,40,4,36,22,20,16,in_stock
OUT070,,Waypoint Style,Kurunegala,Peliyagoda,rear_dock,normal,,09:00,17:00,WAY-016,Women,Women's Hoodie,pcs,4,0,4,10,10,11,low_stock
OUT070,,Waypoint Style,Kurunegala,Peliyagoda,rear_dock,normal,,09:00,17:00,WAY-017,Women,Women's Jacket,pcs,28,5,23,9,30,18,in_stock
OUT070,,Waypoint Style,Kurunegala,Peliyagoda,rear_dock,normal,,09:00,17:00,WAY-018,Kids,Kids T-Shirt,pcs,12,0,12,12,0,14,low_stock
OUT070,,Waypoint Style,Kurunegala,Peliyagoda,rear_dock,normal,,09:00,17:00,WAY-019,Kids,Kids Jeans,pcs,13,1,12,20,0,14,low_stock
OUT070,,Waypoint Style,Kurunegala,Peliyagoda,rear_dock,normal,,09:00,17:00,WAY-020,Kids,Kids Shorts,pcs,45,6,39,17,10,13,in_stock
OUT070,,Waypoint Style,Kurunegala,Peliyagoda,rear_dock,normal,,09:00,17:00,WAY-021,Kids,Kids Dress,pcs,7,4,3,18,30,14,low_stock
OUT070,,Waypoint Style,Kurunegala,Peliyagoda,rear_dock,normal,,09:00,17:00,WAY-022,Footwear,Men's Sneakers,pairs,15,8,7,21,10,10,low_stock
OUT070,,Waypoint Style,Kurunegala,Peliyagoda,rear_dock,normal,,09:00,17:00,WAY-023,Footwear,Women's Sneakers,pairs,20,8,12,1,30,11,in_stock
OUT070,,Waypoint Style,Kurunegala,Peliyagoda,rear_dock,normal,,09:00,17:00,WAY-024,Footwear,Men's Sandals,pairs,31,3,28,20,0,14,in_stock
OUT070,,Waypoint Style,Kurunegala,Peliyagoda,rear_dock,normal,,09:00,17:00,WAY-025,Footwear,Women's Sandals,pairs,11,0,11,21,30,9,in_stock
OUT070,,Waypoint Style,Kurunegala,Peliyagoda,rear_dock,normal,,09:00,17:00,WAY-026,Footwear,Kids' Shoes,pairs,17,0,17,2,0,14,in_stock
OUT070,,Waypoint Style,Kurunegala,Peliyagoda,rear_dock,normal,,09:00,17:00,WAY-027,Accessories,Backpack,pcs,34,5,29,16,20,5,in_stock
OUT070,,Waypoint Style,Kurunegala,Peliyagoda,rear_dock,normal,,09:00,17:00,WAY-028,Accessories,Wallet,pcs,27,8,19,9,30,12,in_stock
OUT070,,Waypoint Style,Kurunegala,Peliyagoda,rear_dock,normal,,09:00,17:00,WAY-029,Accessories,Cap,pcs,18,8,10,3,5,17,low_stock
OUT070,,Waypoint Style,Kurunegala,Peliyagoda,rear_dock,normal,,09:00,17:00,WAY-030,Accessories,Belt,pcs,7,6,1,22,5,6,low_stock
OUT070,,Waypoint Style,Kurunegala,Peliyagoda,rear_dock,normal,,09:00,17:00,WAY-031,Men,Men's T-Shirt V2,pcs,27,6,21,18,20,15,in_stock
OUT070,,Waypoint Style,Kurunegala,Peliyagoda,rear_dock,normal,,09:00,17:00,WAY-032,Men,Men's Polo Shirt V2,pcs,44,5,39,18,10,8,in_stock
OUT070,,Waypoint Style,Kurunegala,Peliyagoda,rear_dock,normal,,09:00,17:00,WAY-033,Men,Men's Casual Shirt V2,pcs,21,3,18,9,0,13,in_stock
OUT070,,Waypoint Style,Kurunegala,Peliyagoda,rear_dock,normal,,09:00,17:00,WAY-034,Men,Men's Formal Shirt V2,pcs,9,0,9,14,10,7,in_stock
OUT070,,Waypoint Style,Kurunegala,Peliyagoda,rear_dock,normal,,09:00,17:00,WAY-035,Men,Men's Jeans V2,pcs,24,3,21,8,20,9,in_stock
OUT070,,Waypoint Style,Kurunegala,Peliyagoda,rear_dock,normal,,09:00,17:00,WAY-036,Men,Men's Chino V2,pcs,36,7,29,21,20,17,in_stock
OUT070,,Waypoint Style,Kurunegala,Peliyagoda,rear_dock,normal,,09:00,17:00,WAY-037,Men,Men's Shorts V2,pcs,5,3,2,17,30,16,low_stock
OUT070,,Waypoint Style,Kurunegala,Peliyagoda,rear_dock,normal,,09:00,17:00,WAY-038,Men,Men's Hoodie V2,pcs,22,0,22,9,0,8,in_stock
OUT070,,Waypoint Style,Kurunegala,Peliyagoda,rear_dock,normal,,09:00,17:00,WAY-039,Men,Men's Jacket V2,pcs,25,1,24,14,30,5,in_stock
OUT070,,Waypoint Style,Kurunegala,Peliyagoda,rear_dock,normal,,09:00,17:00,WAY-040,Women,Women's T-Shirt V2,pcs,25,7,18,18,0,14,in_stock
OUT070,,Waypoint Style,Kurunegala,Peliyagoda,rear_dock,normal,,09:00,17:00,WAY-041,Women,Women's Blouse V2,pcs,32,5,27,9,20,12,in_stock
OUT070,,Waypoint Style,Kurunegala,Peliyagoda,rear_dock,normal,,09:00,17:00,WAY-042,Women,Women's Dress V2,pcs,32,2,30,18,10,10,in_stock
OUT070,,Waypoint Style,Kurunegala,Peliyagoda,rear_dock,normal,,09:00,17:00,WAY-043,Women,Women's Jeans V2,pcs,21,2,19,16,0,15,in_stock
OUT070,,Waypoint Style,Kurunegala,Peliyagoda,rear_dock,normal,,09:00,17:00,WAY-044,Women,Women's Trousers V2,pcs,11,5,6,16,20,6,low_stock
OUT070,,Waypoint Style,Kurunegala,Peliyagoda,rear_dock,normal,,09:00,17:00,WAY-045,Women,Women's Skirt V2,pcs,45,4,41,13,10,8,in_stock
OUT070,,Waypoint Style,Kurunegala,Peliyagoda,rear_dock,normal,,09:00,17:00,WAY-046,Women,Women's Hoodie V2,pcs,15,8,7,9,0,18,low_stock
OUT070,,Waypoint Style,Kurunegala,Peliyagoda,rear_dock,normal,,09:00,17:00,WAY-047,Women,Women's Jacket V2,pcs,38,8,30,17,0,6,in_stock
OUT070,,Waypoint Style,Kurunegala,Peliyagoda,rear_dock,normal,,09:00,17:00,WAY-048,Kids,Kids T-Shirt V2,pcs,4,4,0,2,5,13,out_of_stock
OUT070,,Waypoint Style,Kurunegala,Peliyagoda,rear_dock,normal,,09:00,17:00,WAY-049,Kids,Kids Jeans V2,pcs,45,7,38,22,0,18,in_stock
OUT070,,Waypoint Style,Kurunegala,Peliyagoda,rear_dock,normal,,09:00,17:00,WAY-050,Kids,Kids Shorts V2,pcs,16,8,8,18,30,7,in_stock
OUT070,,Waypoint Style,Kurunegala,Peliyagoda,rear_dock,normal,,09:00,17:00,WAY-051,Kids,Kids Dress V2,pcs,37,8,29,9,10,9,in_stock
OUT070,,Waypoint Style,Kurunegala,Peliyagoda,rear_dock,normal,,09:00,17:00,WAY-052,Footwear,Men's Sneakers V2,pairs,24,0,24,8,5,14,in_stock
OUT070,,Waypoint Style,Kurunegala,Peliyagoda,rear_dock,normal,,09:00,17:00,WAY-053,Footwear,Women's Sneakers V2,pairs,43,1,42,4,20,15,in_stock
OUT070,,Waypoint Style,Kurunegala,Peliyagoda,rear_dock,normal,,09:00,17:00,WAY-054,Footwear,Men's Sandals V2,pairs,17,3,14,20,5,16,low_stock
OUT070,,Waypoint Style,Kurunegala,Peliyagoda,rear_dock,normal,,09:00,17:00,WAY-055,Footwear,Women's Sandals V2,pairs,6,0,6,5,20,10,low_stock
OUT070,,Waypoint Style,Kurunegala,Peliyagoda,rear_dock,normal,,09:00,17:00,WAY-056,Footwear,Kids' Shoes V2,pairs,12,3,9,22,0,8,in_stock
OUT070,,Waypoint Style,Kurunegala,Peliyagoda,rear_dock,normal,,09:00,17:00,WAY-057,Accessories,Backpack V2,pcs,36,3,33,22,30,8,in_stock
OUT070,,Waypoint Style,Kurunegala,Peliyagoda,rear_dock,normal,,09:00,17:00,WAY-058,Accessories,Wallet V2,pcs,10,1,9,16,10,14,low_stock
OUT070,,Waypoint Style,Kurunegala,Peliyagoda,rear_dock,normal,,09:00,17:00,WAY-059,Accessories,Cap V2,pcs,37,2,35,12,20,15,in_stock
OUT070,,Waypoint Style,Kurunegala,Peliyagoda,rear_dock,normal,,09:00,17:00,WAY-060,Accessories,Belt V2,pcs,5,1,4,9,5,11,low_stock
OUT070,,Waypoint Style,Kurunegala,Peliyagoda,rear_dock,normal,,09:00,17:00,WAY-061,Men,Men's T-Shirt V3,pcs,39,7,32,9,20,5,in_stock
OUT070,,Waypoint Style,Kurunegala,Peliyagoda,rear_dock,normal,,09:00,17:00,WAY-062,Men,Men's Polo Shirt V3,pcs,28,4,24,14,20,11,in_stock
OUT070,,Waypoint Style,Kurunegala,Peliyagoda,rear_dock,normal,,09:00,17:00,WAY-063,Men,Men's Casual Shirt V3,pcs,22,8,14,12,5,18,low_stock
OUT070,,Waypoint Style,Kurunegala,Peliyagoda,rear_dock,normal,,09:00,17:00,WAY-064,Men,Men's Formal Shirt V3,pcs,15,4,11,20,0,9,in_stock
OUT070,,Waypoint Style,Kurunegala,Peliyagoda,rear_dock,normal,,09:00,17:00,WAY-065,Men,Men's Jeans V3,pcs,31,8,23,22,20,5,in_stock
OUT070,,Waypoint Style,Kurunegala,Peliyagoda,rear_dock,normal,,09:00,17:00,WAY-066,Men,Men's Chino V3,pcs,21,3,18,11,30,18,low_stock
OUT070,,Waypoint Style,Kurunegala,Peliyagoda,rear_dock,normal,,09:00,17:00,WAY-067,Men,Men's Shorts V3,pcs,13,8,5,19,10,14,low_stock
OUT070,,Waypoint Style,Kurunegala,Peliyagoda,rear_dock,normal,,09:00,17:00,WAY-068,Men,Men's Hoodie V3,pcs,38,2,36,9,5,17,in_stock
OUT070,,Waypoint Style,Kurunegala,Peliyagoda,rear_dock,normal,,09:00,17:00,WAY-069,Men,Men's Jacket V3,pcs,18,1,17,9,0,13,in_stock
OUT070,,Waypoint Style,Kurunegala,Peliyagoda,rear_dock,normal,,09:00,17:00,WAY-070,Women,Women's T-Shirt V3,pcs,33,2,31,12,5,16,in_stock
OUT070,,Waypoint Style,Kurunegala,Peliyagoda,rear_dock,normal,,09:00,17:00,WAY-071,Women,Women's Blouse V3,pcs,20,4,16,22,10,5,in_stock
OUT070,,Waypoint Style,Kurunegala,Peliyagoda,rear_dock,normal,,09:00,17:00,WAY-072,Women,Women's Dress V3,pcs,40,0,40,21,10,16,in_stock
OUT070,,Waypoint Style,Kurunegala,Peliyagoda,rear_dock,normal,,09:00,17:00,WAY-073,Women,Women's Jeans V3,pcs,7,3,4,17,20,6,low_stock
OUT070,,Waypoint Style,Kurunegala,Peliyagoda,rear_dock,normal,,09:00,17:00,WAY-074,Women,Women's Trousers V3,pcs,27,7,20,19,0,14,in_stock
OUT070,,Waypoint Style,Kurunegala,Peliyagoda,rear_dock,normal,,09:00,17:00,WAY-075,Women,Women's Skirt V3,pcs,16,3,13,11,0,14,low_stock
OUT070,,Waypoint Style,Kurunegala,Peliyagoda,rear_dock,normal,,09:00,17:00,WAY-076,Women,Women's Hoodie V3,pcs,23,1,22,11,0,10,in_stock
OUT070,,Waypoint Style,Kurunegala,Peliyagoda,rear_dock,normal,,09:00,17:00,WAY-077,Women,Women's Jacket V3,pcs,44,7,37,13,30,10,in_stock
OUT070,,Waypoint Style,Kurunegala,Peliyagoda,rear_dock,normal,,09:00,17:00,WAY-078,Kids,Kids T-Shirt V3,pcs,36,5,31,3,5,6,in_stock
OUT070,,Waypoint Style,Kurunegala,Peliyagoda,rear_dock,normal,,09:00,17:00,WAY-079,Kids,Kids Jeans V3,pcs,42,1,41,18,0,13,in_stock
OUT070,,Waypoint Style,Kurunegala,Peliyagoda,rear_dock,normal,,09:00,17:00,WAY-080,Kids,Kids Shorts V3,pcs,20,5,15,22,30,16,low_stock
OUT070,,Waypoint Style,Kurunegala,Peliyagoda,rear_dock,normal,,09:00,17:00,WAY-081,Kids,Kids Dress V3,pcs,25,1,24,11,5,5,in_stock
OUT070,,Waypoint Style,Kurunegala,Peliyagoda,rear_dock,normal,,09:00,17:00,WAY-082,Footwear,Men's Sneakers V3,pairs,40,5,35,11,5,10,in_stock
OUT070,,Waypoint Style,Kurunegala,Peliyagoda,rear_dock,normal,,09:00,17:00,WAY-083,Footwear,Women's Sneakers V3,pairs,43,6,37,13,30,18,in_stock
OUT070,,Waypoint Style,Kurunegala,Peliyagoda,rear_dock,normal,,09:00,17:00,WAY-084,Footwear,Men's Sandals V3,pairs,17,6,11,15,30,7,in_stock
OUT070,,Waypoint Style,Kurunegala,Peliyagoda,rear_dock,normal,,09:00,17:00,WAY-085,Footwear,Women's Sandals V3,pairs,30,4,26,10,20,7,in_stock
OUT070,,Waypoint Style,Kurunegala,Peliyagoda,rear_dock,normal,,09:00,17:00,WAY-086,Footwear,Kids' Shoes V3,pairs,13,7,6,2,0,17,low_stock
OUT070,,Waypoint Style,Kurunegala,Peliyagoda,rear_dock,normal,,09:00,17:00,WAY-087,Accessories,Backpack V3,pcs,11,5,6,2,10,17,low_stock
OUT070,,Waypoint Style,Kurunegala,Peliyagoda,rear_dock,normal,,09:00,17:00,WAY-088,Accessories,Wallet V3,pcs,31,6,25,12,5,6,in_stock
OUT070,,Waypoint Style,Kurunegala,Peliyagoda,rear_dock,normal,,09:00,17:00,WAY-089,Accessories,Cap V3,pcs,10,2,8,9,5,14,low_stock
OUT070,,Waypoint Style,Kurunegala,Peliyagoda,rear_dock,normal,,09:00,17:00,WAY-090,Accessories,Belt V3,pcs,37,6,31,18,10,6,in_stock
OUT070,,Waypoint Style,Kurunegala,Peliyagoda,rear_dock,normal,,09:00,17:00,WAY-091,Men,Men's T-Shirt V4,pcs,18,2,16,9,10,12,in_stock
OUT070,,Waypoint Style,Kurunegala,Peliyagoda,rear_dock,normal,,09:00,17:00,WAY-092,Men,Men's Polo Shirt V4,pcs,17,8,9,9,5,18,low_stock
OUT070,,Waypoint Style,Kurunegala,Peliyagoda,rear_dock,normal,,09:00,17:00,WAY-093,Men,Men's Casual Shirt V4,pcs,16,7,9,18,0,12,low_stock
OUT070,,Waypoint Style,Kurunegala,Peliyagoda,rear_dock,normal,,09:00,17:00,WAY-094,Men,Men's Formal Shirt V4,pcs,44,5,39,22,0,16,in_stock
OUT070,,Waypoint Style,Kurunegala,Peliyagoda,rear_dock,normal,,09:00,17:00,WAY-095,Men,Men's Jeans V4,pcs,17,7,10,5,20,14,low_stock
OUT070,,Waypoint Style,Kurunegala,Peliyagoda,rear_dock,normal,,09:00,17:00,WAY-096,Men,Men's Chino V4,pcs,17,2,15,16,30,5,in_stock
OUT070,,Waypoint Style,Kurunegala,Peliyagoda,rear_dock,normal,,09:00,17:00,WAY-097,Men,Men's Shorts V4,pcs,35,5,30,9,0,6,in_stock
OUT070,,Waypoint Style,Kurunegala,Peliyagoda,rear_dock,normal,,09:00,17:00,WAY-098,Men,Men's Hoodie V4,pcs,27,2,25,9,0,5,in_stock
OUT070,,Waypoint Style,Kurunegala,Peliyagoda,rear_dock,normal,,09:00,17:00,WAY-099,Men,Men's Jacket V4,pcs,32,7,25,5,20,5,in_stock
OUT070,,Waypoint Style,Kurunegala,Peliyagoda,rear_dock,normal,,09:00,17:00,WAY-100,Women,Women's T-Shirt V4,pcs,18,2,16,10,0,15,in_stock
OUT070,,Waypoint Style,Kurunegala,Peliyagoda,rear_dock,normal,,09:00,17:00,WAY-101,Women,Women's Blouse V4,pcs,24,1,23,1,0,18,in_stock
OUT070,,Waypoint Style,Kurunegala,Peliyagoda,rear_dock,normal,,09:00,17:00,WAY-102,Women,Women's Dress V4,pcs,44,8,36,5,5,11,in_stock
OUT070,,Waypoint Style,Kurunegala,Peliyagoda,rear_dock,normal,,09:00,17:00,WAY-103,Women,Women's Jeans V4,pcs,32,8,24,17,5,8,in_stock
OUT070,,Waypoint Style,Kurunegala,Peliyagoda,rear_dock,normal,,09:00,17:00,WAY-104,Women,Women's Trousers V4,pcs,41,8,33,18,0,6,in_stock
OUT070,,Waypoint Style,Kurunegala,Peliyagoda,rear_dock,normal,,09:00,17:00,WAY-105,Women,Women's Skirt V4,pcs,18,6,12,2,0,10,in_stock
OUT070,,Waypoint Style,Kurunegala,Peliyagoda,rear_dock,normal,,09:00,17:00,WAY-106,Women,Women's Hoodie V4,pcs,26,2,24,18,20,9,in_stock
OUT070,,Waypoint Style,Kurunegala,Peliyagoda,rear_dock,normal,,09:00,17:00,WAY-107,Women,Women's Jacket V4,pcs,43,3,40,22,0,17,in_stock
OUT070,,Waypoint Style,Kurunegala,Peliyagoda,rear_dock,normal,,09:00,17:00,WAY-108,Kids,Kids T-Shirt V4,pcs,7,3,4,18,30,8,low_stock
OUT070,,Waypoint Style,Kurunegala,Peliyagoda,rear_dock,normal,,09:00,17:00,WAY-109,Kids,Kids Jeans V4,pcs,22,2,20,9,0,13,in_stock
OUT070,,Waypoint Style,Kurunegala,Peliyagoda,rear_dock,normal,,09:00,17:00,WAY-110,Kids,Kids Shorts V4,pcs,21,6,15,8,5,16,low_stock
OUT070,,Waypoint Style,Kurunegala,Peliyagoda,rear_dock,normal,,09:00,17:00,WAY-111,Kids,Kids Dress V4,pcs,26,2,24,6,0,5,in_stock
OUT070,,Waypoint Style,Kurunegala,Peliyagoda,rear_dock,normal,,09:00,17:00,WAY-112,Footwear,Men's Sneakers V4,pairs,44,4,40,12,0,18,in_stock
OUT070,,Waypoint Style,Kurunegala,Peliyagoda,rear_dock,normal,,09:00,17:00,WAY-113,Footwear,Women's Sneakers V4,pairs,11,6,5,15,0,15,low_stock
OUT070,,Waypoint Style,Kurunegala,Peliyagoda,rear_dock,normal,,09:00,17:00,WAY-114,Footwear,Men's Sandals V4,pairs,7,4,3,5,0,7,low_stock
OUT070,,Waypoint Style,Kurunegala,Peliyagoda,rear_dock,normal,,09:00,17:00,WAY-115,Footwear,Women's Sandals V4,pairs,29,2,27,19,0,16,in_stock
OUT070,,Waypoint Style,Kurunegala,Peliyagoda,rear_dock,normal,,09:00,17:00,WAY-116,Footwear,Kids' Shoes V4,pairs,23,0,23,13,0,7,in_stock
OUT070,,Waypoint Style,Kurunegala,Peliyagoda,rear_dock,normal,,09:00,17:00,WAY-117,Accessories,Backpack V4,pcs,40,0,40,15,5,12,in_stock
OUT070,,Waypoint Style,Kurunegala,Peliyagoda,rear_dock,normal,,09:00,17:00,WAY-118,Accessories,Wallet V4,pcs,15,8,7,6,0,5,in_stock
OUT070,,Waypoint Style,Kurunegala,Peliyagoda,rear_dock,normal,,09:00,17:00,WAY-119,Accessories,Cap V4,pcs,25,6,19,9,0,16,in_stock
OUT070,,Waypoint Style,Kurunegala,Peliyagoda,rear_dock,normal,,09:00,17:00,WAY-120,Accessories,Belt V4,pcs,45,8,37,21,30,8,in_stock
OUT070,,Waypoint Style,Kurunegala,Peliyagoda,rear_dock,normal,,09:00,17:00,WAY-121,Men,Men's T-Shirt V5,pcs,23,7,16,17,20,12,in_stock
OUT070,,Waypoint Style,Kurunegala,Peliyagoda,rear_dock,normal,,09:00,17:00,WAY-122,Men,Men's Polo Shirt V5,pcs,13,0,13,14,10,6,in_stock
OUT070,,Waypoint Style,Kurunegala,Peliyagoda,rear_dock,normal,,09:00,17:00,WAY-123,Men,Men's Casual Shirt V5,pcs,33,1,32,7,10,16,in_stock
OUT070,,Waypoint Style,Kurunegala,Peliyagoda,rear_dock,normal,,09:00,17:00,WAY-124,Men,Men's Formal Shirt V5,pcs,12,2,10,8,0,11,low_stock
OUT070,,Waypoint Style,Kurunegala,Peliyagoda,rear_dock,normal,,09:00,17:00,WAY-125,Men,Men's Jeans V5,pcs,14,3,11,18,5,18,low_stock
OUT070,,Waypoint Style,Kurunegala,Peliyagoda,rear_dock,normal,,09:00,17:00,WAY-126,Men,Men's Chino V5,pcs,10,4,6,4,5,17,low_stock
OUT070,,Waypoint Style,Kurunegala,Peliyagoda,rear_dock,normal,,09:00,17:00,WAY-127,Men,Men's Shorts V5,pcs,11,4,7,11,5,6,in_stock
OUT070,,Waypoint Style,Kurunegala,Peliyagoda,rear_dock,normal,,09:00,17:00,WAY-128,Men,Men's Hoodie V5,pcs,45,5,40,21,0,5,in_stock
OUT070,,Waypoint Style,Kurunegala,Peliyagoda,rear_dock,normal,,09:00,17:00,WAY-129,Men,Men's Jacket V5,pcs,8,7,1,8,0,7,low_stock
OUT070,,Waypoint Style,Kurunegala,Peliyagoda,rear_dock,normal,,09:00,17:00,WAY-130,Women,Women's T-Shirt V5,pcs,30,3,27,11,0,7,in_stock
OUT070,,Waypoint Style,Kurunegala,Peliyagoda,rear_dock,normal,,09:00,17:00,WAY-131,Women,Women's Blouse V5,pcs,27,6,21,3,20,9,in_stock
OUT070,,Waypoint Style,Kurunegala,Peliyagoda,rear_dock,normal,,09:00,17:00,WAY-132,Women,Women's Dress V5,pcs,8,6,2,13,5,7,low_stock
OUT070,,Waypoint Style,Kurunegala,Peliyagoda,rear_dock,normal,,09:00,17:00,WAY-133,Women,Women's Jeans V5,pcs,24,7,17,10,30,12,in_stock
OUT070,,Waypoint Style,Kurunegala,Peliyagoda,rear_dock,normal,,09:00,17:00,WAY-134,Women,Women's Trousers V5,pcs,30,4,26,10,20,8,in_stock
OUT070,,Waypoint Style,Kurunegala,Peliyagoda,rear_dock,normal,,09:00,17:00,WAY-135,Women,Women's Skirt V5,pcs,17,1,16,1,20,7,in_stock
OUT070,,Waypoint Style,Kurunegala,Peliyagoda,rear_dock,normal,,09:00,17:00,WAY-136,Women,Women's Hoodie V5,pcs,26,3,23,13,30,6,in_stock
OUT070,,Waypoint Style,Kurunegala,Peliyagoda,rear_dock,normal,,09:00,17:00,WAY-137,Women,Women's Jacket V5,pcs,12,5,7,9,0,12,low_stock
OUT070,,Waypoint Style,Kurunegala,Peliyagoda,rear_dock,normal,,09:00,17:00,WAY-138,Kids,Kids T-Shirt V5,pcs,12,2,10,14,0,18,low_stock
OUT070,,Waypoint Style,Kurunegala,Peliyagoda,rear_dock,normal,,09:00,17:00,WAY-139,Kids,Kids Jeans V5,pcs,10,7,3,12,20,12,low_stock
OUT070,,Waypoint Style,Kurunegala,Peliyagoda,rear_dock,normal,,09:00,17:00,WAY-140,Kids,Kids Shorts V5,pcs,37,1,36,15,10,9,in_stock
OUT070,,Waypoint Style,Kurunegala,Peliyagoda,rear_dock,normal,,09:00,17:00,WAY-141,Kids,Kids Dress V5,pcs,39,7,32,12,10,17,in_stock
OUT070,,Waypoint Style,Kurunegala,Peliyagoda,rear_dock,normal,,09:00,17:00,WAY-142,Footwear,Men's Sneakers V5,pairs,9,2,7,1,30,5,in_stock
OUT070,,Waypoint Style,Kurunegala,Peliyagoda,rear_dock,normal,,09:00,17:00,WAY-143,Footwear,Women's Sneakers V5,pairs,27,6,21,11,10,5,in_stock
OUT070,,Waypoint Style,Kurunegala,Peliyagoda,rear_dock,normal,,09:00,17:00,WAY-144,Footwear,Men's Sandals V5,pairs,30,7,23,4,0,10,in_stock
OUT070,,Waypoint Style,Kurunegala,Peliyagoda,rear_dock,normal,,09:00,17:00,WAY-145,Footwear,Women's Sandals V5,pairs,40,0,40,1,30,8,in_stock
OUT070,,Waypoint Style,Kurunegala,Peliyagoda,rear_dock,normal,,09:00,17:00,WAY-146,Footwear,Kids' Shoes V5,pairs,7,0,7,5,5,9,low_stock
OUT070,,Waypoint Style,Kurunegala,Peliyagoda,rear_dock,normal,,09:00,17:00,WAY-147,Accessories,Backpack V5,pcs,13,1,12,3,10,6,in_stock
OUT070,,Waypoint Style,Kurunegala,Peliyagoda,rear_dock,normal,,09:00,17:00,WAY-148,Accessories,Wallet V5,pcs,37,1,36,11,30,5,in_stock
OUT070,,Waypoint Style,Kurunegala,Peliyagoda,rear_dock,normal,,09:00,17:00,WAY-149,Accessories,Cap V5,pcs,29,1,28,4,0,12,in_stock
OUT070,,Waypoint Style,Kurunegala,Peliyagoda,rear_dock,normal,,09:00,17:00,WAY-150,Accessories,Belt V5,pcs,41,8,33,20,10,12,in_stock
OUT070,,Waypoint Style,Kurunegala,Peliyagoda,rear_dock,normal,,09:00,17:00,WAY-151,Men,Men's T-Shirt V6,pcs,40,3,37,3,0,6,in_stock
OUT070,,Waypoint Style,Kurunegala,Peliyagoda,rear_dock,normal,,09:00,17:00,WAY-152,Men,Men's Polo Shirt V6,pcs,24,2,22,14,20,9,in_stock
OUT070,,Waypoint Style,Kurunegala,Peliyagoda,rear_dock,normal,,09:00,17:00,WAY-153,Men,Men's Casual Shirt V6,pcs,24,5,19,14,0,10,in_stock
OUT070,,Waypoint Style,Kurunegala,Peliyagoda,rear_dock,normal,,09:00,17:00,WAY-154,Men,Men's Formal Shirt V6,pcs,18,7,11,18,0,14,low_stock
OUT070,,Waypoint Style,Kurunegala,Peliyagoda,rear_dock,normal,,09:00,17:00,WAY-155,Men,Men's Jeans V6,pcs,27,6,21,20,10,10,in_stock
OUT070,,Waypoint Style,Kurunegala,Peliyagoda,rear_dock,normal,,09:00,17:00,WAY-156,Men,Men's Chino V6,pcs,14,2,12,7,0,17,low_stock
OUT070,,Waypoint Style,Kurunegala,Peliyagoda,rear_dock,normal,,09:00,17:00,WAY-157,Men,Men's Shorts V6,pcs,17,2,15,18,20,10,in_stock
OUT070,,Waypoint Style,Kurunegala,Peliyagoda,rear_dock,normal,,09:00,17:00,WAY-158,Men,Men's Hoodie V6,pcs,20,0,20,18,30,14,in_stock
OUT070,,Waypoint Style,Kurunegala,Peliyagoda,rear_dock,normal,,09:00,17:00,WAY-159,Men,Men's Jacket V6,pcs,34,7,27,13,0,8,in_stock
OUT070,,Waypoint Style,Kurunegala,Peliyagoda,rear_dock,normal,,09:00,17:00,WAY-160,Women,Women's T-Shirt V6,pcs,6,3,3,12,10,8,low_stock
OUT070,,Waypoint Style,Kurunegala,Peliyagoda,rear_dock,normal,,09:00,17:00,WAY-161,Women,Women's Blouse V6,pcs,7,6,1,17,5,7,low_stock
OUT070,,Waypoint Style,Kurunegala,Peliyagoda,rear_dock,normal,,09:00,17:00,WAY-162,Women,Women's Dress V6,pcs,26,3,23,5,20,8,in_stock
OUT070,,Waypoint Style,Kurunegala,Peliyagoda,rear_dock,normal,,09:00,17:00,WAY-163,Women,Women's Jeans V6,pcs,44,7,37,16,10,16,in_stock
OUT070,,Waypoint Style,Kurunegala,Peliyagoda,rear_dock,normal,,09:00,17:00,WAY-164,Women,Women's Trousers V6,pcs,32,0,32,22,0,17,in_stock
OUT070,,Waypoint Style,Kurunegala,Peliyagoda,rear_dock,normal,,09:00,17:00,WAY-165,Women,Women's Skirt V6,pcs,18,3,15,10,0,11,in_stock
OUT070,,Waypoint Style,Kurunegala,Peliyagoda,rear_dock,normal,,09:00,17:00,WAY-166,Women,Women's Hoodie V6,pcs,22,6,16,15,30,14,in_stock
OUT070,,Waypoint Style,Kurunegala,Peliyagoda,rear_dock,normal,,09:00,17:00,WAY-167,Women,Women's Jacket V6,pcs,25,1,24,18,0,13,in_stock
OUT070,,Waypoint Style,Kurunegala,Peliyagoda,rear_dock,normal,,09:00,17:00,WAY-168,Kids,Kids T-Shirt V6,pcs,7,1,6,2,0,18,low_stock
OUT070,,Waypoint Style,Kurunegala,Peliyagoda,rear_dock,normal,,09:00,17:00,WAY-169,Kids,Kids Jeans V6,pcs,9,1,8,20,5,11,low_stock
OUT070,,Waypoint Style,Kurunegala,Peliyagoda,rear_dock,normal,,09:00,17:00,WAY-170,Kids,Kids Shorts V6,pcs,15,6,9,18,0,12,low_stock
OUT070,,Waypoint Style,Kurunegala,Peliyagoda,rear_dock,normal,,09:00,17:00,WAY-171,Kids,Kids Dress V6,pcs,43,5,38,16,0,15,in_stock
OUT070,,Waypoint Style,Kurunegala,Peliyagoda,rear_dock,normal,,09:00,17:00,WAY-172,Footwear,Men's Sneakers V6,pairs,22,4,18,1,10,6,in_stock
OUT070,,Waypoint Style,Kurunegala,Peliyagoda,rear_dock,normal,,09:00,17:00,WAY-173,Footwear,Women's Sneakers V6,pairs,44,5,39,9,0,18,in_stock
OUT070,,Waypoint Style,Kurunegala,Peliyagoda,rear_dock,normal,,09:00,17:00,WAY-174,Footwear,Men's Sandals V6,pairs,34,5,29,6,10,10,in_stock
OUT070,,Waypoint Style,Kurunegala,Peliyagoda,rear_dock,normal,,09:00,17:00,WAY-175,Footwear,Women's Sandals V6,pairs,24,8,16,13,10,7,in_stock
OUT070,,Waypoint Style,Kurunegala,Peliyagoda,rear_dock,normal,,09:00,17:00,WAY-176,Footwear,Kids' Shoes V6,pairs,18,8,10,8,10,17,low_stock
OUT070,,Waypoint Style,Kurunegala,Peliyagoda,rear_dock,normal,,09:00,17:00,WAY-177,Accessories,Backpack V6,pcs,33,2,31,8,5,13,in_stock
OUT070,,Waypoint Style,Kurunegala,Peliyagoda,rear_dock,normal,,09:00,17:00,WAY-178,Accessories,Wallet V6,pcs,5,3,2,6,0,6,low_stock
OUT070,,Waypoint Style,Kurunegala,Peliyagoda,rear_dock,normal,,09:00,17:00,WAY-179,Accessories,Cap V6,pcs,22,4,18,11,0,10,in_stock
OUT070,,Waypoint Style,Kurunegala,Peliyagoda,rear_dock,normal,,09:00,17:00,WAY-180,Accessories,Belt V6,pcs,32,0,32,9,0,18,in_stock
OUT070,,Waypoint Style,Kurunegala,Peliyagoda,rear_dock,normal,,09:00,17:00,WAY-181,Men,Men's T-Shirt V7,pcs,11,3,8,1,30,17,low_stock
OUT070,,Waypoint Style,Kurunegala,Peliyagoda,rear_dock,normal,,09:00,17:00,WAY-182,Men,Men's Polo Shirt V7,pcs,26,3,23,8,10,10,in_stock
OUT070,,Waypoint Style,Kurunegala,Peliyagoda,rear_dock,normal,,09:00,17:00,WAY-183,Men,Men's Casual Shirt V7,pcs,7,2,5,8,0,7,low_stock
OUT070,,Waypoint Style,Kurunegala,Peliyagoda,rear_dock,normal,,09:00,17:00,WAY-184,Men,Men's Formal Shirt V7,pcs,40,4,36,4,30,17,in_stock
OUT070,,Waypoint Style,Kurunegala,Peliyagoda,rear_dock,normal,,09:00,17:00,WAY-185,Men,Men's Jeans V7,pcs,4,3,1,3,0,18,low_stock
OUT070,,Waypoint Style,Kurunegala,Peliyagoda,rear_dock,normal,,09:00,17:00,WAY-186,Men,Men's Chino V7,pcs,11,7,4,1,0,18,low_stock
OUT070,,Waypoint Style,Kurunegala,Peliyagoda,rear_dock,normal,,09:00,17:00,WAY-187,Men,Men's Shorts V7,pcs,26,8,18,8,20,10,in_stock
OUT070,,Waypoint Style,Kurunegala,Peliyagoda,rear_dock,normal,,09:00,17:00,WAY-188,Men,Men's Hoodie V7,pcs,19,6,13,15,0,6,in_stock
OUT070,,Waypoint Style,Kurunegala,Peliyagoda,rear_dock,normal,,09:00,17:00,WAY-189,Men,Men's Jacket V7,pcs,5,0,5,9,0,10,low_stock
OUT070,,Waypoint Style,Kurunegala,Peliyagoda,rear_dock,normal,,09:00,17:00,WAY-190,Women,Women's T-Shirt V7,pcs,4,2,2,14,0,14,low_stock
OUT070,,Waypoint Style,Kurunegala,Peliyagoda,rear_dock,normal,,09:00,17:00,WAY-191,Women,Women's Blouse V7,pcs,40,6,34,6,30,10,in_stock
OUT070,,Waypoint Style,Kurunegala,Peliyagoda,rear_dock,normal,,09:00,17:00,WAY-192,Women,Women's Dress V7,pcs,39,3,36,18,30,10,in_stock
OUT070,,Waypoint Style,Kurunegala,Peliyagoda,rear_dock,normal,,09:00,17:00,WAY-193,Women,Women's Jeans V7,pcs,43,6,37,14,10,6,in_stock
OUT070,,Waypoint Style,Kurunegala,Peliyagoda,rear_dock,normal,,09:00,17:00,WAY-194,Women,Women's Trousers V7,pcs,40,3,37,6,30,6,in_stock
OUT070,,Waypoint Style,Kurunegala,Peliyagoda,rear_dock,normal,,09:00,17:00,WAY-195,Women,Women's Skirt V7,pcs,44,3,41,11,30,15,in_stock
OUT070,,Waypoint Style,Kurunegala,Peliyagoda,rear_dock,normal,,09:00,17:00,WAY-196,Women,Women's Hoodie V7,pcs,41,4,37,8,0,8,in_stock
OUT070,,Waypoint Style,Kurunegala,Peliyagoda,rear_dock,normal,,09:00,17:00,WAY-197,Women,Women's Jacket V7,pcs,38,6,32,19,20,6,in_stock
OUT070,,Waypoint Style,Kurunegala,Peliyagoda,rear_dock,normal,,09:00,17:00,WAY-198,Kids,Kids T-Shirt V7,pcs,20,3,17,15,20,11,in_stock
OUT070,,Waypoint Style,Kurunegala,Peliyagoda,rear_dock,normal,,09:00,17:00,WAY-199,Kids,Kids Jeans V7,pcs,12,3,9,9,0,18,low_stock
OUT070,,Waypoint Style,Kurunegala,Peliyagoda,rear_dock,normal,,09:00,17:00,WAY-200,Kids,Kids Shorts V7,pcs,44,4,40,15,20,5,in_stock
OUT071,,Waypoint Style,Kurunegala,Peliyagoda,street,normal,,09:00,17:00,WAY-001,Men,Men's T-Shirt,pcs,35,3,32,2,20,10,in_stock
OUT071,,Waypoint Style,Kurunegala,Peliyagoda,street,normal,,09:00,17:00,WAY-002,Men,Men's Polo Shirt,pcs,39,7,32,8,10,17,in_stock
OUT071,,Waypoint Style,Kurunegala,Peliyagoda,street,normal,,09:00,17:00,WAY-003,Men,Men's Casual Shirt,pcs,23,0,23,7,0,10,in_stock
OUT071,,Waypoint Style,Kurunegala,Peliyagoda,street,normal,,09:00,17:00,WAY-004,Men,Men's Formal Shirt,pcs,13,0,13,8,30,11,in_stock
OUT071,,Waypoint Style,Kurunegala,Peliyagoda,street,normal,,09:00,17:00,WAY-005,Men,Men's Jeans,pcs,43,1,42,12,30,6,in_stock
OUT071,,Waypoint Style,Kurunegala,Peliyagoda,street,normal,,09:00,17:00,WAY-006,Men,Men's Chino,pcs,34,2,32,16,0,8,in_stock
OUT071,,Waypoint Style,Kurunegala,Peliyagoda,street,normal,,09:00,17:00,WAY-007,Men,Men's Shorts,pcs,21,3,18,16,10,5,in_stock
OUT071,,Waypoint Style,Kurunegala,Peliyagoda,street,normal,,09:00,17:00,WAY-008,Men,Men's Hoodie,pcs,22,0,22,1,10,15,in_stock
OUT071,,Waypoint Style,Kurunegala,Peliyagoda,street,normal,,09:00,17:00,WAY-009,Men,Men's Jacket,pcs,22,1,21,5,0,15,in_stock
OUT071,,Waypoint Style,Kurunegala,Peliyagoda,street,normal,,09:00,17:00,WAY-010,Women,Women's T-Shirt,pcs,24,7,17,12,0,13,in_stock
OUT071,,Waypoint Style,Kurunegala,Peliyagoda,street,normal,,09:00,17:00,WAY-011,Women,Women's Blouse,pcs,43,6,37,19,10,8,in_stock
OUT071,,Waypoint Style,Kurunegala,Peliyagoda,street,normal,,09:00,17:00,WAY-012,Women,Women's Dress,pcs,19,0,19,17,0,10,in_stock
OUT071,,Waypoint Style,Kurunegala,Peliyagoda,street,normal,,09:00,17:00,WAY-013,Women,Women's Jeans,pcs,13,1,12,3,0,6,in_stock
OUT071,,Waypoint Style,Kurunegala,Peliyagoda,street,normal,,09:00,17:00,WAY-014,Women,Women's Trousers,pcs,25,8,17,4,0,11,in_stock
OUT071,,Waypoint Style,Kurunegala,Peliyagoda,street,normal,,09:00,17:00,WAY-015,Women,Women's Skirt,pcs,7,2,5,18,30,10,low_stock
OUT071,,Waypoint Style,Kurunegala,Peliyagoda,street,normal,,09:00,17:00,WAY-016,Women,Women's Hoodie,pcs,8,1,7,9,5,12,low_stock
OUT071,,Waypoint Style,Kurunegala,Peliyagoda,street,normal,,09:00,17:00,WAY-017,Women,Women's Jacket,pcs,27,4,23,6,0,15,in_stock
OUT071,,Waypoint Style,Kurunegala,Peliyagoda,street,normal,,09:00,17:00,WAY-018,Kids,Kids T-Shirt,pcs,23,0,23,4,30,16,in_stock
OUT071,,Waypoint Style,Kurunegala,Peliyagoda,street,normal,,09:00,17:00,WAY-019,Kids,Kids Jeans,pcs,22,0,22,13,10,8,in_stock
OUT071,,Waypoint Style,Kurunegala,Peliyagoda,street,normal,,09:00,17:00,WAY-020,Kids,Kids Shorts,pcs,41,6,35,4,5,16,in_stock
OUT071,,Waypoint Style,Kurunegala,Peliyagoda,street,normal,,09:00,17:00,WAY-021,Kids,Kids Dress,pcs,28,8,20,19,0,5,in_stock
OUT071,,Waypoint Style,Kurunegala,Peliyagoda,street,normal,,09:00,17:00,WAY-022,Footwear,Men's Sneakers,pairs,14,5,9,17,30,6,in_stock
OUT071,,Waypoint Style,Kurunegala,Peliyagoda,street,normal,,09:00,17:00,WAY-023,Footwear,Women's Sneakers,pairs,34,0,34,1,5,11,in_stock
OUT071,,Waypoint Style,Kurunegala,Peliyagoda,street,normal,,09:00,17:00,WAY-024,Footwear,Men's Sandals,pairs,14,4,10,11,30,5,in_stock
OUT071,,Waypoint Style,Kurunegala,Peliyagoda,street,normal,,09:00,17:00,WAY-025,Footwear,Women's Sandals,pairs,41,3,38,8,10,12,in_stock
OUT071,,Waypoint Style,Kurunegala,Peliyagoda,street,normal,,09:00,17:00,WAY-026,Footwear,Kids' Shoes,pairs,34,3,31,14,5,9,in_stock
OUT071,,Waypoint Style,Kurunegala,Peliyagoda,street,normal,,09:00,17:00,WAY-027,Accessories,Backpack,pcs,39,3,36,19,0,14,in_stock
OUT071,,Waypoint Style,Kurunegala,Peliyagoda,street,normal,,09:00,17:00,WAY-028,Accessories,Wallet,pcs,37,4,33,12,5,9,in_stock
OUT071,,Waypoint Style,Kurunegala,Peliyagoda,street,normal,,09:00,17:00,WAY-029,Accessories,Cap,pcs,7,5,2,21,30,5,low_stock
OUT071,,Waypoint Style,Kurunegala,Peliyagoda,street,normal,,09:00,17:00,WAY-030,Accessories,Belt,pcs,21,8,13,8,20,5,in_stock
OUT071,,Waypoint Style,Kurunegala,Peliyagoda,street,normal,,09:00,17:00,WAY-031,Men,Men's T-Shirt V2,pcs,7,6,1,21,10,5,low_stock
OUT071,,Waypoint Style,Kurunegala,Peliyagoda,street,normal,,09:00,17:00,WAY-032,Men,Men's Polo Shirt V2,pcs,33,2,31,9,0,13,in_stock
OUT071,,Waypoint Style,Kurunegala,Peliyagoda,street,normal,,09:00,17:00,WAY-033,Men,Men's Casual Shirt V2,pcs,11,0,11,2,0,13,low_stock
OUT071,,Waypoint Style,Kurunegala,Peliyagoda,street,normal,,09:00,17:00,WAY-034,Men,Men's Formal Shirt V2,pcs,37,2,35,7,5,16,in_stock
OUT071,,Waypoint Style,Kurunegala,Peliyagoda,street,normal,,09:00,17:00,WAY-035,Men,Men's Jeans V2,pcs,16,3,13,3,5,17,low_stock
OUT071,,Waypoint Style,Kurunegala,Peliyagoda,street,normal,,09:00,17:00,WAY-036,Men,Men's Chino V2,pcs,44,8,36,8,20,11,in_stock
OUT071,,Waypoint Style,Kurunegala,Peliyagoda,street,normal,,09:00,17:00,WAY-037,Men,Men's Shorts V2,pcs,9,1,8,17,0,12,low_stock
OUT071,,Waypoint Style,Kurunegala,Peliyagoda,street,normal,,09:00,17:00,WAY-038,Men,Men's Hoodie V2,pcs,5,2,3,2,0,5,low_stock
OUT071,,Waypoint Style,Kurunegala,Peliyagoda,street,normal,,09:00,17:00,WAY-039,Men,Men's Jacket V2,pcs,4,3,1,5,30,14,low_stock
OUT071,,Waypoint Style,Kurunegala,Peliyagoda,street,normal,,09:00,17:00,WAY-040,Women,Women's T-Shirt V2,pcs,45,2,43,11,0,9,in_stock
OUT071,,Waypoint Style,Kurunegala,Peliyagoda,street,normal,,09:00,17:00,WAY-041,Women,Women's Blouse V2,pcs,25,2,23,4,20,15,in_stock
OUT071,,Waypoint Style,Kurunegala,Peliyagoda,street,normal,,09:00,17:00,WAY-042,Women,Women's Dress V2,pcs,39,0,39,8,20,13,in_stock
OUT071,,Waypoint Style,Kurunegala,Peliyagoda,street,normal,,09:00,17:00,WAY-043,Women,Women's Jeans V2,pcs,34,0,34,9,30,18,in_stock
OUT071,,Waypoint Style,Kurunegala,Peliyagoda,street,normal,,09:00,17:00,WAY-044,Women,Women's Trousers V2,pcs,11,2,9,12,10,16,low_stock
OUT071,,Waypoint Style,Kurunegala,Peliyagoda,street,normal,,09:00,17:00,WAY-045,Women,Women's Skirt V2,pcs,21,5,16,11,20,17,low_stock
OUT071,,Waypoint Style,Kurunegala,Peliyagoda,street,normal,,09:00,17:00,WAY-046,Women,Women's Hoodie V2,pcs,45,5,40,6,10,8,in_stock
OUT071,,Waypoint Style,Kurunegala,Peliyagoda,street,normal,,09:00,17:00,WAY-047,Women,Women's Jacket V2,pcs,29,1,28,11,20,17,in_stock
OUT071,,Waypoint Style,Kurunegala,Peliyagoda,street,normal,,09:00,17:00,WAY-048,Kids,Kids T-Shirt V2,pcs,23,3,20,9,30,14,in_stock
OUT071,,Waypoint Style,Kurunegala,Peliyagoda,street,normal,,09:00,17:00,WAY-049,Kids,Kids Jeans V2,pcs,38,0,38,6,20,10,in_stock
OUT071,,Waypoint Style,Kurunegala,Peliyagoda,street,normal,,09:00,17:00,WAY-050,Kids,Kids Shorts V2,pcs,18,1,17,21,5,16,in_stock
OUT071,,Waypoint Style,Kurunegala,Peliyagoda,street,normal,,09:00,17:00,WAY-051,Kids,Kids Dress V2,pcs,34,2,32,19,5,5,in_stock
OUT071,,Waypoint Style,Kurunegala,Peliyagoda,street,normal,,09:00,17:00,WAY-052,Footwear,Men's Sneakers V2,pairs,27,8,19,7,30,6,in_stock
OUT071,,Waypoint Style,Kurunegala,Peliyagoda,street,normal,,09:00,17:00,WAY-053,Footwear,Women's Sneakers V2,pairs,5,0,5,17,0,9,low_stock
OUT071,,Waypoint Style,Kurunegala,Peliyagoda,street,normal,,09:00,17:00,WAY-054,Footwear,Men's Sandals V2,pairs,26,8,18,1,10,18,low_stock
OUT071,,Waypoint Style,Kurunegala,Peliyagoda,street,normal,,09:00,17:00,WAY-055,Footwear,Women's Sandals V2,pairs,27,0,27,13,0,15,in_stock
OUT071,,Waypoint Style,Kurunegala,Peliyagoda,street,normal,,09:00,17:00,WAY-056,Footwear,Kids' Shoes V2,pairs,38,3,35,17,10,8,in_stock
OUT071,,Waypoint Style,Kurunegala,Peliyagoda,street,normal,,09:00,17:00,WAY-057,Accessories,Backpack V2,pcs,7,6,1,18,10,6,low_stock
OUT071,,Waypoint Style,Kurunegala,Peliyagoda,street,normal,,09:00,17:00,WAY-058,Accessories,Wallet V2,pcs,44,8,36,19,0,14,in_stock
OUT071,,Waypoint Style,Kurunegala,Peliyagoda,street,normal,,09:00,17:00,WAY-059,Accessories,Cap V2,pcs,12,3,9,13,30,6,in_stock
OUT071,,Waypoint Style,Kurunegala,Peliyagoda,street,normal,,09:00,17:00,WAY-060,Accessories,Belt V2,pcs,34,4,30,19,0,8,in_stock
OUT071,,Waypoint Style,Kurunegala,Peliyagoda,street,normal,,09:00,17:00,WAY-061,Men,Men's T-Shirt V3,pcs,38,8,30,21,30,17,in_stock
OUT071,,Waypoint Style,Kurunegala,Peliyagoda,street,normal,,09:00,17:00,WAY-062,Men,Men's Polo Shirt V3,pcs,6,4,2,16,0,18,low_stock
OUT071,,Waypoint Style,Kurunegala,Peliyagoda,street,normal,,09:00,17:00,WAY-063,Men,Men's Casual Shirt V3,pcs,41,0,41,22,30,13,in_stock
OUT071,,Waypoint Style,Kurunegala,Peliyagoda,street,normal,,09:00,17:00,WAY-064,Men,Men's Formal Shirt V3,pcs,15,8,7,17,10,9,low_stock
OUT071,,Waypoint Style,Kurunegala,Peliyagoda,street,normal,,09:00,17:00,WAY-065,Men,Men's Jeans V3,pcs,43,2,41,5,10,9,in_stock
OUT071,,Waypoint Style,Kurunegala,Peliyagoda,street,normal,,09:00,17:00,WAY-066,Men,Men's Chino V3,pcs,19,8,11,13,10,6,in_stock
OUT071,,Waypoint Style,Kurunegala,Peliyagoda,street,normal,,09:00,17:00,WAY-067,Men,Men's Shorts V3,pcs,28,1,27,5,5,14,in_stock
OUT071,,Waypoint Style,Kurunegala,Peliyagoda,street,normal,,09:00,17:00,WAY-068,Men,Men's Hoodie V3,pcs,9,0,9,21,20,5,in_stock
OUT071,,Waypoint Style,Kurunegala,Peliyagoda,street,normal,,09:00,17:00,WAY-069,Men,Men's Jacket V3,pcs,42,1,41,9,0,5,in_stock
OUT071,,Waypoint Style,Kurunegala,Peliyagoda,street,normal,,09:00,17:00,WAY-070,Women,Women's T-Shirt V3,pcs,23,8,15,3,0,6,in_stock
OUT071,,Waypoint Style,Kurunegala,Peliyagoda,street,normal,,09:00,17:00,WAY-071,Women,Women's Blouse V3,pcs,26,6,20,21,0,17,in_stock
OUT071,,Waypoint Style,Kurunegala,Peliyagoda,street,normal,,09:00,17:00,WAY-072,Women,Women's Dress V3,pcs,9,5,4,8,30,16,low_stock
OUT071,,Waypoint Style,Kurunegala,Peliyagoda,street,normal,,09:00,17:00,WAY-073,Women,Women's Jeans V3,pcs,29,3,26,16,20,11,in_stock
OUT071,,Waypoint Style,Kurunegala,Peliyagoda,street,normal,,09:00,17:00,WAY-074,Women,Women's Trousers V3,pcs,16,4,12,11,0,8,in_stock
OUT071,,Waypoint Style,Kurunegala,Peliyagoda,street,normal,,09:00,17:00,WAY-075,Women,Women's Skirt V3,pcs,10,7,3,11,0,18,low_stock
OUT071,,Waypoint Style,Kurunegala,Peliyagoda,street,normal,,09:00,17:00,WAY-076,Women,Women's Hoodie V3,pcs,6,0,6,10,5,18,low_stock
OUT071,,Waypoint Style,Kurunegala,Peliyagoda,street,normal,,09:00,17:00,WAY-077,Women,Women's Jacket V3,pcs,18,4,14,19,0,18,low_stock
OUT071,,Waypoint Style,Kurunegala,Peliyagoda,street,normal,,09:00,17:00,WAY-078,Kids,Kids T-Shirt V3,pcs,30,7,23,15,0,5,in_stock
OUT071,,Waypoint Style,Kurunegala,Peliyagoda,street,normal,,09:00,17:00,WAY-079,Kids,Kids Jeans V3,pcs,36,7,29,13,20,18,in_stock
OUT071,,Waypoint Style,Kurunegala,Peliyagoda,street,normal,,09:00,17:00,WAY-080,Kids,Kids Shorts V3,pcs,41,8,33,2,0,6,in_stock
OUT071,,Waypoint Style,Kurunegala,Peliyagoda,street,normal,,09:00,17:00,WAY-081,Kids,Kids Dress V3,pcs,35,4,31,16,10,15,in_stock
OUT071,,Waypoint Style,Kurunegala,Peliyagoda,street,normal,,09:00,17:00,WAY-082,Footwear,Men's Sneakers V3,pairs,30,1,29,18,0,5,in_stock
OUT071,,Waypoint Style,Kurunegala,Peliyagoda,street,normal,,09:00,17:00,WAY-083,Footwear,Women's Sneakers V3,pairs,32,3,29,12,0,9,in_stock
OUT071,,Waypoint Style,Kurunegala,Peliyagoda,street,normal,,09:00,17:00,WAY-084,Footwear,Men's Sandals V3,pairs,7,2,5,9,10,15,low_stock
OUT071,,Waypoint Style,Kurunegala,Peliyagoda,street,normal,,09:00,17:00,WAY-085,Footwear,Women's Sandals V3,pairs,23,0,23,15,30,8,in_stock
OUT071,,Waypoint Style,Kurunegala,Peliyagoda,street,normal,,09:00,17:00,WAY-086,Footwear,Kids' Shoes V3,pairs,44,6,38,2,30,15,in_stock
OUT071,,Waypoint Style,Kurunegala,Peliyagoda,street,normal,,09:00,17:00,WAY-087,Accessories,Backpack V3,pcs,35,5,30,18,0,14,in_stock
OUT071,,Waypoint Style,Kurunegala,Peliyagoda,street,normal,,09:00,17:00,WAY-088,Accessories,Wallet V3,pcs,27,8,19,10,30,10,in_stock
OUT071,,Waypoint Style,Kurunegala,Peliyagoda,street,normal,,09:00,17:00,WAY-089,Accessories,Cap V3,pcs,38,4,34,6,10,10,in_stock
OUT071,,Waypoint Style,Kurunegala,Peliyagoda,street,normal,,09:00,17:00,WAY-090,Accessories,Belt V3,pcs,42,1,41,18,20,7,in_stock
OUT071,,Waypoint Style,Kurunegala,Peliyagoda,street,normal,,09:00,17:00,WAY-091,Men,Men's T-Shirt V4,pcs,16,6,10,13,30,15,low_stock
OUT071,,Waypoint Style,Kurunegala,Peliyagoda,street,normal,,09:00,17:00,WAY-092,Men,Men's Polo Shirt V4,pcs,14,8,6,9,0,9,low_stock
OUT071,,Waypoint Style,Kurunegala,Peliyagoda,street,normal,,09:00,17:00,WAY-093,Men,Men's Casual Shirt V4,pcs,37,4,33,13,5,17,in_stock
OUT071,,Waypoint Style,Kurunegala,Peliyagoda,street,normal,,09:00,17:00,WAY-094,Men,Men's Formal Shirt V4,pcs,38,3,35,7,30,7,in_stock
OUT071,,Waypoint Style,Kurunegala,Peliyagoda,street,normal,,09:00,17:00,WAY-095,Men,Men's Jeans V4,pcs,19,7,12,9,30,5,in_stock
OUT071,,Waypoint Style,Kurunegala,Peliyagoda,street,normal,,09:00,17:00,WAY-096,Men,Men's Chino V4,pcs,36,0,36,19,30,15,in_stock
OUT071,,Waypoint Style,Kurunegala,Peliyagoda,street,normal,,09:00,17:00,WAY-097,Men,Men's Shorts V4,pcs,14,2,12,14,0,7,in_stock
OUT071,,Waypoint Style,Kurunegala,Peliyagoda,street,normal,,09:00,17:00,WAY-098,Men,Men's Hoodie V4,pcs,13,4,9,22,30,15,low_stock
OUT071,,Waypoint Style,Kurunegala,Peliyagoda,street,normal,,09:00,17:00,WAY-099,Men,Men's Jacket V4,pcs,39,1,38,3,0,10,in_stock
OUT071,,Waypoint Style,Kurunegala,Peliyagoda,street,normal,,09:00,17:00,WAY-100,Women,Women's T-Shirt V4,pcs,19,4,15,14,20,14,in_stock
OUT071,,Waypoint Style,Kurunegala,Peliyagoda,street,normal,,09:00,17:00,WAY-101,Women,Women's Blouse V4,pcs,28,8,20,18,5,18,in_stock
OUT071,,Waypoint Style,Kurunegala,Peliyagoda,street,normal,,09:00,17:00,WAY-102,Women,Women's Dress V4,pcs,31,7,24,10,20,11,in_stock
OUT071,,Waypoint Style,Kurunegala,Peliyagoda,street,normal,,09:00,17:00,WAY-103,Women,Women's Jeans V4,pcs,36,2,34,2,30,10,in_stock
OUT071,,Waypoint Style,Kurunegala,Peliyagoda,street,normal,,09:00,17:00,WAY-104,Women,Women's Trousers V4,pcs,39,5,34,18,30,14,in_stock
OUT071,,Waypoint Style,Kurunegala,Peliyagoda,street,normal,,09:00,17:00,WAY-105,Women,Women's Skirt V4,pcs,12,6,6,20,5,10,low_stock
OUT071,,Waypoint Style,Kurunegala,Peliyagoda,street,normal,,09:00,17:00,WAY-106,Women,Women's Hoodie V4,pcs,29,5,24,16,30,13,in_stock
OUT071,,Waypoint Style,Kurunegala,Peliyagoda,street,normal,,09:00,17:00,WAY-107,Women,Women's Jacket V4,pcs,22,4,18,19,20,10,in_stock
OUT071,,Waypoint Style,Kurunegala,Peliyagoda,street,normal,,09:00,17:00,WAY-108,Kids,Kids T-Shirt V4,pcs,34,5,29,18,30,5,in_stock
OUT071,,Waypoint Style,Kurunegala,Peliyagoda,street,normal,,09:00,17:00,WAY-109,Kids,Kids Jeans V4,pcs,18,8,10,22,5,17,low_stock
OUT071,,Waypoint Style,Kurunegala,Peliyagoda,street,normal,,09:00,17:00,WAY-110,Kids,Kids Shorts V4,pcs,19,6,13,7,20,7,in_stock
OUT071,,Waypoint Style,Kurunegala,Peliyagoda,street,normal,,09:00,17:00,WAY-111,Kids,Kids Dress V4,pcs,24,4,20,20,10,17,in_stock
OUT071,,Waypoint Style,Kurunegala,Peliyagoda,street,normal,,09:00,17:00,WAY-112,Footwear,Men's Sneakers V4,pairs,11,8,3,17,30,13,low_stock
OUT071,,Waypoint Style,Kurunegala,Peliyagoda,street,normal,,09:00,17:00,WAY-113,Footwear,Women's Sneakers V4,pairs,14,1,13,9,10,7,in_stock
OUT071,,Waypoint Style,Kurunegala,Peliyagoda,street,normal,,09:00,17:00,WAY-114,Footwear,Men's Sandals V4,pairs,28,1,27,14,30,6,in_stock
OUT071,,Waypoint Style,Kurunegala,Peliyagoda,street,normal,,09:00,17:00,WAY-115,Footwear,Women's Sandals V4,pairs,25,4,21,8,5,5,in_stock
OUT071,,Waypoint Style,Kurunegala,Peliyagoda,street,normal,,09:00,17:00,WAY-116,Footwear,Kids' Shoes V4,pairs,33,3,30,7,20,13,in_stock
OUT071,,Waypoint Style,Kurunegala,Peliyagoda,street,normal,,09:00,17:00,WAY-117,Accessories,Backpack V4,pcs,28,6,22,9,20,12,in_stock
OUT071,,Waypoint Style,Kurunegala,Peliyagoda,street,normal,,09:00,17:00,WAY-118,Accessories,Wallet V4,pcs,29,3,26,9,0,8,in_stock
OUT071,,Waypoint Style,Kurunegala,Peliyagoda,street,normal,,09:00,17:00,WAY-119,Accessories,Cap V4,pcs,44,1,43,17,0,9,in_stock
OUT071,,Waypoint Style,Kurunegala,Peliyagoda,street,normal,,09:00,17:00,WAY-120,Accessories,Belt V4,pcs,10,8,2,10,0,13,low_stock
OUT071,,Waypoint Style,Kurunegala,Peliyagoda,street,normal,,09:00,17:00,WAY-121,Men,Men's T-Shirt V5,pcs,25,3,22,17,30,11,in_stock
OUT071,,Waypoint Style,Kurunegala,Peliyagoda,street,normal,,09:00,17:00,WAY-122,Men,Men's Polo Shirt V5,pcs,16,2,14,22,10,6,in_stock
OUT071,,Waypoint Style,Kurunegala,Peliyagoda,street,normal,,09:00,17:00,WAY-123,Men,Men's Casual Shirt V5,pcs,11,2,9,18,10,13,low_stock
OUT071,,Waypoint Style,Kurunegala,Peliyagoda,street,normal,,09:00,17:00,WAY-124,Men,Men's Formal Shirt V5,pcs,18,8,10,3,0,5,in_stock
OUT071,,Waypoint Style,Kurunegala,Peliyagoda,street,normal,,09:00,17:00,WAY-125,Men,Men's Jeans V5,pcs,9,6,3,18,0,12,low_stock
OUT071,,Waypoint Style,Kurunegala,Peliyagoda,street,normal,,09:00,17:00,WAY-126,Men,Men's Chino V5,pcs,22,2,20,1,0,5,in_stock
OUT071,,Waypoint Style,Kurunegala,Peliyagoda,street,normal,,09:00,17:00,WAY-127,Men,Men's Shorts V5,pcs,5,0,5,11,0,11,low_stock
OUT071,,Waypoint Style,Kurunegala,Peliyagoda,street,normal,,09:00,17:00,WAY-128,Men,Men's Hoodie V5,pcs,10,0,10,17,30,9,in_stock
OUT071,,Waypoint Style,Kurunegala,Peliyagoda,street,normal,,09:00,17:00,WAY-129,Men,Men's Jacket V5,pcs,11,5,6,13,0,6,low_stock
OUT071,,Waypoint Style,Kurunegala,Peliyagoda,street,normal,,09:00,17:00,WAY-130,Women,Women's T-Shirt V5,pcs,41,5,36,9,5,12,in_stock
OUT071,,Waypoint Style,Kurunegala,Peliyagoda,street,normal,,09:00,17:00,WAY-131,Women,Women's Blouse V5,pcs,5,1,4,14,20,8,low_stock
OUT071,,Waypoint Style,Kurunegala,Peliyagoda,street,normal,,09:00,17:00,WAY-132,Women,Women's Dress V5,pcs,20,7,13,14,30,15,low_stock
OUT071,,Waypoint Style,Kurunegala,Peliyagoda,street,normal,,09:00,17:00,WAY-133,Women,Women's Jeans V5,pcs,19,0,19,7,0,9,in_stock
OUT071,,Waypoint Style,Kurunegala,Peliyagoda,street,normal,,09:00,17:00,WAY-134,Women,Women's Trousers V5,pcs,12,5,7,7,0,12,low_stock
OUT071,,Waypoint Style,Kurunegala,Peliyagoda,street,normal,,09:00,17:00,WAY-135,Women,Women's Skirt V5,pcs,31,8,23,15,10,6,in_stock
OUT071,,Waypoint Style,Kurunegala,Peliyagoda,street,normal,,09:00,17:00,WAY-136,Women,Women's Hoodie V5,pcs,11,7,4,9,20,17,low_stock
OUT071,,Waypoint Style,Kurunegala,Peliyagoda,street,normal,,09:00,17:00,WAY-137,Women,Women's Jacket V5,pcs,30,5,25,22,10,14,in_stock
OUT071,,Waypoint Style,Kurunegala,Peliyagoda,street,normal,,09:00,17:00,WAY-138,Kids,Kids T-Shirt V5,pcs,31,1,30,11,30,8,in_stock
OUT071,,Waypoint Style,Kurunegala,Peliyagoda,street,normal,,09:00,17:00,WAY-139,Kids,Kids Jeans V5,pcs,36,0,36,12,5,15,in_stock
OUT071,,Waypoint Style,Kurunegala,Peliyagoda,street,normal,,09:00,17:00,WAY-140,Kids,Kids Shorts V5,pcs,8,8,0,16,20,15,out_of_stock
OUT071,,Waypoint Style,Kurunegala,Peliyagoda,street,normal,,09:00,17:00,WAY-141,Kids,Kids Dress V5,pcs,9,2,7,6,0,14,low_stock
OUT071,,Waypoint Style,Kurunegala,Peliyagoda,street,normal,,09:00,17:00,WAY-142,Footwear,Men's Sneakers V5,pairs,41,5,36,7,20,15,in_stock
OUT071,,Waypoint Style,Kurunegala,Peliyagoda,street,normal,,09:00,17:00,WAY-143,Footwear,Women's Sneakers V5,pairs,41,6,35,7,0,12,in_stock
OUT071,,Waypoint Style,Kurunegala,Peliyagoda,street,normal,,09:00,17:00,WAY-144,Footwear,Men's Sandals V5,pairs,44,0,44,1,0,10,in_stock
OUT071,,Waypoint Style,Kurunegala,Peliyagoda,street,normal,,09:00,17:00,WAY-145,Footwear,Women's Sandals V5,pairs,15,5,10,9,0,18,low_stock
OUT071,,Waypoint Style,Kurunegala,Peliyagoda,street,normal,,09:00,17:00,WAY-146,Footwear,Kids' Shoes V5,pairs,20,1,19,2,5,9,in_stock
OUT071,,Waypoint Style,Kurunegala,Peliyagoda,street,normal,,09:00,17:00,WAY-147,Accessories,Backpack V5,pcs,9,5,4,16,0,12,low_stock
OUT071,,Waypoint Style,Kurunegala,Peliyagoda,street,normal,,09:00,17:00,WAY-148,Accessories,Wallet V5,pcs,34,5,29,15,10,15,in_stock
OUT071,,Waypoint Style,Kurunegala,Peliyagoda,street,normal,,09:00,17:00,WAY-149,Accessories,Cap V5,pcs,6,6,0,11,0,12,out_of_stock
OUT071,,Waypoint Style,Kurunegala,Peliyagoda,street,normal,,09:00,17:00,WAY-150,Accessories,Belt V5,pcs,23,7,16,20,20,8,in_stock
OUT071,,Waypoint Style,Kurunegala,Peliyagoda,street,normal,,09:00,17:00,WAY-151,Men,Men's T-Shirt V6,pcs,6,0,6,2,5,8,low_stock
OUT071,,Waypoint Style,Kurunegala,Peliyagoda,street,normal,,09:00,17:00,WAY-152,Men,Men's Polo Shirt V6,pcs,29,7,22,22,0,10,in_stock
OUT071,,Waypoint Style,Kurunegala,Peliyagoda,street,normal,,09:00,17:00,WAY-153,Men,Men's Casual Shirt V6,pcs,9,4,5,2,10,9,low_stock
OUT071,,Waypoint Style,Kurunegala,Peliyagoda,street,normal,,09:00,17:00,WAY-154,Men,Men's Formal Shirt V6,pcs,8,5,3,15,10,12,low_stock
OUT071,,Waypoint Style,Kurunegala,Peliyagoda,street,normal,,09:00,17:00,WAY-155,Men,Men's Jeans V6,pcs,29,3,26,2,5,10,in_stock
OUT071,,Waypoint Style,Kurunegala,Peliyagoda,street,normal,,09:00,17:00,WAY-156,Men,Men's Chino V6,pcs,4,4,0,11,5,6,out_of_stock
OUT071,,Waypoint Style,Kurunegala,Peliyagoda,street,normal,,09:00,17:00,WAY-157,Men,Men's Shorts V6,pcs,32,5,27,15,0,7,in_stock
OUT071,,Waypoint Style,Kurunegala,Peliyagoda,street,normal,,09:00,17:00,WAY-158,Men,Men's Hoodie V6,pcs,34,6,28,1,20,9,in_stock
OUT071,,Waypoint Style,Kurunegala,Peliyagoda,street,normal,,09:00,17:00,WAY-159,Men,Men's Jacket V6,pcs,21,5,16,19,30,14,in_stock
OUT071,,Waypoint Style,Kurunegala,Peliyagoda,street,normal,,09:00,17:00,WAY-160,Women,Women's T-Shirt V6,pcs,6,4,2,7,0,16,low_stock
OUT071,,Waypoint Style,Kurunegala,Peliyagoda,street,normal,,09:00,17:00,WAY-161,Women,Women's Blouse V6,pcs,7,5,2,15,0,14,low_stock
OUT071,,Waypoint Style,Kurunegala,Peliyagoda,street,normal,,09:00,17:00,WAY-162,Women,Women's Dress V6,pcs,28,4,24,7,5,14,in_stock
OUT071,,Waypoint Style,Kurunegala,Peliyagoda,street,normal,,09:00,17:00,WAY-163,Women,Women's Jeans V6,pcs,26,6,20,13,30,16,in_stock
OUT071,,Waypoint Style,Kurunegala,Peliyagoda,street,normal,,09:00,17:00,WAY-164,Women,Women's Trousers V6,pcs,31,7,24,10,5,5,in_stock
OUT071,,Waypoint Style,Kurunegala,Peliyagoda,street,normal,,09:00,17:00,WAY-165,Women,Women's Skirt V6,pcs,19,5,14,22,0,18,low_stock
OUT071,,Waypoint Style,Kurunegala,Peliyagoda,street,normal,,09:00,17:00,WAY-166,Women,Women's Hoodie V6,pcs,42,6,36,18,20,16,in_stock
OUT071,,Waypoint Style,Kurunegala,Peliyagoda,street,normal,,09:00,17:00,WAY-167,Women,Women's Jacket V6,pcs,41,4,37,6,0,12,in_stock
OUT071,,Waypoint Style,Kurunegala,Peliyagoda,street,normal,,09:00,17:00,WAY-168,Kids,Kids T-Shirt V6,pcs,33,0,33,16,0,14,in_stock
OUT071,,Waypoint Style,Kurunegala,Peliyagoda,street,normal,,09:00,17:00,WAY-169,Kids,Kids Jeans V6,pcs,8,6,2,1,0,16,low_stock
OUT071,,Waypoint Style,Kurunegala,Peliyagoda,street,normal,,09:00,17:00,WAY-170,Kids,Kids Shorts V6,pcs,5,3,2,15,30,10,low_stock
OUT071,,Waypoint Style,Kurunegala,Peliyagoda,street,normal,,09:00,17:00,WAY-171,Kids,Kids Dress V6,pcs,37,1,36,18,0,7,in_stock
OUT071,,Waypoint Style,Kurunegala,Peliyagoda,street,normal,,09:00,17:00,WAY-172,Footwear,Men's Sneakers V6,pairs,8,3,5,13,30,6,low_stock
OUT071,,Waypoint Style,Kurunegala,Peliyagoda,street,normal,,09:00,17:00,WAY-173,Footwear,Women's Sneakers V6,pairs,5,3,2,12,10,17,low_stock
OUT071,,Waypoint Style,Kurunegala,Peliyagoda,street,normal,,09:00,17:00,WAY-174,Footwear,Men's Sandals V6,pairs,39,0,39,18,10,8,in_stock
OUT071,,Waypoint Style,Kurunegala,Peliyagoda,street,normal,,09:00,17:00,WAY-175,Footwear,Women's Sandals V6,pairs,30,2,28,11,5,16,in_stock
OUT071,,Waypoint Style,Kurunegala,Peliyagoda,street,normal,,09:00,17:00,WAY-176,Footwear,Kids' Shoes V6,pairs,6,0,6,2,0,10,low_stock
OUT071,,Waypoint Style,Kurunegala,Peliyagoda,street,normal,,09:00,17:00,WAY-177,Accessories,Backpack V6,pcs,8,5,3,17,20,12,low_stock
OUT071,,Waypoint Style,Kurunegala,Peliyagoda,street,normal,,09:00,17:00,WAY-178,Accessories,Wallet V6,pcs,33,4,29,18,0,14,in_stock
OUT071,,Waypoint Style,Kurunegala,Peliyagoda,street,normal,,09:00,17:00,WAY-179,Accessories,Cap V6,pcs,43,7,36,5,5,8,in_stock
OUT071,,Waypoint Style,Kurunegala,Peliyagoda,street,normal,,09:00,17:00,WAY-180,Accessories,Belt V6,pcs,45,8,37,5,0,17,in_stock
OUT071,,Waypoint Style,Kurunegala,Peliyagoda,street,normal,,09:00,17:00,WAY-181,Men,Men's T-Shirt V7,pcs,45,3,42,5,30,6,in_stock
OUT071,,Waypoint Style,Kurunegala,Peliyagoda,street,normal,,09:00,17:00,WAY-182,Men,Men's Polo Shirt V7,pcs,40,3,37,11,0,14,in_stock
OUT071,,Waypoint Style,Kurunegala,Peliyagoda,street,normal,,09:00,17:00,WAY-183,Men,Men's Casual Shirt V7,pcs,24,6,18,19,0,18,low_stock
OUT071,,Waypoint Style,Kurunegala,Peliyagoda,street,normal,,09:00,17:00,WAY-184,Men,Men's Formal Shirt V7,pcs,17,0,17,12,0,17,low_stock
OUT071,,Waypoint Style,Kurunegala,Peliyagoda,street,normal,,09:00,17:00,WAY-185,Men,Men's Jeans V7,pcs,4,1,3,19,0,14,low_stock
OUT071,,Waypoint Style,Kurunegala,Peliyagoda,street,normal,,09:00,17:00,WAY-186,Men,Men's Chino V7,pcs,25,4,21,8,10,5,in_stock
OUT071,,Waypoint Style,Kurunegala,Peliyagoda,street,normal,,09:00,17:00,WAY-187,Men,Men's Shorts V7,pcs,37,3,34,21,10,7,in_stock
OUT071,,Waypoint Style,Kurunegala,Peliyagoda,street,normal,,09:00,17:00,WAY-188,Men,Men's Hoodie V7,pcs,30,0,30,16,30,5,in_stock
OUT071,,Waypoint Style,Kurunegala,Peliyagoda,street,normal,,09:00,17:00,WAY-189,Men,Men's Jacket V7,pcs,28,0,28,5,5,18,in_stock
OUT071,,Waypoint Style,Kurunegala,Peliyagoda,street,normal,,09:00,17:00,WAY-190,Women,Women's T-Shirt V7,pcs,40,6,34,19,20,10,in_stock
OUT071,,Waypoint Style,Kurunegala,Peliyagoda,street,normal,,09:00,17:00,WAY-191,Women,Women's Blouse V7,pcs,7,4,3,18,5,5,low_stock
OUT071,,Waypoint Style,Kurunegala,Peliyagoda,street,normal,,09:00,17:00,WAY-192,Women,Women's Dress V7,pcs,11,6,5,3,0,16,low_stock
OUT071,,Waypoint Style,Kurunegala,Peliyagoda,street,normal,,09:00,17:00,WAY-193,Women,Women's Jeans V7,pcs,21,5,16,18,20,14,in_stock
OUT071,,Waypoint Style,Kurunegala,Peliyagoda,street,normal,,09:00,17:00,WAY-194,Women,Women's Trousers V7,pcs,16,0,16,19,5,12,in_stock
OUT071,,Waypoint Style,Kurunegala,Peliyagoda,street,normal,,09:00,17:00,WAY-195,Women,Women's Skirt V7,pcs,18,2,16,22,0,15,in_stock
OUT071,,Waypoint Style,Kurunegala,Peliyagoda,street,normal,,09:00,17:00,WAY-196,Women,Women's Hoodie V7,pcs,14,5,9,3,20,14,low_stock
OUT071,,Waypoint Style,Kurunegala,Peliyagoda,street,normal,,09:00,17:00,WAY-197,Women,Women's Jacket V7,pcs,31,0,31,18,0,5,in_stock
OUT071,,Waypoint Style,Kurunegala,Peliyagoda,street,normal,,09:00,17:00,WAY-198,Kids,Kids T-Shirt V7,pcs,35,1,34,18,10,13,in_stock
OUT071,,Waypoint Style,Kurunegala,Peliyagoda,street,normal,,09:00,17:00,WAY-199,Kids,Kids Jeans V7,pcs,31,5,26,16,0,5,in_stock
OUT071,,Waypoint Style,Kurunegala,Peliyagoda,street,normal,,09:00,17:00,WAY-200,Kids,Kids Shorts V7,pcs,16,7,9,6,20,5,in_stock
OUT088,,Waypoint Style,Kandy,Kandy,street,van_only,,09:00,17:00,WAY-001,Men,Men's T-Shirt,pcs,28,0,28,18,0,12,in_stock
OUT088,,Waypoint Style,Kandy,Kandy,street,van_only,,09:00,17:00,WAY-002,Men,Men's Polo Shirt,pcs,19,1,18,9,30,12,in_stock
OUT088,,Waypoint Style,Kandy,Kandy,street,van_only,,09:00,17:00,WAY-003,Men,Men's Casual Shirt,pcs,5,4,1,2,10,16,low_stock
OUT088,,Waypoint Style,Kandy,Kandy,street,van_only,,09:00,17:00,WAY-004,Men,Men's Formal Shirt,pcs,39,8,31,17,0,9,in_stock
OUT088,,Waypoint Style,Kandy,Kandy,street,van_only,,09:00,17:00,WAY-005,Men,Men's Jeans,pcs,31,8,23,10,30,9,in_stock
OUT088,,Waypoint Style,Kandy,Kandy,street,van_only,,09:00,17:00,WAY-006,Men,Men's Chino,pcs,14,0,14,4,10,18,low_stock
OUT088,,Waypoint Style,Kandy,Kandy,street,van_only,,09:00,17:00,WAY-007,Men,Men's Shorts,pcs,13,5,8,12,10,14,low_stock
OUT088,,Waypoint Style,Kandy,Kandy,street,van_only,,09:00,17:00,WAY-008,Men,Men's Hoodie,pcs,8,5,3,9,0,5,low_stock
OUT088,,Waypoint Style,Kandy,Kandy,street,van_only,,09:00,17:00,WAY-009,Men,Men's Jacket,pcs,44,0,44,13,0,7,in_stock
OUT088,,Waypoint Style,Kandy,Kandy,street,van_only,,09:00,17:00,WAY-010,Women,Women's T-Shirt,pcs,14,3,11,15,5,12,low_stock
OUT088,,Waypoint Style,Kandy,Kandy,street,van_only,,09:00,17:00,WAY-011,Women,Women's Blouse,pcs,22,1,21,22,20,16,in_stock
OUT088,,Waypoint Style,Kandy,Kandy,street,van_only,,09:00,17:00,WAY-012,Women,Women's Dress,pcs,9,5,4,18,30,18,low_stock
OUT088,,Waypoint Style,Kandy,Kandy,street,van_only,,09:00,17:00,WAY-013,Women,Women's Jeans,pcs,37,4,33,22,0,5,in_stock
OUT088,,Waypoint Style,Kandy,Kandy,street,van_only,,09:00,17:00,WAY-014,Women,Women's Trousers,pcs,44,6,38,7,10,11,in_stock
OUT088,,Waypoint Style,Kandy,Kandy,street,van_only,,09:00,17:00,WAY-015,Women,Women's Skirt,pcs,25,7,18,18,5,6,in_stock
OUT088,,Waypoint Style,Kandy,Kandy,street,van_only,,09:00,17:00,WAY-016,Women,Women's Hoodie,pcs,9,4,5,20,20,16,low_stock
OUT088,,Waypoint Style,Kandy,Kandy,street,van_only,,09:00,17:00,WAY-017,Women,Women's Jacket,pcs,40,6,34,8,10,5,in_stock
OUT088,,Waypoint Style,Kandy,Kandy,street,van_only,,09:00,17:00,WAY-018,Kids,Kids T-Shirt,pcs,42,5,37,9,5,15,in_stock
OUT088,,Waypoint Style,Kandy,Kandy,street,van_only,,09:00,17:00,WAY-019,Kids,Kids Jeans,pcs,16,5,11,18,30,7,in_stock
OUT088,,Waypoint Style,Kandy,Kandy,street,van_only,,09:00,17:00,WAY-020,Kids,Kids Shorts,pcs,14,3,11,22,30,8,in_stock
OUT088,,Waypoint Style,Kandy,Kandy,street,van_only,,09:00,17:00,WAY-021,Kids,Kids Dress,pcs,38,0,38,1,20,14,in_stock
OUT088,,Waypoint Style,Kandy,Kandy,street,van_only,,09:00,17:00,WAY-022,Footwear,Men's Sneakers,pairs,45,3,42,13,30,14,in_stock
OUT088,,Waypoint Style,Kandy,Kandy,street,van_only,,09:00,17:00,WAY-023,Footwear,Women's Sneakers,pairs,23,2,21,13,10,10,in_stock
OUT088,,Waypoint Style,Kandy,Kandy,street,van_only,,09:00,17:00,WAY-024,Footwear,Men's Sandals,pairs,7,7,0,20,20,16,out_of_stock
OUT088,,Waypoint Style,Kandy,Kandy,street,van_only,,09:00,17:00,WAY-025,Footwear,Women's Sandals,pairs,43,6,37,17,5,15,in_stock
OUT088,,Waypoint Style,Kandy,Kandy,street,van_only,,09:00,17:00,WAY-026,Footwear,Kids' Shoes,pairs,13,5,8,1,10,17,low_stock
OUT088,,Waypoint Style,Kandy,Kandy,street,van_only,,09:00,17:00,WAY-027,Accessories,Backpack,pcs,21,0,21,22,10,12,in_stock
OUT088,,Waypoint Style,Kandy,Kandy,street,van_only,,09:00,17:00,WAY-028,Accessories,Wallet,pcs,32,6,26,8,30,14,in_stock
OUT088,,Waypoint Style,Kandy,Kandy,street,van_only,,09:00,17:00,WAY-029,Accessories,Cap,pcs,40,4,36,9,5,14,in_stock
OUT088,,Waypoint Style,Kandy,Kandy,street,van_only,,09:00,17:00,WAY-030,Accessories,Belt,pcs,31,7,24,14,10,13,in_stock
OUT088,,Waypoint Style,Kandy,Kandy,street,van_only,,09:00,17:00,WAY-031,Men,Men's T-Shirt V2,pcs,5,2,3,9,0,17,low_stock
OUT088,,Waypoint Style,Kandy,Kandy,street,van_only,,09:00,17:00,WAY-032,Men,Men's Polo Shirt V2,pcs,34,4,30,19,0,15,in_stock
OUT088,,Waypoint Style,Kandy,Kandy,street,van_only,,09:00,17:00,WAY-033,Men,Men's Casual Shirt V2,pcs,14,0,14,13,10,11,in_stock
OUT088,,Waypoint Style,Kandy,Kandy,street,van_only,,09:00,17:00,WAY-034,Men,Men's Formal Shirt V2,pcs,4,0,4,1,10,14,low_stock
OUT088,,Waypoint Style,Kandy,Kandy,street,van_only,,09:00,17:00,WAY-035,Men,Men's Jeans V2,pcs,30,8,22,15,5,15,in_stock
OUT088,,Waypoint Style,Kandy,Kandy,street,van_only,,09:00,17:00,WAY-036,Men,Men's Chino V2,pcs,8,5,3,20,10,18,low_stock
OUT088,,Waypoint Style,Kandy,Kandy,street,van_only,,09:00,17:00,WAY-037,Men,Men's Shorts V2,pcs,7,5,2,17,10,9,low_stock
OUT088,,Waypoint Style,Kandy,Kandy,street,van_only,,09:00,17:00,WAY-038,Men,Men's Hoodie V2,pcs,7,0,7,13,0,13,low_stock
OUT088,,Waypoint Style,Kandy,Kandy,street,van_only,,09:00,17:00,WAY-039,Men,Men's Jacket V2,pcs,13,4,9,8,5,5,in_stock
OUT088,,Waypoint Style,Kandy,Kandy,street,van_only,,09:00,17:00,WAY-040,Women,Women's T-Shirt V2,pcs,24,3,21,11,0,17,in_stock
OUT088,,Waypoint Style,Kandy,Kandy,street,van_only,,09:00,17:00,WAY-041,Women,Women's Blouse V2,pcs,6,6,0,6,5,7,out_of_stock
OUT088,,Waypoint Style,Kandy,Kandy,street,van_only,,09:00,17:00,WAY-042,Women,Women's Dress V2,pcs,12,3,9,15,5,16,low_stock
OUT088,,Waypoint Style,Kandy,Kandy,street,van_only,,09:00,17:00,WAY-043,Women,Women's Jeans V2,pcs,32,5,27,21,5,16,in_stock
OUT088,,Waypoint Style,Kandy,Kandy,street,van_only,,09:00,17:00,WAY-044,Women,Women's Trousers V2,pcs,40,6,34,18,30,15,in_stock
OUT088,,Waypoint Style,Kandy,Kandy,street,van_only,,09:00,17:00,WAY-045,Women,Women's Skirt V2,pcs,44,7,37,2,0,17,in_stock
OUT088,,Waypoint Style,Kandy,Kandy,street,van_only,,09:00,17:00,WAY-046,Women,Women's Hoodie V2,pcs,42,8,34,21,5,15,in_stock
OUT088,,Waypoint Style,Kandy,Kandy,street,van_only,,09:00,17:00,WAY-047,Women,Women's Jacket V2,pcs,10,2,8,16,10,6,in_stock
OUT088,,Waypoint Style,Kandy,Kandy,street,van_only,,09:00,17:00,WAY-048,Kids,Kids T-Shirt V2,pcs,15,5,10,10,0,8,in_stock
OUT088,,Waypoint Style,Kandy,Kandy,street,van_only,,09:00,17:00,WAY-049,Kids,Kids Jeans V2,pcs,41,3,38,13,5,13,in_stock
OUT088,,Waypoint Style,Kandy,Kandy,street,van_only,,09:00,17:00,WAY-050,Kids,Kids Shorts V2,pcs,27,1,26,22,10,16,in_stock
OUT088,,Waypoint Style,Kandy,Kandy,street,van_only,,09:00,17:00,WAY-051,Kids,Kids Dress V2,pcs,15,8,7,12,20,17,low_stock
OUT088,,Waypoint Style,Kandy,Kandy,street,van_only,,09:00,17:00,WAY-052,Footwear,Men's Sneakers V2,pairs,33,0,33,20,5,17,in_stock
OUT088,,Waypoint Style,Kandy,Kandy,street,van_only,,09:00,17:00,WAY-053,Footwear,Women's Sneakers V2,pairs,16,3,13,11,0,5,in_stock
OUT088,,Waypoint Style,Kandy,Kandy,street,van_only,,09:00,17:00,WAY-054,Footwear,Men's Sandals V2,pairs,21,4,17,20,30,5,in_stock
OUT088,,Waypoint Style,Kandy,Kandy,street,van_only,,09:00,17:00,WAY-055,Footwear,Women's Sandals V2,pairs,8,7,1,19,30,14,low_stock
OUT088,,Waypoint Style,Kandy,Kandy,street,van_only,,09:00,17:00,WAY-056,Footwear,Kids' Shoes V2,pairs,35,8,27,8,20,15,in_stock
OUT088,,Waypoint Style,Kandy,Kandy,street,van_only,,09:00,17:00,WAY-057,Accessories,Backpack V2,pcs,30,1,29,6,20,9,in_stock
OUT088,,Waypoint Style,Kandy,Kandy,street,van_only,,09:00,17:00,WAY-058,Accessories,Wallet V2,pcs,28,6,22,18,0,6,in_stock
OUT088,,Waypoint Style,Kandy,Kandy,street,van_only,,09:00,17:00,WAY-059,Accessories,Cap V2,pcs,34,6,28,17,0,17,in_stock
OUT088,,Waypoint Style,Kandy,Kandy,street,van_only,,09:00,17:00,WAY-060,Accessories,Belt V2,pcs,33,6,27,21,30,10,in_stock
OUT088,,Waypoint Style,Kandy,Kandy,street,van_only,,09:00,17:00,WAY-061,Men,Men's T-Shirt V3,pcs,33,4,29,4,10,18,in_stock
OUT088,,Waypoint Style,Kandy,Kandy,street,van_only,,09:00,17:00,WAY-062,Men,Men's Polo Shirt V3,pcs,8,1,7,20,20,12,low_stock
OUT088,,Waypoint Style,Kandy,Kandy,street,van_only,,09:00,17:00,WAY-063,Men,Men's Casual Shirt V3,pcs,29,6,23,6,20,14,in_stock
OUT088,,Waypoint Style,Kandy,Kandy,street,van_only,,09:00,17:00,WAY-064,Men,Men's Formal Shirt V3,pcs,11,3,8,7,0,12,low_stock
OUT088,,Waypoint Style,Kandy,Kandy,street,van_only,,09:00,17:00,WAY-065,Men,Men's Jeans V3,pcs,12,3,9,8,5,6,in_stock
OUT088,,Waypoint Style,Kandy,Kandy,street,van_only,,09:00,17:00,WAY-066,Men,Men's Chino V3,pcs,19,7,12,15,0,12,low_stock
OUT088,,Waypoint Style,Kandy,Kandy,street,van_only,,09:00,17:00,WAY-067,Men,Men's Shorts V3,pcs,17,2,15,14,0,16,low_stock
OUT088,,Waypoint Style,Kandy,Kandy,street,van_only,,09:00,17:00,WAY-068,Men,Men's Hoodie V3,pcs,39,0,39,22,10,11,in_stock
OUT088,,Waypoint Style,Kandy,Kandy,street,van_only,,09:00,17:00,WAY-069,Men,Men's Jacket V3,pcs,16,6,10,9,0,6,in_stock
OUT088,,Waypoint Style,Kandy,Kandy,street,van_only,,09:00,17:00,WAY-070,Women,Women's T-Shirt V3,pcs,31,8,23,19,20,16,in_stock
OUT088,,Waypoint Style,Kandy,Kandy,street,van_only,,09:00,17:00,WAY-071,Women,Women's Blouse V3,pcs,10,4,6,15,5,10,low_stock
OUT088,,Waypoint Style,Kandy,Kandy,street,van_only,,09:00,17:00,WAY-072,Women,Women's Dress V3,pcs,29,6,23,10,10,8,in_stock
OUT088,,Waypoint Style,Kandy,Kandy,street,van_only,,09:00,17:00,WAY-073,Women,Women's Jeans V3,pcs,41,0,41,16,0,13,in_stock
OUT088,,Waypoint Style,Kandy,Kandy,street,van_only,,09:00,17:00,WAY-074,Women,Women's Trousers V3,pcs,26,8,18,15,0,18,low_stock
OUT088,,Waypoint Style,Kandy,Kandy,street,van_only,,09:00,17:00,WAY-075,Women,Women's Skirt V3,pcs,12,3,9,21,20,9,low_stock
OUT088,,Waypoint Style,Kandy,Kandy,street,van_only,,09:00,17:00,WAY-076,Women,Women's Hoodie V3,pcs,21,2,19,15,30,5,in_stock
OUT088,,Waypoint Style,Kandy,Kandy,street,van_only,,09:00,17:00,WAY-077,Women,Women's Jacket V3,pcs,20,3,17,16,0,5,in_stock
OUT088,,Waypoint Style,Kandy,Kandy,street,van_only,,09:00,17:00,WAY-078,Kids,Kids T-Shirt V3,pcs,34,6,28,19,30,9,in_stock
OUT088,,Waypoint Style,Kandy,Kandy,street,van_only,,09:00,17:00,WAY-079,Kids,Kids Jeans V3,pcs,32,7,25,5,20,16,in_stock
OUT088,,Waypoint Style,Kandy,Kandy,street,van_only,,09:00,17:00,WAY-080,Kids,Kids Shorts V3,pcs,29,5,24,22,5,14,in_stock
OUT088,,Waypoint Style,Kandy,Kandy,street,van_only,,09:00,17:00,WAY-081,Kids,Kids Dress V3,pcs,7,7,0,15,0,7,out_of_stock
OUT088,,Waypoint Style,Kandy,Kandy,street,van_only,,09:00,17:00,WAY-082,Footwear,Men's Sneakers V3,pairs,10,1,9,9,0,9,low_stock
OUT088,,Waypoint Style,Kandy,Kandy,street,van_only,,09:00,17:00,WAY-083,Footwear,Women's Sneakers V3,pairs,20,4,16,18,0,18,low_stock
OUT088,,Waypoint Style,Kandy,Kandy,street,van_only,,09:00,17:00,WAY-084,Footwear,Men's Sandals V3,pairs,27,6,21,15,0,9,in_stock
OUT088,,Waypoint Style,Kandy,Kandy,street,van_only,,09:00,17:00,WAY-085,Footwear,Women's Sandals V3,pairs,9,6,3,15,30,17,low_stock
OUT088,,Waypoint Style,Kandy,Kandy,street,van_only,,09:00,17:00,WAY-086,Footwear,Kids' Shoes V3,pairs,10,0,10,5,30,16,low_stock
OUT088,,Waypoint Style,Kandy,Kandy,street,van_only,,09:00,17:00,WAY-087,Accessories,Backpack V3,pcs,37,6,31,6,5,15,in_stock
OUT088,,Waypoint Style,Kandy,Kandy,street,van_only,,09:00,17:00,WAY-088,Accessories,Wallet V3,pcs,39,4,35,20,0,13,in_stock
OUT088,,Waypoint Style,Kandy,Kandy,street,van_only,,09:00,17:00,WAY-089,Accessories,Cap V3,pcs,13,2,11,7,0,10,in_stock
OUT088,,Waypoint Style,Kandy,Kandy,street,van_only,,09:00,17:00,WAY-090,Accessories,Belt V3,pcs,42,1,41,16,0,18,in_stock
OUT088,,Waypoint Style,Kandy,Kandy,street,van_only,,09:00,17:00,WAY-091,Men,Men's T-Shirt V4,pcs,41,5,36,9,0,13,in_stock
OUT088,,Waypoint Style,Kandy,Kandy,street,van_only,,09:00,17:00,WAY-092,Men,Men's Polo Shirt V4,pcs,29,4,25,2,10,13,in_stock
OUT088,,Waypoint Style,Kandy,Kandy,street,van_only,,09:00,17:00,WAY-093,Men,Men's Casual Shirt V4,pcs,11,0,11,13,0,14,low_stock
OUT088,,Waypoint Style,Kandy,Kandy,street,van_only,,09:00,17:00,WAY-094,Men,Men's Formal Shirt V4,pcs,23,4,19,9,10,11,in_stock
OUT088,,Waypoint Style,Kandy,Kandy,street,van_only,,09:00,17:00,WAY-095,Men,Men's Jeans V4,pcs,31,6,25,2,10,10,in_stock
OUT088,,Waypoint Style,Kandy,Kandy,street,van_only,,09:00,17:00,WAY-096,Men,Men's Chino V4,pcs,4,1,3,11,0,18,low_stock
OUT088,,Waypoint Style,Kandy,Kandy,street,van_only,,09:00,17:00,WAY-097,Men,Men's Shorts V4,pcs,45,4,41,9,20,7,in_stock
OUT088,,Waypoint Style,Kandy,Kandy,street,van_only,,09:00,17:00,WAY-098,Men,Men's Hoodie V4,pcs,17,3,14,20,0,6,in_stock
OUT088,,Waypoint Style,Kandy,Kandy,street,van_only,,09:00,17:00,WAY-099,Men,Men's Jacket V4,pcs,40,6,34,22,30,15,in_stock
OUT088,,Waypoint Style,Kandy,Kandy,street,van_only,,09:00,17:00,WAY-100,Women,Women's T-Shirt V4,pcs,36,1,35,6,10,13,in_stock
OUT088,,Waypoint Style,Kandy,Kandy,street,van_only,,09:00,17:00,WAY-101,Women,Women's Blouse V4,pcs,8,2,6,17,0,7,low_stock
OUT088,,Waypoint Style,Kandy,Kandy,street,van_only,,09:00,17:00,WAY-102,Women,Women's Dress V4,pcs,32,3,29,6,0,9,in_stock
OUT088,,Waypoint Style,Kandy,Kandy,street,van_only,,09:00,17:00,WAY-103,Women,Women's Jeans V4,pcs,41,1,40,12,0,6,in_stock
OUT088,,Waypoint Style,Kandy,Kandy,street,van_only,,09:00,17:00,WAY-104,Women,Women's Trousers V4,pcs,38,7,31,10,30,11,in_stock
OUT088,,Waypoint Style,Kandy,Kandy,street,van_only,,09:00,17:00,WAY-105,Women,Women's Skirt V4,pcs,12,4,8,17,0,13,low_stock
OUT088,,Waypoint Style,Kandy,Kandy,street,van_only,,09:00,17:00,WAY-106,Women,Women's Hoodie V4,pcs,17,3,14,8,30,18,low_stock
OUT088,,Waypoint Style,Kandy,Kandy,street,van_only,,09:00,17:00,WAY-107,Women,Women's Jacket V4,pcs,24,1,23,21,20,16,in_stock
OUT088,,Waypoint Style,Kandy,Kandy,street,van_only,,09:00,17:00,WAY-108,Kids,Kids T-Shirt V4,pcs,38,1,37,9,30,5,in_stock
OUT088,,Waypoint Style,Kandy,Kandy,street,van_only,,09:00,17:00,WAY-109,Kids,Kids Jeans V4,pcs,19,8,11,11,10,17,low_stock
OUT088,,Waypoint Style,Kandy,Kandy,street,van_only,,09:00,17:00,WAY-110,Kids,Kids Shorts V4,pcs,29,3,26,9,0,6,in_stock
OUT088,,Waypoint Style,Kandy,Kandy,street,van_only,,09:00,17:00,WAY-111,Kids,Kids Dress V4,pcs,40,7,33,18,0,8,in_stock
OUT088,,Waypoint Style,Kandy,Kandy,street,van_only,,09:00,17:00,WAY-112,Footwear,Men's Sneakers V4,pairs,23,1,22,18,20,11,in_stock
OUT088,,Waypoint Style,Kandy,Kandy,street,van_only,,09:00,17:00,WAY-113,Footwear,Women's Sneakers V4,pairs,44,4,40,4,30,12,in_stock
OUT088,,Waypoint Style,Kandy,Kandy,street,van_only,,09:00,17:00,WAY-114,Footwear,Men's Sandals V4,pairs,32,6,26,2,30,13,in_stock
OUT088,,Waypoint Style,Kandy,Kandy,street,van_only,,09:00,17:00,WAY-115,Footwear,Women's Sandals V4,pairs,32,7,25,13,10,13,in_stock
OUT088,,Waypoint Style,Kandy,Kandy,street,van_only,,09:00,17:00,WAY-116,Footwear,Kids' Shoes V4,pairs,38,7,31,9,10,11,in_stock
OUT088,,Waypoint Style,Kandy,Kandy,street,van_only,,09:00,17:00,WAY-117,Accessories,Backpack V4,pcs,40,4,36,12,30,11,in_stock
OUT088,,Waypoint Style,Kandy,Kandy,street,van_only,,09:00,17:00,WAY-118,Accessories,Wallet V4,pcs,44,1,43,16,0,10,in_stock
OUT088,,Waypoint Style,Kandy,Kandy,street,van_only,,09:00,17:00,WAY-119,Accessories,Cap V4,pcs,22,3,19,12,30,14,in_stock
OUT088,,Waypoint Style,Kandy,Kandy,street,van_only,,09:00,17:00,WAY-120,Accessories,Belt V4,pcs,5,2,3,12,0,7,low_stock
OUT088,,Waypoint Style,Kandy,Kandy,street,van_only,,09:00,17:00,WAY-121,Men,Men's T-Shirt V5,pcs,31,8,23,18,5,13,in_stock
OUT088,,Waypoint Style,Kandy,Kandy,street,van_only,,09:00,17:00,WAY-122,Men,Men's Polo Shirt V5,pcs,33,1,32,1,0,8,in_stock
OUT088,,Waypoint Style,Kandy,Kandy,street,van_only,,09:00,17:00,WAY-123,Men,Men's Casual Shirt V5,pcs,44,3,41,9,0,8,in_stock
OUT088,,Waypoint Style,Kandy,Kandy,street,van_only,,09:00,17:00,WAY-124,Men,Men's Formal Shirt V5,pcs,28,5,23,12,10,17,in_stock
OUT088,,Waypoint Style,Kandy,Kandy,street,van_only,,09:00,17:00,WAY-125,Men,Men's Jeans V5,pcs,38,2,36,20,10,14,in_stock
OUT088,,Waypoint Style,Kandy,Kandy,street,van_only,,09:00,17:00,WAY-126,Men,Men's Chino V5,pcs,27,2,25,22,10,16,in_stock
OUT088,,Waypoint Style,Kandy,Kandy,street,van_only,,09:00,17:00,WAY-127,Men,Men's Shorts V5,pcs,44,8,36,12,10,6,in_stock
OUT088,,Waypoint Style,Kandy,Kandy,street,van_only,,09:00,17:00,WAY-128,Men,Men's Hoodie V5,pcs,15,1,14,17,20,15,low_stock
OUT088,,Waypoint Style,Kandy,Kandy,street,van_only,,09:00,17:00,WAY-129,Men,Men's Jacket V5,pcs,23,0,23,14,20,15,in_stock
OUT088,,Waypoint Style,Kandy,Kandy,street,van_only,,09:00,17:00,WAY-130,Women,Women's T-Shirt V5,pcs,8,7,1,1,20,14,low_stock
OUT088,,Waypoint Style,Kandy,Kandy,street,van_only,,09:00,17:00,WAY-131,Women,Women's Blouse V5,pcs,10,2,8,9,0,15,low_stock
OUT088,,Waypoint Style,Kandy,Kandy,street,van_only,,09:00,17:00,WAY-132,Women,Women's Dress V5,pcs,21,4,17,6,10,5,in_stock
OUT088,,Waypoint Style,Kandy,Kandy,street,van_only,,09:00,17:00,WAY-133,Women,Women's Jeans V5,pcs,17,5,12,3,0,5,in_stock
OUT088,,Waypoint Style,Kandy,Kandy,street,van_only,,09:00,17:00,WAY-134,Women,Women's Trousers V5,pcs,22,0,22,5,0,18,in_stock
OUT088,,Waypoint Style,Kandy,Kandy,street,van_only,,09:00,17:00,WAY-135,Women,Women's Skirt V5,pcs,10,6,4,18,5,12,low_stock
OUT088,,Waypoint Style,Kandy,Kandy,street,van_only,,09:00,17:00,WAY-136,Women,Women's Hoodie V5,pcs,42,5,37,13,20,15,in_stock
OUT088,,Waypoint Style,Kandy,Kandy,street,van_only,,09:00,17:00,WAY-137,Women,Women's Jacket V5,pcs,43,2,41,20,30,8,in_stock
OUT088,,Waypoint Style,Kandy,Kandy,street,van_only,,09:00,17:00,WAY-138,Kids,Kids T-Shirt V5,pcs,4,1,3,11,10,16,low_stock
OUT088,,Waypoint Style,Kandy,Kandy,street,van_only,,09:00,17:00,WAY-139,Kids,Kids Jeans V5,pcs,28,4,24,18,10,15,in_stock
OUT088,,Waypoint Style,Kandy,Kandy,street,van_only,,09:00,17:00,WAY-140,Kids,Kids Shorts V5,pcs,42,3,39,5,20,9,in_stock
OUT088,,Waypoint Style,Kandy,Kandy,street,van_only,,09:00,17:00,WAY-141,Kids,Kids Dress V5,pcs,44,6,38,16,20,17,in_stock
OUT088,,Waypoint Style,Kandy,Kandy,street,van_only,,09:00,17:00,WAY-142,Footwear,Men's Sneakers V5,pairs,16,8,8,18,10,11,low_stock
OUT088,,Waypoint Style,Kandy,Kandy,street,van_only,,09:00,17:00,WAY-143,Footwear,Women's Sneakers V5,pairs,42,6,36,16,20,8,in_stock
OUT088,,Waypoint Style,Kandy,Kandy,street,van_only,,09:00,17:00,WAY-144,Footwear,Men's Sandals V5,pairs,39,6,33,8,5,11,in_stock
OUT088,,Waypoint Style,Kandy,Kandy,street,van_only,,09:00,17:00,WAY-145,Footwear,Women's Sandals V5,pairs,16,6,10,17,20,12,low_stock
OUT088,,Waypoint Style,Kandy,Kandy,street,van_only,,09:00,17:00,WAY-146,Footwear,Kids' Shoes V5,pairs,26,7,19,15,5,11,in_stock
OUT088,,Waypoint Style,Kandy,Kandy,street,van_only,,09:00,17:00,WAY-147,Accessories,Backpack V5,pcs,27,6,21,9,0,5,in_stock
OUT088,,Waypoint Style,Kandy,Kandy,street,van_only,,09:00,17:00,WAY-148,Accessories,Wallet V5,pcs,19,6,13,10,20,8,in_stock
OUT088,,Waypoint Style,Kandy,Kandy,street,van_only,,09:00,17:00,WAY-149,Accessories,Cap V5,pcs,34,4,30,9,20,12,in_stock
OUT088,,Waypoint Style,Kandy,Kandy,street,van_only,,09:00,17:00,WAY-150,Accessories,Belt V5,pcs,32,0,32,8,30,5,in_stock
OUT088,,Waypoint Style,Kandy,Kandy,street,van_only,,09:00,17:00,WAY-151,Men,Men's T-Shirt V6,pcs,18,1,17,5,5,18,low_stock
OUT088,,Waypoint Style,Kandy,Kandy,street,van_only,,09:00,17:00,WAY-152,Men,Men's Polo Shirt V6,pcs,40,0,40,7,20,10,in_stock
OUT088,,Waypoint Style,Kandy,Kandy,street,van_only,,09:00,17:00,WAY-153,Men,Men's Casual Shirt V6,pcs,12,6,6,18,30,14,low_stock
OUT088,,Waypoint Style,Kandy,Kandy,street,van_only,,09:00,17:00,WAY-154,Men,Men's Formal Shirt V6,pcs,27,6,21,4,0,14,in_stock
OUT088,,Waypoint Style,Kandy,Kandy,street,van_only,,09:00,17:00,WAY-155,Men,Men's Jeans V6,pcs,9,8,1,18,30,11,low_stock
OUT088,,Waypoint Style,Kandy,Kandy,street,van_only,,09:00,17:00,WAY-156,Men,Men's Chino V6,pcs,21,4,17,11,20,12,in_stock
OUT088,,Waypoint Style,Kandy,Kandy,street,van_only,,09:00,17:00,WAY-157,Men,Men's Shorts V6,pcs,42,6,36,3,30,9,in_stock
OUT088,,Waypoint Style,Kandy,Kandy,street,van_only,,09:00,17:00,WAY-158,Men,Men's Hoodie V6,pcs,16,2,14,2,20,9,in_stock
OUT088,,Waypoint Style,Kandy,Kandy,street,van_only,,09:00,17:00,WAY-159,Men,Men's Jacket V6,pcs,7,0,7,20,10,18,low_stock
OUT088,,Waypoint Style,Kandy,Kandy,street,van_only,,09:00,17:00,WAY-160,Women,Women's T-Shirt V6,pcs,23,0,23,1,30,18,in_stock
OUT088,,Waypoint Style,Kandy,Kandy,street,van_only,,09:00,17:00,WAY-161,Women,Women's Blouse V6,pcs,37,2,35,16,0,7,in_stock
OUT088,,Waypoint Style,Kandy,Kandy,street,van_only,,09:00,17:00,WAY-162,Women,Women's Dress V6,pcs,18,4,14,9,30,17,low_stock
OUT088,,Waypoint Style,Kandy,Kandy,street,van_only,,09:00,17:00,WAY-163,Women,Women's Jeans V6,pcs,7,1,6,10,5,12,low_stock
OUT088,,Waypoint Style,Kandy,Kandy,street,van_only,,09:00,17:00,WAY-164,Women,Women's Trousers V6,pcs,7,2,5,13,0,5,low_stock
OUT088,,Waypoint Style,Kandy,Kandy,street,van_only,,09:00,17:00,WAY-165,Women,Women's Skirt V6,pcs,43,7,36,4,0,12,in_stock
OUT088,,Waypoint Style,Kandy,Kandy,street,van_only,,09:00,17:00,WAY-166,Women,Women's Hoodie V6,pcs,13,3,10,19,10,14,low_stock
OUT088,,Waypoint Style,Kandy,Kandy,street,van_only,,09:00,17:00,WAY-167,Women,Women's Jacket V6,pcs,28,3,25,18,0,10,in_stock
OUT088,,Waypoint Style,Kandy,Kandy,street,van_only,,09:00,17:00,WAY-168,Kids,Kids T-Shirt V6,pcs,13,7,6,8,0,14,low_stock
OUT088,,Waypoint Style,Kandy,Kandy,street,van_only,,09:00,17:00,WAY-169,Kids,Kids Jeans V6,pcs,38,1,37,21,0,11,in_stock
OUT088,,Waypoint Style,Kandy,Kandy,street,van_only,,09:00,17:00,WAY-170,Kids,Kids Shorts V6,pcs,44,4,40,13,20,6,in_stock
OUT088,,Waypoint Style,Kandy,Kandy,street,van_only,,09:00,17:00,WAY-171,Kids,Kids Dress V6,pcs,12,2,10,3,0,18,low_stock
OUT088,,Waypoint Style,Kandy,Kandy,street,van_only,,09:00,17:00,WAY-172,Footwear,Men's Sneakers V6,pairs,4,2,2,7,20,5,low_stock
OUT088,,Waypoint Style,Kandy,Kandy,street,van_only,,09:00,17:00,WAY-173,Footwear,Women's Sneakers V6,pairs,11,7,4,22,5,15,low_stock
OUT088,,Waypoint Style,Kandy,Kandy,street,van_only,,09:00,17:00,WAY-174,Footwear,Men's Sandals V6,pairs,9,3,6,13,10,10,low_stock
OUT088,,Waypoint Style,Kandy,Kandy,street,van_only,,09:00,17:00,WAY-175,Footwear,Women's Sandals V6,pairs,36,5,31,3,10,10,in_stock
OUT088,,Waypoint Style,Kandy,Kandy,street,van_only,,09:00,17:00,WAY-176,Footwear,Kids' Shoes V6,pairs,16,2,14,8,20,9,in_stock
OUT088,,Waypoint Style,Kandy,Kandy,street,van_only,,09:00,17:00,WAY-177,Accessories,Backpack V6,pcs,23,1,22,6,0,8,in_stock
OUT088,,Waypoint Style,Kandy,Kandy,street,van_only,,09:00,17:00,WAY-178,Accessories,Wallet V6,pcs,41,8,33,7,30,11,in_stock
OUT088,,Waypoint Style,Kandy,Kandy,street,van_only,,09:00,17:00,WAY-179,Accessories,Cap V6,pcs,14,0,14,5,20,12,in_stock
OUT088,,Waypoint Style,Kandy,Kandy,street,van_only,,09:00,17:00,WAY-180,Accessories,Belt V6,pcs,13,2,11,10,0,8,in_stock
OUT088,,Waypoint Style,Kandy,Kandy,street,van_only,,09:00,17:00,WAY-181,Men,Men's T-Shirt V7,pcs,39,3,36,9,20,15,in_stock
OUT088,,Waypoint Style,Kandy,Kandy,street,van_only,,09:00,17:00,WAY-182,Men,Men's Polo Shirt V7,pcs,10,8,2,18,30,15,low_stock
OUT088,,Waypoint Style,Kandy,Kandy,street,van_only,,09:00,17:00,WAY-183,Men,Men's Casual Shirt V7,pcs,30,5,25,3,0,16,in_stock
OUT088,,Waypoint Style,Kandy,Kandy,street,van_only,,09:00,17:00,WAY-184,Men,Men's Formal Shirt V7,pcs,20,1,19,21,0,15,in_stock
OUT088,,Waypoint Style,Kandy,Kandy,street,van_only,,09:00,17:00,WAY-185,Men,Men's Jeans V7,pcs,11,6,5,3,0,15,low_stock
OUT088,,Waypoint Style,Kandy,Kandy,street,van_only,,09:00,17:00,WAY-186,Men,Men's Chino V7,pcs,7,6,1,6,0,10,low_stock
OUT088,,Waypoint Style,Kandy,Kandy,street,van_only,,09:00,17:00,WAY-187,Men,Men's Shorts V7,pcs,41,6,35,4,20,12,in_stock
OUT088,,Waypoint Style,Kandy,Kandy,street,van_only,,09:00,17:00,WAY-188,Men,Men's Hoodie V7,pcs,14,6,8,6,0,6,in_stock
OUT088,,Waypoint Style,Kandy,Kandy,street,van_only,,09:00,17:00,WAY-189,Men,Men's Jacket V7,pcs,22,5,17,20,20,14,in_stock
OUT088,,Waypoint Style,Kandy,Kandy,street,van_only,,09:00,17:00,WAY-190,Women,Women's T-Shirt V7,pcs,34,2,32,10,10,11,in_stock
OUT088,,Waypoint Style,Kandy,Kandy,street,van_only,,09:00,17:00,WAY-191,Women,Women's Blouse V7,pcs,12,0,12,1,0,10,in_stock
OUT088,,Waypoint Style,Kandy,Kandy,street,van_only,,09:00,17:00,WAY-192,Women,Women's Dress V7,pcs,10,4,6,15,5,9,low_stock
OUT088,,Waypoint Style,Kandy,Kandy,street,van_only,,09:00,17:00,WAY-193,Women,Women's Jeans V7,pcs,41,4,37,17,0,6,in_stock
OUT088,,Waypoint Style,Kandy,Kandy,street,van_only,,09:00,17:00,WAY-194,Women,Women's Trousers V7,pcs,11,8,3,9,30,5,low_stock
OUT088,,Waypoint Style,Kandy,Kandy,street,van_only,,09:00,17:00,WAY-195,Women,Women's Skirt V7,pcs,9,2,7,5,0,8,low_stock
OUT088,,Waypoint Style,Kandy,Kandy,street,van_only,,09:00,17:00,WAY-196,Women,Women's Hoodie V7,pcs,17,4,13,9,20,11,in_stock
OUT088,,Waypoint Style,Kandy,Kandy,street,van_only,,09:00,17:00,WAY-197,Women,Women's Jacket V7,pcs,22,4,18,2,20,5,in_stock
OUT088,,Waypoint Style,Kandy,Kandy,street,van_only,,09:00,17:00,WAY-198,Kids,Kids T-Shirt V7,pcs,42,7,35,19,0,17,in_stock
OUT088,,Waypoint Style,Kandy,Kandy,street,van_only,,09:00,17:00,WAY-199,Kids,Kids Jeans V7,pcs,45,5,40,13,5,18,in_stock
OUT088,,Waypoint Style,Kandy,Kandy,street,van_only,,09:00,17:00,WAY-200,Kids,Kids Shorts V7,pcs,37,3,34,9,0,14,in_stock
OUT089,,Waypoint Style,Kandy,Kandy,mall_bay,mall_dock,10:30-12:30,10:30,12:30,WAY-001,Men,Men's T-Shirt,pcs,31,5,26,7,0,6,in_stock
OUT089,,Waypoint Style,Kandy,Kandy,mall_bay,mall_dock,10:30-12:30,10:30,12:30,WAY-002,Men,Men's Polo Shirt,pcs,18,5,13,18,0,15,low_stock
OUT089,,Waypoint Style,Kandy,Kandy,mall_bay,mall_dock,10:30-12:30,10:30,12:30,WAY-003,Men,Men's Casual Shirt,pcs,15,2,13,1,0,8,in_stock
OUT089,,Waypoint Style,Kandy,Kandy,mall_bay,mall_dock,10:30-12:30,10:30,12:30,WAY-004,Men,Men's Formal Shirt,pcs,4,3,1,6,30,5,low_stock
OUT089,,Waypoint Style,Kandy,Kandy,mall_bay,mall_dock,10:30-12:30,10:30,12:30,WAY-005,Men,Men's Jeans,pcs,4,0,4,9,30,5,low_stock
OUT089,,Waypoint Style,Kandy,Kandy,mall_bay,mall_dock,10:30-12:30,10:30,12:30,WAY-006,Men,Men's Chino,pcs,39,8,31,19,20,15,in_stock
OUT089,,Waypoint Style,Kandy,Kandy,mall_bay,mall_dock,10:30-12:30,10:30,12:30,WAY-007,Men,Men's Shorts,pcs,24,0,24,15,0,6,in_stock
OUT089,,Waypoint Style,Kandy,Kandy,mall_bay,mall_dock,10:30-12:30,10:30,12:30,WAY-008,Men,Men's Hoodie,pcs,5,0,5,21,0,13,low_stock
OUT089,,Waypoint Style,Kandy,Kandy,mall_bay,mall_dock,10:30-12:30,10:30,12:30,WAY-009,Men,Men's Jacket,pcs,44,6,38,2,0,9,in_stock
OUT089,,Waypoint Style,Kandy,Kandy,mall_bay,mall_dock,10:30-12:30,10:30,12:30,WAY-010,Women,Women's T-Shirt,pcs,10,5,5,3,20,14,low_stock
OUT089,,Waypoint Style,Kandy,Kandy,mall_bay,mall_dock,10:30-12:30,10:30,12:30,WAY-011,Women,Women's Blouse,pcs,5,3,2,16,0,16,low_stock
OUT089,,Waypoint Style,Kandy,Kandy,mall_bay,mall_dock,10:30-12:30,10:30,12:30,WAY-012,Women,Women's Dress,pcs,14,8,6,20,10,7,low_stock
OUT089,,Waypoint Style,Kandy,Kandy,mall_bay,mall_dock,10:30-12:30,10:30,12:30,WAY-013,Women,Women's Jeans,pcs,38,4,34,10,5,6,in_stock
OUT089,,Waypoint Style,Kandy,Kandy,mall_bay,mall_dock,10:30-12:30,10:30,12:30,WAY-014,Women,Women's Trousers,pcs,41,3,38,11,0,9,in_stock
OUT089,,Waypoint Style,Kandy,Kandy,mall_bay,mall_dock,10:30-12:30,10:30,12:30,WAY-015,Women,Women's Skirt,pcs,39,3,36,19,30,8,in_stock
OUT089,,Waypoint Style,Kandy,Kandy,mall_bay,mall_dock,10:30-12:30,10:30,12:30,WAY-016,Women,Women's Hoodie,pcs,45,0,45,9,30,6,in_stock
OUT089,,Waypoint Style,Kandy,Kandy,mall_bay,mall_dock,10:30-12:30,10:30,12:30,WAY-017,Women,Women's Jacket,pcs,40,4,36,9,0,18,in_stock
OUT089,,Waypoint Style,Kandy,Kandy,mall_bay,mall_dock,10:30-12:30,10:30,12:30,WAY-018,Kids,Kids T-Shirt,pcs,39,8,31,11,0,5,in_stock
OUT089,,Waypoint Style,Kandy,Kandy,mall_bay,mall_dock,10:30-12:30,10:30,12:30,WAY-019,Kids,Kids Jeans,pcs,18,7,11,15,0,14,low_stock
OUT089,,Waypoint Style,Kandy,Kandy,mall_bay,mall_dock,10:30-12:30,10:30,12:30,WAY-020,Kids,Kids Shorts,pcs,29,7,22,14,10,5,in_stock
OUT089,,Waypoint Style,Kandy,Kandy,mall_bay,mall_dock,10:30-12:30,10:30,12:30,WAY-021,Kids,Kids Dress,pcs,43,8,35,18,20,14,in_stock
OUT089,,Waypoint Style,Kandy,Kandy,mall_bay,mall_dock,10:30-12:30,10:30,12:30,WAY-022,Footwear,Men's Sneakers,pairs,35,4,31,20,0,17,in_stock
OUT089,,Waypoint Style,Kandy,Kandy,mall_bay,mall_dock,10:30-12:30,10:30,12:30,WAY-023,Footwear,Women's Sneakers,pairs,40,3,37,18,0,7,in_stock
OUT089,,Waypoint Style,Kandy,Kandy,mall_bay,mall_dock,10:30-12:30,10:30,12:30,WAY-024,Footwear,Men's Sandals,pairs,6,4,2,19,30,10,low_stock
OUT089,,Waypoint Style,Kandy,Kandy,mall_bay,mall_dock,10:30-12:30,10:30,12:30,WAY-025,Footwear,Women's Sandals,pairs,34,7,27,5,30,17,in_stock
OUT089,,Waypoint Style,Kandy,Kandy,mall_bay,mall_dock,10:30-12:30,10:30,12:30,WAY-026,Footwear,Kids' Shoes,pairs,29,0,29,9,0,5,in_stock
OUT089,,Waypoint Style,Kandy,Kandy,mall_bay,mall_dock,10:30-12:30,10:30,12:30,WAY-027,Accessories,Backpack,pcs,31,4,27,4,30,11,in_stock
OUT089,,Waypoint Style,Kandy,Kandy,mall_bay,mall_dock,10:30-12:30,10:30,12:30,WAY-028,Accessories,Wallet,pcs,43,5,38,18,20,5,in_stock
OUT089,,Waypoint Style,Kandy,Kandy,mall_bay,mall_dock,10:30-12:30,10:30,12:30,WAY-029,Accessories,Cap,pcs,5,0,5,18,5,7,low_stock
OUT089,,Waypoint Style,Kandy,Kandy,mall_bay,mall_dock,10:30-12:30,10:30,12:30,WAY-030,Accessories,Belt,pcs,40,0,40,11,20,18,in_stock
OUT089,,Waypoint Style,Kandy,Kandy,mall_bay,mall_dock,10:30-12:30,10:30,12:30,WAY-031,Men,Men's T-Shirt V2,pcs,14,1,13,19,10,17,low_stock
OUT089,,Waypoint Style,Kandy,Kandy,mall_bay,mall_dock,10:30-12:30,10:30,12:30,WAY-032,Men,Men's Polo Shirt V2,pcs,21,1,20,18,20,18,in_stock
OUT089,,Waypoint Style,Kandy,Kandy,mall_bay,mall_dock,10:30-12:30,10:30,12:30,WAY-033,Men,Men's Casual Shirt V2,pcs,14,7,7,16,5,16,low_stock
OUT089,,Waypoint Style,Kandy,Kandy,mall_bay,mall_dock,10:30-12:30,10:30,12:30,WAY-034,Men,Men's Formal Shirt V2,pcs,34,4,30,16,30,16,in_stock
OUT089,,Waypoint Style,Kandy,Kandy,mall_bay,mall_dock,10:30-12:30,10:30,12:30,WAY-035,Men,Men's Jeans V2,pcs,5,0,5,2,30,16,low_stock
OUT089,,Waypoint Style,Kandy,Kandy,mall_bay,mall_dock,10:30-12:30,10:30,12:30,WAY-036,Men,Men's Chino V2,pcs,36,7,29,4,30,15,in_stock
OUT089,,Waypoint Style,Kandy,Kandy,mall_bay,mall_dock,10:30-12:30,10:30,12:30,WAY-037,Men,Men's Shorts V2,pcs,28,1,27,14,0,14,in_stock
OUT089,,Waypoint Style,Kandy,Kandy,mall_bay,mall_dock,10:30-12:30,10:30,12:30,WAY-038,Men,Men's Hoodie V2,pcs,7,4,3,18,10,15,low_stock
OUT089,,Waypoint Style,Kandy,Kandy,mall_bay,mall_dock,10:30-12:30,10:30,12:30,WAY-039,Men,Men's Jacket V2,pcs,15,0,15,2,0,7,in_stock
OUT089,,Waypoint Style,Kandy,Kandy,mall_bay,mall_dock,10:30-12:30,10:30,12:30,WAY-040,Women,Women's T-Shirt V2,pcs,29,4,25,20,5,5,in_stock
OUT089,,Waypoint Style,Kandy,Kandy,mall_bay,mall_dock,10:30-12:30,10:30,12:30,WAY-041,Women,Women's Blouse V2,pcs,4,3,1,8,0,8,low_stock
OUT089,,Waypoint Style,Kandy,Kandy,mall_bay,mall_dock,10:30-12:30,10:30,12:30,WAY-042,Women,Women's Dress V2,pcs,16,6,10,9,30,16,low_stock
OUT089,,Waypoint Style,Kandy,Kandy,mall_bay,mall_dock,10:30-12:30,10:30,12:30,WAY-043,Women,Women's Jeans V2,pcs,9,4,5,1,30,18,low_stock
OUT089,,Waypoint Style,Kandy,Kandy,mall_bay,mall_dock,10:30-12:30,10:30,12:30,WAY-044,Women,Women's Trousers V2,pcs,37,6,31,3,0,9,in_stock
OUT089,,Waypoint Style,Kandy,Kandy,mall_bay,mall_dock,10:30-12:30,10:30,12:30,WAY-045,Women,Women's Skirt V2,pcs,5,4,1,5,0,12,low_stock
OUT089,,Waypoint Style,Kandy,Kandy,mall_bay,mall_dock,10:30-12:30,10:30,12:30,WAY-046,Women,Women's Hoodie V2,pcs,30,2,28,9,10,8,in_stock
OUT089,,Waypoint Style,Kandy,Kandy,mall_bay,mall_dock,10:30-12:30,10:30,12:30,WAY-047,Women,Women's Jacket V2,pcs,26,3,23,19,0,6,in_stock
OUT089,,Waypoint Style,Kandy,Kandy,mall_bay,mall_dock,10:30-12:30,10:30,12:30,WAY-048,Kids,Kids T-Shirt V2,pcs,17,7,10,17,10,5,in_stock
OUT089,,Waypoint Style,Kandy,Kandy,mall_bay,mall_dock,10:30-12:30,10:30,12:30,WAY-049,Kids,Kids Jeans V2,pcs,38,7,31,14,10,14,in_stock
OUT089,,Waypoint Style,Kandy,Kandy,mall_bay,mall_dock,10:30-12:30,10:30,12:30,WAY-050,Kids,Kids Shorts V2,pcs,20,4,16,19,30,17,low_stock
OUT089,,Waypoint Style,Kandy,Kandy,mall_bay,mall_dock,10:30-12:30,10:30,12:30,WAY-051,Kids,Kids Dress V2,pcs,21,6,15,12,5,18,low_stock
OUT089,,Waypoint Style,Kandy,Kandy,mall_bay,mall_dock,10:30-12:30,10:30,12:30,WAY-052,Footwear,Men's Sneakers V2,pairs,30,0,30,17,10,14,in_stock
OUT089,,Waypoint Style,Kandy,Kandy,mall_bay,mall_dock,10:30-12:30,10:30,12:30,WAY-053,Footwear,Women's Sneakers V2,pairs,8,4,4,9,0,7,low_stock
OUT089,,Waypoint Style,Kandy,Kandy,mall_bay,mall_dock,10:30-12:30,10:30,12:30,WAY-054,Footwear,Men's Sandals V2,pairs,21,7,14,8,5,8,in_stock
OUT089,,Waypoint Style,Kandy,Kandy,mall_bay,mall_dock,10:30-12:30,10:30,12:30,WAY-055,Footwear,Women's Sandals V2,pairs,14,3,11,12,0,7,in_stock
OUT089,,Waypoint Style,Kandy,Kandy,mall_bay,mall_dock,10:30-12:30,10:30,12:30,WAY-056,Footwear,Kids' Shoes V2,pairs,40,0,40,9,0,8,in_stock
OUT089,,Waypoint Style,Kandy,Kandy,mall_bay,mall_dock,10:30-12:30,10:30,12:30,WAY-057,Accessories,Backpack V2,pcs,26,0,26,21,10,18,in_stock
OUT089,,Waypoint Style,Kandy,Kandy,mall_bay,mall_dock,10:30-12:30,10:30,12:30,WAY-058,Accessories,Wallet V2,pcs,40,2,38,16,0,7,in_stock
OUT089,,Waypoint Style,Kandy,Kandy,mall_bay,mall_dock,10:30-12:30,10:30,12:30,WAY-059,Accessories,Cap V2,pcs,27,2,25,19,10,15,in_stock
OUT089,,Waypoint Style,Kandy,Kandy,mall_bay,mall_dock,10:30-12:30,10:30,12:30,WAY-060,Accessories,Belt V2,pcs,23,7,16,4,20,15,in_stock
OUT089,,Waypoint Style,Kandy,Kandy,mall_bay,mall_dock,10:30-12:30,10:30,12:30,WAY-061,Men,Men's T-Shirt V3,pcs,44,3,41,18,10,9,in_stock
OUT089,,Waypoint Style,Kandy,Kandy,mall_bay,mall_dock,10:30-12:30,10:30,12:30,WAY-062,Men,Men's Polo Shirt V3,pcs,24,8,16,11,5,5,in_stock
OUT089,,Waypoint Style,Kandy,Kandy,mall_bay,mall_dock,10:30-12:30,10:30,12:30,WAY-063,Men,Men's Casual Shirt V3,pcs,34,6,28,10,10,18,in_stock
OUT089,,Waypoint Style,Kandy,Kandy,mall_bay,mall_dock,10:30-12:30,10:30,12:30,WAY-064,Men,Men's Formal Shirt V3,pcs,11,1,10,7,30,6,in_stock
OUT089,,Waypoint Style,Kandy,Kandy,mall_bay,mall_dock,10:30-12:30,10:30,12:30,WAY-065,Men,Men's Jeans V3,pcs,44,5,39,16,20,8,in_stock
OUT089,,Waypoint Style,Kandy,Kandy,mall_bay,mall_dock,10:30-12:30,10:30,12:30,WAY-066,Men,Men's Chino V3,pcs,14,6,8,18,20,17,low_stock
OUT089,,Waypoint Style,Kandy,Kandy,mall_bay,mall_dock,10:30-12:30,10:30,12:30,WAY-067,Men,Men's Shorts V3,pcs,38,6,32,4,20,16,in_stock
OUT089,,Waypoint Style,Kandy,Kandy,mall_bay,mall_dock,10:30-12:30,10:30,12:30,WAY-068,Men,Men's Hoodie V3,pcs,4,2,2,9,20,8,low_stock
OUT089,,Waypoint Style,Kandy,Kandy,mall_bay,mall_dock,10:30-12:30,10:30,12:30,WAY-069,Men,Men's Jacket V3,pcs,35,6,29,22,10,17,in_stock
OUT089,,Waypoint Style,Kandy,Kandy,mall_bay,mall_dock,10:30-12:30,10:30,12:30,WAY-070,Women,Women's T-Shirt V3,pcs,22,5,17,3,20,17,low_stock
OUT089,,Waypoint Style,Kandy,Kandy,mall_bay,mall_dock,10:30-12:30,10:30,12:30,WAY-071,Women,Women's Blouse V3,pcs,30,1,29,3,30,13,in_stock
OUT089,,Waypoint Style,Kandy,Kandy,mall_bay,mall_dock,10:30-12:30,10:30,12:30,WAY-072,Women,Women's Dress V3,pcs,11,4,7,3,0,7,low_stock
OUT089,,Waypoint Style,Kandy,Kandy,mall_bay,mall_dock,10:30-12:30,10:30,12:30,WAY-073,Women,Women's Jeans V3,pcs,22,5,17,18,5,10,in_stock
OUT089,,Waypoint Style,Kandy,Kandy,mall_bay,mall_dock,10:30-12:30,10:30,12:30,WAY-074,Women,Women's Trousers V3,pcs,18,2,16,19,0,6,in_stock
OUT089,,Waypoint Style,Kandy,Kandy,mall_bay,mall_dock,10:30-12:30,10:30,12:30,WAY-075,Women,Women's Skirt V3,pcs,32,4,28,19,0,15,in_stock
OUT089,,Waypoint Style,Kandy,Kandy,mall_bay,mall_dock,10:30-12:30,10:30,12:30,WAY-076,Women,Women's Hoodie V3,pcs,45,0,45,20,5,9,in_stock
OUT089,,Waypoint Style,Kandy,Kandy,mall_bay,mall_dock,10:30-12:30,10:30,12:30,WAY-077,Women,Women's Jacket V3,pcs,30,7,23,15,20,15,in_stock
OUT089,,Waypoint Style,Kandy,Kandy,mall_bay,mall_dock,10:30-12:30,10:30,12:30,WAY-078,Kids,Kids T-Shirt V3,pcs,13,3,10,14,5,12,low_stock
OUT089,,Waypoint Style,Kandy,Kandy,mall_bay,mall_dock,10:30-12:30,10:30,12:30,WAY-079,Kids,Kids Jeans V3,pcs,29,8,21,3,0,12,in_stock
OUT089,,Waypoint Style,Kandy,Kandy,mall_bay,mall_dock,10:30-12:30,10:30,12:30,WAY-080,Kids,Kids Shorts V3,pcs,26,0,26,6,5,5,in_stock
OUT089,,Waypoint Style,Kandy,Kandy,mall_bay,mall_dock,10:30-12:30,10:30,12:30,WAY-081,Kids,Kids Dress V3,pcs,25,5,20,1,20,14,in_stock
OUT089,,Waypoint Style,Kandy,Kandy,mall_bay,mall_dock,10:30-12:30,10:30,12:30,WAY-082,Footwear,Men's Sneakers V3,pairs,31,8,23,19,0,9,in_stock
OUT089,,Waypoint Style,Kandy,Kandy,mall_bay,mall_dock,10:30-12:30,10:30,12:30,WAY-083,Footwear,Women's Sneakers V3,pairs,22,6,16,22,0,11,in_stock
OUT089,,Waypoint Style,Kandy,Kandy,mall_bay,mall_dock,10:30-12:30,10:30,12:30,WAY-084,Footwear,Men's Sandals V3,pairs,37,8,29,9,10,15,in_stock
OUT089,,Waypoint Style,Kandy,Kandy,mall_bay,mall_dock,10:30-12:30,10:30,12:30,WAY-085,Footwear,Women's Sandals V3,pairs,24,3,21,3,10,17,in_stock
OUT089,,Waypoint Style,Kandy,Kandy,mall_bay,mall_dock,10:30-12:30,10:30,12:30,WAY-086,Footwear,Kids' Shoes V3,pairs,14,0,14,9,0,14,low_stock
OUT089,,Waypoint Style,Kandy,Kandy,mall_bay,mall_dock,10:30-12:30,10:30,12:30,WAY-087,Accessories,Backpack V3,pcs,41,3,38,19,5,5,in_stock
OUT089,,Waypoint Style,Kandy,Kandy,mall_bay,mall_dock,10:30-12:30,10:30,12:30,WAY-088,Accessories,Wallet V3,pcs,28,5,23,10,20,17,in_stock
OUT089,,Waypoint Style,Kandy,Kandy,mall_bay,mall_dock,10:30-12:30,10:30,12:30,WAY-089,Accessories,Cap V3,pcs,5,1,4,20,10,11,low_stock
OUT089,,Waypoint Style,Kandy,Kandy,mall_bay,mall_dock,10:30-12:30,10:30,12:30,WAY-090,Accessories,Belt V3,pcs,24,3,21,2,5,5,in_stock
OUT089,,Waypoint Style,Kandy,Kandy,mall_bay,mall_dock,10:30-12:30,10:30,12:30,WAY-091,Men,Men's T-Shirt V4,pcs,15,2,13,22,5,10,in_stock
OUT089,,Waypoint Style,Kandy,Kandy,mall_bay,mall_dock,10:30-12:30,10:30,12:30,WAY-092,Men,Men's Polo Shirt V4,pcs,45,5,40,9,0,15,in_stock
OUT089,,Waypoint Style,Kandy,Kandy,mall_bay,mall_dock,10:30-12:30,10:30,12:30,WAY-093,Men,Men's Casual Shirt V4,pcs,39,1,38,1,0,18,in_stock
OUT089,,Waypoint Style,Kandy,Kandy,mall_bay,mall_dock,10:30-12:30,10:30,12:30,WAY-094,Men,Men's Formal Shirt V4,pcs,35,4,31,18,20,14,in_stock
OUT089,,Waypoint Style,Kandy,Kandy,mall_bay,mall_dock,10:30-12:30,10:30,12:30,WAY-095,Men,Men's Jeans V4,pcs,27,8,19,16,0,11,in_stock
OUT089,,Waypoint Style,Kandy,Kandy,mall_bay,mall_dock,10:30-12:30,10:30,12:30,WAY-096,Men,Men's Chino V4,pcs,26,4,22,21,10,7,in_stock
OUT089,,Waypoint Style,Kandy,Kandy,mall_bay,mall_dock,10:30-12:30,10:30,12:30,WAY-097,Men,Men's Shorts V4,pcs,41,8,33,6,0,15,in_stock
OUT089,,Waypoint Style,Kandy,Kandy,mall_bay,mall_dock,10:30-12:30,10:30,12:30,WAY-098,Men,Men's Hoodie V4,pcs,12,8,4,21,10,5,low_stock
OUT089,,Waypoint Style,Kandy,Kandy,mall_bay,mall_dock,10:30-12:30,10:30,12:30,WAY-099,Men,Men's Jacket V4,pcs,4,2,2,18,5,9,low_stock
OUT089,,Waypoint Style,Kandy,Kandy,mall_bay,mall_dock,10:30-12:30,10:30,12:30,WAY-100,Women,Women's T-Shirt V4,pcs,43,8,35,21,10,14,in_stock
OUT089,,Waypoint Style,Kandy,Kandy,mall_bay,mall_dock,10:30-12:30,10:30,12:30,WAY-101,Women,Women's Blouse V4,pcs,9,0,9,17,5,6,in_stock
OUT089,,Waypoint Style,Kandy,Kandy,mall_bay,mall_dock,10:30-12:30,10:30,12:30,WAY-102,Women,Women's Dress V4,pcs,24,4,20,10,30,18,in_stock
OUT089,,Waypoint Style,Kandy,Kandy,mall_bay,mall_dock,10:30-12:30,10:30,12:30,WAY-103,Women,Women's Jeans V4,pcs,22,4,18,22,5,16,in_stock
OUT089,,Waypoint Style,Kandy,Kandy,mall_bay,mall_dock,10:30-12:30,10:30,12:30,WAY-104,Women,Women's Trousers V4,pcs,32,1,31,12,20,9,in_stock
OUT089,,Waypoint Style,Kandy,Kandy,mall_bay,mall_dock,10:30-12:30,10:30,12:30,WAY-105,Women,Women's Skirt V4,pcs,26,2,24,18,0,15,in_stock
OUT089,,Waypoint Style,Kandy,Kandy,mall_bay,mall_dock,10:30-12:30,10:30,12:30,WAY-106,Women,Women's Hoodie V4,pcs,7,5,2,4,0,15,low_stock
OUT089,,Waypoint Style,Kandy,Kandy,mall_bay,mall_dock,10:30-12:30,10:30,12:30,WAY-107,Women,Women's Jacket V4,pcs,4,3,1,22,20,5,low_stock
OUT089,,Waypoint Style,Kandy,Kandy,mall_bay,mall_dock,10:30-12:30,10:30,12:30,WAY-108,Kids,Kids T-Shirt V4,pcs,10,5,5,12,0,12,low_stock
OUT089,,Waypoint Style,Kandy,Kandy,mall_bay,mall_dock,10:30-12:30,10:30,12:30,WAY-109,Kids,Kids Jeans V4,pcs,11,0,11,21,0,7,in_stock
OUT089,,Waypoint Style,Kandy,Kandy,mall_bay,mall_dock,10:30-12:30,10:30,12:30,WAY-110,Kids,Kids Shorts V4,pcs,42,7,35,3,5,13,in_stock
OUT089,,Waypoint Style,Kandy,Kandy,mall_bay,mall_dock,10:30-12:30,10:30,12:30,WAY-111,Kids,Kids Dress V4,pcs,41,8,33,7,0,6,in_stock
OUT089,,Waypoint Style,Kandy,Kandy,mall_bay,mall_dock,10:30-12:30,10:30,12:30,WAY-112,Footwear,Men's Sneakers V4,pairs,40,4,36,19,5,14,in_stock
OUT089,,Waypoint Style,Kandy,Kandy,mall_bay,mall_dock,10:30-12:30,10:30,12:30,WAY-113,Footwear,Women's Sneakers V4,pairs,32,2,30,2,0,15,in_stock
OUT089,,Waypoint Style,Kandy,Kandy,mall_bay,mall_dock,10:30-12:30,10:30,12:30,WAY-114,Footwear,Men's Sandals V4,pairs,17,7,10,17,0,14,low_stock
OUT089,,Waypoint Style,Kandy,Kandy,mall_bay,mall_dock,10:30-12:30,10:30,12:30,WAY-115,Footwear,Women's Sandals V4,pairs,21,3,18,3,30,18,low_stock
OUT089,,Waypoint Style,Kandy,Kandy,mall_bay,mall_dock,10:30-12:30,10:30,12:30,WAY-116,Footwear,Kids' Shoes V4,pairs,25,7,18,15,30,13,in_stock
OUT089,,Waypoint Style,Kandy,Kandy,mall_bay,mall_dock,10:30-12:30,10:30,12:30,WAY-117,Accessories,Backpack V4,pcs,14,7,7,18,20,13,low_stock
OUT089,,Waypoint Style,Kandy,Kandy,mall_bay,mall_dock,10:30-12:30,10:30,12:30,WAY-118,Accessories,Wallet V4,pcs,33,5,28,14,30,17,in_stock
OUT089,,Waypoint Style,Kandy,Kandy,mall_bay,mall_dock,10:30-12:30,10:30,12:30,WAY-119,Accessories,Cap V4,pcs,33,6,27,19,5,8,in_stock
OUT089,,Waypoint Style,Kandy,Kandy,mall_bay,mall_dock,10:30-12:30,10:30,12:30,WAY-120,Accessories,Belt V4,pcs,8,0,8,13,20,12,low_stock
OUT089,,Waypoint Style,Kandy,Kandy,mall_bay,mall_dock,10:30-12:30,10:30,12:30,WAY-121,Men,Men's T-Shirt V5,pcs,23,2,21,18,10,7,in_stock
OUT089,,Waypoint Style,Kandy,Kandy,mall_bay,mall_dock,10:30-12:30,10:30,12:30,WAY-122,Men,Men's Polo Shirt V5,pcs,30,2,28,2,30,15,in_stock
OUT089,,Waypoint Style,Kandy,Kandy,mall_bay,mall_dock,10:30-12:30,10:30,12:30,WAY-123,Men,Men's Casual Shirt V5,pcs,31,4,27,16,0,17,in_stock
OUT089,,Waypoint Style,Kandy,Kandy,mall_bay,mall_dock,10:30-12:30,10:30,12:30,WAY-124,Men,Men's Formal Shirt V5,pcs,41,1,40,11,20,5,in_stock
OUT089,,Waypoint Style,Kandy,Kandy,mall_bay,mall_dock,10:30-12:30,10:30,12:30,WAY-125,Men,Men's Jeans V5,pcs,22,2,20,15,0,12,in_stock
OUT089,,Waypoint Style,Kandy,Kandy,mall_bay,mall_dock,10:30-12:30,10:30,12:30,WAY-126,Men,Men's Chino V5,pcs,29,7,22,22,30,6,in_stock
OUT089,,Waypoint Style,Kandy,Kandy,mall_bay,mall_dock,10:30-12:30,10:30,12:30,WAY-127,Men,Men's Shorts V5,pcs,24,6,18,3,30,9,in_stock
OUT089,,Waypoint Style,Kandy,Kandy,mall_bay,mall_dock,10:30-12:30,10:30,12:30,WAY-128,Men,Men's Hoodie V5,pcs,5,3,2,9,30,14,low_stock
OUT089,,Waypoint Style,Kandy,Kandy,mall_bay,mall_dock,10:30-12:30,10:30,12:30,WAY-129,Men,Men's Jacket V5,pcs,5,1,4,3,20,12,low_stock
OUT089,,Waypoint Style,Kandy,Kandy,mall_bay,mall_dock,10:30-12:30,10:30,12:30,WAY-130,Women,Women's T-Shirt V5,pcs,38,5,33,15,30,16,in_stock
OUT089,,Waypoint Style,Kandy,Kandy,mall_bay,mall_dock,10:30-12:30,10:30,12:30,WAY-131,Women,Women's Blouse V5,pcs,8,4,4,13,30,17,low_stock
OUT089,,Waypoint Style,Kandy,Kandy,mall_bay,mall_dock,10:30-12:30,10:30,12:30,WAY-132,Women,Women's Dress V5,pcs,18,5,13,18,0,16,low_stock
OUT089,,Waypoint Style,Kandy,Kandy,mall_bay,mall_dock,10:30-12:30,10:30,12:30,WAY-133,Women,Women's Jeans V5,pcs,26,1,25,4,0,6,in_stock
OUT089,,Waypoint Style,Kandy,Kandy,mall_bay,mall_dock,10:30-12:30,10:30,12:30,WAY-134,Women,Women's Trousers V5,pcs,21,8,13,20,20,14,low_stock
OUT089,,Waypoint Style,Kandy,Kandy,mall_bay,mall_dock,10:30-12:30,10:30,12:30,WAY-135,Women,Women's Skirt V5,pcs,13,3,10,10,30,8,in_stock
OUT089,,Waypoint Style,Kandy,Kandy,mall_bay,mall_dock,10:30-12:30,10:30,12:30,WAY-136,Women,Women's Hoodie V5,pcs,18,2,16,8,20,7,in_stock
OUT089,,Waypoint Style,Kandy,Kandy,mall_bay,mall_dock,10:30-12:30,10:30,12:30,WAY-137,Women,Women's Jacket V5,pcs,40,3,37,5,30,5,in_stock
OUT089,,Waypoint Style,Kandy,Kandy,mall_bay,mall_dock,10:30-12:30,10:30,12:30,WAY-138,Kids,Kids T-Shirt V5,pcs,7,5,2,14,10,15,low_stock
OUT089,,Waypoint Style,Kandy,Kandy,mall_bay,mall_dock,10:30-12:30,10:30,12:30,WAY-139,Kids,Kids Jeans V5,pcs,39,5,34,18,20,12,in_stock
OUT089,,Waypoint Style,Kandy,Kandy,mall_bay,mall_dock,10:30-12:30,10:30,12:30,WAY-140,Kids,Kids Shorts V5,pcs,40,6,34,3,30,5,in_stock
OUT089,,Waypoint Style,Kandy,Kandy,mall_bay,mall_dock,10:30-12:30,10:30,12:30,WAY-141,Kids,Kids Dress V5,pcs,45,5,40,9,5,8,in_stock
OUT089,,Waypoint Style,Kandy,Kandy,mall_bay,mall_dock,10:30-12:30,10:30,12:30,WAY-142,Footwear,Men's Sneakers V5,pairs,22,0,22,9,30,10,in_stock
OUT089,,Waypoint Style,Kandy,Kandy,mall_bay,mall_dock,10:30-12:30,10:30,12:30,WAY-143,Footwear,Women's Sneakers V5,pairs,16,7,9,16,10,5,in_stock
OUT089,,Waypoint Style,Kandy,Kandy,mall_bay,mall_dock,10:30-12:30,10:30,12:30,WAY-144,Footwear,Men's Sandals V5,pairs,14,3,11,21,20,14,low_stock
OUT089,,Waypoint Style,Kandy,Kandy,mall_bay,mall_dock,10:30-12:30,10:30,12:30,WAY-145,Footwear,Women's Sandals V5,pairs,22,5,17,14,10,12,in_stock
OUT089,,Waypoint Style,Kandy,Kandy,mall_bay,mall_dock,10:30-12:30,10:30,12:30,WAY-146,Footwear,Kids' Shoes V5,pairs,27,7,20,1,0,13,in_stock
OUT089,,Waypoint Style,Kandy,Kandy,mall_bay,mall_dock,10:30-12:30,10:30,12:30,WAY-147,Accessories,Backpack V5,pcs,31,5,26,15,30,11,in_stock
OUT089,,Waypoint Style,Kandy,Kandy,mall_bay,mall_dock,10:30-12:30,10:30,12:30,WAY-148,Accessories,Wallet V5,pcs,22,4,18,8,5,11,in_stock
OUT089,,Waypoint Style,Kandy,Kandy,mall_bay,mall_dock,10:30-12:30,10:30,12:30,WAY-149,Accessories,Cap V5,pcs,15,5,10,18,0,13,low_stock
OUT089,,Waypoint Style,Kandy,Kandy,mall_bay,mall_dock,10:30-12:30,10:30,12:30,WAY-150,Accessories,Belt V5,pcs,9,5,4,13,0,6,low_stock
OUT089,,Waypoint Style,Kandy,Kandy,mall_bay,mall_dock,10:30-12:30,10:30,12:30,WAY-151,Men,Men's T-Shirt V6,pcs,18,8,10,18,0,18,low_stock
OUT089,,Waypoint Style,Kandy,Kandy,mall_bay,mall_dock,10:30-12:30,10:30,12:30,WAY-152,Men,Men's Polo Shirt V6,pcs,40,6,34,15,5,7,in_stock
OUT089,,Waypoint Style,Kandy,Kandy,mall_bay,mall_dock,10:30-12:30,10:30,12:30,WAY-153,Men,Men's Casual Shirt V6,pcs,26,8,18,4,10,5,in_stock
OUT089,,Waypoint Style,Kandy,Kandy,mall_bay,mall_dock,10:30-12:30,10:30,12:30,WAY-154,Men,Men's Formal Shirt V6,pcs,18,8,10,1,5,5,in_stock
OUT089,,Waypoint Style,Kandy,Kandy,mall_bay,mall_dock,10:30-12:30,10:30,12:30,WAY-155,Men,Men's Jeans V6,pcs,25,8,17,1,0,14,in_stock
OUT089,,Waypoint Style,Kandy,Kandy,mall_bay,mall_dock,10:30-12:30,10:30,12:30,WAY-156,Men,Men's Chino V6,pcs,44,1,43,9,30,7,in_stock
OUT089,,Waypoint Style,Kandy,Kandy,mall_bay,mall_dock,10:30-12:30,10:30,12:30,WAY-157,Men,Men's Shorts V6,pcs,27,8,19,22,0,14,in_stock
OUT089,,Waypoint Style,Kandy,Kandy,mall_bay,mall_dock,10:30-12:30,10:30,12:30,WAY-158,Men,Men's Hoodie V6,pcs,15,4,11,10,10,10,in_stock
OUT089,,Waypoint Style,Kandy,Kandy,mall_bay,mall_dock,10:30-12:30,10:30,12:30,WAY-159,Men,Men's Jacket V6,pcs,34,5,29,5,20,6,in_stock
OUT089,,Waypoint Style,Kandy,Kandy,mall_bay,mall_dock,10:30-12:30,10:30,12:30,WAY-160,Women,Women's T-Shirt V6,pcs,35,1,34,3,10,18,in_stock
OUT089,,Waypoint Style,Kandy,Kandy,mall_bay,mall_dock,10:30-12:30,10:30,12:30,WAY-161,Women,Women's Blouse V6,pcs,35,5,30,20,0,5,in_stock
OUT089,,Waypoint Style,Kandy,Kandy,mall_bay,mall_dock,10:30-12:30,10:30,12:30,WAY-162,Women,Women's Dress V6,pcs,44,1,43,19,10,9,in_stock
OUT089,,Waypoint Style,Kandy,Kandy,mall_bay,mall_dock,10:30-12:30,10:30,12:30,WAY-163,Women,Women's Jeans V6,pcs,11,5,6,21,5,6,low_stock
OUT089,,Waypoint Style,Kandy,Kandy,mall_bay,mall_dock,10:30-12:30,10:30,12:30,WAY-164,Women,Women's Trousers V6,pcs,33,3,30,5,0,10,in_stock
OUT089,,Waypoint Style,Kandy,Kandy,mall_bay,mall_dock,10:30-12:30,10:30,12:30,WAY-165,Women,Women's Skirt V6,pcs,35,7,28,7,30,16,in_stock
OUT089,,Waypoint Style,Kandy,Kandy,mall_bay,mall_dock,10:30-12:30,10:30,12:30,WAY-166,Women,Women's Hoodie V6,pcs,12,0,12,15,10,15,low_stock
OUT089,,Waypoint Style,Kandy,Kandy,mall_bay,mall_dock,10:30-12:30,10:30,12:30,WAY-167,Women,Women's Jacket V6,pcs,12,1,11,21,30,8,in_stock
OUT089,,Waypoint Style,Kandy,Kandy,mall_bay,mall_dock,10:30-12:30,10:30,12:30,WAY-168,Kids,Kids T-Shirt V6,pcs,45,1,44,19,0,15,in_stock
OUT089,,Waypoint Style,Kandy,Kandy,mall_bay,mall_dock,10:30-12:30,10:30,12:30,WAY-169,Kids,Kids Jeans V6,pcs,39,7,32,21,0,13,in_stock
OUT089,,Waypoint Style,Kandy,Kandy,mall_bay,mall_dock,10:30-12:30,10:30,12:30,WAY-170,Kids,Kids Shorts V6,pcs,18,7,11,22,0,15,low_stock
OUT089,,Waypoint Style,Kandy,Kandy,mall_bay,mall_dock,10:30-12:30,10:30,12:30,WAY-171,Kids,Kids Dress V6,pcs,16,1,15,6,0,8,in_stock
OUT089,,Waypoint Style,Kandy,Kandy,mall_bay,mall_dock,10:30-12:30,10:30,12:30,WAY-172,Footwear,Men's Sneakers V6,pairs,11,6,5,3,5,9,low_stock
OUT089,,Waypoint Style,Kandy,Kandy,mall_bay,mall_dock,10:30-12:30,10:30,12:30,WAY-173,Footwear,Women's Sneakers V6,pairs,9,3,6,2,20,6,low_stock
OUT089,,Waypoint Style,Kandy,Kandy,mall_bay,mall_dock,10:30-12:30,10:30,12:30,WAY-174,Footwear,Men's Sandals V6,pairs,8,2,6,11,30,10,low_stock
OUT089,,Waypoint Style,Kandy,Kandy,mall_bay,mall_dock,10:30-12:30,10:30,12:30,WAY-175,Footwear,Women's Sandals V6,pairs,26,5,21,15,10,11,in_stock
OUT089,,Waypoint Style,Kandy,Kandy,mall_bay,mall_dock,10:30-12:30,10:30,12:30,WAY-176,Footwear,Kids' Shoes V6,pairs,18,3,15,14,10,16,low_stock
OUT089,,Waypoint Style,Kandy,Kandy,mall_bay,mall_dock,10:30-12:30,10:30,12:30,WAY-177,Accessories,Backpack V6,pcs,31,3,28,11,10,14,in_stock
OUT089,,Waypoint Style,Kandy,Kandy,mall_bay,mall_dock,10:30-12:30,10:30,12:30,WAY-178,Accessories,Wallet V6,pcs,15,2,13,12,0,10,in_stock
OUT089,,Waypoint Style,Kandy,Kandy,mall_bay,mall_dock,10:30-12:30,10:30,12:30,WAY-179,Accessories,Cap V6,pcs,25,6,19,21,0,11,in_stock
OUT089,,Waypoint Style,Kandy,Kandy,mall_bay,mall_dock,10:30-12:30,10:30,12:30,WAY-180,Accessories,Belt V6,pcs,10,4,6,6,5,11,low_stock
OUT089,,Waypoint Style,Kandy,Kandy,mall_bay,mall_dock,10:30-12:30,10:30,12:30,WAY-181,Men,Men's T-Shirt V7,pcs,17,3,14,22,30,13,in_stock
OUT089,,Waypoint Style,Kandy,Kandy,mall_bay,mall_dock,10:30-12:30,10:30,12:30,WAY-182,Men,Men's Polo Shirt V7,pcs,4,2,2,1,20,14,low_stock
OUT089,,Waypoint Style,Kandy,Kandy,mall_bay,mall_dock,10:30-12:30,10:30,12:30,WAY-183,Men,Men's Casual Shirt V7,pcs,44,8,36,18,0,11,in_stock
OUT089,,Waypoint Style,Kandy,Kandy,mall_bay,mall_dock,10:30-12:30,10:30,12:30,WAY-184,Men,Men's Formal Shirt V7,pcs,35,6,29,11,0,13,in_stock
OUT089,,Waypoint Style,Kandy,Kandy,mall_bay,mall_dock,10:30-12:30,10:30,12:30,WAY-185,Men,Men's Jeans V7,pcs,27,6,21,5,5,12,in_stock
OUT089,,Waypoint Style,Kandy,Kandy,mall_bay,mall_dock,10:30-12:30,10:30,12:30,WAY-186,Men,Men's Chino V7,pcs,30,7,23,9,20,14,in_stock
OUT089,,Waypoint Style,Kandy,Kandy,mall_bay,mall_dock,10:30-12:30,10:30,12:30,WAY-187,Men,Men's Shorts V7,pcs,32,3,29,21,0,17,in_stock
OUT089,,Waypoint Style,Kandy,Kandy,mall_bay,mall_dock,10:30-12:30,10:30,12:30,WAY-188,Men,Men's Hoodie V7,pcs,43,6,37,2,0,12,in_stock
OUT089,,Waypoint Style,Kandy,Kandy,mall_bay,mall_dock,10:30-12:30,10:30,12:30,WAY-189,Men,Men's Jacket V7,pcs,13,1,12,15,10,6,in_stock
OUT089,,Waypoint Style,Kandy,Kandy,mall_bay,mall_dock,10:30-12:30,10:30,12:30,WAY-190,Women,Women's T-Shirt V7,pcs,45,5,40,11,0,9,in_stock
OUT089,,Waypoint Style,Kandy,Kandy,mall_bay,mall_dock,10:30-12:30,10:30,12:30,WAY-191,Women,Women's Blouse V7,pcs,31,7,24,6,30,13,in_stock
OUT089,,Waypoint Style,Kandy,Kandy,mall_bay,mall_dock,10:30-12:30,10:30,12:30,WAY-192,Women,Women's Dress V7,pcs,33,4,29,4,0,16,in_stock
OUT089,,Waypoint Style,Kandy,Kandy,mall_bay,mall_dock,10:30-12:30,10:30,12:30,WAY-193,Women,Women's Jeans V7,pcs,28,5,23,7,0,16,in_stock
OUT089,,Waypoint Style,Kandy,Kandy,mall_bay,mall_dock,10:30-12:30,10:30,12:30,WAY-194,Women,Women's Trousers V7,pcs,7,7,0,22,30,5,out_of_stock
OUT089,,Waypoint Style,Kandy,Kandy,mall_bay,mall_dock,10:30-12:30,10:30,12:30,WAY-195,Women,Women's Skirt V7,pcs,19,3,16,7,30,12,in_stock
OUT089,,Waypoint Style,Kandy,Kandy,mall_bay,mall_dock,10:30-12:30,10:30,12:30,WAY-196,Women,Women's Hoodie V7,pcs,4,2,2,9,0,7,low_stock
OUT089,,Waypoint Style,Kandy,Kandy,mall_bay,mall_dock,10:30-12:30,10:30,12:30,WAY-197,Women,Women's Jacket V7,pcs,13,0,13,14,10,16,low_stock
OUT089,,Waypoint Style,Kandy,Kandy,mall_bay,mall_dock,10:30-12:30,10:30,12:30,WAY-198,Kids,Kids T-Shirt V7,pcs,40,3,37,9,0,12,in_stock
OUT089,,Waypoint Style,Kandy,Kandy,mall_bay,mall_dock,10:30-12:30,10:30,12:30,WAY-199,Kids,Kids Jeans V7,pcs,13,0,13,19,0,7,in_stock
OUT089,,Waypoint Style,Kandy,Kandy,mall_bay,mall_dock,10:30-12:30,10:30,12:30,WAY-200,Kids,Kids Shorts V7,pcs,40,3,37,2,20,12,in_stock
OUT090,,Waypoint Style,Kandy,Kandy,mall_bay,mall_dock,10:30-12:30,10:30,12:30,WAY-001,Men,Men's T-Shirt,pcs,10,7,3,21,10,13,low_stock
OUT090,,Waypoint Style,Kandy,Kandy,mall_bay,mall_dock,10:30-12:30,10:30,12:30,WAY-002,Men,Men's Polo Shirt,pcs,15,4,11,21,0,10,in_stock
OUT090,,Waypoint Style,Kandy,Kandy,mall_bay,mall_dock,10:30-12:30,10:30,12:30,WAY-003,Men,Men's Casual Shirt,pcs,30,3,27,20,0,18,in_stock
OUT090,,Waypoint Style,Kandy,Kandy,mall_bay,mall_dock,10:30-12:30,10:30,12:30,WAY-004,Men,Men's Formal Shirt,pcs,8,8,0,15,0,8,out_of_stock
OUT090,,Waypoint Style,Kandy,Kandy,mall_bay,mall_dock,10:30-12:30,10:30,12:30,WAY-005,Men,Men's Jeans,pcs,40,8,32,15,30,8,in_stock
OUT090,,Waypoint Style,Kandy,Kandy,mall_bay,mall_dock,10:30-12:30,10:30,12:30,WAY-006,Men,Men's Chino,pcs,18,5,13,4,5,13,low_stock
OUT090,,Waypoint Style,Kandy,Kandy,mall_bay,mall_dock,10:30-12:30,10:30,12:30,WAY-007,Men,Men's Shorts,pcs,8,6,2,9,0,10,low_stock
OUT090,,Waypoint Style,Kandy,Kandy,mall_bay,mall_dock,10:30-12:30,10:30,12:30,WAY-008,Men,Men's Hoodie,pcs,29,2,27,11,10,15,in_stock
OUT090,,Waypoint Style,Kandy,Kandy,mall_bay,mall_dock,10:30-12:30,10:30,12:30,WAY-009,Men,Men's Jacket,pcs,11,4,7,3,0,7,low_stock
OUT090,,Waypoint Style,Kandy,Kandy,mall_bay,mall_dock,10:30-12:30,10:30,12:30,WAY-010,Women,Women's T-Shirt,pcs,23,3,20,16,0,17,in_stock
OUT090,,Waypoint Style,Kandy,Kandy,mall_bay,mall_dock,10:30-12:30,10:30,12:30,WAY-011,Women,Women's Blouse,pcs,25,7,18,14,0,5,in_stock
OUT090,,Waypoint Style,Kandy,Kandy,mall_bay,mall_dock,10:30-12:30,10:30,12:30,WAY-012,Women,Women's Dress,pcs,45,7,38,3,10,7,in_stock
OUT090,,Waypoint Style,Kandy,Kandy,mall_bay,mall_dock,10:30-12:30,10:30,12:30,WAY-013,Women,Women's Jeans,pcs,20,1,19,11,20,11,in_stock
OUT090,,Waypoint Style,Kandy,Kandy,mall_bay,mall_dock,10:30-12:30,10:30,12:30,WAY-014,Women,Women's Trousers,pcs,32,4,28,9,5,9,in_stock
OUT090,,Waypoint Style,Kandy,Kandy,mall_bay,mall_dock,10:30-12:30,10:30,12:30,WAY-015,Women,Women's Skirt,pcs,17,5,12,18,5,15,low_stock
OUT090,,Waypoint Style,Kandy,Kandy,mall_bay,mall_dock,10:30-12:30,10:30,12:30,WAY-016,Women,Women's Hoodie,pcs,35,3,32,4,0,7,in_stock
OUT090,,Waypoint Style,Kandy,Kandy,mall_bay,mall_dock,10:30-12:30,10:30,12:30,WAY-017,Women,Women's Jacket,pcs,12,7,5,18,20,15,low_stock
OUT090,,Waypoint Style,Kandy,Kandy,mall_bay,mall_dock,10:30-12:30,10:30,12:30,WAY-018,Kids,Kids T-Shirt,pcs,23,7,16,9,10,15,in_stock
OUT090,,Waypoint Style,Kandy,Kandy,mall_bay,mall_dock,10:30-12:30,10:30,12:30,WAY-019,Kids,Kids Jeans,pcs,38,1,37,1,5,12,in_stock
OUT090,,Waypoint Style,Kandy,Kandy,mall_bay,mall_dock,10:30-12:30,10:30,12:30,WAY-020,Kids,Kids Shorts,pcs,24,4,20,12,5,9,in_stock
OUT090,,Waypoint Style,Kandy,Kandy,mall_bay,mall_dock,10:30-12:30,10:30,12:30,WAY-021,Kids,Kids Dress,pcs,8,4,4,17,5,15,low_stock
OUT090,,Waypoint Style,Kandy,Kandy,mall_bay,mall_dock,10:30-12:30,10:30,12:30,WAY-022,Footwear,Men's Sneakers,pairs,29,4,25,15,20,13,in_stock
OUT090,,Waypoint Style,Kandy,Kandy,mall_bay,mall_dock,10:30-12:30,10:30,12:30,WAY-023,Footwear,Women's Sneakers,pairs,15,5,10,17,30,9,in_stock
OUT090,,Waypoint Style,Kandy,Kandy,mall_bay,mall_dock,10:30-12:30,10:30,12:30,WAY-024,Footwear,Men's Sandals,pairs,21,4,17,3,10,16,in_stock
OUT090,,Waypoint Style,Kandy,Kandy,mall_bay,mall_dock,10:30-12:30,10:30,12:30,WAY-025,Footwear,Women's Sandals,pairs,6,2,4,11,20,11,low_stock
OUT090,,Waypoint Style,Kandy,Kandy,mall_bay,mall_dock,10:30-12:30,10:30,12:30,WAY-026,Footwear,Kids' Shoes,pairs,19,3,16,10,0,6,in_stock
OUT090,,Waypoint Style,Kandy,Kandy,mall_bay,mall_dock,10:30-12:30,10:30,12:30,WAY-027,Accessories,Backpack,pcs,23,5,18,15,0,8,in_stock
OUT090,,Waypoint Style,Kandy,Kandy,mall_bay,mall_dock,10:30-12:30,10:30,12:30,WAY-028,Accessories,Wallet,pcs,18,4,14,5,5,11,in_stock
OUT090,,Waypoint Style,Kandy,Kandy,mall_bay,mall_dock,10:30-12:30,10:30,12:30,WAY-029,Accessories,Cap,pcs,6,4,2,1,0,12,low_stock
OUT090,,Waypoint Style,Kandy,Kandy,mall_bay,mall_dock,10:30-12:30,10:30,12:30,WAY-030,Accessories,Belt,pcs,38,4,34,9,20,16,in_stock
OUT090,,Waypoint Style,Kandy,Kandy,mall_bay,mall_dock,10:30-12:30,10:30,12:30,WAY-031,Men,Men's T-Shirt V2,pcs,42,6,36,19,10,10,in_stock
OUT090,,Waypoint Style,Kandy,Kandy,mall_bay,mall_dock,10:30-12:30,10:30,12:30,WAY-032,Men,Men's Polo Shirt V2,pcs,45,2,43,8,0,11,in_stock
OUT090,,Waypoint Style,Kandy,Kandy,mall_bay,mall_dock,10:30-12:30,10:30,12:30,WAY-033,Men,Men's Casual Shirt V2,pcs,19,6,13,15,5,9,in_stock
OUT090,,Waypoint Style,Kandy,Kandy,mall_bay,mall_dock,10:30-12:30,10:30,12:30,WAY-034,Men,Men's Formal Shirt V2,pcs,45,0,45,7,0,10,in_stock
OUT090,,Waypoint Style,Kandy,Kandy,mall_bay,mall_dock,10:30-12:30,10:30,12:30,WAY-035,Men,Men's Jeans V2,pcs,25,5,20,7,0,8,in_stock
OUT090,,Waypoint Style,Kandy,Kandy,mall_bay,mall_dock,10:30-12:30,10:30,12:30,WAY-036,Men,Men's Chino V2,pcs,19,2,17,12,20,14,in_stock
OUT090,,Waypoint Style,Kandy,Kandy,mall_bay,mall_dock,10:30-12:30,10:30,12:30,WAY-037,Men,Men's Shorts V2,pcs,34,3,31,21,30,14,in_stock
OUT090,,Waypoint Style,Kandy,Kandy,mall_bay,mall_dock,10:30-12:30,10:30,12:30,WAY-038,Men,Men's Hoodie V2,pcs,27,6,21,12,5,16,in_stock
OUT090,,Waypoint Style,Kandy,Kandy,mall_bay,mall_dock,10:30-12:30,10:30,12:30,WAY-039,Men,Men's Jacket V2,pcs,15,4,11,15,30,8,in_stock
OUT090,,Waypoint Style,Kandy,Kandy,mall_bay,mall_dock,10:30-12:30,10:30,12:30,WAY-040,Women,Women's T-Shirt V2,pcs,13,8,5,18,10,8,low_stock
OUT090,,Waypoint Style,Kandy,Kandy,mall_bay,mall_dock,10:30-12:30,10:30,12:30,WAY-041,Women,Women's Blouse V2,pcs,10,6,4,18,30,17,low_stock
OUT090,,Waypoint Style,Kandy,Kandy,mall_bay,mall_dock,10:30-12:30,10:30,12:30,WAY-042,Women,Women's Dress V2,pcs,37,0,37,18,0,11,in_stock
OUT090,,Waypoint Style,Kandy,Kandy,mall_bay,mall_dock,10:30-12:30,10:30,12:30,WAY-043,Women,Women's Jeans V2,pcs,6,4,2,14,30,17,low_stock
OUT090,,Waypoint Style,Kandy,Kandy,mall_bay,mall_dock,10:30-12:30,10:30,12:30,WAY-044,Women,Women's Trousers V2,pcs,12,4,8,19,0,6,in_stock
OUT090,,Waypoint Style,Kandy,Kandy,mall_bay,mall_dock,10:30-12:30,10:30,12:30,WAY-045,Women,Women's Skirt V2,pcs,17,7,10,16,5,15,low_stock
OUT090,,Waypoint Style,Kandy,Kandy,mall_bay,mall_dock,10:30-12:30,10:30,12:30,WAY-046,Women,Women's Hoodie V2,pcs,12,5,7,8,30,15,low_stock
OUT090,,Waypoint Style,Kandy,Kandy,mall_bay,mall_dock,10:30-12:30,10:30,12:30,WAY-047,Women,Women's Jacket V2,pcs,16,8,8,15,5,17,low_stock
OUT090,,Waypoint Style,Kandy,Kandy,mall_bay,mall_dock,10:30-12:30,10:30,12:30,WAY-048,Kids,Kids T-Shirt V2,pcs,37,8,29,2,5,12,in_stock
OUT090,,Waypoint Style,Kandy,Kandy,mall_bay,mall_dock,10:30-12:30,10:30,12:30,WAY-049,Kids,Kids Jeans V2,pcs,27,4,23,2,30,13,in_stock
OUT090,,Waypoint Style,Kandy,Kandy,mall_bay,mall_dock,10:30-12:30,10:30,12:30,WAY-050,Kids,Kids Shorts V2,pcs,34,0,34,5,30,16,in_stock
OUT090,,Waypoint Style,Kandy,Kandy,mall_bay,mall_dock,10:30-12:30,10:30,12:30,WAY-051,Kids,Kids Dress V2,pcs,33,6,27,4,30,10,in_stock
OUT090,,Waypoint Style,Kandy,Kandy,mall_bay,mall_dock,10:30-12:30,10:30,12:30,WAY-052,Footwear,Men's Sneakers V2,pairs,44,0,44,10,10,7,in_stock
OUT090,,Waypoint Style,Kandy,Kandy,mall_bay,mall_dock,10:30-12:30,10:30,12:30,WAY-053,Footwear,Women's Sneakers V2,pairs,43,6,37,5,0,9,in_stock
OUT090,,Waypoint Style,Kandy,Kandy,mall_bay,mall_dock,10:30-12:30,10:30,12:30,WAY-054,Footwear,Men's Sandals V2,pairs,21,5,16,20,30,8,in_stock
OUT090,,Waypoint Style,Kandy,Kandy,mall_bay,mall_dock,10:30-12:30,10:30,12:30,WAY-055,Footwear,Women's Sandals V2,pairs,43,3,40,21,20,15,in_stock
OUT090,,Waypoint Style,Kandy,Kandy,mall_bay,mall_dock,10:30-12:30,10:30,12:30,WAY-056,Footwear,Kids' Shoes V2,pairs,14,3,11,14,20,13,low_stock
OUT090,,Waypoint Style,Kandy,Kandy,mall_bay,mall_dock,10:30-12:30,10:30,12:30,WAY-057,Accessories,Backpack V2,pcs,9,0,9,22,0,8,in_stock
OUT090,,Waypoint Style,Kandy,Kandy,mall_bay,mall_dock,10:30-12:30,10:30,12:30,WAY-058,Accessories,Wallet V2,pcs,25,8,17,15,10,7,in_stock
OUT090,,Waypoint Style,Kandy,Kandy,mall_bay,mall_dock,10:30-12:30,10:30,12:30,WAY-059,Accessories,Cap V2,pcs,34,3,31,5,0,7,in_stock
OUT090,,Waypoint Style,Kandy,Kandy,mall_bay,mall_dock,10:30-12:30,10:30,12:30,WAY-060,Accessories,Belt V2,pcs,10,8,2,17,20,18,low_stock
OUT090,,Waypoint Style,Kandy,Kandy,mall_bay,mall_dock,10:30-12:30,10:30,12:30,WAY-061,Men,Men's T-Shirt V3,pcs,22,7,15,13,0,11,in_stock
OUT090,,Waypoint Style,Kandy,Kandy,mall_bay,mall_dock,10:30-12:30,10:30,12:30,WAY-062,Men,Men's Polo Shirt V3,pcs,32,3,29,6,30,12,in_stock
OUT090,,Waypoint Style,Kandy,Kandy,mall_bay,mall_dock,10:30-12:30,10:30,12:30,WAY-063,Men,Men's Casual Shirt V3,pcs,12,2,10,14,5,6,in_stock
OUT090,,Waypoint Style,Kandy,Kandy,mall_bay,mall_dock,10:30-12:30,10:30,12:30,WAY-064,Men,Men's Formal Shirt V3,pcs,27,7,20,7,0,15,in_stock
OUT090,,Waypoint Style,Kandy,Kandy,mall_bay,mall_dock,10:30-12:30,10:30,12:30,WAY-065,Men,Men's Jeans V3,pcs,15,4,11,12,0,12,low_stock
OUT090,,Waypoint Style,Kandy,Kandy,mall_bay,mall_dock,10:30-12:30,10:30,12:30,WAY-066,Men,Men's Chino V3,pcs,15,3,12,11,0,18,low_stock
OUT090,,Waypoint Style,Kandy,Kandy,mall_bay,mall_dock,10:30-12:30,10:30,12:30,WAY-067,Men,Men's Shorts V3,pcs,38,7,31,22,20,7,in_stock
OUT090,,Waypoint Style,Kandy,Kandy,mall_bay,mall_dock,10:30-12:30,10:30,12:30,WAY-068,Men,Men's Hoodie V3,pcs,16,4,12,15,20,13,low_stock
OUT090,,Waypoint Style,Kandy,Kandy,mall_bay,mall_dock,10:30-12:30,10:30,12:30,WAY-069,Men,Men's Jacket V3,pcs,11,3,8,14,0,18,low_stock
OUT090,,Waypoint Style,Kandy,Kandy,mall_bay,mall_dock,10:30-12:30,10:30,12:30,WAY-070,Women,Women's T-Shirt V3,pcs,42,6,36,11,0,14,in_stock
OUT090,,Waypoint Style,Kandy,Kandy,mall_bay,mall_dock,10:30-12:30,10:30,12:30,WAY-071,Women,Women's Blouse V3,pcs,16,7,9,15,5,18,low_stock
OUT090,,Waypoint Style,Kandy,Kandy,mall_bay,mall_dock,10:30-12:30,10:30,12:30,WAY-072,Women,Women's Dress V3,pcs,21,2,19,3,0,10,in_stock
OUT090,,Waypoint Style,Kandy,Kandy,mall_bay,mall_dock,10:30-12:30,10:30,12:30,WAY-073,Women,Women's Jeans V3,pcs,24,5,19,10,20,17,in_stock
OUT090,,Waypoint Style,Kandy,Kandy,mall_bay,mall_dock,10:30-12:30,10:30,12:30,WAY-074,Women,Women's Trousers V3,pcs,44,4,40,2,10,7,in_stock
OUT090,,Waypoint Style,Kandy,Kandy,mall_bay,mall_dock,10:30-12:30,10:30,12:30,WAY-075,Women,Women's Skirt V3,pcs,40,8,32,13,0,18,in_stock
OUT090,,Waypoint Style,Kandy,Kandy,mall_bay,mall_dock,10:30-12:30,10:30,12:30,WAY-076,Women,Women's Hoodie V3,pcs,33,4,29,21,5,18,in_stock
OUT090,,Waypoint Style,Kandy,Kandy,mall_bay,mall_dock,10:30-12:30,10:30,12:30,WAY-077,Women,Women's Jacket V3,pcs,39,0,39,8,30,12,in_stock
OUT090,,Waypoint Style,Kandy,Kandy,mall_bay,mall_dock,10:30-12:30,10:30,12:30,WAY-078,Kids,Kids T-Shirt V3,pcs,39,2,37,8,20,17,in_stock
OUT090,,Waypoint Style,Kandy,Kandy,mall_bay,mall_dock,10:30-12:30,10:30,12:30,WAY-079,Kids,Kids Jeans V3,pcs,19,1,18,9,30,15,in_stock
OUT090,,Waypoint Style,Kandy,Kandy,mall_bay,mall_dock,10:30-12:30,10:30,12:30,WAY-080,Kids,Kids Shorts V3,pcs,17,7,10,15,5,17,low_stock
OUT090,,Waypoint Style,Kandy,Kandy,mall_bay,mall_dock,10:30-12:30,10:30,12:30,WAY-081,Kids,Kids Dress V3,pcs,41,2,39,15,0,11,in_stock
OUT090,,Waypoint Style,Kandy,Kandy,mall_bay,mall_dock,10:30-12:30,10:30,12:30,WAY-082,Footwear,Men's Sneakers V3,pairs,15,8,7,1,5,16,low_stock
OUT090,,Waypoint Style,Kandy,Kandy,mall_bay,mall_dock,10:30-12:30,10:30,12:30,WAY-083,Footwear,Women's Sneakers V3,pairs,45,1,44,10,0,8,in_stock
OUT090,,Waypoint Style,Kandy,Kandy,mall_bay,mall_dock,10:30-12:30,10:30,12:30,WAY-084,Footwear,Men's Sandals V3,pairs,27,6,21,15,20,15,in_stock
OUT090,,Waypoint Style,Kandy,Kandy,mall_bay,mall_dock,10:30-12:30,10:30,12:30,WAY-085,Footwear,Women's Sandals V3,pairs,40,1,39,3,30,10,in_stock
OUT090,,Waypoint Style,Kandy,Kandy,mall_bay,mall_dock,10:30-12:30,10:30,12:30,WAY-086,Footwear,Kids' Shoes V3,pairs,4,2,2,6,0,9,low_stock
OUT090,,Waypoint Style,Kandy,Kandy,mall_bay,mall_dock,10:30-12:30,10:30,12:30,WAY-087,Accessories,Backpack V3,pcs,18,6,12,4,30,7,in_stock
OUT090,,Waypoint Style,Kandy,Kandy,mall_bay,mall_dock,10:30-12:30,10:30,12:30,WAY-088,Accessories,Wallet V3,pcs,13,2,11,6,10,18,low_stock
OUT090,,Waypoint Style,Kandy,Kandy,mall_bay,mall_dock,10:30-12:30,10:30,12:30,WAY-089,Accessories,Cap V3,pcs,39,8,31,16,20,13,in_stock
OUT090,,Waypoint Style,Kandy,Kandy,mall_bay,mall_dock,10:30-12:30,10:30,12:30,WAY-090,Accessories,Belt V3,pcs,7,0,7,3,10,8,low_stock
OUT090,,Waypoint Style,Kandy,Kandy,mall_bay,mall_dock,10:30-12:30,10:30,12:30,WAY-091,Men,Men's T-Shirt V4,pcs,6,2,4,16,0,16,low_stock
OUT090,,Waypoint Style,Kandy,Kandy,mall_bay,mall_dock,10:30-12:30,10:30,12:30,WAY-092,Men,Men's Polo Shirt V4,pcs,42,0,42,17,10,15,in_stock
OUT090,,Waypoint Style,Kandy,Kandy,mall_bay,mall_dock,10:30-12:30,10:30,12:30,WAY-093,Men,Men's Casual Shirt V4,pcs,17,8,9,2,0,10,low_stock
OUT090,,Waypoint Style,Kandy,Kandy,mall_bay,mall_dock,10:30-12:30,10:30,12:30,WAY-094,Men,Men's Formal Shirt V4,pcs,23,1,22,22,20,16,in_stock
OUT090,,Waypoint Style,Kandy,Kandy,mall_bay,mall_dock,10:30-12:30,10:30,12:30,WAY-095,Men,Men's Jeans V4,pcs,39,8,31,8,0,15,in_stock
OUT090,,Waypoint Style,Kandy,Kandy,mall_bay,mall_dock,10:30-12:30,10:30,12:30,WAY-096,Men,Men's Chino V4,pcs,12,7,5,15,20,6,low_stock
OUT090,,Waypoint Style,Kandy,Kandy,mall_bay,mall_dock,10:30-12:30,10:30,12:30,WAY-097,Men,Men's Shorts V4,pcs,26,3,23,9,5,8,in_stock
OUT090,,Waypoint Style,Kandy,Kandy,mall_bay,mall_dock,10:30-12:30,10:30,12:30,WAY-098,Men,Men's Hoodie V4,pcs,7,1,6,1,10,12,low_stock
OUT090,,Waypoint Style,Kandy,Kandy,mall_bay,mall_dock,10:30-12:30,10:30,12:30,WAY-099,Men,Men's Jacket V4,pcs,32,1,31,11,10,10,in_stock
OUT090,,Waypoint Style,Kandy,Kandy,mall_bay,mall_dock,10:30-12:30,10:30,12:30,WAY-100,Women,Women's T-Shirt V4,pcs,27,3,24,1,10,5,in_stock
OUT090,,Waypoint Style,Kandy,Kandy,mall_bay,mall_dock,10:30-12:30,10:30,12:30,WAY-101,Women,Women's Blouse V4,pcs,7,6,1,3,0,15,low_stock
OUT090,,Waypoint Style,Kandy,Kandy,mall_bay,mall_dock,10:30-12:30,10:30,12:30,WAY-102,Women,Women's Dress V4,pcs,11,4,7,5,0,7,low_stock
OUT090,,Waypoint Style,Kandy,Kandy,mall_bay,mall_dock,10:30-12:30,10:30,12:30,WAY-103,Women,Women's Jeans V4,pcs,37,4,33,2,5,12,in_stock
OUT090,,Waypoint Style,Kandy,Kandy,mall_bay,mall_dock,10:30-12:30,10:30,12:30,WAY-104,Women,Women's Trousers V4,pcs,14,6,8,3,5,9,low_stock
OUT090,,Waypoint Style,Kandy,Kandy,mall_bay,mall_dock,10:30-12:30,10:30,12:30,WAY-105,Women,Women's Skirt V4,pcs,33,5,28,6,0,13,in_stock
OUT090,,Waypoint Style,Kandy,Kandy,mall_bay,mall_dock,10:30-12:30,10:30,12:30,WAY-106,Women,Women's Hoodie V4,pcs,9,2,7,10,0,16,low_stock
OUT090,,Waypoint Style,Kandy,Kandy,mall_bay,mall_dock,10:30-12:30,10:30,12:30,WAY-107,Women,Women's Jacket V4,pcs,22,5,17,22,0,11,in_stock
OUT090,,Waypoint Style,Kandy,Kandy,mall_bay,mall_dock,10:30-12:30,10:30,12:30,WAY-108,Kids,Kids T-Shirt V4,pcs,10,8,2,9,0,7,low_stock
OUT090,,Waypoint Style,Kandy,Kandy,mall_bay,mall_dock,10:30-12:30,10:30,12:30,WAY-109,Kids,Kids Jeans V4,pcs,19,3,16,12,10,11,in_stock
OUT090,,Waypoint Style,Kandy,Kandy,mall_bay,mall_dock,10:30-12:30,10:30,12:30,WAY-110,Kids,Kids Shorts V4,pcs,39,8,31,20,30,16,in_stock
OUT090,,Waypoint Style,Kandy,Kandy,mall_bay,mall_dock,10:30-12:30,10:30,12:30,WAY-111,Kids,Kids Dress V4,pcs,27,3,24,8,0,13,in_stock
OUT090,,Waypoint Style,Kandy,Kandy,mall_bay,mall_dock,10:30-12:30,10:30,12:30,WAY-112,Footwear,Men's Sneakers V4,pairs,35,4,31,9,0,16,in_stock
OUT090,,Waypoint Style,Kandy,Kandy,mall_bay,mall_dock,10:30-12:30,10:30,12:30,WAY-113,Footwear,Women's Sneakers V4,pairs,17,0,17,13,5,6,in_stock
OUT090,,Waypoint Style,Kandy,Kandy,mall_bay,mall_dock,10:30-12:30,10:30,12:30,WAY-114,Footwear,Men's Sandals V4,pairs,45,2,43,2,20,9,in_stock
OUT090,,Waypoint Style,Kandy,Kandy,mall_bay,mall_dock,10:30-12:30,10:30,12:30,WAY-115,Footwear,Women's Sandals V4,pairs,25,4,21,11,0,11,in_stock
OUT090,,Waypoint Style,Kandy,Kandy,mall_bay,mall_dock,10:30-12:30,10:30,12:30,WAY-116,Footwear,Kids' Shoes V4,pairs,43,3,40,15,30,18,in_stock
OUT090,,Waypoint Style,Kandy,Kandy,mall_bay,mall_dock,10:30-12:30,10:30,12:30,WAY-117,Accessories,Backpack V4,pcs,33,6,27,4,10,5,in_stock
OUT090,,Waypoint Style,Kandy,Kandy,mall_bay,mall_dock,10:30-12:30,10:30,12:30,WAY-118,Accessories,Wallet V4,pcs,9,5,4,8,0,17,low_stock
OUT090,,Waypoint Style,Kandy,Kandy,mall_bay,mall_dock,10:30-12:30,10:30,12:30,WAY-119,Accessories,Cap V4,pcs,38,2,36,6,30,18,in_stock
OUT090,,Waypoint Style,Kandy,Kandy,mall_bay,mall_dock,10:30-12:30,10:30,12:30,WAY-120,Accessories,Belt V4,pcs,34,8,26,10,0,8,in_stock
OUT090,,Waypoint Style,Kandy,Kandy,mall_bay,mall_dock,10:30-12:30,10:30,12:30,WAY-121,Men,Men's T-Shirt V5,pcs,21,4,17,10,0,11,in_stock
OUT090,,Waypoint Style,Kandy,Kandy,mall_bay,mall_dock,10:30-12:30,10:30,12:30,WAY-122,Men,Men's Polo Shirt V5,pcs,43,3,40,18,5,17,in_stock
OUT090,,Waypoint Style,Kandy,Kandy,mall_bay,mall_dock,10:30-12:30,10:30,12:30,WAY-123,Men,Men's Casual Shirt V5,pcs,17,5,12,22,5,7,in_stock
OUT090,,Waypoint Style,Kandy,Kandy,mall_bay,mall_dock,10:30-12:30,10:30,12:30,WAY-124,Men,Men's Formal Shirt V5,pcs,17,5,12,2,5,9,in_stock
OUT090,,Waypoint Style,Kandy,Kandy,mall_bay,mall_dock,10:30-12:30,10:30,12:30,WAY-125,Men,Men's Jeans V5,pcs,25,7,18,19,10,14,in_stock
OUT090,,Waypoint Style,Kandy,Kandy,mall_bay,mall_dock,10:30-12:30,10:30,12:30,WAY-126,Men,Men's Chino V5,pcs,26,5,21,11,10,15,in_stock
OUT090,,Waypoint Style,Kandy,Kandy,mall_bay,mall_dock,10:30-12:30,10:30,12:30,WAY-127,Men,Men's Shorts V5,pcs,36,6,30,18,5,12,in_stock
OUT090,,Waypoint Style,Kandy,Kandy,mall_bay,mall_dock,10:30-12:30,10:30,12:30,WAY-128,Men,Men's Hoodie V5,pcs,9,1,8,9,0,9,low_stock
OUT090,,Waypoint Style,Kandy,Kandy,mall_bay,mall_dock,10:30-12:30,10:30,12:30,WAY-129,Men,Men's Jacket V5,pcs,13,4,9,14,10,16,low_stock
OUT090,,Waypoint Style,Kandy,Kandy,mall_bay,mall_dock,10:30-12:30,10:30,12:30,WAY-130,Women,Women's T-Shirt V5,pcs,24,7,17,8,0,7,in_stock
OUT090,,Waypoint Style,Kandy,Kandy,mall_bay,mall_dock,10:30-12:30,10:30,12:30,WAY-131,Women,Women's Blouse V5,pcs,32,7,25,11,0,14,in_stock
OUT090,,Waypoint Style,Kandy,Kandy,mall_bay,mall_dock,10:30-12:30,10:30,12:30,WAY-132,Women,Women's Dress V5,pcs,31,6,25,6,20,8,in_stock
OUT090,,Waypoint Style,Kandy,Kandy,mall_bay,mall_dock,10:30-12:30,10:30,12:30,WAY-133,Women,Women's Jeans V5,pcs,32,2,30,6,0,7,in_stock
OUT090,,Waypoint Style,Kandy,Kandy,mall_bay,mall_dock,10:30-12:30,10:30,12:30,WAY-134,Women,Women's Trousers V5,pcs,35,4,31,10,20,9,in_stock
OUT090,,Waypoint Style,Kandy,Kandy,mall_bay,mall_dock,10:30-12:30,10:30,12:30,WAY-135,Women,Women's Skirt V5,pcs,38,4,34,3,0,11,in_stock
OUT090,,Waypoint Style,Kandy,Kandy,mall_bay,mall_dock,10:30-12:30,10:30,12:30,WAY-136,Women,Women's Hoodie V5,pcs,10,7,3,18,5,10,low_stock
OUT090,,Waypoint Style,Kandy,Kandy,mall_bay,mall_dock,10:30-12:30,10:30,12:30,WAY-137,Women,Women's Jacket V5,pcs,11,1,10,18,10,12,low_stock
OUT090,,Waypoint Style,Kandy,Kandy,mall_bay,mall_dock,10:30-12:30,10:30,12:30,WAY-138,Kids,Kids T-Shirt V5,pcs,34,1,33,17,30,7,in_stock
OUT090,,Waypoint Style,Kandy,Kandy,mall_bay,mall_dock,10:30-12:30,10:30,12:30,WAY-139,Kids,Kids Jeans V5,pcs,18,8,10,13,5,13,low_stock
OUT090,,Waypoint Style,Kandy,Kandy,mall_bay,mall_dock,10:30-12:30,10:30,12:30,WAY-140,Kids,Kids Shorts V5,pcs,37,7,30,11,5,11,in_stock
OUT090,,Waypoint Style,Kandy,Kandy,mall_bay,mall_dock,10:30-12:30,10:30,12:30,WAY-141,Kids,Kids Dress V5,pcs,10,4,6,13,30,14,low_stock
OUT090,,Waypoint Style,Kandy,Kandy,mall_bay,mall_dock,10:30-12:30,10:30,12:30,WAY-142,Footwear,Men's Sneakers V5,pairs,21,8,13,22,30,14,low_stock
OUT090,,Waypoint Style,Kandy,Kandy,mall_bay,mall_dock,10:30-12:30,10:30,12:30,WAY-143,Footwear,Women's Sneakers V5,pairs,32,3,29,17,20,7,in_stock
OUT090,,Waypoint Style,Kandy,Kandy,mall_bay,mall_dock,10:30-12:30,10:30,12:30,WAY-144,Footwear,Men's Sandals V5,pairs,26,0,26,2,10,6,in_stock
OUT090,,Waypoint Style,Kandy,Kandy,mall_bay,mall_dock,10:30-12:30,10:30,12:30,WAY-145,Footwear,Women's Sandals V5,pairs,31,0,31,6,5,5,in_stock
OUT090,,Waypoint Style,Kandy,Kandy,mall_bay,mall_dock,10:30-12:30,10:30,12:30,WAY-146,Footwear,Kids' Shoes V5,pairs,38,1,37,19,5,13,in_stock
OUT090,,Waypoint Style,Kandy,Kandy,mall_bay,mall_dock,10:30-12:30,10:30,12:30,WAY-147,Accessories,Backpack V5,pcs,31,6,25,19,10,18,in_stock
OUT090,,Waypoint Style,Kandy,Kandy,mall_bay,mall_dock,10:30-12:30,10:30,12:30,WAY-148,Accessories,Wallet V5,pcs,11,4,7,10,20,14,low_stock
OUT090,,Waypoint Style,Kandy,Kandy,mall_bay,mall_dock,10:30-12:30,10:30,12:30,WAY-149,Accessories,Cap V5,pcs,20,1,19,3,5,5,in_stock
OUT090,,Waypoint Style,Kandy,Kandy,mall_bay,mall_dock,10:30-12:30,10:30,12:30,WAY-150,Accessories,Belt V5,pcs,30,3,27,5,5,6,in_stock
OUT090,,Waypoint Style,Kandy,Kandy,mall_bay,mall_dock,10:30-12:30,10:30,12:30,WAY-151,Men,Men's T-Shirt V6,pcs,10,5,5,13,10,17,low_stock
OUT090,,Waypoint Style,Kandy,Kandy,mall_bay,mall_dock,10:30-12:30,10:30,12:30,WAY-152,Men,Men's Polo Shirt V6,pcs,4,3,1,6,20,9,low_stock
OUT090,,Waypoint Style,Kandy,Kandy,mall_bay,mall_dock,10:30-12:30,10:30,12:30,WAY-153,Men,Men's Casual Shirt V6,pcs,45,2,43,2,5,10,in_stock
OUT090,,Waypoint Style,Kandy,Kandy,mall_bay,mall_dock,10:30-12:30,10:30,12:30,WAY-154,Men,Men's Formal Shirt V6,pcs,36,4,32,3,30,5,in_stock
OUT090,,Waypoint Style,Kandy,Kandy,mall_bay,mall_dock,10:30-12:30,10:30,12:30,WAY-155,Men,Men's Jeans V6,pcs,34,4,30,13,20,8,in_stock
OUT090,,Waypoint Style,Kandy,Kandy,mall_bay,mall_dock,10:30-12:30,10:30,12:30,WAY-156,Men,Men's Chino V6,pcs,40,1,39,22,0,12,in_stock
OUT090,,Waypoint Style,Kandy,Kandy,mall_bay,mall_dock,10:30-12:30,10:30,12:30,WAY-157,Men,Men's Shorts V6,pcs,5,3,2,14,10,8,low_stock
OUT090,,Waypoint Style,Kandy,Kandy,mall_bay,mall_dock,10:30-12:30,10:30,12:30,WAY-158,Men,Men's Hoodie V6,pcs,8,5,3,13,20,14,low_stock
OUT090,,Waypoint Style,Kandy,Kandy,mall_bay,mall_dock,10:30-12:30,10:30,12:30,WAY-159,Men,Men's Jacket V6,pcs,8,1,7,17,5,12,low_stock
OUT090,,Waypoint Style,Kandy,Kandy,mall_bay,mall_dock,10:30-12:30,10:30,12:30,WAY-160,Women,Women's T-Shirt V6,pcs,26,3,23,21,0,13,in_stock
OUT090,,Waypoint Style,Kandy,Kandy,mall_bay,mall_dock,10:30-12:30,10:30,12:30,WAY-161,Women,Women's Blouse V6,pcs,37,0,37,9,20,6,in_stock
OUT090,,Waypoint Style,Kandy,Kandy,mall_bay,mall_dock,10:30-12:30,10:30,12:30,WAY-162,Women,Women's Dress V6,pcs,43,2,41,11,30,9,in_stock
OUT090,,Waypoint Style,Kandy,Kandy,mall_bay,mall_dock,10:30-12:30,10:30,12:30,WAY-163,Women,Women's Jeans V6,pcs,40,6,34,7,0,16,in_stock
OUT090,,Waypoint Style,Kandy,Kandy,mall_bay,mall_dock,10:30-12:30,10:30,12:30,WAY-164,Women,Women's Trousers V6,pcs,8,4,4,9,5,10,low_stock
OUT090,,Waypoint Style,Kandy,Kandy,mall_bay,mall_dock,10:30-12:30,10:30,12:30,WAY-165,Women,Women's Skirt V6,pcs,9,2,7,19,20,10,low_stock
OUT090,,Waypoint Style,Kandy,Kandy,mall_bay,mall_dock,10:30-12:30,10:30,12:30,WAY-166,Women,Women's Hoodie V6,pcs,33,1,32,22,0,12,in_stock
OUT090,,Waypoint Style,Kandy,Kandy,mall_bay,mall_dock,10:30-12:30,10:30,12:30,WAY-167,Women,Women's Jacket V6,pcs,21,2,19,9,30,9,in_stock
OUT090,,Waypoint Style,Kandy,Kandy,mall_bay,mall_dock,10:30-12:30,10:30,12:30,WAY-168,Kids,Kids T-Shirt V6,pcs,41,0,41,3,20,13,in_stock
OUT090,,Waypoint Style,Kandy,Kandy,mall_bay,mall_dock,10:30-12:30,10:30,12:30,WAY-169,Kids,Kids Jeans V6,pcs,35,4,31,1,30,17,in_stock
OUT090,,Waypoint Style,Kandy,Kandy,mall_bay,mall_dock,10:30-12:30,10:30,12:30,WAY-170,Kids,Kids Shorts V6,pcs,45,7,38,13,20,10,in_stock
OUT090,,Waypoint Style,Kandy,Kandy,mall_bay,mall_dock,10:30-12:30,10:30,12:30,WAY-171,Kids,Kids Dress V6,pcs,6,1,5,2,0,18,low_stock
OUT090,,Waypoint Style,Kandy,Kandy,mall_bay,mall_dock,10:30-12:30,10:30,12:30,WAY-172,Footwear,Men's Sneakers V6,pairs,43,3,40,16,20,7,in_stock
OUT090,,Waypoint Style,Kandy,Kandy,mall_bay,mall_dock,10:30-12:30,10:30,12:30,WAY-173,Footwear,Women's Sneakers V6,pairs,8,5,3,6,30,6,low_stock
OUT090,,Waypoint Style,Kandy,Kandy,mall_bay,mall_dock,10:30-12:30,10:30,12:30,WAY-174,Footwear,Men's Sandals V6,pairs,31,6,25,12,5,7,in_stock
OUT090,,Waypoint Style,Kandy,Kandy,mall_bay,mall_dock,10:30-12:30,10:30,12:30,WAY-175,Footwear,Women's Sandals V6,pairs,34,1,33,9,10,17,in_stock
OUT090,,Waypoint Style,Kandy,Kandy,mall_bay,mall_dock,10:30-12:30,10:30,12:30,WAY-176,Footwear,Kids' Shoes V6,pairs,10,4,6,3,30,16,low_stock
OUT090,,Waypoint Style,Kandy,Kandy,mall_bay,mall_dock,10:30-12:30,10:30,12:30,WAY-177,Accessories,Backpack V6,pcs,24,4,20,8,0,10,in_stock
OUT090,,Waypoint Style,Kandy,Kandy,mall_bay,mall_dock,10:30-12:30,10:30,12:30,WAY-178,Accessories,Wallet V6,pcs,11,2,9,16,0,11,low_stock
OUT090,,Waypoint Style,Kandy,Kandy,mall_bay,mall_dock,10:30-12:30,10:30,12:30,WAY-179,Accessories,Cap V6,pcs,5,4,1,11,30,9,low_stock
OUT090,,Waypoint Style,Kandy,Kandy,mall_bay,mall_dock,10:30-12:30,10:30,12:30,WAY-180,Accessories,Belt V6,pcs,20,2,18,18,5,18,low_stock
OUT090,,Waypoint Style,Kandy,Kandy,mall_bay,mall_dock,10:30-12:30,10:30,12:30,WAY-181,Men,Men's T-Shirt V7,pcs,14,0,14,4,0,13,in_stock
OUT090,,Waypoint Style,Kandy,Kandy,mall_bay,mall_dock,10:30-12:30,10:30,12:30,WAY-182,Men,Men's Polo Shirt V7,pcs,17,0,17,4,0,13,in_stock
OUT090,,Waypoint Style,Kandy,Kandy,mall_bay,mall_dock,10:30-12:30,10:30,12:30,WAY-183,Men,Men's Casual Shirt V7,pcs,44,3,41,18,5,5,in_stock
OUT090,,Waypoint Style,Kandy,Kandy,mall_bay,mall_dock,10:30-12:30,10:30,12:30,WAY-184,Men,Men's Formal Shirt V7,pcs,5,3,2,16,10,5,low_stock
OUT090,,Waypoint Style,Kandy,Kandy,mall_bay,mall_dock,10:30-12:30,10:30,12:30,WAY-185,Men,Men's Jeans V7,pcs,19,1,18,9,30,10,in_stock
OUT090,,Waypoint Style,Kandy,Kandy,mall_bay,mall_dock,10:30-12:30,10:30,12:30,WAY-186,Men,Men's Chino V7,pcs,10,5,5,11,10,13,low_stock
OUT090,,Waypoint Style,Kandy,Kandy,mall_bay,mall_dock,10:30-12:30,10:30,12:30,WAY-187,Men,Men's Shorts V7,pcs,44,5,39,22,0,11,in_stock
OUT090,,Waypoint Style,Kandy,Kandy,mall_bay,mall_dock,10:30-12:30,10:30,12:30,WAY-188,Men,Men's Hoodie V7,pcs,42,3,39,8,20,18,in_stock
OUT090,,Waypoint Style,Kandy,Kandy,mall_bay,mall_dock,10:30-12:30,10:30,12:30,WAY-189,Men,Men's Jacket V7,pcs,17,2,15,13,5,18,low_stock
OUT090,,Waypoint Style,Kandy,Kandy,mall_bay,mall_dock,10:30-12:30,10:30,12:30,WAY-190,Women,Women's T-Shirt V7,pcs,16,2,14,20,5,16,low_stock
OUT090,,Waypoint Style,Kandy,Kandy,mall_bay,mall_dock,10:30-12:30,10:30,12:30,WAY-191,Women,Women's Blouse V7,pcs,31,1,30,2,0,13,in_stock
OUT090,,Waypoint Style,Kandy,Kandy,mall_bay,mall_dock,10:30-12:30,10:30,12:30,WAY-192,Women,Women's Dress V7,pcs,7,0,7,18,5,10,low_stock
OUT090,,Waypoint Style,Kandy,Kandy,mall_bay,mall_dock,10:30-12:30,10:30,12:30,WAY-193,Women,Women's Jeans V7,pcs,42,5,37,1,0,8,in_stock
OUT090,,Waypoint Style,Kandy,Kandy,mall_bay,mall_dock,10:30-12:30,10:30,12:30,WAY-194,Women,Women's Trousers V7,pcs,40,6,34,4,10,10,in_stock
OUT090,,Waypoint Style,Kandy,Kandy,mall_bay,mall_dock,10:30-12:30,10:30,12:30,WAY-195,Women,Women's Skirt V7,pcs,35,3,32,21,10,14,in_stock
OUT090,,Waypoint Style,Kandy,Kandy,mall_bay,mall_dock,10:30-12:30,10:30,12:30,WAY-196,Women,Women's Hoodie V7,pcs,25,5,20,13,20,13,in_stock
OUT090,,Waypoint Style,Kandy,Kandy,mall_bay,mall_dock,10:30-12:30,10:30,12:30,WAY-197,Women,Women's Jacket V7,pcs,24,4,20,7,5,13,in_stock
OUT090,,Waypoint Style,Kandy,Kandy,mall_bay,mall_dock,10:30-12:30,10:30,12:30,WAY-198,Kids,Kids T-Shirt V7,pcs,18,2,16,19,30,16,low_stock
OUT090,,Waypoint Style,Kandy,Kandy,mall_bay,mall_dock,10:30-12:30,10:30,12:30,WAY-199,Kids,Kids Jeans V7,pcs,40,5,35,5,5,15,in_stock
OUT090,,Waypoint Style,Kandy,Kandy,mall_bay,mall_dock,10:30-12:30,10:30,12:30,WAY-200,Kids,Kids Shorts V7,pcs,16,7,9,18,0,10,low_stock
OUT091,,Waypoint Style,Kandy,Kandy,street,normal,,09:00,17:00,WAY-001,Men,Men's T-Shirt,pcs,22,6,16,20,5,13,in_stock
OUT091,,Waypoint Style,Kandy,Kandy,street,normal,,09:00,17:00,WAY-002,Men,Men's Polo Shirt,pcs,10,1,9,7,10,18,low_stock
OUT091,,Waypoint Style,Kandy,Kandy,street,normal,,09:00,17:00,WAY-003,Men,Men's Casual Shirt,pcs,41,3,38,18,0,18,in_stock
OUT091,,Waypoint Style,Kandy,Kandy,street,normal,,09:00,17:00,WAY-004,Men,Men's Formal Shirt,pcs,8,0,8,6,30,6,in_stock
OUT091,,Waypoint Style,Kandy,Kandy,street,normal,,09:00,17:00,WAY-005,Men,Men's Jeans,pcs,19,0,19,6,30,6,in_stock
OUT091,,Waypoint Style,Kandy,Kandy,street,normal,,09:00,17:00,WAY-006,Men,Men's Chino,pcs,26,3,23,8,0,13,in_stock
OUT091,,Waypoint Style,Kandy,Kandy,street,normal,,09:00,17:00,WAY-007,Men,Men's Shorts,pcs,35,1,34,13,20,12,in_stock
OUT091,,Waypoint Style,Kandy,Kandy,street,normal,,09:00,17:00,WAY-008,Men,Men's Hoodie,pcs,25,8,17,11,10,17,low_stock
OUT091,,Waypoint Style,Kandy,Kandy,street,normal,,09:00,17:00,WAY-009,Men,Men's Jacket,pcs,27,3,24,18,0,13,in_stock
OUT091,,Waypoint Style,Kandy,Kandy,street,normal,,09:00,17:00,WAY-010,Women,Women's T-Shirt,pcs,15,6,9,3,30,7,in_stock
OUT091,,Waypoint Style,Kandy,Kandy,street,normal,,09:00,17:00,WAY-011,Women,Women's Blouse,pcs,34,1,33,8,0,11,in_stock
OUT091,,Waypoint Style,Kandy,Kandy,street,normal,,09:00,17:00,WAY-012,Women,Women's Dress,pcs,36,8,28,11,0,17,in_stock
OUT091,,Waypoint Style,Kandy,Kandy,street,normal,,09:00,17:00,WAY-013,Women,Women's Jeans,pcs,4,3,1,4,30,9,low_stock
OUT091,,Waypoint Style,Kandy,Kandy,street,normal,,09:00,17:00,WAY-014,Women,Women's Trousers,pcs,27,8,19,12,10,7,in_stock
OUT091,,Waypoint Style,Kandy,Kandy,street,normal,,09:00,17:00,WAY-015,Women,Women's Skirt,pcs,15,8,7,20,0,12,low_stock
OUT091,,Waypoint Style,Kandy,Kandy,street,normal,,09:00,17:00,WAY-016,Women,Women's Hoodie,pcs,33,2,31,12,30,16,in_stock
OUT091,,Waypoint Style,Kandy,Kandy,street,normal,,09:00,17:00,WAY-017,Women,Women's Jacket,pcs,41,5,36,3,0,8,in_stock
OUT091,,Waypoint Style,Kandy,Kandy,street,normal,,09:00,17:00,WAY-018,Kids,Kids T-Shirt,pcs,22,1,21,13,20,15,in_stock
OUT091,,Waypoint Style,Kandy,Kandy,street,normal,,09:00,17:00,WAY-019,Kids,Kids Jeans,pcs,10,7,3,12,30,8,low_stock
OUT091,,Waypoint Style,Kandy,Kandy,street,normal,,09:00,17:00,WAY-020,Kids,Kids Shorts,pcs,43,0,43,4,5,13,in_stock
OUT091,,Waypoint Style,Kandy,Kandy,street,normal,,09:00,17:00,WAY-021,Kids,Kids Dress,pcs,29,2,27,8,0,11,in_stock
OUT091,,Waypoint Style,Kandy,Kandy,street,normal,,09:00,17:00,WAY-022,Footwear,Men's Sneakers,pairs,41,7,34,21,0,14,in_stock
OUT091,,Waypoint Style,Kandy,Kandy,street,normal,,09:00,17:00,WAY-023,Footwear,Women's Sneakers,pairs,6,1,5,21,0,16,low_stock
OUT091,,Waypoint Style,Kandy,Kandy,street,normal,,09:00,17:00,WAY-024,Footwear,Men's Sandals,pairs,29,7,22,16,30,5,in_stock
OUT091,,Waypoint Style,Kandy,Kandy,street,normal,,09:00,17:00,WAY-025,Footwear,Women's Sandals,pairs,39,7,32,6,30,17,in_stock
OUT091,,Waypoint Style,Kandy,Kandy,street,normal,,09:00,17:00,WAY-026,Footwear,Kids' Shoes,pairs,22,4,18,18,0,7,in_stock
OUT091,,Waypoint Style,Kandy,Kandy,street,normal,,09:00,17:00,WAY-027,Accessories,Backpack,pcs,35,8,27,1,10,12,in_stock
OUT091,,Waypoint Style,Kandy,Kandy,street,normal,,09:00,17:00,WAY-028,Accessories,Wallet,pcs,44,5,39,21,10,13,in_stock
OUT091,,Waypoint Style,Kandy,Kandy,street,normal,,09:00,17:00,WAY-029,Accessories,Cap,pcs,32,1,31,22,5,13,in_stock
OUT091,,Waypoint Style,Kandy,Kandy,street,normal,,09:00,17:00,WAY-030,Accessories,Belt,pcs,7,6,1,9,5,18,low_stock
OUT091,,Waypoint Style,Kandy,Kandy,street,normal,,09:00,17:00,WAY-031,Men,Men's T-Shirt V2,pcs,18,8,10,5,0,18,low_stock
OUT091,,Waypoint Style,Kandy,Kandy,street,normal,,09:00,17:00,WAY-032,Men,Men's Polo Shirt V2,pcs,29,7,22,3,30,9,in_stock
OUT091,,Waypoint Style,Kandy,Kandy,street,normal,,09:00,17:00,WAY-033,Men,Men's Casual Shirt V2,pcs,10,1,9,8,30,5,in_stock
OUT091,,Waypoint Style,Kandy,Kandy,street,normal,,09:00,17:00,WAY-034,Men,Men's Formal Shirt V2,pcs,34,0,34,1,5,9,in_stock
OUT091,,Waypoint Style,Kandy,Kandy,street,normal,,09:00,17:00,WAY-035,Men,Men's Jeans V2,pcs,23,3,20,6,5,6,in_stock
OUT091,,Waypoint Style,Kandy,Kandy,street,normal,,09:00,17:00,WAY-036,Men,Men's Chino V2,pcs,5,4,1,8,5,8,low_stock
OUT091,,Waypoint Style,Kandy,Kandy,street,normal,,09:00,17:00,WAY-037,Men,Men's Shorts V2,pcs,30,6,24,6,10,9,in_stock
OUT091,,Waypoint Style,Kandy,Kandy,street,normal,,09:00,17:00,WAY-038,Men,Men's Hoodie V2,pcs,36,8,28,22,30,12,in_stock
OUT091,,Waypoint Style,Kandy,Kandy,street,normal,,09:00,17:00,WAY-039,Men,Men's Jacket V2,pcs,8,4,4,7,10,7,low_stock
OUT091,,Waypoint Style,Kandy,Kandy,street,normal,,09:00,17:00,WAY-040,Women,Women's T-Shirt V2,pcs,39,0,39,4,0,11,in_stock
OUT091,,Waypoint Style,Kandy,Kandy,street,normal,,09:00,17:00,WAY-041,Women,Women's Blouse V2,pcs,9,8,1,18,0,17,low_stock
OUT091,,Waypoint Style,Kandy,Kandy,street,normal,,09:00,17:00,WAY-042,Women,Women's Dress V2,pcs,19,4,15,5,0,10,in_stock
OUT091,,Waypoint Style,Kandy,Kandy,street,normal,,09:00,17:00,WAY-043,Women,Women's Jeans V2,pcs,33,5,28,20,30,13,in_stock
OUT091,,Waypoint Style,Kandy,Kandy,street,normal,,09:00,17:00,WAY-044,Women,Women's Trousers V2,pcs,19,0,19,15,0,14,in_stock
OUT091,,Waypoint Style,Kandy,Kandy,street,normal,,09:00,17:00,WAY-045,Women,Women's Skirt V2,pcs,11,5,6,12,5,5,in_stock
OUT091,,Waypoint Style,Kandy,Kandy,street,normal,,09:00,17:00,WAY-046,Women,Women's Hoodie V2,pcs,36,8,28,5,5,7,in_stock
OUT091,,Waypoint Style,Kandy,Kandy,street,normal,,09:00,17:00,WAY-047,Women,Women's Jacket V2,pcs,22,4,18,21,0,16,in_stock
OUT091,,Waypoint Style,Kandy,Kandy,street,normal,,09:00,17:00,WAY-048,Kids,Kids T-Shirt V2,pcs,21,8,13,16,0,16,low_stock
OUT091,,Waypoint Style,Kandy,Kandy,street,normal,,09:00,17:00,WAY-049,Kids,Kids Jeans V2,pcs,9,6,3,16,30,10,low_stock
OUT091,,Waypoint Style,Kandy,Kandy,street,normal,,09:00,17:00,WAY-050,Kids,Kids Shorts V2,pcs,30,1,29,22,10,18,in_stock
OUT091,,Waypoint Style,Kandy,Kandy,street,normal,,09:00,17:00,WAY-051,Kids,Kids Dress V2,pcs,6,1,5,8,30,11,low_stock
OUT091,,Waypoint Style,Kandy,Kandy,street,normal,,09:00,17:00,WAY-052,Footwear,Men's Sneakers V2,pairs,42,7,35,2,10,14,in_stock
OUT091,,Waypoint Style,Kandy,Kandy,street,normal,,09:00,17:00,WAY-053,Footwear,Women's Sneakers V2,pairs,25,3,22,18,30,12,in_stock
OUT091,,Waypoint Style,Kandy,Kandy,street,normal,,09:00,17:00,WAY-054,Footwear,Men's Sandals V2,pairs,17,1,16,6,10,13,in_stock
OUT091,,Waypoint Style,Kandy,Kandy,street,normal,,09:00,17:00,WAY-055,Footwear,Women's Sandals V2,pairs,29,8,21,3,0,13,in_stock
OUT091,,Waypoint Style,Kandy,Kandy,street,normal,,09:00,17:00,WAY-056,Footwear,Kids' Shoes V2,pairs,41,1,40,9,0,8,in_stock
OUT091,,Waypoint Style,Kandy,Kandy,street,normal,,09:00,17:00,WAY-057,Accessories,Backpack V2,pcs,21,8,13,9,30,15,low_stock
OUT091,,Waypoint Style,Kandy,Kandy,street,normal,,09:00,17:00,WAY-058,Accessories,Wallet V2,pcs,39,1,38,13,10,6,in_stock
OUT091,,Waypoint Style,Kandy,Kandy,street,normal,,09:00,17:00,WAY-059,Accessories,Cap V2,pcs,4,0,4,15,10,15,low_stock
OUT091,,Waypoint Style,Kandy,Kandy,street,normal,,09:00,17:00,WAY-060,Accessories,Belt V2,pcs,27,8,19,3,5,10,in_stock
OUT091,,Waypoint Style,Kandy,Kandy,street,normal,,09:00,17:00,WAY-061,Men,Men's T-Shirt V3,pcs,40,0,40,10,30,14,in_stock
OUT091,,Waypoint Style,Kandy,Kandy,street,normal,,09:00,17:00,WAY-062,Men,Men's Polo Shirt V3,pcs,45,5,40,9,5,12,in_stock
OUT091,,Waypoint Style,Kandy,Kandy,street,normal,,09:00,17:00,WAY-063,Men,Men's Casual Shirt V3,pcs,44,0,44,14,0,16,in_stock
OUT091,,Waypoint Style,Kandy,Kandy,street,normal,,09:00,17:00,WAY-064,Men,Men's Formal Shirt V3,pcs,9,4,5,18,0,17,low_stock
OUT091,,Waypoint Style,Kandy,Kandy,street,normal,,09:00,17:00,WAY-065,Men,Men's Jeans V3,pcs,23,3,20,13,0,17,in_stock
OUT091,,Waypoint Style,Kandy,Kandy,street,normal,,09:00,17:00,WAY-066,Men,Men's Chino V3,pcs,24,5,19,10,20,18,in_stock
OUT091,,Waypoint Style,Kandy,Kandy,street,normal,,09:00,17:00,WAY-067,Men,Men's Shorts V3,pcs,28,4,24,17,30,9,in_stock
OUT091,,Waypoint Style,Kandy,Kandy,street,normal,,09:00,17:00,WAY-068,Men,Men's Hoodie V3,pcs,19,2,17,14,20,12,in_stock
OUT091,,Waypoint Style,Kandy,Kandy,street,normal,,09:00,17:00,WAY-069,Men,Men's Jacket V3,pcs,31,7,24,17,5,10,in_stock
OUT091,,Waypoint Style,Kandy,Kandy,street,normal,,09:00,17:00,WAY-070,Women,Women's T-Shirt V3,pcs,5,3,2,3,10,14,low_stock
OUT091,,Waypoint Style,Kandy,Kandy,street,normal,,09:00,17:00,WAY-071,Women,Women's Blouse V3,pcs,10,2,8,21,5,11,low_stock
OUT091,,Waypoint Style,Kandy,Kandy,street,normal,,09:00,17:00,WAY-072,Women,Women's Dress V3,pcs,8,2,6,18,0,11,low_stock
OUT091,,Waypoint Style,Kandy,Kandy,street,normal,,09:00,17:00,WAY-073,Women,Women's Jeans V3,pcs,24,4,20,6,30,7,in_stock
OUT091,,Waypoint Style,Kandy,Kandy,street,normal,,09:00,17:00,WAY-074,Women,Women's Trousers V3,pcs,33,2,31,19,5,8,in_stock
OUT091,,Waypoint Style,Kandy,Kandy,street,normal,,09:00,17:00,WAY-075,Women,Women's Skirt V3,pcs,22,0,22,15,5,15,in_stock
OUT091,,Waypoint Style,Kandy,Kandy,street,normal,,09:00,17:00,WAY-076,Women,Women's Hoodie V3,pcs,34,6,28,19,30,10,in_stock
OUT091,,Waypoint Style,Kandy,Kandy,street,normal,,09:00,17:00,WAY-077,Women,Women's Jacket V3,pcs,10,5,5,17,0,17,low_stock
OUT091,,Waypoint Style,Kandy,Kandy,street,normal,,09:00,17:00,WAY-078,Kids,Kids T-Shirt V3,pcs,13,7,6,19,5,13,low_stock
OUT091,,Waypoint Style,Kandy,Kandy,street,normal,,09:00,17:00,WAY-079,Kids,Kids Jeans V3,pcs,9,7,2,4,30,9,low_stock
OUT091,,Waypoint Style,Kandy,Kandy,street,normal,,09:00,17:00,WAY-080,Kids,Kids Shorts V3,pcs,16,5,11,10,10,6,in_stock
OUT091,,Waypoint Style,Kandy,Kandy,street,normal,,09:00,17:00,WAY-081,Kids,Kids Dress V3,pcs,28,3,25,8,0,16,in_stock
OUT091,,Waypoint Style,Kandy,Kandy,street,normal,,09:00,17:00,WAY-082,Footwear,Men's Sneakers V3,pairs,29,7,22,5,30,7,in_stock
OUT091,,Waypoint Style,Kandy,Kandy,street,normal,,09:00,17:00,WAY-083,Footwear,Women's Sneakers V3,pairs,35,7,28,18,0,7,in_stock
OUT091,,Waypoint Style,Kandy,Kandy,street,normal,,09:00,17:00,WAY-084,Footwear,Men's Sandals V3,pairs,32,6,26,4,10,18,in_stock
OUT091,,Waypoint Style,Kandy,Kandy,street,normal,,09:00,17:00,WAY-085,Footwear,Women's Sandals V3,pairs,19,1,18,2,5,18,low_stock
OUT091,,Waypoint Style,Kandy,Kandy,street,normal,,09:00,17:00,WAY-086,Footwear,Kids' Shoes V3,pairs,15,5,10,18,0,11,low_stock
OUT091,,Waypoint Style,Kandy,Kandy,street,normal,,09:00,17:00,WAY-087,Accessories,Backpack V3,pcs,32,1,31,19,30,11,in_stock
OUT091,,Waypoint Style,Kandy,Kandy,street,normal,,09:00,17:00,WAY-088,Accessories,Wallet V3,pcs,38,0,38,20,20,18,in_stock
OUT091,,Waypoint Style,Kandy,Kandy,street,normal,,09:00,17:00,WAY-089,Accessories,Cap V3,pcs,15,8,7,17,0,6,in_stock
OUT091,,Waypoint Style,Kandy,Kandy,street,normal,,09:00,17:00,WAY-090,Accessories,Belt V3,pcs,34,7,27,21,20,15,in_stock
OUT091,,Waypoint Style,Kandy,Kandy,street,normal,,09:00,17:00,WAY-091,Men,Men's T-Shirt V4,pcs,34,6,28,4,5,14,in_stock
OUT091,,Waypoint Style,Kandy,Kandy,street,normal,,09:00,17:00,WAY-092,Men,Men's Polo Shirt V4,pcs,24,5,19,17,5,8,in_stock
OUT091,,Waypoint Style,Kandy,Kandy,street,normal,,09:00,17:00,WAY-093,Men,Men's Casual Shirt V4,pcs,35,2,33,11,0,14,in_stock
OUT091,,Waypoint Style,Kandy,Kandy,street,normal,,09:00,17:00,WAY-094,Men,Men's Formal Shirt V4,pcs,38,8,30,13,5,5,in_stock
OUT091,,Waypoint Style,Kandy,Kandy,street,normal,,09:00,17:00,WAY-095,Men,Men's Jeans V4,pcs,24,7,17,20,30,8,in_stock
OUT091,,Waypoint Style,Kandy,Kandy,street,normal,,09:00,17:00,WAY-096,Men,Men's Chino V4,pcs,38,1,37,7,30,5,in_stock
OUT091,,Waypoint Style,Kandy,Kandy,street,normal,,09:00,17:00,WAY-097,Men,Men's Shorts V4,pcs,38,6,32,2,20,8,in_stock
OUT091,,Waypoint Style,Kandy,Kandy,street,normal,,09:00,17:00,WAY-098,Men,Men's Hoodie V4,pcs,27,3,24,5,0,11,in_stock
OUT091,,Waypoint Style,Kandy,Kandy,street,normal,,09:00,17:00,WAY-099,Men,Men's Jacket V4,pcs,20,6,14,3,10,17,low_stock
OUT091,,Waypoint Style,Kandy,Kandy,street,normal,,09:00,17:00,WAY-100,Women,Women's T-Shirt V4,pcs,36,2,34,9,10,10,in_stock
OUT091,,Waypoint Style,Kandy,Kandy,street,normal,,09:00,17:00,WAY-101,Women,Women's Blouse V4,pcs,27,7,20,13,30,13,in_stock
OUT091,,Waypoint Style,Kandy,Kandy,street,normal,,09:00,17:00,WAY-102,Women,Women's Dress V4,pcs,20,3,17,6,0,12,in_stock
OUT091,,Waypoint Style,Kandy,Kandy,street,normal,,09:00,17:00,WAY-103,Women,Women's Jeans V4,pcs,39,5,34,3,0,12,in_stock
OUT091,,Waypoint Style,Kandy,Kandy,street,normal,,09:00,17:00,WAY-104,Women,Women's Trousers V4,pcs,24,7,17,11,30,14,in_stock
OUT091,,Waypoint Style,Kandy,Kandy,street,normal,,09:00,17:00,WAY-105,Women,Women's Skirt V4,pcs,20,3,17,18,0,11,in_stock
OUT091,,Waypoint Style,Kandy,Kandy,street,normal,,09:00,17:00,WAY-106,Women,Women's Hoodie V4,pcs,33,8,25,6,0,17,in_stock
OUT091,,Waypoint Style,Kandy,Kandy,street,normal,,09:00,17:00,WAY-107,Women,Women's Jacket V4,pcs,41,1,40,2,5,14,in_stock
OUT091,,Waypoint Style,Kandy,Kandy,street,normal,,09:00,17:00,WAY-108,Kids,Kids T-Shirt V4,pcs,43,2,41,16,0,16,in_stock
OUT091,,Waypoint Style,Kandy,Kandy,street,normal,,09:00,17:00,WAY-109,Kids,Kids Jeans V4,pcs,5,1,4,3,0,11,low_stock
OUT091,,Waypoint Style,Kandy,Kandy,street,normal,,09:00,17:00,WAY-110,Kids,Kids Shorts V4,pcs,17,6,11,2,0,12,low_stock
OUT091,,Waypoint Style,Kandy,Kandy,street,normal,,09:00,17:00,WAY-111,Kids,Kids Dress V4,pcs,43,5,38,9,20,13,in_stock
OUT091,,Waypoint Style,Kandy,Kandy,street,normal,,09:00,17:00,WAY-112,Footwear,Men's Sneakers V4,pairs,20,2,18,3,0,5,in_stock
OUT091,,Waypoint Style,Kandy,Kandy,street,normal,,09:00,17:00,WAY-113,Footwear,Women's Sneakers V4,pairs,22,6,16,1,0,8,in_stock
OUT091,,Waypoint Style,Kandy,Kandy,street,normal,,09:00,17:00,WAY-114,Footwear,Men's Sandals V4,pairs,44,4,40,14,10,16,in_stock
OUT091,,Waypoint Style,Kandy,Kandy,street,normal,,09:00,17:00,WAY-115,Footwear,Women's Sandals V4,pairs,39,0,39,11,20,16,in_stock
OUT091,,Waypoint Style,Kandy,Kandy,street,normal,,09:00,17:00,WAY-116,Footwear,Kids' Shoes V4,pairs,25,7,18,7,0,8,in_stock
OUT091,,Waypoint Style,Kandy,Kandy,street,normal,,09:00,17:00,WAY-117,Accessories,Backpack V4,pcs,38,7,31,22,0,7,in_stock
OUT091,,Waypoint Style,Kandy,Kandy,street,normal,,09:00,17:00,WAY-118,Accessories,Wallet V4,pcs,42,3,39,6,30,8,in_stock
OUT091,,Waypoint Style,Kandy,Kandy,street,normal,,09:00,17:00,WAY-119,Accessories,Cap V4,pcs,25,1,24,6,20,18,in_stock
OUT091,,Waypoint Style,Kandy,Kandy,street,normal,,09:00,17:00,WAY-120,Accessories,Belt V4,pcs,36,8,28,21,30,7,in_stock
OUT091,,Waypoint Style,Kandy,Kandy,street,normal,,09:00,17:00,WAY-121,Men,Men's T-Shirt V5,pcs,23,2,21,4,5,11,in_stock
OUT091,,Waypoint Style,Kandy,Kandy,street,normal,,09:00,17:00,WAY-122,Men,Men's Polo Shirt V5,pcs,37,4,33,16,5,13,in_stock
OUT091,,Waypoint Style,Kandy,Kandy,street,normal,,09:00,17:00,WAY-123,Men,Men's Casual Shirt V5,pcs,18,7,11,16,20,12,low_stock
OUT091,,Waypoint Style,Kandy,Kandy,street,normal,,09:00,17:00,WAY-124,Men,Men's Formal Shirt V5,pcs,31,6,25,9,20,15,in_stock
OUT091,,Waypoint Style,Kandy,Kandy,street,normal,,09:00,17:00,WAY-125,Men,Men's Jeans V5,pcs,26,7,19,21,0,13,in_stock
OUT091,,Waypoint Style,Kandy,Kandy,street,normal,,09:00,17:00,WAY-126,Men,Men's Chino V5,pcs,7,5,2,18,20,5,low_stock
OUT091,,Waypoint Style,Kandy,Kandy,street,normal,,09:00,17:00,WAY-127,Men,Men's Shorts V5,pcs,44,3,41,9,30,15,in_stock
OUT091,,Waypoint Style,Kandy,Kandy,street,normal,,09:00,17:00,WAY-128,Men,Men's Hoodie V5,pcs,21,1,20,16,0,10,in_stock
OUT091,,Waypoint Style,Kandy,Kandy,street,normal,,09:00,17:00,WAY-129,Men,Men's Jacket V5,pcs,9,4,5,16,0,14,low_stock
OUT091,,Waypoint Style,Kandy,Kandy,street,normal,,09:00,17:00,WAY-130,Women,Women's T-Shirt V5,pcs,25,0,25,4,5,14,in_stock
OUT091,,Waypoint Style,Kandy,Kandy,street,normal,,09:00,17:00,WAY-131,Women,Women's Blouse V5,pcs,26,5,21,9,0,6,in_stock
OUT091,,Waypoint Style,Kandy,Kandy,street,normal,,09:00,17:00,WAY-132,Women,Women's Dress V5,pcs,12,1,11,19,10,14,low_stock
OUT091,,Waypoint Style,Kandy,Kandy,street,normal,,09:00,17:00,WAY-133,Women,Women's Jeans V5,pcs,21,6,15,8,5,18,low_stock
OUT091,,Waypoint Style,Kandy,Kandy,street,normal,,09:00,17:00,WAY-134,Women,Women's Trousers V5,pcs,29,5,24,11,10,5,in_stock
OUT091,,Waypoint Style,Kandy,Kandy,street,normal,,09:00,17:00,WAY-135,Women,Women's Skirt V5,pcs,18,5,13,15,0,7,in_stock
OUT091,,Waypoint Style,Kandy,Kandy,street,normal,,09:00,17:00,WAY-136,Women,Women's Hoodie V5,pcs,12,4,8,22,0,14,low_stock
OUT091,,Waypoint Style,Kandy,Kandy,street,normal,,09:00,17:00,WAY-137,Women,Women's Jacket V5,pcs,27,1,26,1,30,10,in_stock
OUT091,,Waypoint Style,Kandy,Kandy,street,normal,,09:00,17:00,WAY-138,Kids,Kids T-Shirt V5,pcs,39,1,38,13,30,6,in_stock
OUT091,,Waypoint Style,Kandy,Kandy,street,normal,,09:00,17:00,WAY-139,Kids,Kids Jeans V5,pcs,28,6,22,3,0,17,in_stock
OUT091,,Waypoint Style,Kandy,Kandy,street,normal,,09:00,17:00,WAY-140,Kids,Kids Shorts V5,pcs,27,7,20,15,5,18,in_stock
OUT091,,Waypoint Style,Kandy,Kandy,street,normal,,09:00,17:00,WAY-141,Kids,Kids Dress V5,pcs,9,1,8,19,30,7,in_stock
OUT091,,Waypoint Style,Kandy,Kandy,street,normal,,09:00,17:00,WAY-142,Footwear,Men's Sneakers V5,pairs,12,6,6,20,0,18,low_stock
OUT091,,Waypoint Style,Kandy,Kandy,street,normal,,09:00,17:00,WAY-143,Footwear,Women's Sneakers V5,pairs,16,7,9,16,10,8,in_stock
OUT091,,Waypoint Style,Kandy,Kandy,street,normal,,09:00,17:00,WAY-144,Footwear,Men's Sandals V5,pairs,34,0,34,9,0,11,in_stock
OUT091,,Waypoint Style,Kandy,Kandy,street,normal,,09:00,17:00,WAY-145,Footwear,Women's Sandals V5,pairs,23,0,23,16,20,10,in_stock
OUT091,,Waypoint Style,Kandy,Kandy,street,normal,,09:00,17:00,WAY-146,Footwear,Kids' Shoes V5,pairs,22,5,17,10,0,15,in_stock
OUT091,,Waypoint Style,Kandy,Kandy,street,normal,,09:00,17:00,WAY-147,Accessories,Backpack V5,pcs,19,7,12,18,0,15,low_stock
OUT091,,Waypoint Style,Kandy,Kandy,street,normal,,09:00,17:00,WAY-148,Accessories,Wallet V5,pcs,40,2,38,6,30,16,in_stock
OUT091,,Waypoint Style,Kandy,Kandy,street,normal,,09:00,17:00,WAY-149,Accessories,Cap V5,pcs,44,8,36,9,30,10,in_stock
OUT091,,Waypoint Style,Kandy,Kandy,street,normal,,09:00,17:00,WAY-150,Accessories,Belt V5,pcs,13,6,7,9,0,6,in_stock
OUT091,,Waypoint Style,Kandy,Kandy,street,normal,,09:00,17:00,WAY-151,Men,Men's T-Shirt V6,pcs,34,4,30,20,30,11,in_stock
OUT091,,Waypoint Style,Kandy,Kandy,street,normal,,09:00,17:00,WAY-152,Men,Men's Polo Shirt V6,pcs,14,7,7,16,5,9,low_stock
OUT091,,Waypoint Style,Kandy,Kandy,street,normal,,09:00,17:00,WAY-153,Men,Men's Casual Shirt V6,pcs,33,7,26,15,20,11,in_stock
OUT091,,Waypoint Style,Kandy,Kandy,street,normal,,09:00,17:00,WAY-154,Men,Men's Formal Shirt V6,pcs,21,7,14,6,30,12,in_stock
OUT091,,Waypoint Style,Kandy,Kandy,street,normal,,09:00,17:00,WAY-155,Men,Men's Jeans V6,pcs,35,0,35,19,5,10,in_stock
OUT091,,Waypoint Style,Kandy,Kandy,street,normal,,09:00,17:00,WAY-156,Men,Men's Chino V6,pcs,31,3,28,22,0,12,in_stock
OUT091,,Waypoint Style,Kandy,Kandy,street,normal,,09:00,17:00,WAY-157,Men,Men's Shorts V6,pcs,17,4,13,7,0,15,low_stock
OUT091,,Waypoint Style,Kandy,Kandy,street,normal,,09:00,17:00,WAY-158,Men,Men's Hoodie V6,pcs,32,5,27,7,10,8,in_stock
OUT091,,Waypoint Style,Kandy,Kandy,street,normal,,09:00,17:00,WAY-159,Men,Men's Jacket V6,pcs,12,1,11,16,30,12,low_stock
OUT091,,Waypoint Style,Kandy,Kandy,street,normal,,09:00,17:00,WAY-160,Women,Women's T-Shirt V6,pcs,14,3,11,22,20,16,low_stock
OUT091,,Waypoint Style,Kandy,Kandy,street,normal,,09:00,17:00,WAY-161,Women,Women's Blouse V6,pcs,22,4,18,18,0,9,in_stock
OUT091,,Waypoint Style,Kandy,Kandy,street,normal,,09:00,17:00,WAY-162,Women,Women's Dress V6,pcs,5,1,4,18,0,16,low_stock
OUT091,,Waypoint Style,Kandy,Kandy,street,normal,,09:00,17:00,WAY-163,Women,Women's Jeans V6,pcs,27,1,26,4,5,11,in_stock
OUT091,,Waypoint Style,Kandy,Kandy,street,normal,,09:00,17:00,WAY-164,Women,Women's Trousers V6,pcs,31,6,25,18,10,9,in_stock
OUT091,,Waypoint Style,Kandy,Kandy,street,normal,,09:00,17:00,WAY-165,Women,Women's Skirt V6,pcs,44,8,36,3,0,17,in_stock
OUT091,,Waypoint Style,Kandy,Kandy,street,normal,,09:00,17:00,WAY-166,Women,Women's Hoodie V6,pcs,11,7,4,12,0,16,low_stock
OUT091,,Waypoint Style,Kandy,Kandy,street,normal,,09:00,17:00,WAY-167,Women,Women's Jacket V6,pcs,35,7,28,4,0,13,in_stock
OUT091,,Waypoint Style,Kandy,Kandy,street,normal,,09:00,17:00,WAY-168,Kids,Kids T-Shirt V6,pcs,21,0,21,22,30,15,in_stock
OUT091,,Waypoint Style,Kandy,Kandy,street,normal,,09:00,17:00,WAY-169,Kids,Kids Jeans V6,pcs,20,6,14,13,20,11,in_stock
OUT091,,Waypoint Style,Kandy,Kandy,street,normal,,09:00,17:00,WAY-170,Kids,Kids Shorts V6,pcs,31,1,30,10,5,8,in_stock
OUT091,,Waypoint Style,Kandy,Kandy,street,normal,,09:00,17:00,WAY-171,Kids,Kids Dress V6,pcs,10,5,5,22,30,12,low_stock
OUT091,,Waypoint Style,Kandy,Kandy,street,normal,,09:00,17:00,WAY-172,Footwear,Men's Sneakers V6,pairs,10,3,7,18,5,11,low_stock
OUT091,,Waypoint Style,Kandy,Kandy,street,normal,,09:00,17:00,WAY-173,Footwear,Women's Sneakers V6,pairs,34,2,32,14,5,11,in_stock
OUT091,,Waypoint Style,Kandy,Kandy,street,normal,,09:00,17:00,WAY-174,Footwear,Men's Sandals V6,pairs,12,4,8,10,10,5,in_stock
OUT091,,Waypoint Style,Kandy,Kandy,street,normal,,09:00,17:00,WAY-175,Footwear,Women's Sandals V6,pairs,36,3,33,12,0,14,in_stock
OUT091,,Waypoint Style,Kandy,Kandy,street,normal,,09:00,17:00,WAY-176,Footwear,Kids' Shoes V6,pairs,10,2,8,9,0,10,low_stock
OUT091,,Waypoint Style,Kandy,Kandy,street,normal,,09:00,17:00,WAY-177,Accessories,Backpack V6,pcs,9,3,6,3,10,9,low_stock
OUT091,,Waypoint Style,Kandy,Kandy,street,normal,,09:00,17:00,WAY-178,Accessories,Wallet V6,pcs,21,0,21,3,10,5,in_stock
OUT091,,Waypoint Style,Kandy,Kandy,street,normal,,09:00,17:00,WAY-179,Accessories,Cap V6,pcs,16,0,16,13,20,13,in_stock
OUT091,,Waypoint Style,Kandy,Kandy,street,normal,,09:00,17:00,WAY-180,Accessories,Belt V6,pcs,45,8,37,15,5,13,in_stock
OUT091,,Waypoint Style,Kandy,Kandy,street,normal,,09:00,17:00,WAY-181,Men,Men's T-Shirt V7,pcs,39,1,38,19,30,18,in_stock
OUT091,,Waypoint Style,Kandy,Kandy,street,normal,,09:00,17:00,WAY-182,Men,Men's Polo Shirt V7,pcs,21,5,16,20,20,12,in_stock
OUT091,,Waypoint Style,Kandy,Kandy,street,normal,,09:00,17:00,WAY-183,Men,Men's Casual Shirt V7,pcs,17,3,14,18,30,16,low_stock
OUT091,,Waypoint Style,Kandy,Kandy,street,normal,,09:00,17:00,WAY-184,Men,Men's Formal Shirt V7,pcs,39,2,37,18,20,8,in_stock
OUT091,,Waypoint Style,Kandy,Kandy,street,normal,,09:00,17:00,WAY-185,Men,Men's Jeans V7,pcs,26,6,20,16,20,15,in_stock
OUT091,,Waypoint Style,Kandy,Kandy,street,normal,,09:00,17:00,WAY-186,Men,Men's Chino V7,pcs,36,0,36,14,30,9,in_stock
OUT091,,Waypoint Style,Kandy,Kandy,street,normal,,09:00,17:00,WAY-187,Men,Men's Shorts V7,pcs,12,4,8,20,0,14,low_stock
OUT091,,Waypoint Style,Kandy,Kandy,street,normal,,09:00,17:00,WAY-188,Men,Men's Hoodie V7,pcs,11,5,6,14,0,6,low_stock
OUT091,,Waypoint Style,Kandy,Kandy,street,normal,,09:00,17:00,WAY-189,Men,Men's Jacket V7,pcs,39,3,36,14,0,8,in_stock
OUT091,,Waypoint Style,Kandy,Kandy,street,normal,,09:00,17:00,WAY-190,Women,Women's T-Shirt V7,pcs,27,0,27,8,30,8,in_stock
OUT091,,Waypoint Style,Kandy,Kandy,street,normal,,09:00,17:00,WAY-191,Women,Women's Blouse V7,pcs,28,1,27,18,10,5,in_stock
OUT091,,Waypoint Style,Kandy,Kandy,street,normal,,09:00,17:00,WAY-192,Women,Women's Dress V7,pcs,44,6,38,3,30,6,in_stock
OUT091,,Waypoint Style,Kandy,Kandy,street,normal,,09:00,17:00,WAY-193,Women,Women's Jeans V7,pcs,18,5,13,20,10,17,low_stock
OUT091,,Waypoint Style,Kandy,Kandy,street,normal,,09:00,17:00,WAY-194,Women,Women's Trousers V7,pcs,41,0,41,3,30,6,in_stock
OUT091,,Waypoint Style,Kandy,Kandy,street,normal,,09:00,17:00,WAY-195,Women,Women's Skirt V7,pcs,4,4,0,7,20,13,out_of_stock
OUT091,,Waypoint Style,Kandy,Kandy,street,normal,,09:00,17:00,WAY-196,Women,Women's Hoodie V7,pcs,26,3,23,4,30,8,in_stock
OUT091,,Waypoint Style,Kandy,Kandy,street,normal,,09:00,17:00,WAY-197,Women,Women's Jacket V7,pcs,31,6,25,13,30,6,in_stock
OUT091,,Waypoint Style,Kandy,Kandy,street,normal,,09:00,17:00,WAY-198,Kids,Kids T-Shirt V7,pcs,16,3,13,19,10,17,low_stock
OUT091,,Waypoint Style,Kandy,Kandy,street,normal,,09:00,17:00,WAY-199,Kids,Kids Jeans V7,pcs,12,0,12,1,20,13,low_stock
OUT091,,Waypoint Style,Kandy,Kandy,street,normal,,09:00,17:00,WAY-200,Kids,Kids Shorts V7,pcs,11,0,11,19,10,18,low_stock
OUT092,,Waypoint Style,Kandy,Kandy,street,normal,,09:00,17:00,WAY-001,Men,Men's T-Shirt,pcs,22,0,22,14,5,13,in_stock
OUT092,,Waypoint Style,Kandy,Kandy,street,normal,,09:00,17:00,WAY-002,Men,Men's Polo Shirt,pcs,10,7,3,16,20,16,low_stock
OUT092,,Waypoint Style,Kandy,Kandy,street,normal,,09:00,17:00,WAY-003,Men,Men's Casual Shirt,pcs,10,8,2,13,0,8,low_stock
OUT092,,Waypoint Style,Kandy,Kandy,street,normal,,09:00,17:00,WAY-004,Men,Men's Formal Shirt,pcs,42,6,36,1,20,9,in_stock
OUT092,,Waypoint Style,Kandy,Kandy,street,normal,,09:00,17:00,WAY-005,Men,Men's Jeans,pcs,4,4,0,10,0,15,out_of_stock
OUT092,,Waypoint Style,Kandy,Kandy,street,normal,,09:00,17:00,WAY-006,Men,Men's Chino,pcs,42,0,42,15,30,8,in_stock
OUT092,,Waypoint Style,Kandy,Kandy,street,normal,,09:00,17:00,WAY-007,Men,Men's Shorts,pcs,22,8,14,9,0,11,in_stock
OUT092,,Waypoint Style,Kandy,Kandy,street,normal,,09:00,17:00,WAY-008,Men,Men's Hoodie,pcs,4,0,4,9,10,16,low_stock
OUT092,,Waypoint Style,Kandy,Kandy,street,normal,,09:00,17:00,WAY-009,Men,Men's Jacket,pcs,45,7,38,15,10,16,in_stock
OUT092,,Waypoint Style,Kandy,Kandy,street,normal,,09:00,17:00,WAY-010,Women,Women's T-Shirt,pcs,12,7,5,3,0,6,low_stock
OUT092,,Waypoint Style,Kandy,Kandy,street,normal,,09:00,17:00,WAY-011,Women,Women's Blouse,pcs,24,8,16,21,0,7,in_stock
OUT092,,Waypoint Style,Kandy,Kandy,street,normal,,09:00,17:00,WAY-012,Women,Women's Dress,pcs,17,0,17,10,30,10,in_stock
OUT092,,Waypoint Style,Kandy,Kandy,street,normal,,09:00,17:00,WAY-013,Women,Women's Jeans,pcs,40,1,39,1,20,10,in_stock
OUT092,,Waypoint Style,Kandy,Kandy,street,normal,,09:00,17:00,WAY-014,Women,Women's Trousers,pcs,19,2,17,2,10,5,in_stock
OUT092,,Waypoint Style,Kandy,Kandy,street,normal,,09:00,17:00,WAY-015,Women,Women's Skirt,pcs,9,4,5,3,30,15,low_stock
OUT092,,Waypoint Style,Kandy,Kandy,street,normal,,09:00,17:00,WAY-016,Women,Women's Hoodie,pcs,23,8,15,16,5,8,in_stock
OUT092,,Waypoint Style,Kandy,Kandy,street,normal,,09:00,17:00,WAY-017,Women,Women's Jacket,pcs,28,6,22,12,30,11,in_stock
OUT092,,Waypoint Style,Kandy,Kandy,street,normal,,09:00,17:00,WAY-018,Kids,Kids T-Shirt,pcs,40,1,39,12,0,16,in_stock
OUT092,,Waypoint Style,Kandy,Kandy,street,normal,,09:00,17:00,WAY-019,Kids,Kids Jeans,pcs,36,4,32,5,5,15,in_stock
OUT092,,Waypoint Style,Kandy,Kandy,street,normal,,09:00,17:00,WAY-020,Kids,Kids Shorts,pcs,21,7,14,18,0,15,low_stock
OUT092,,Waypoint Style,Kandy,Kandy,street,normal,,09:00,17:00,WAY-021,Kids,Kids Dress,pcs,29,3,26,16,5,17,in_stock
OUT092,,Waypoint Style,Kandy,Kandy,street,normal,,09:00,17:00,WAY-022,Footwear,Men's Sneakers,pairs,22,2,20,11,0,14,in_stock
OUT092,,Waypoint Style,Kandy,Kandy,street,normal,,09:00,17:00,WAY-023,Footwear,Women's Sneakers,pairs,19,2,17,15,10,5,in_stock
OUT092,,Waypoint Style,Kandy,Kandy,street,normal,,09:00,17:00,WAY-024,Footwear,Men's Sandals,pairs,4,0,4,9,5,9,low_stock
OUT092,,Waypoint Style,Kandy,Kandy,street,normal,,09:00,17:00,WAY-025,Footwear,Women's Sandals,pairs,8,6,2,22,0,10,low_stock
OUT092,,Waypoint Style,Kandy,Kandy,street,normal,,09:00,17:00,WAY-026,Footwear,Kids' Shoes,pairs,17,4,13,6,0,16,low_stock
OUT092,,Waypoint Style,Kandy,Kandy,street,normal,,09:00,17:00,WAY-027,Accessories,Backpack,pcs,18,4,14,5,5,12,in_stock
OUT092,,Waypoint Style,Kandy,Kandy,street,normal,,09:00,17:00,WAY-028,Accessories,Wallet,pcs,40,4,36,4,0,6,in_stock
OUT092,,Waypoint Style,Kandy,Kandy,street,normal,,09:00,17:00,WAY-029,Accessories,Cap,pcs,19,4,15,1,0,6,in_stock
OUT092,,Waypoint Style,Kandy,Kandy,street,normal,,09:00,17:00,WAY-030,Accessories,Belt,pcs,40,0,40,9,20,14,in_stock
OUT092,,Waypoint Style,Kandy,Kandy,street,normal,,09:00,17:00,WAY-031,Men,Men's T-Shirt V2,pcs,27,5,22,10,20,14,in_stock
OUT092,,Waypoint Style,Kandy,Kandy,street,normal,,09:00,17:00,WAY-032,Men,Men's Polo Shirt V2,pcs,6,0,6,8,0,14,low_stock
OUT092,,Waypoint Style,Kandy,Kandy,street,normal,,09:00,17:00,WAY-033,Men,Men's Casual Shirt V2,pcs,20,7,13,19,0,5,in_stock
OUT092,,Waypoint Style,Kandy,Kandy,street,normal,,09:00,17:00,WAY-034,Men,Men's Formal Shirt V2,pcs,7,3,4,13,0,8,low_stock
OUT092,,Waypoint Style,Kandy,Kandy,street,normal,,09:00,17:00,WAY-035,Men,Men's Jeans V2,pcs,37,2,35,18,30,6,in_stock
OUT092,,Waypoint Style,Kandy,Kandy,street,normal,,09:00,17:00,WAY-036,Men,Men's Chino V2,pcs,21,6,15,14,20,12,in_stock
OUT092,,Waypoint Style,Kandy,Kandy,street,normal,,09:00,17:00,WAY-037,Men,Men's Shorts V2,pcs,18,0,18,17,10,6,in_stock
OUT092,,Waypoint Style,Kandy,Kandy,street,normal,,09:00,17:00,WAY-038,Men,Men's Hoodie V2,pcs,31,5,26,11,20,12,in_stock
OUT092,,Waypoint Style,Kandy,Kandy,street,normal,,09:00,17:00,WAY-039,Men,Men's Jacket V2,pcs,5,3,2,9,0,10,low_stock
OUT092,,Waypoint Style,Kandy,Kandy,street,normal,,09:00,17:00,WAY-040,Women,Women's T-Shirt V2,pcs,28,5,23,4,30,10,in_stock
OUT092,,Waypoint Style,Kandy,Kandy,street,normal,,09:00,17:00,WAY-041,Women,Women's Blouse V2,pcs,10,5,5,8,5,9,low_stock
OUT092,,Waypoint Style,Kandy,Kandy,street,normal,,09:00,17:00,WAY-042,Women,Women's Dress V2,pcs,33,2,31,18,0,8,in_stock
OUT092,,Waypoint Style,Kandy,Kandy,street,normal,,09:00,17:00,WAY-043,Women,Women's Jeans V2,pcs,36,4,32,10,20,9,in_stock
OUT092,,Waypoint Style,Kandy,Kandy,street,normal,,09:00,17:00,WAY-044,Women,Women's Trousers V2,pcs,33,4,29,4,0,15,in_stock
OUT092,,Waypoint Style,Kandy,Kandy,street,normal,,09:00,17:00,WAY-045,Women,Women's Skirt V2,pcs,4,0,4,9,20,10,low_stock
OUT092,,Waypoint Style,Kandy,Kandy,street,normal,,09:00,17:00,WAY-046,Women,Women's Hoodie V2,pcs,8,5,3,8,10,6,low_stock
OUT092,,Waypoint Style,Kandy,Kandy,street,normal,,09:00,17:00,WAY-047,Women,Women's Jacket V2,pcs,14,1,13,3,0,13,low_stock
OUT092,,Waypoint Style,Kandy,Kandy,street,normal,,09:00,17:00,WAY-048,Kids,Kids T-Shirt V2,pcs,24,2,22,13,30,11,in_stock
OUT092,,Waypoint Style,Kandy,Kandy,street,normal,,09:00,17:00,WAY-049,Kids,Kids Jeans V2,pcs,44,7,37,5,20,11,in_stock
OUT092,,Waypoint Style,Kandy,Kandy,street,normal,,09:00,17:00,WAY-050,Kids,Kids Shorts V2,pcs,14,2,12,4,20,14,low_stock
OUT092,,Waypoint Style,Kandy,Kandy,street,normal,,09:00,17:00,WAY-051,Kids,Kids Dress V2,pcs,44,7,37,13,0,10,in_stock
OUT092,,Waypoint Style,Kandy,Kandy,street,normal,,09:00,17:00,WAY-052,Footwear,Men's Sneakers V2,pairs,16,1,15,10,5,8,in_stock
OUT092,,Waypoint Style,Kandy,Kandy,street,normal,,09:00,17:00,WAY-053,Footwear,Women's Sneakers V2,pairs,15,2,13,22,30,10,in_stock
OUT092,,Waypoint Style,Kandy,Kandy,street,normal,,09:00,17:00,WAY-054,Footwear,Men's Sandals V2,pairs,11,3,8,22,10,18,low_stock
OUT092,,Waypoint Style,Kandy,Kandy,street,normal,,09:00,17:00,WAY-055,Footwear,Women's Sandals V2,pairs,18,2,16,8,20,8,in_stock
OUT092,,Waypoint Style,Kandy,Kandy,street,normal,,09:00,17:00,WAY-056,Footwear,Kids' Shoes V2,pairs,27,2,25,9,10,14,in_stock
OUT092,,Waypoint Style,Kandy,Kandy,street,normal,,09:00,17:00,WAY-057,Accessories,Backpack V2,pcs,28,0,28,18,0,10,in_stock
OUT092,,Waypoint Style,Kandy,Kandy,street,normal,,09:00,17:00,WAY-058,Accessories,Wallet V2,pcs,10,1,9,22,5,7,in_stock
OUT092,,Waypoint Style,Kandy,Kandy,street,normal,,09:00,17:00,WAY-059,Accessories,Cap V2,pcs,8,0,8,20,30,5,in_stock
OUT092,,Waypoint Style,Kandy,Kandy,street,normal,,09:00,17:00,WAY-060,Accessories,Belt V2,pcs,21,4,17,17,10,17,low_stock
OUT092,,Waypoint Style,Kandy,Kandy,street,normal,,09:00,17:00,WAY-061,Men,Men's T-Shirt V3,pcs,24,8,16,14,0,10,in_stock
OUT092,,Waypoint Style,Kandy,Kandy,street,normal,,09:00,17:00,WAY-062,Men,Men's Polo Shirt V3,pcs,37,8,29,9,5,8,in_stock
OUT092,,Waypoint Style,Kandy,Kandy,street,normal,,09:00,17:00,WAY-063,Men,Men's Casual Shirt V3,pcs,9,6,3,12,30,12,low_stock
OUT092,,Waypoint Style,Kandy,Kandy,street,normal,,09:00,17:00,WAY-064,Men,Men's Formal Shirt V3,pcs,36,2,34,20,30,12,in_stock
OUT092,,Waypoint Style,Kandy,Kandy,street,normal,,09:00,17:00,WAY-065,Men,Men's Jeans V3,pcs,41,1,40,17,0,15,in_stock
OUT092,,Waypoint Style,Kandy,Kandy,street,normal,,09:00,17:00,WAY-066,Men,Men's Chino V3,pcs,44,7,37,6,0,6,in_stock
OUT092,,Waypoint Style,Kandy,Kandy,street,normal,,09:00,17:00,WAY-067,Men,Men's Shorts V3,pcs,41,1,40,22,5,17,in_stock
OUT092,,Waypoint Style,Kandy,Kandy,street,normal,,09:00,17:00,WAY-068,Men,Men's Hoodie V3,pcs,36,6,30,6,20,14,in_stock
OUT092,,Waypoint Style,Kandy,Kandy,street,normal,,09:00,17:00,WAY-069,Men,Men's Jacket V3,pcs,5,2,3,21,5,6,low_stock
OUT092,,Waypoint Style,Kandy,Kandy,street,normal,,09:00,17:00,WAY-070,Women,Women's T-Shirt V3,pcs,20,3,17,12,5,9,in_stock
OUT092,,Waypoint Style,Kandy,Kandy,street,normal,,09:00,17:00,WAY-071,Women,Women's Blouse V3,pcs,15,2,13,1,0,6,in_stock
OUT092,,Waypoint Style,Kandy,Kandy,street,normal,,09:00,17:00,WAY-072,Women,Women's Dress V3,pcs,42,6,36,18,20,15,in_stock
OUT092,,Waypoint Style,Kandy,Kandy,street,normal,,09:00,17:00,WAY-073,Women,Women's Jeans V3,pcs,26,8,18,11,0,5,in_stock
OUT092,,Waypoint Style,Kandy,Kandy,street,normal,,09:00,17:00,WAY-074,Women,Women's Trousers V3,pcs,45,8,37,9,10,5,in_stock
OUT092,,Waypoint Style,Kandy,Kandy,street,normal,,09:00,17:00,WAY-075,Women,Women's Skirt V3,pcs,7,1,6,20,10,8,low_stock
OUT092,,Waypoint Style,Kandy,Kandy,street,normal,,09:00,17:00,WAY-076,Women,Women's Hoodie V3,pcs,42,0,42,4,20,18,in_stock
OUT092,,Waypoint Style,Kandy,Kandy,street,normal,,09:00,17:00,WAY-077,Women,Women's Jacket V3,pcs,45,2,43,6,30,16,in_stock
OUT092,,Waypoint Style,Kandy,Kandy,street,normal,,09:00,17:00,WAY-078,Kids,Kids T-Shirt V3,pcs,10,2,8,18,20,6,in_stock
OUT092,,Waypoint Style,Kandy,Kandy,street,normal,,09:00,17:00,WAY-079,Kids,Kids Jeans V3,pcs,21,5,16,13,0,6,in_stock
OUT092,,Waypoint Style,Kandy,Kandy,street,normal,,09:00,17:00,WAY-080,Kids,Kids Shorts V3,pcs,28,2,26,18,10,15,in_stock
OUT092,,Waypoint Style,Kandy,Kandy,street,normal,,09:00,17:00,WAY-081,Kids,Kids Dress V3,pcs,23,8,15,9,0,7,in_stock
OUT092,,Waypoint Style,Kandy,Kandy,street,normal,,09:00,17:00,WAY-082,Footwear,Men's Sneakers V3,pairs,32,2,30,15,20,10,in_stock
OUT092,,Waypoint Style,Kandy,Kandy,street,normal,,09:00,17:00,WAY-083,Footwear,Women's Sneakers V3,pairs,29,3,26,5,5,10,in_stock
OUT092,,Waypoint Style,Kandy,Kandy,street,normal,,09:00,17:00,WAY-084,Footwear,Men's Sandals V3,pairs,16,3,13,4,30,7,in_stock
OUT092,,Waypoint Style,Kandy,Kandy,street,normal,,09:00,17:00,WAY-085,Footwear,Women's Sandals V3,pairs,35,2,33,20,5,12,in_stock
OUT092,,Waypoint Style,Kandy,Kandy,street,normal,,09:00,17:00,WAY-086,Footwear,Kids' Shoes V3,pairs,16,4,12,22,0,18,low_stock
OUT092,,Waypoint Style,Kandy,Kandy,street,normal,,09:00,17:00,WAY-087,Accessories,Backpack V3,pcs,37,3,34,18,0,16,in_stock
OUT092,,Waypoint Style,Kandy,Kandy,street,normal,,09:00,17:00,WAY-088,Accessories,Wallet V3,pcs,20,8,12,3,30,5,in_stock
OUT092,,Waypoint Style,Kandy,Kandy,street,normal,,09:00,17:00,WAY-089,Accessories,Cap V3,pcs,32,7,25,10,30,7,in_stock
OUT092,,Waypoint Style,Kandy,Kandy,street,normal,,09:00,17:00,WAY-090,Accessories,Belt V3,pcs,8,8,0,3,0,17,out_of_stock
OUT092,,Waypoint Style,Kandy,Kandy,street,normal,,09:00,17:00,WAY-091,Men,Men's T-Shirt V4,pcs,32,4,28,15,0,15,in_stock
OUT092,,Waypoint Style,Kandy,Kandy,street,normal,,09:00,17:00,WAY-092,Men,Men's Polo Shirt V4,pcs,39,1,38,16,10,15,in_stock
OUT092,,Waypoint Style,Kandy,Kandy,street,normal,,09:00,17:00,WAY-093,Men,Men's Casual Shirt V4,pcs,6,6,0,22,30,8,out_of_stock
OUT092,,Waypoint Style,Kandy,Kandy,street,normal,,09:00,17:00,WAY-094,Men,Men's Formal Shirt V4,pcs,44,8,36,3,0,14,in_stock
OUT092,,Waypoint Style,Kandy,Kandy,street,normal,,09:00,17:00,WAY-095,Men,Men's Jeans V4,pcs,45,4,41,5,5,17,in_stock
OUT092,,Waypoint Style,Kandy,Kandy,street,normal,,09:00,17:00,WAY-096,Men,Men's Chino V4,pcs,24,0,24,22,0,5,in_stock
OUT092,,Waypoint Style,Kandy,Kandy,street,normal,,09:00,17:00,WAY-097,Men,Men's Shorts V4,pcs,25,2,23,12,30,10,in_stock
OUT092,,Waypoint Style,Kandy,Kandy,street,normal,,09:00,17:00,WAY-098,Men,Men's Hoodie V4,pcs,14,8,6,13,0,18,low_stock
OUT092,,Waypoint Style,Kandy,Kandy,street,normal,,09:00,17:00,WAY-099,Men,Men's Jacket V4,pcs,31,6,25,20,5,13,in_stock
OUT092,,Waypoint Style,Kandy,Kandy,street,normal,,09:00,17:00,WAY-100,Women,Women's T-Shirt V4,pcs,32,0,32,17,0,7,in_stock
OUT092,,Waypoint Style,Kandy,Kandy,street,normal,,09:00,17:00,WAY-101,Women,Women's Blouse V4,pcs,21,7,14,17,0,5,in_stock
OUT092,,Waypoint Style,Kandy,Kandy,street,normal,,09:00,17:00,WAY-102,Women,Women's Dress V4,pcs,5,1,4,7,5,16,low_stock
OUT092,,Waypoint Style,Kandy,Kandy,street,normal,,09:00,17:00,WAY-103,Women,Women's Jeans V4,pcs,28,6,22,19,20,17,in_stock
OUT092,,Waypoint Style,Kandy,Kandy,street,normal,,09:00,17:00,WAY-104,Women,Women's Trousers V4,pcs,31,0,31,3,0,7,in_stock
OUT092,,Waypoint Style,Kandy,Kandy,street,normal,,09:00,17:00,WAY-105,Women,Women's Skirt V4,pcs,16,5,11,9,20,15,low_stock
OUT092,,Waypoint Style,Kandy,Kandy,street,normal,,09:00,17:00,WAY-106,Women,Women's Hoodie V4,pcs,11,3,8,13,20,8,low_stock
OUT092,,Waypoint Style,Kandy,Kandy,street,normal,,09:00,17:00,WAY-107,Women,Women's Jacket V4,pcs,11,5,6,20,20,15,low_stock
OUT092,,Waypoint Style,Kandy,Kandy,street,normal,,09:00,17:00,WAY-108,Kids,Kids T-Shirt V4,pcs,17,0,17,16,0,13,in_stock
OUT092,,Waypoint Style,Kandy,Kandy,street,normal,,09:00,17:00,WAY-109,Kids,Kids Jeans V4,pcs,9,6,3,5,30,16,low_stock
OUT092,,Waypoint Style,Kandy,Kandy,street,normal,,09:00,17:00,WAY-110,Kids,Kids Shorts V4,pcs,21,7,14,18,20,17,low_stock
OUT092,,Waypoint Style,Kandy,Kandy,street,normal,,09:00,17:00,WAY-111,Kids,Kids Dress V4,pcs,45,2,43,18,0,8,in_stock
OUT092,,Waypoint Style,Kandy,Kandy,street,normal,,09:00,17:00,WAY-112,Footwear,Men's Sneakers V4,pairs,6,6,0,1,0,11,out_of_stock
OUT092,,Waypoint Style,Kandy,Kandy,street,normal,,09:00,17:00,WAY-113,Footwear,Women's Sneakers V4,pairs,45,1,44,1,20,13,in_stock
OUT092,,Waypoint Style,Kandy,Kandy,street,normal,,09:00,17:00,WAY-114,Footwear,Men's Sandals V4,pairs,37,3,34,12,20,13,in_stock
OUT092,,Waypoint Style,Kandy,Kandy,street,normal,,09:00,17:00,WAY-115,Footwear,Women's Sandals V4,pairs,18,5,13,17,0,12,in_stock
OUT092,,Waypoint Style,Kandy,Kandy,street,normal,,09:00,17:00,WAY-116,Footwear,Kids' Shoes V4,pairs,10,2,8,5,0,18,low_stock
OUT092,,Waypoint Style,Kandy,Kandy,street,normal,,09:00,17:00,WAY-117,Accessories,Backpack V4,pcs,36,7,29,5,0,5,in_stock
OUT092,,Waypoint Style,Kandy,Kandy,street,normal,,09:00,17:00,WAY-118,Accessories,Wallet V4,pcs,42,5,37,17,5,18,in_stock
OUT092,,Waypoint Style,Kandy,Kandy,street,normal,,09:00,17:00,WAY-119,Accessories,Cap V4,pcs,29,3,26,18,0,6,in_stock
OUT092,,Waypoint Style,Kandy,Kandy,street,normal,,09:00,17:00,WAY-120,Accessories,Belt V4,pcs,27,3,24,7,0,10,in_stock
OUT092,,Waypoint Style,Kandy,Kandy,street,normal,,09:00,17:00,WAY-121,Men,Men's T-Shirt V5,pcs,32,4,28,4,30,13,in_stock
OUT092,,Waypoint Style,Kandy,Kandy,street,normal,,09:00,17:00,WAY-122,Men,Men's Polo Shirt V5,pcs,26,0,26,1,20,17,in_stock
OUT092,,Waypoint Style,Kandy,Kandy,street,normal,,09:00,17:00,WAY-123,Men,Men's Casual Shirt V5,pcs,26,0,26,19,20,14,in_stock
OUT092,,Waypoint Style,Kandy,Kandy,street,normal,,09:00,17:00,WAY-124,Men,Men's Formal Shirt V5,pcs,22,3,19,4,20,14,in_stock
OUT092,,Waypoint Style,Kandy,Kandy,street,normal,,09:00,17:00,WAY-125,Men,Men's Jeans V5,pcs,19,7,12,10,20,9,in_stock
OUT092,,Waypoint Style,Kandy,Kandy,street,normal,,09:00,17:00,WAY-126,Men,Men's Chino V5,pcs,9,3,6,20,30,6,low_stock
OUT092,,Waypoint Style,Kandy,Kandy,street,normal,,09:00,17:00,WAY-127,Men,Men's Shorts V5,pcs,24,8,16,12,0,11,in_stock
OUT092,,Waypoint Style,Kandy,Kandy,street,normal,,09:00,17:00,WAY-128,Men,Men's Hoodie V5,pcs,24,8,16,18,0,15,in_stock
OUT092,,Waypoint Style,Kandy,Kandy,street,normal,,09:00,17:00,WAY-129,Men,Men's Jacket V5,pcs,11,1,10,6,10,15,low_stock
OUT092,,Waypoint Style,Kandy,Kandy,street,normal,,09:00,17:00,WAY-130,Women,Women's T-Shirt V5,pcs,19,5,14,13,20,13,in_stock
OUT092,,Waypoint Style,Kandy,Kandy,street,normal,,09:00,17:00,WAY-131,Women,Women's Blouse V5,pcs,42,4,38,9,10,16,in_stock
OUT092,,Waypoint Style,Kandy,Kandy,street,normal,,09:00,17:00,WAY-132,Women,Women's Dress V5,pcs,21,7,14,8,5,13,in_stock
OUT092,,Waypoint Style,Kandy,Kandy,street,normal,,09:00,17:00,WAY-133,Women,Women's Jeans V5,pcs,21,1,20,8,10,8,in_stock
OUT092,,Waypoint Style,Kandy,Kandy,street,normal,,09:00,17:00,WAY-134,Women,Women's Trousers V5,pcs,36,8,28,16,10,15,in_stock
OUT092,,Waypoint Style,Kandy,Kandy,street,normal,,09:00,17:00,WAY-135,Women,Women's Skirt V5,pcs,26,5,21,22,5,13,in_stock
OUT092,,Waypoint Style,Kandy,Kandy,street,normal,,09:00,17:00,WAY-136,Women,Women's Hoodie V5,pcs,26,3,23,16,20,5,in_stock
OUT092,,Waypoint Style,Kandy,Kandy,street,normal,,09:00,17:00,WAY-137,Women,Women's Jacket V5,pcs,44,5,39,8,20,5,in_stock
OUT092,,Waypoint Style,Kandy,Kandy,street,normal,,09:00,17:00,WAY-138,Kids,Kids T-Shirt V5,pcs,38,5,33,9,0,12,in_stock
OUT092,,Waypoint Style,Kandy,Kandy,street,normal,,09:00,17:00,WAY-139,Kids,Kids Jeans V5,pcs,18,5,13,15,0,17,low_stock
OUT092,,Waypoint Style,Kandy,Kandy,street,normal,,09:00,17:00,WAY-140,Kids,Kids Shorts V5,pcs,40,1,39,13,20,13,in_stock
OUT092,,Waypoint Style,Kandy,Kandy,street,normal,,09:00,17:00,WAY-141,Kids,Kids Dress V5,pcs,35,6,29,14,20,12,in_stock
OUT092,,Waypoint Style,Kandy,Kandy,street,normal,,09:00,17:00,WAY-142,Footwear,Men's Sneakers V5,pairs,22,7,15,10,20,15,low_stock
OUT092,,Waypoint Style,Kandy,Kandy,street,normal,,09:00,17:00,WAY-143,Footwear,Women's Sneakers V5,pairs,13,6,7,8,5,15,low_stock
OUT092,,Waypoint Style,Kandy,Kandy,street,normal,,09:00,17:00,WAY-144,Footwear,Men's Sandals V5,pairs,4,3,1,5,20,11,low_stock
OUT092,,Waypoint Style,Kandy,Kandy,street,normal,,09:00,17:00,WAY-145,Footwear,Women's Sandals V5,pairs,33,4,29,2,20,18,in_stock
OUT092,,Waypoint Style,Kandy,Kandy,street,normal,,09:00,17:00,WAY-146,Footwear,Kids' Shoes V5,pairs,37,5,32,12,20,18,in_stock
OUT092,,Waypoint Style,Kandy,Kandy,street,normal,,09:00,17:00,WAY-147,Accessories,Backpack V5,pcs,5,5,0,11,5,10,out_of_stock
OUT092,,Waypoint Style,Kandy,Kandy,street,normal,,09:00,17:00,WAY-148,Accessories,Wallet V5,pcs,45,2,43,7,5,5,in_stock
OUT092,,Waypoint Style,Kandy,Kandy,street,normal,,09:00,17:00,WAY-149,Accessories,Cap V5,pcs,33,7,26,8,5,6,in_stock
OUT092,,Waypoint Style,Kandy,Kandy,street,normal,,09:00,17:00,WAY-150,Accessories,Belt V5,pcs,36,4,32,13,5,7,in_stock
OUT092,,Waypoint Style,Kandy,Kandy,street,normal,,09:00,17:00,WAY-151,Men,Men's T-Shirt V6,pcs,26,0,26,17,0,12,in_stock
OUT092,,Waypoint Style,Kandy,Kandy,street,normal,,09:00,17:00,WAY-152,Men,Men's Polo Shirt V6,pcs,14,0,14,5,30,10,in_stock
OUT092,,Waypoint Style,Kandy,Kandy,street,normal,,09:00,17:00,WAY-153,Men,Men's Casual Shirt V6,pcs,35,3,32,9,5,8,in_stock
OUT092,,Waypoint Style,Kandy,Kandy,street,normal,,09:00,17:00,WAY-154,Men,Men's Formal Shirt V6,pcs,31,1,30,5,30,12,in_stock
OUT092,,Waypoint Style,Kandy,Kandy,street,normal,,09:00,17:00,WAY-155,Men,Men's Jeans V6,pcs,30,8,22,14,20,5,in_stock
OUT092,,Waypoint Style,Kandy,Kandy,street,normal,,09:00,17:00,WAY-156,Men,Men's Chino V6,pcs,26,8,18,9,30,10,in_stock
OUT092,,Waypoint Style,Kandy,Kandy,street,normal,,09:00,17:00,WAY-157,Men,Men's Shorts V6,pcs,26,5,21,3,0,15,in_stock
OUT092,,Waypoint Style,Kandy,Kandy,street,normal,,09:00,17:00,WAY-158,Men,Men's Hoodie V6,pcs,20,7,13,10,20,18,low_stock
OUT092,,Waypoint Style,Kandy,Kandy,street,normal,,09:00,17:00,WAY-159,Men,Men's Jacket V6,pcs,38,1,37,18,0,16,in_stock
OUT092,,Waypoint Style,Kandy,Kandy,street,normal,,09:00,17:00,WAY-160,Women,Women's T-Shirt V6,pcs,10,6,4,17,10,16,low_stock
OUT092,,Waypoint Style,Kandy,Kandy,street,normal,,09:00,17:00,WAY-161,Women,Women's Blouse V6,pcs,15,2,13,15,5,11,in_stock
OUT092,,Waypoint Style,Kandy,Kandy,street,normal,,09:00,17:00,WAY-162,Women,Women's Dress V6,pcs,24,1,23,12,10,10,in_stock
OUT092,,Waypoint Style,Kandy,Kandy,street,normal,,09:00,17:00,WAY-163,Women,Women's Jeans V6,pcs,13,1,12,8,0,14,low_stock
OUT092,,Waypoint Style,Kandy,Kandy,street,normal,,09:00,17:00,WAY-164,Women,Women's Trousers V6,pcs,19,0,19,19,0,18,in_stock
OUT092,,Waypoint Style,Kandy,Kandy,street,normal,,09:00,17:00,WAY-165,Women,Women's Skirt V6,pcs,23,8,15,10,10,16,low_stock
OUT092,,Waypoint Style,Kandy,Kandy,street,normal,,09:00,17:00,WAY-166,Women,Women's Hoodie V6,pcs,15,2,13,13,5,6,in_stock
OUT092,,Waypoint Style,Kandy,Kandy,street,normal,,09:00,17:00,WAY-167,Women,Women's Jacket V6,pcs,15,7,8,16,20,18,low_stock
OUT092,,Waypoint Style,Kandy,Kandy,street,normal,,09:00,17:00,WAY-168,Kids,Kids T-Shirt V6,pcs,41,7,34,4,30,16,in_stock
OUT092,,Waypoint Style,Kandy,Kandy,street,normal,,09:00,17:00,WAY-169,Kids,Kids Jeans V6,pcs,18,8,10,15,0,11,low_stock
OUT092,,Waypoint Style,Kandy,Kandy,street,normal,,09:00,17:00,WAY-170,Kids,Kids Shorts V6,pcs,39,0,39,21,20,5,in_stock
OUT092,,Waypoint Style,Kandy,Kandy,street,normal,,09:00,17:00,WAY-171,Kids,Kids Dress V6,pcs,5,0,5,9,20,14,low_stock
OUT092,,Waypoint Style,Kandy,Kandy,street,normal,,09:00,17:00,WAY-172,Footwear,Men's Sneakers V6,pairs,31,2,29,17,5,13,in_stock
OUT092,,Waypoint Style,Kandy,Kandy,street,normal,,09:00,17:00,WAY-173,Footwear,Women's Sneakers V6,pairs,22,8,14,18,20,13,in_stock
OUT092,,Waypoint Style,Kandy,Kandy,street,normal,,09:00,17:00,WAY-174,Footwear,Men's Sandals V6,pairs,35,4,31,8,0,17,in_stock
OUT092,,Waypoint Style,Kandy,Kandy,street,normal,,09:00,17:00,WAY-175,Footwear,Women's Sandals V6,pairs,36,0,36,21,0,9,in_stock
OUT092,,Waypoint Style,Kandy,Kandy,street,normal,,09:00,17:00,WAY-176,Footwear,Kids' Shoes V6,pairs,6,4,2,14,20,5,low_stock
OUT092,,Waypoint Style,Kandy,Kandy,street,normal,,09:00,17:00,WAY-177,Accessories,Backpack V6,pcs,17,8,9,18,5,14,low_stock
OUT092,,Waypoint Style,Kandy,Kandy,street,normal,,09:00,17:00,WAY-178,Accessories,Wallet V6,pcs,5,0,5,22,10,5,low_stock
OUT092,,Waypoint Style,Kandy,Kandy,street,normal,,09:00,17:00,WAY-179,Accessories,Cap V6,pcs,19,2,17,18,20,11,in_stock
OUT092,,Waypoint Style,Kandy,Kandy,street,normal,,09:00,17:00,WAY-180,Accessories,Belt V6,pcs,21,8,13,11,10,18,low_stock
OUT092,,Waypoint Style,Kandy,Kandy,street,normal,,09:00,17:00,WAY-181,Men,Men's T-Shirt V7,pcs,42,7,35,20,30,8,in_stock
OUT092,,Waypoint Style,Kandy,Kandy,street,normal,,09:00,17:00,WAY-182,Men,Men's Polo Shirt V7,pcs,22,6,16,8,5,8,in_stock
OUT092,,Waypoint Style,Kandy,Kandy,street,normal,,09:00,17:00,WAY-183,Men,Men's Casual Shirt V7,pcs,45,1,44,6,0,10,in_stock
OUT092,,Waypoint Style,Kandy,Kandy,street,normal,,09:00,17:00,WAY-184,Men,Men's Formal Shirt V7,pcs,14,2,12,8,0,18,low_stock
OUT092,,Waypoint Style,Kandy,Kandy,street,normal,,09:00,17:00,WAY-185,Men,Men's Jeans V7,pcs,45,7,38,5,20,12,in_stock
OUT092,,Waypoint Style,Kandy,Kandy,street,normal,,09:00,17:00,WAY-186,Men,Men's Chino V7,pcs,42,1,41,3,10,16,in_stock
OUT092,,Waypoint Style,Kandy,Kandy,street,normal,,09:00,17:00,WAY-187,Men,Men's Shorts V7,pcs,44,0,44,5,0,5,in_stock
OUT092,,Waypoint Style,Kandy,Kandy,street,normal,,09:00,17:00,WAY-188,Men,Men's Hoodie V7,pcs,10,2,8,16,5,7,in_stock
OUT092,,Waypoint Style,Kandy,Kandy,street,normal,,09:00,17:00,WAY-189,Men,Men's Jacket V7,pcs,4,4,0,20,30,17,out_of_stock
OUT092,,Waypoint Style,Kandy,Kandy,street,normal,,09:00,17:00,WAY-190,Women,Women's T-Shirt V7,pcs,33,1,32,17,0,7,in_stock
OUT092,,Waypoint Style,Kandy,Kandy,street,normal,,09:00,17:00,WAY-191,Women,Women's Blouse V7,pcs,31,0,31,17,10,17,in_stock
OUT092,,Waypoint Style,Kandy,Kandy,street,normal,,09:00,17:00,WAY-192,Women,Women's Dress V7,pcs,29,0,29,22,10,10,in_stock
OUT092,,Waypoint Style,Kandy,Kandy,street,normal,,09:00,17:00,WAY-193,Women,Women's Jeans V7,pcs,8,3,5,18,10,14,low_stock
OUT092,,Waypoint Style,Kandy,Kandy,street,normal,,09:00,17:00,WAY-194,Women,Women's Trousers V7,pcs,22,0,22,17,30,14,in_stock
OUT092,,Waypoint Style,Kandy,Kandy,street,normal,,09:00,17:00,WAY-195,Women,Women's Skirt V7,pcs,37,6,31,18,30,7,in_stock
OUT092,,Waypoint Style,Kandy,Kandy,street,normal,,09:00,17:00,WAY-196,Women,Women's Hoodie V7,pcs,23,6,17,9,10,12,in_stock
OUT092,,Waypoint Style,Kandy,Kandy,street,normal,,09:00,17:00,WAY-197,Women,Women's Jacket V7,pcs,15,1,14,7,5,6,in_stock
OUT092,,Waypoint Style,Kandy,Kandy,street,normal,,09:00,17:00,WAY-198,Kids,Kids T-Shirt V7,pcs,12,7,5,4,0,9,low_stock
OUT092,,Waypoint Style,Kandy,Kandy,street,normal,,09:00,17:00,WAY-199,Kids,Kids Jeans V7,pcs,8,2,6,18,30,14,low_stock
OUT092,,Waypoint Style,Kandy,Kandy,street,normal,,09:00,17:00,WAY-200,Kids,Kids Shorts V7,pcs,23,0,23,8,5,15,in_stock
OUT102,,Waypoint Style,Matale,Kandy,street,normal,,09:00,17:00,WAY-001,Men,Men's T-Shirt,pcs,10,5,5,3,20,9,low_stock
OUT102,,Waypoint Style,Matale,Kandy,street,normal,,09:00,17:00,WAY-002,Men,Men's Polo Shirt,pcs,26,8,18,20,30,8,in_stock
OUT102,,Waypoint Style,Matale,Kandy,street,normal,,09:00,17:00,WAY-003,Men,Men's Casual Shirt,pcs,17,0,17,12,5,11,in_stock
OUT102,,Waypoint Style,Matale,Kandy,street,normal,,09:00,17:00,WAY-004,Men,Men's Formal Shirt,pcs,31,1,30,3,20,6,in_stock
OUT102,,Waypoint Style,Matale,Kandy,street,normal,,09:00,17:00,WAY-005,Men,Men's Jeans,pcs,45,5,40,9,0,12,in_stock
OUT102,,Waypoint Style,Matale,Kandy,street,normal,,09:00,17:00,WAY-006,Men,Men's Chino,pcs,19,0,19,19,0,12,in_stock
OUT102,,Waypoint Style,Matale,Kandy,street,normal,,09:00,17:00,WAY-007,Men,Men's Shorts,pcs,19,5,14,9,20,5,in_stock
OUT102,,Waypoint Style,Matale,Kandy,street,normal,,09:00,17:00,WAY-008,Men,Men's Hoodie,pcs,6,6,0,16,0,13,out_of_stock
OUT102,,Waypoint Style,Matale,Kandy,street,normal,,09:00,17:00,WAY-009,Men,Men's Jacket,pcs,7,6,1,5,30,13,low_stock
OUT102,,Waypoint Style,Matale,Kandy,street,normal,,09:00,17:00,WAY-010,Women,Women's T-Shirt,pcs,22,2,20,12,20,9,in_stock
OUT102,,Waypoint Style,Matale,Kandy,street,normal,,09:00,17:00,WAY-011,Women,Women's Blouse,pcs,20,8,12,1,5,5,in_stock
OUT102,,Waypoint Style,Matale,Kandy,street,normal,,09:00,17:00,WAY-012,Women,Women's Dress,pcs,11,5,6,17,0,11,low_stock
OUT102,,Waypoint Style,Matale,Kandy,street,normal,,09:00,17:00,WAY-013,Women,Women's Jeans,pcs,41,2,39,12,10,18,in_stock
OUT102,,Waypoint Style,Matale,Kandy,street,normal,,09:00,17:00,WAY-014,Women,Women's Trousers,pcs,27,7,20,11,10,6,in_stock
OUT102,,Waypoint Style,Matale,Kandy,street,normal,,09:00,17:00,WAY-015,Women,Women's Skirt,pcs,18,7,11,18,5,18,low_stock
OUT102,,Waypoint Style,Matale,Kandy,street,normal,,09:00,17:00,WAY-016,Women,Women's Hoodie,pcs,9,7,2,15,20,6,low_stock
OUT102,,Waypoint Style,Matale,Kandy,street,normal,,09:00,17:00,WAY-017,Women,Women's Jacket,pcs,5,4,1,5,20,7,low_stock
OUT102,,Waypoint Style,Matale,Kandy,street,normal,,09:00,17:00,WAY-018,Kids,Kids T-Shirt,pcs,8,8,0,15,5,5,out_of_stock
OUT102,,Waypoint Style,Matale,Kandy,street,normal,,09:00,17:00,WAY-019,Kids,Kids Jeans,pcs,28,7,21,20,5,9,in_stock
OUT102,,Waypoint Style,Matale,Kandy,street,normal,,09:00,17:00,WAY-020,Kids,Kids Shorts,pcs,45,0,45,9,10,8,in_stock
OUT102,,Waypoint Style,Matale,Kandy,street,normal,,09:00,17:00,WAY-021,Kids,Kids Dress,pcs,45,2,43,7,10,14,in_stock
OUT102,,Waypoint Style,Matale,Kandy,street,normal,,09:00,17:00,WAY-022,Footwear,Men's Sneakers,pairs,22,6,16,15,30,6,in_stock
OUT102,,Waypoint Style,Matale,Kandy,street,normal,,09:00,17:00,WAY-023,Footwear,Women's Sneakers,pairs,23,1,22,2,5,8,in_stock
OUT102,,Waypoint Style,Matale,Kandy,street,normal,,09:00,17:00,WAY-024,Footwear,Men's Sandals,pairs,11,8,3,11,30,18,low_stock
OUT102,,Waypoint Style,Matale,Kandy,street,normal,,09:00,17:00,WAY-025,Footwear,Women's Sandals,pairs,8,0,8,15,0,10,low_stock
OUT102,,Waypoint Style,Matale,Kandy,street,normal,,09:00,17:00,WAY-026,Footwear,Kids' Shoes,pairs,21,8,13,20,10,9,in_stock
OUT102,,Waypoint Style,Matale,Kandy,street,normal,,09:00,17:00,WAY-027,Accessories,Backpack,pcs,11,4,7,4,5,17,low_stock
OUT102,,Waypoint Style,Matale,Kandy,street,normal,,09:00,17:00,WAY-028,Accessories,Wallet,pcs,33,2,31,22,30,13,in_stock
OUT102,,Waypoint Style,Matale,Kandy,street,normal,,09:00,17:00,WAY-029,Accessories,Cap,pcs,22,0,22,14,0,9,in_stock
OUT102,,Waypoint Style,Matale,Kandy,street,normal,,09:00,17:00,WAY-030,Accessories,Belt,pcs,33,8,25,1,20,10,in_stock
OUT102,,Waypoint Style,Matale,Kandy,street,normal,,09:00,17:00,WAY-031,Men,Men's T-Shirt V2,pcs,6,4,2,2,30,6,low_stock
OUT102,,Waypoint Style,Matale,Kandy,street,normal,,09:00,17:00,WAY-032,Men,Men's Polo Shirt V2,pcs,9,1,8,6,30,11,low_stock
OUT102,,Waypoint Style,Matale,Kandy,street,normal,,09:00,17:00,WAY-033,Men,Men's Casual Shirt V2,pcs,19,2,17,21,30,10,in_stock
OUT102,,Waypoint Style,Matale,Kandy,street,normal,,09:00,17:00,WAY-034,Men,Men's Formal Shirt V2,pcs,8,7,1,1,0,15,low_stock
OUT102,,Waypoint Style,Matale,Kandy,street,normal,,09:00,17:00,WAY-035,Men,Men's Jeans V2,pcs,26,6,20,8,30,11,in_stock
OUT102,,Waypoint Style,Matale,Kandy,street,normal,,09:00,17:00,WAY-036,Men,Men's Chino V2,pcs,32,8,24,4,30,12,in_stock
OUT102,,Waypoint Style,Matale,Kandy,street,normal,,09:00,17:00,WAY-037,Men,Men's Shorts V2,pcs,22,7,15,15,20,5,in_stock
OUT102,,Waypoint Style,Matale,Kandy,street,normal,,09:00,17:00,WAY-038,Men,Men's Hoodie V2,pcs,27,8,19,10,0,8,in_stock
OUT102,,Waypoint Style,Matale,Kandy,street,normal,,09:00,17:00,WAY-039,Men,Men's Jacket V2,pcs,33,0,33,18,20,7,in_stock
OUT102,,Waypoint Style,Matale,Kandy,street,normal,,09:00,17:00,WAY-040,Women,Women's T-Shirt V2,pcs,18,6,12,7,20,5,in_stock
OUT102,,Waypoint Style,Matale,Kandy,street,normal,,09:00,17:00,WAY-041,Women,Women's Blouse V2,pcs,6,3,3,9,30,9,low_stock
OUT102,,Waypoint Style,Matale,Kandy,street,normal,,09:00,17:00,WAY-042,Women,Women's Dress V2,pcs,11,1,10,4,5,15,low_stock
OUT102,,Waypoint Style,Matale,Kandy,street,normal,,09:00,17:00,WAY-043,Women,Women's Jeans V2,pcs,37,8,29,22,10,15,in_stock
OUT102,,Waypoint Style,Matale,Kandy,street,normal,,09:00,17:00,WAY-044,Women,Women's Trousers V2,pcs,32,6,26,14,10,17,in_stock
OUT102,,Waypoint Style,Matale,Kandy,street,normal,,09:00,17:00,WAY-045,Women,Women's Skirt V2,pcs,6,5,1,16,0,11,low_stock
OUT102,,Waypoint Style,Matale,Kandy,street,normal,,09:00,17:00,WAY-046,Women,Women's Hoodie V2,pcs,25,3,22,13,10,9,in_stock
OUT102,,Waypoint Style,Matale,Kandy,street,normal,,09:00,17:00,WAY-047,Women,Women's Jacket V2,pcs,19,8,11,8,20,8,in_stock
OUT102,,Waypoint Style,Matale,Kandy,street,normal,,09:00,17:00,WAY-048,Kids,Kids T-Shirt V2,pcs,33,4,29,9,20,16,in_stock
OUT102,,Waypoint Style,Matale,Kandy,street,normal,,09:00,17:00,WAY-049,Kids,Kids Jeans V2,pcs,27,6,21,21,0,12,in_stock
OUT102,,Waypoint Style,Matale,Kandy,street,normal,,09:00,17:00,WAY-050,Kids,Kids Shorts V2,pcs,5,2,3,9,0,15,low_stock
OUT102,,Waypoint Style,Matale,Kandy,street,normal,,09:00,17:00,WAY-051,Kids,Kids Dress V2,pcs,24,3,21,16,20,11,in_stock
OUT102,,Waypoint Style,Matale,Kandy,street,normal,,09:00,17:00,WAY-052,Footwear,Men's Sneakers V2,pairs,28,6,22,2,0,18,in_stock
OUT102,,Waypoint Style,Matale,Kandy,street,normal,,09:00,17:00,WAY-053,Footwear,Women's Sneakers V2,pairs,31,4,27,4,20,12,in_stock
OUT102,,Waypoint Style,Matale,Kandy,street,normal,,09:00,17:00,WAY-054,Footwear,Men's Sandals V2,pairs,24,1,23,8,20,15,in_stock
OUT102,,Waypoint Style,Matale,Kandy,street,normal,,09:00,17:00,WAY-055,Footwear,Women's Sandals V2,pairs,43,8,35,3,5,9,in_stock
OUT102,,Waypoint Style,Matale,Kandy,street,normal,,09:00,17:00,WAY-056,Footwear,Kids' Shoes V2,pairs,6,4,2,4,30,8,low_stock
OUT102,,Waypoint Style,Matale,Kandy,street,normal,,09:00,17:00,WAY-057,Accessories,Backpack V2,pcs,41,5,36,20,10,17,in_stock
OUT102,,Waypoint Style,Matale,Kandy,street,normal,,09:00,17:00,WAY-058,Accessories,Wallet V2,pcs,23,6,17,14,0,18,low_stock
OUT102,,Waypoint Style,Matale,Kandy,street,normal,,09:00,17:00,WAY-059,Accessories,Cap V2,pcs,24,1,23,17,30,6,in_stock
OUT102,,Waypoint Style,Matale,Kandy,street,normal,,09:00,17:00,WAY-060,Accessories,Belt V2,pcs,32,4,28,6,30,15,in_stock
OUT102,,Waypoint Style,Matale,Kandy,street,normal,,09:00,17:00,WAY-061,Men,Men's T-Shirt V3,pcs,43,4,39,3,30,16,in_stock
OUT102,,Waypoint Style,Matale,Kandy,street,normal,,09:00,17:00,WAY-062,Men,Men's Polo Shirt V3,pcs,40,7,33,10,30,17,in_stock
OUT102,,Waypoint Style,Matale,Kandy,street,normal,,09:00,17:00,WAY-063,Men,Men's Casual Shirt V3,pcs,13,4,9,21,20,18,low_stock
OUT102,,Waypoint Style,Matale,Kandy,street,normal,,09:00,17:00,WAY-064,Men,Men's Formal Shirt V3,pcs,29,5,24,18,20,5,in_stock
OUT102,,Waypoint Style,Matale,Kandy,street,normal,,09:00,17:00,WAY-065,Men,Men's Jeans V3,pcs,9,7,2,20,5,8,low_stock
OUT102,,Waypoint Style,Matale,Kandy,street,normal,,09:00,17:00,WAY-066,Men,Men's Chino V3,pcs,9,2,7,16,30,6,in_stock
OUT102,,Waypoint Style,Matale,Kandy,street,normal,,09:00,17:00,WAY-067,Men,Men's Shorts V3,pcs,39,8,31,18,5,16,in_stock
OUT102,,Waypoint Style,Matale,Kandy,street,normal,,09:00,17:00,WAY-068,Men,Men's Hoodie V3,pcs,35,8,27,12,20,14,in_stock
OUT102,,Waypoint Style,Matale,Kandy,street,normal,,09:00,17:00,WAY-069,Men,Men's Jacket V3,pcs,7,0,7,22,0,17,low_stock
OUT102,,Waypoint Style,Matale,Kandy,street,normal,,09:00,17:00,WAY-070,Women,Women's T-Shirt V3,pcs,22,0,22,2,0,17,in_stock
OUT102,,Waypoint Style,Matale,Kandy,street,normal,,09:00,17:00,WAY-071,Women,Women's Blouse V3,pcs,24,2,22,9,20,10,in_stock
OUT102,,Waypoint Style,Matale,Kandy,street,normal,,09:00,17:00,WAY-072,Women,Women's Dress V3,pcs,5,5,0,19,0,14,out_of_stock
OUT102,,Waypoint Style,Matale,Kandy,street,normal,,09:00,17:00,WAY-073,Women,Women's Jeans V3,pcs,44,3,41,22,5,8,in_stock
OUT102,,Waypoint Style,Matale,Kandy,street,normal,,09:00,17:00,WAY-074,Women,Women's Trousers V3,pcs,27,2,25,6,20,7,in_stock
OUT102,,Waypoint Style,Matale,Kandy,street,normal,,09:00,17:00,WAY-075,Women,Women's Skirt V3,pcs,4,3,1,12,20,11,low_stock
OUT102,,Waypoint Style,Matale,Kandy,street,normal,,09:00,17:00,WAY-076,Women,Women's Hoodie V3,pcs,5,5,0,9,20,10,out_of_stock
OUT102,,Waypoint Style,Matale,Kandy,street,normal,,09:00,17:00,WAY-077,Women,Women's Jacket V3,pcs,22,3,19,15,5,10,in_stock
OUT102,,Waypoint Style,Matale,Kandy,street,normal,,09:00,17:00,WAY-078,Kids,Kids T-Shirt V3,pcs,41,5,36,8,10,17,in_stock
OUT102,,Waypoint Style,Matale,Kandy,street,normal,,09:00,17:00,WAY-079,Kids,Kids Jeans V3,pcs,39,7,32,21,0,15,in_stock
OUT102,,Waypoint Style,Matale,Kandy,street,normal,,09:00,17:00,WAY-080,Kids,Kids Shorts V3,pcs,15,7,8,3,0,10,low_stock
OUT102,,Waypoint Style,Matale,Kandy,street,normal,,09:00,17:00,WAY-081,Kids,Kids Dress V3,pcs,38,1,37,1,20,10,in_stock
OUT102,,Waypoint Style,Matale,Kandy,street,normal,,09:00,17:00,WAY-082,Footwear,Men's Sneakers V3,pairs,41,7,34,20,0,5,in_stock
OUT102,,Waypoint Style,Matale,Kandy,street,normal,,09:00,17:00,WAY-083,Footwear,Women's Sneakers V3,pairs,23,2,21,12,30,8,in_stock
OUT102,,Waypoint Style,Matale,Kandy,street,normal,,09:00,17:00,WAY-084,Footwear,Men's Sandals V3,pairs,23,3,20,9,20,9,in_stock
OUT102,,Waypoint Style,Matale,Kandy,street,normal,,09:00,17:00,WAY-085,Footwear,Women's Sandals V3,pairs,37,7,30,20,0,16,in_stock
OUT102,,Waypoint Style,Matale,Kandy,street,normal,,09:00,17:00,WAY-086,Footwear,Kids' Shoes V3,pairs,6,1,5,21,20,11,low_stock
OUT102,,Waypoint Style,Matale,Kandy,street,normal,,09:00,17:00,WAY-087,Accessories,Backpack V3,pcs,41,5,36,18,20,6,in_stock
OUT102,,Waypoint Style,Matale,Kandy,street,normal,,09:00,17:00,WAY-088,Accessories,Wallet V3,pcs,6,3,3,19,20,15,low_stock
OUT102,,Waypoint Style,Matale,Kandy,street,normal,,09:00,17:00,WAY-089,Accessories,Cap V3,pcs,31,3,28,9,20,6,in_stock
OUT102,,Waypoint Style,Matale,Kandy,street,normal,,09:00,17:00,WAY-090,Accessories,Belt V3,pcs,24,4,20,6,30,11,in_stock
OUT102,,Waypoint Style,Matale,Kandy,street,normal,,09:00,17:00,WAY-091,Men,Men's T-Shirt V4,pcs,43,3,40,18,5,17,in_stock
OUT102,,Waypoint Style,Matale,Kandy,street,normal,,09:00,17:00,WAY-092,Men,Men's Polo Shirt V4,pcs,43,8,35,6,5,17,in_stock
OUT102,,Waypoint Style,Matale,Kandy,street,normal,,09:00,17:00,WAY-093,Men,Men's Casual Shirt V4,pcs,17,1,16,8,20,12,in_stock
OUT102,,Waypoint Style,Matale,Kandy,street,normal,,09:00,17:00,WAY-094,Men,Men's Formal Shirt V4,pcs,36,3,33,22,30,7,in_stock
OUT102,,Waypoint Style,Matale,Kandy,street,normal,,09:00,17:00,WAY-095,Men,Men's Jeans V4,pcs,32,8,24,19,0,18,in_stock
OUT102,,Waypoint Style,Matale,Kandy,street,normal,,09:00,17:00,WAY-096,Men,Men's Chino V4,pcs,29,1,28,21,30,18,in_stock
OUT102,,Waypoint Style,Matale,Kandy,street,normal,,09:00,17:00,WAY-097,Men,Men's Shorts V4,pcs,38,6,32,2,0,8,in_stock
OUT102,,Waypoint Style,Matale,Kandy,street,normal,,09:00,17:00,WAY-098,Men,Men's Hoodie V4,pcs,21,4,17,20,10,11,in_stock
OUT102,,Waypoint Style,Matale,Kandy,street,normal,,09:00,17:00,WAY-099,Men,Men's Jacket V4,pcs,27,4,23,10,5,6,in_stock
OUT102,,Waypoint Style,Matale,Kandy,street,normal,,09:00,17:00,WAY-100,Women,Women's T-Shirt V4,pcs,36,5,31,17,10,6,in_stock
OUT102,,Waypoint Style,Matale,Kandy,street,normal,,09:00,17:00,WAY-101,Women,Women's Blouse V4,pcs,9,2,7,22,10,12,low_stock
OUT102,,Waypoint Style,Matale,Kandy,street,normal,,09:00,17:00,WAY-102,Women,Women's Dress V4,pcs,18,7,11,22,0,5,in_stock
OUT102,,Waypoint Style,Matale,Kandy,street,normal,,09:00,17:00,WAY-103,Women,Women's Jeans V4,pcs,16,1,15,3,0,15,low_stock
OUT102,,Waypoint Style,Matale,Kandy,street,normal,,09:00,17:00,WAY-104,Women,Women's Trousers V4,pcs,22,7,15,21,30,7,in_stock
OUT102,,Waypoint Style,Matale,Kandy,street,normal,,09:00,17:00,WAY-105,Women,Women's Skirt V4,pcs,42,5,37,8,10,18,in_stock
OUT102,,Waypoint Style,Matale,Kandy,street,normal,,09:00,17:00,WAY-106,Women,Women's Hoodie V4,pcs,33,3,30,17,10,7,in_stock
OUT102,,Waypoint Style,Matale,Kandy,street,normal,,09:00,17:00,WAY-107,Women,Women's Jacket V4,pcs,14,1,13,18,0,11,in_stock
OUT102,,Waypoint Style,Matale,Kandy,street,normal,,09:00,17:00,WAY-108,Kids,Kids T-Shirt V4,pcs,16,7,9,9,5,10,low_stock
OUT102,,Waypoint Style,Matale,Kandy,street,normal,,09:00,17:00,WAY-109,Kids,Kids Jeans V4,pcs,29,2,27,3,0,7,in_stock
OUT102,,Waypoint Style,Matale,Kandy,street,normal,,09:00,17:00,WAY-110,Kids,Kids Shorts V4,pcs,35,4,31,16,0,5,in_stock
OUT102,,Waypoint Style,Matale,Kandy,street,normal,,09:00,17:00,WAY-111,Kids,Kids Dress V4,pcs,17,4,13,21,0,18,low_stock
OUT102,,Waypoint Style,Matale,Kandy,street,normal,,09:00,17:00,WAY-112,Footwear,Men's Sneakers V4,pairs,42,8,34,17,10,18,in_stock
OUT102,,Waypoint Style,Matale,Kandy,street,normal,,09:00,17:00,WAY-113,Footwear,Women's Sneakers V4,pairs,24,1,23,22,5,10,in_stock
OUT102,,Waypoint Style,Matale,Kandy,street,normal,,09:00,17:00,WAY-114,Footwear,Men's Sandals V4,pairs,11,8,3,22,20,14,low_stock
OUT102,,Waypoint Style,Matale,Kandy,street,normal,,09:00,17:00,WAY-115,Footwear,Women's Sandals V4,pairs,25,0,25,2,20,8,in_stock
OUT102,,Waypoint Style,Matale,Kandy,street,normal,,09:00,17:00,WAY-116,Footwear,Kids' Shoes V4,pairs,41,4,37,13,10,16,in_stock
OUT102,,Waypoint Style,Matale,Kandy,street,normal,,09:00,17:00,WAY-117,Accessories,Backpack V4,pcs,27,6,21,2,5,7,in_stock
OUT102,,Waypoint Style,Matale,Kandy,street,normal,,09:00,17:00,WAY-118,Accessories,Wallet V4,pcs,21,4,17,16,0,18,low_stock
OUT102,,Waypoint Style,Matale,Kandy,street,normal,,09:00,17:00,WAY-119,Accessories,Cap V4,pcs,11,0,11,19,20,14,low_stock
OUT102,,Waypoint Style,Matale,Kandy,street,normal,,09:00,17:00,WAY-120,Accessories,Belt V4,pcs,42,4,38,17,0,13,in_stock
OUT102,,Waypoint Style,Matale,Kandy,street,normal,,09:00,17:00,WAY-121,Men,Men's T-Shirt V5,pcs,18,5,13,14,30,15,low_stock
OUT102,,Waypoint Style,Matale,Kandy,street,normal,,09:00,17:00,WAY-122,Men,Men's Polo Shirt V5,pcs,23,0,23,9,20,7,in_stock
OUT102,,Waypoint Style,Matale,Kandy,street,normal,,09:00,17:00,WAY-123,Men,Men's Casual Shirt V5,pcs,5,0,5,4,0,15,low_stock
OUT102,,Waypoint Style,Matale,Kandy,street,normal,,09:00,17:00,WAY-124,Men,Men's Formal Shirt V5,pcs,12,1,11,2,0,6,in_stock
OUT102,,Waypoint Style,Matale,Kandy,street,normal,,09:00,17:00,WAY-125,Men,Men's Jeans V5,pcs,7,5,2,15,0,7,low_stock
OUT102,,Waypoint Style,Matale,Kandy,street,normal,,09:00,17:00,WAY-126,Men,Men's Chino V5,pcs,32,8,24,20,10,8,in_stock
OUT102,,Waypoint Style,Matale,Kandy,street,normal,,09:00,17:00,WAY-127,Men,Men's Shorts V5,pcs,14,3,11,6,0,11,low_stock
OUT102,,Waypoint Style,Matale,Kandy,street,normal,,09:00,17:00,WAY-128,Men,Men's Hoodie V5,pcs,45,2,43,20,30,8,in_stock
OUT102,,Waypoint Style,Matale,Kandy,street,normal,,09:00,17:00,WAY-129,Men,Men's Jacket V5,pcs,13,6,7,11,20,8,low_stock
OUT102,,Waypoint Style,Matale,Kandy,street,normal,,09:00,17:00,WAY-130,Women,Women's T-Shirt V5,pcs,33,0,33,13,5,18,in_stock
OUT102,,Waypoint Style,Matale,Kandy,street,normal,,09:00,17:00,WAY-131,Women,Women's Blouse V5,pcs,9,7,2,2,10,16,low_stock
OUT102,,Waypoint Style,Matale,Kandy,street,normal,,09:00,17:00,WAY-132,Women,Women's Dress V5,pcs,22,0,22,19,30,9,in_stock
OUT102,,Waypoint Style,Matale,Kandy,street,normal,,09:00,17:00,WAY-133,Women,Women's Jeans V5,pcs,17,7,10,2,0,16,low_stock
OUT102,,Waypoint Style,Matale,Kandy,street,normal,,09:00,17:00,WAY-134,Women,Women's Trousers V5,pcs,12,8,4,4,0,18,low_stock
OUT102,,Waypoint Style,Matale,Kandy,street,normal,,09:00,17:00,WAY-135,Women,Women's Skirt V5,pcs,30,0,30,19,0,14,in_stock
OUT102,,Waypoint Style,Matale,Kandy,street,normal,,09:00,17:00,WAY-136,Women,Women's Hoodie V5,pcs,38,5,33,15,0,10,in_stock
OUT102,,Waypoint Style,Matale,Kandy,street,normal,,09:00,17:00,WAY-137,Women,Women's Jacket V5,pcs,7,3,4,21,5,6,low_stock
OUT102,,Waypoint Style,Matale,Kandy,street,normal,,09:00,17:00,WAY-138,Kids,Kids T-Shirt V5,pcs,21,4,17,12,20,13,in_stock
OUT102,,Waypoint Style,Matale,Kandy,street,normal,,09:00,17:00,WAY-139,Kids,Kids Jeans V5,pcs,27,1,26,3,0,6,in_stock
OUT102,,Waypoint Style,Matale,Kandy,street,normal,,09:00,17:00,WAY-140,Kids,Kids Shorts V5,pcs,30,2,28,9,0,16,in_stock
OUT102,,Waypoint Style,Matale,Kandy,street,normal,,09:00,17:00,WAY-141,Kids,Kids Dress V5,pcs,29,3,26,6,5,8,in_stock
OUT102,,Waypoint Style,Matale,Kandy,street,normal,,09:00,17:00,WAY-142,Footwear,Men's Sneakers V5,pairs,42,6,36,18,10,6,in_stock
OUT102,,Waypoint Style,Matale,Kandy,street,normal,,09:00,17:00,WAY-143,Footwear,Women's Sneakers V5,pairs,18,6,12,2,5,17,low_stock
OUT102,,Waypoint Style,Matale,Kandy,street,normal,,09:00,17:00,WAY-144,Footwear,Men's Sandals V5,pairs,39,0,39,21,0,5,in_stock
OUT102,,Waypoint Style,Matale,Kandy,street,normal,,09:00,17:00,WAY-145,Footwear,Women's Sandals V5,pairs,19,8,11,12,0,12,low_stock
OUT102,,Waypoint Style,Matale,Kandy,street,normal,,09:00,17:00,WAY-146,Footwear,Kids' Shoes V5,pairs,34,1,33,2,5,12,in_stock
OUT102,,Waypoint Style,Matale,Kandy,street,normal,,09:00,17:00,WAY-147,Accessories,Backpack V5,pcs,23,6,17,21,5,5,in_stock
OUT102,,Waypoint Style,Matale,Kandy,street,normal,,09:00,17:00,WAY-148,Accessories,Wallet V5,pcs,36,0,36,7,5,11,in_stock
OUT102,,Waypoint Style,Matale,Kandy,street,normal,,09:00,17:00,WAY-149,Accessories,Cap V5,pcs,41,0,41,8,20,18,in_stock
OUT102,,Waypoint Style,Matale,Kandy,street,normal,,09:00,17:00,WAY-150,Accessories,Belt V5,pcs,41,2,39,12,5,18,in_stock
OUT102,,Waypoint Style,Matale,Kandy,street,normal,,09:00,17:00,WAY-151,Men,Men's T-Shirt V6,pcs,30,0,30,3,0,8,in_stock
OUT102,,Waypoint Style,Matale,Kandy,street,normal,,09:00,17:00,WAY-152,Men,Men's Polo Shirt V6,pcs,42,5,37,5,10,11,in_stock
OUT102,,Waypoint Style,Matale,Kandy,street,normal,,09:00,17:00,WAY-153,Men,Men's Casual Shirt V6,pcs,21,6,15,9,10,5,in_stock
OUT102,,Waypoint Style,Matale,Kandy,street,normal,,09:00,17:00,WAY-154,Men,Men's Formal Shirt V6,pcs,4,4,0,9,0,16,out_of_stock
OUT102,,Waypoint Style,Matale,Kandy,street,normal,,09:00,17:00,WAY-155,Men,Men's Jeans V6,pcs,29,8,21,16,10,13,in_stock
OUT102,,Waypoint Style,Matale,Kandy,street,normal,,09:00,17:00,WAY-156,Men,Men's Chino V6,pcs,41,0,41,8,20,14,in_stock
OUT102,,Waypoint Style,Matale,Kandy,street,normal,,09:00,17:00,WAY-157,Men,Men's Shorts V6,pcs,7,2,5,19,0,8,low_stock
OUT102,,Waypoint Style,Matale,Kandy,street,normal,,09:00,17:00,WAY-158,Men,Men's Hoodie V6,pcs,10,3,7,8,30,5,in_stock
OUT102,,Waypoint Style,Matale,Kandy,street,normal,,09:00,17:00,WAY-159,Men,Men's Jacket V6,pcs,8,8,0,2,30,10,out_of_stock
OUT102,,Waypoint Style,Matale,Kandy,street,normal,,09:00,17:00,WAY-160,Women,Women's T-Shirt V6,pcs,6,5,1,8,0,11,low_stock
OUT102,,Waypoint Style,Matale,Kandy,street,normal,,09:00,17:00,WAY-161,Women,Women's Blouse V6,pcs,41,8,33,7,30,14,in_stock
OUT102,,Waypoint Style,Matale,Kandy,street,normal,,09:00,17:00,WAY-162,Women,Women's Dress V6,pcs,33,8,25,11,5,18,in_stock
OUT102,,Waypoint Style,Matale,Kandy,street,normal,,09:00,17:00,WAY-163,Women,Women's Jeans V6,pcs,35,5,30,15,10,9,in_stock
OUT102,,Waypoint Style,Matale,Kandy,street,normal,,09:00,17:00,WAY-164,Women,Women's Trousers V6,pcs,9,8,1,9,0,10,low_stock
OUT102,,Waypoint Style,Matale,Kandy,street,normal,,09:00,17:00,WAY-165,Women,Women's Skirt V6,pcs,20,8,12,5,20,7,in_stock
OUT102,,Waypoint Style,Matale,Kandy,street,normal,,09:00,17:00,WAY-166,Women,Women's Hoodie V6,pcs,31,5,26,9,10,18,in_stock
OUT102,,Waypoint Style,Matale,Kandy,street,normal,,09:00,17:00,WAY-167,Women,Women's Jacket V6,pcs,33,3,30,5,0,15,in_stock
OUT102,,Waypoint Style,Matale,Kandy,street,normal,,09:00,17:00,WAY-168,Kids,Kids T-Shirt V6,pcs,37,2,35,20,30,8,in_stock
OUT102,,Waypoint Style,Matale,Kandy,street,normal,,09:00,17:00,WAY-169,Kids,Kids Jeans V6,pcs,22,6,16,17,20,10,in_stock
OUT102,,Waypoint Style,Matale,Kandy,street,normal,,09:00,17:00,WAY-170,Kids,Kids Shorts V6,pcs,37,0,37,12,10,8,in_stock
OUT102,,Waypoint Style,Matale,Kandy,street,normal,,09:00,17:00,WAY-171,Kids,Kids Dress V6,pcs,34,5,29,1,10,17,in_stock
OUT102,,Waypoint Style,Matale,Kandy,street,normal,,09:00,17:00,WAY-172,Footwear,Men's Sneakers V6,pairs,21,0,21,16,0,15,in_stock
OUT102,,Waypoint Style,Matale,Kandy,street,normal,,09:00,17:00,WAY-173,Footwear,Women's Sneakers V6,pairs,21,3,18,10,30,7,in_stock
OUT102,,Waypoint Style,Matale,Kandy,street,normal,,09:00,17:00,WAY-174,Footwear,Men's Sandals V6,pairs,35,7,28,17,10,5,in_stock
OUT102,,Waypoint Style,Matale,Kandy,street,normal,,09:00,17:00,WAY-175,Footwear,Women's Sandals V6,pairs,36,2,34,4,20,16,in_stock
OUT102,,Waypoint Style,Matale,Kandy,street,normal,,09:00,17:00,WAY-176,Footwear,Kids' Shoes V6,pairs,41,5,36,17,30,10,in_stock
OUT102,,Waypoint Style,Matale,Kandy,street,normal,,09:00,17:00,WAY-177,Accessories,Backpack V6,pcs,37,0,37,4,0,8,in_stock
OUT102,,Waypoint Style,Matale,Kandy,street,normal,,09:00,17:00,WAY-178,Accessories,Wallet V6,pcs,18,7,11,5,5,14,low_stock
OUT102,,Waypoint Style,Matale,Kandy,street,normal,,09:00,17:00,WAY-179,Accessories,Cap V6,pcs,34,6,28,21,5,5,in_stock
OUT102,,Waypoint Style,Matale,Kandy,street,normal,,09:00,17:00,WAY-180,Accessories,Belt V6,pcs,25,7,18,18,0,18,low_stock
OUT102,,Waypoint Style,Matale,Kandy,street,normal,,09:00,17:00,WAY-181,Men,Men's T-Shirt V7,pcs,9,2,7,6,0,11,low_stock
OUT102,,Waypoint Style,Matale,Kandy,street,normal,,09:00,17:00,WAY-182,Men,Men's Polo Shirt V7,pcs,22,0,22,4,20,14,in_stock
OUT102,,Waypoint Style,Matale,Kandy,street,normal,,09:00,17:00,WAY-183,Men,Men's Casual Shirt V7,pcs,42,2,40,2,5,18,in_stock
OUT102,,Waypoint Style,Matale,Kandy,street,normal,,09:00,17:00,WAY-184,Men,Men's Formal Shirt V7,pcs,37,1,36,5,10,17,in_stock
OUT102,,Waypoint Style,Matale,Kandy,street,normal,,09:00,17:00,WAY-185,Men,Men's Jeans V7,pcs,6,0,6,4,5,16,low_stock
OUT102,,Waypoint Style,Matale,Kandy,street,normal,,09:00,17:00,WAY-186,Men,Men's Chino V7,pcs,39,0,39,18,10,17,in_stock
OUT102,,Waypoint Style,Matale,Kandy,street,normal,,09:00,17:00,WAY-187,Men,Men's Shorts V7,pcs,34,7,27,5,5,16,in_stock
OUT102,,Waypoint Style,Matale,Kandy,street,normal,,09:00,17:00,WAY-188,Men,Men's Hoodie V7,pcs,43,7,36,3,0,9,in_stock
OUT102,,Waypoint Style,Matale,Kandy,street,normal,,09:00,17:00,WAY-189,Men,Men's Jacket V7,pcs,9,4,5,18,0,6,low_stock
OUT102,,Waypoint Style,Matale,Kandy,street,normal,,09:00,17:00,WAY-190,Women,Women's T-Shirt V7,pcs,30,6,24,18,10,5,in_stock
OUT102,,Waypoint Style,Matale,Kandy,street,normal,,09:00,17:00,WAY-191,Women,Women's Blouse V7,pcs,26,5,21,21,0,11,in_stock
OUT102,,Waypoint Style,Matale,Kandy,street,normal,,09:00,17:00,WAY-192,Women,Women's Dress V7,pcs,25,4,21,2,20,12,in_stock
OUT102,,Waypoint Style,Matale,Kandy,street,normal,,09:00,17:00,WAY-193,Women,Women's Jeans V7,pcs,31,4,27,7,5,13,in_stock
OUT102,,Waypoint Style,Matale,Kandy,street,normal,,09:00,17:00,WAY-194,Women,Women's Trousers V7,pcs,12,4,8,3,30,5,in_stock
OUT102,,Waypoint Style,Matale,Kandy,street,normal,,09:00,17:00,WAY-195,Women,Women's Skirt V7,pcs,45,4,41,18,30,16,in_stock
OUT102,,Waypoint Style,Matale,Kandy,street,normal,,09:00,17:00,WAY-196,Women,Women's Hoodie V7,pcs,13,4,9,17,0,16,low_stock
OUT102,,Waypoint Style,Matale,Kandy,street,normal,,09:00,17:00,WAY-197,Women,Women's Jacket V7,pcs,14,4,10,1,20,9,in_stock
OUT102,,Waypoint Style,Matale,Kandy,street,normal,,09:00,17:00,WAY-198,Kids,Kids T-Shirt V7,pcs,4,3,1,21,5,11,low_stock
OUT102,,Waypoint Style,Matale,Kandy,street,normal,,09:00,17:00,WAY-199,Kids,Kids Jeans V7,pcs,26,2,24,10,10,12,in_stock
OUT102,,Waypoint Style,Matale,Kandy,street,normal,,09:00,17:00,WAY-200,Kids,Kids Shorts V7,pcs,27,0,27,18,0,15,in_stock
OUT109,,Waypoint Style,Nuwara Eliya,Kandy,rear_dock,normal,,09:00,17:00,WAY-001,Men,Men's T-Shirt,pcs,39,7,32,4,0,5,in_stock
OUT109,,Waypoint Style,Nuwara Eliya,Kandy,rear_dock,normal,,09:00,17:00,WAY-002,Men,Men's Polo Shirt,pcs,10,6,4,13,5,8,low_stock
OUT109,,Waypoint Style,Nuwara Eliya,Kandy,rear_dock,normal,,09:00,17:00,WAY-003,Men,Men's Casual Shirt,pcs,12,5,7,14,10,7,low_stock
OUT109,,Waypoint Style,Nuwara Eliya,Kandy,rear_dock,normal,,09:00,17:00,WAY-004,Men,Men's Formal Shirt,pcs,9,3,6,20,5,13,low_stock
OUT109,,Waypoint Style,Nuwara Eliya,Kandy,rear_dock,normal,,09:00,17:00,WAY-005,Men,Men's Jeans,pcs,27,1,26,1,20,5,in_stock
OUT109,,Waypoint Style,Nuwara Eliya,Kandy,rear_dock,normal,,09:00,17:00,WAY-006,Men,Men's Chino,pcs,37,6,31,16,30,14,in_stock
OUT109,,Waypoint Style,Nuwara Eliya,Kandy,rear_dock,normal,,09:00,17:00,WAY-007,Men,Men's Shorts,pcs,16,7,9,3,5,11,low_stock
OUT109,,Waypoint Style,Nuwara Eliya,Kandy,rear_dock,normal,,09:00,17:00,WAY-008,Men,Men's Hoodie,pcs,24,5,19,4,10,15,in_stock
OUT109,,Waypoint Style,Nuwara Eliya,Kandy,rear_dock,normal,,09:00,17:00,WAY-009,Men,Men's Jacket,pcs,20,1,19,3,5,13,in_stock
OUT109,,Waypoint Style,Nuwara Eliya,Kandy,rear_dock,normal,,09:00,17:00,WAY-010,Women,Women's T-Shirt,pcs,20,1,19,10,0,12,in_stock
OUT109,,Waypoint Style,Nuwara Eliya,Kandy,rear_dock,normal,,09:00,17:00,WAY-011,Women,Women's Blouse,pcs,9,5,4,5,5,6,low_stock
OUT109,,Waypoint Style,Nuwara Eliya,Kandy,rear_dock,normal,,09:00,17:00,WAY-012,Women,Women's Dress,pcs,23,5,18,2,5,6,in_stock
OUT109,,Waypoint Style,Nuwara Eliya,Kandy,rear_dock,normal,,09:00,17:00,WAY-013,Women,Women's Jeans,pcs,34,2,32,14,5,14,in_stock
OUT109,,Waypoint Style,Nuwara Eliya,Kandy,rear_dock,normal,,09:00,17:00,WAY-014,Women,Women's Trousers,pcs,13,6,7,18,20,10,low_stock
OUT109,,Waypoint Style,Nuwara Eliya,Kandy,rear_dock,normal,,09:00,17:00,WAY-015,Women,Women's Skirt,pcs,23,6,17,13,20,9,in_stock
OUT109,,Waypoint Style,Nuwara Eliya,Kandy,rear_dock,normal,,09:00,17:00,WAY-016,Women,Women's Hoodie,pcs,41,5,36,17,5,18,in_stock
OUT109,,Waypoint Style,Nuwara Eliya,Kandy,rear_dock,normal,,09:00,17:00,WAY-017,Women,Women's Jacket,pcs,25,5,20,16,0,8,in_stock
OUT109,,Waypoint Style,Nuwara Eliya,Kandy,rear_dock,normal,,09:00,17:00,WAY-018,Kids,Kids T-Shirt,pcs,33,3,30,17,30,16,in_stock
OUT109,,Waypoint Style,Nuwara Eliya,Kandy,rear_dock,normal,,09:00,17:00,WAY-019,Kids,Kids Jeans,pcs,19,2,17,20,5,17,low_stock
OUT109,,Waypoint Style,Nuwara Eliya,Kandy,rear_dock,normal,,09:00,17:00,WAY-020,Kids,Kids Shorts,pcs,43,1,42,20,0,10,in_stock
OUT109,,Waypoint Style,Nuwara Eliya,Kandy,rear_dock,normal,,09:00,17:00,WAY-021,Kids,Kids Dress,pcs,18,4,14,9,5,18,low_stock
OUT109,,Waypoint Style,Nuwara Eliya,Kandy,rear_dock,normal,,09:00,17:00,WAY-022,Footwear,Men's Sneakers,pairs,44,8,36,4,30,11,in_stock
OUT109,,Waypoint Style,Nuwara Eliya,Kandy,rear_dock,normal,,09:00,17:00,WAY-023,Footwear,Women's Sneakers,pairs,24,5,19,22,10,9,in_stock
OUT109,,Waypoint Style,Nuwara Eliya,Kandy,rear_dock,normal,,09:00,17:00,WAY-024,Footwear,Men's Sandals,pairs,34,2,32,2,0,13,in_stock
OUT109,,Waypoint Style,Nuwara Eliya,Kandy,rear_dock,normal,,09:00,17:00,WAY-025,Footwear,Women's Sandals,pairs,42,5,37,14,0,13,in_stock
OUT109,,Waypoint Style,Nuwara Eliya,Kandy,rear_dock,normal,,09:00,17:00,WAY-026,Footwear,Kids' Shoes,pairs,20,0,20,9,0,14,in_stock
OUT109,,Waypoint Style,Nuwara Eliya,Kandy,rear_dock,normal,,09:00,17:00,WAY-027,Accessories,Backpack,pcs,28,5,23,1,10,6,in_stock
OUT109,,Waypoint Style,Nuwara Eliya,Kandy,rear_dock,normal,,09:00,17:00,WAY-028,Accessories,Wallet,pcs,8,8,0,13,30,11,out_of_stock
OUT109,,Waypoint Style,Nuwara Eliya,Kandy,rear_dock,normal,,09:00,17:00,WAY-029,Accessories,Cap,pcs,31,2,29,5,0,12,in_stock
OUT109,,Waypoint Style,Nuwara Eliya,Kandy,rear_dock,normal,,09:00,17:00,WAY-030,Accessories,Belt,pcs,24,1,23,18,10,15,in_stock
OUT109,,Waypoint Style,Nuwara Eliya,Kandy,rear_dock,normal,,09:00,17:00,WAY-031,Men,Men's T-Shirt V2,pcs,29,4,25,3,0,18,in_stock
OUT109,,Waypoint Style,Nuwara Eliya,Kandy,rear_dock,normal,,09:00,17:00,WAY-032,Men,Men's Polo Shirt V2,pcs,36,7,29,7,0,5,in_stock
OUT109,,Waypoint Style,Nuwara Eliya,Kandy,rear_dock,normal,,09:00,17:00,WAY-033,Men,Men's Casual Shirt V2,pcs,29,5,24,2,30,17,in_stock
OUT109,,Waypoint Style,Nuwara Eliya,Kandy,rear_dock,normal,,09:00,17:00,WAY-034,Men,Men's Formal Shirt V2,pcs,15,1,14,16,0,17,low_stock
OUT109,,Waypoint Style,Nuwara Eliya,Kandy,rear_dock,normal,,09:00,17:00,WAY-035,Men,Men's Jeans V2,pcs,11,2,9,4,0,5,in_stock
OUT109,,Waypoint Style,Nuwara Eliya,Kandy,rear_dock,normal,,09:00,17:00,WAY-036,Men,Men's Chino V2,pcs,19,0,19,8,20,9,in_stock
OUT109,,Waypoint Style,Nuwara Eliya,Kandy,rear_dock,normal,,09:00,17:00,WAY-037,Men,Men's Shorts V2,pcs,35,8,27,7,0,6,in_stock
OUT109,,Waypoint Style,Nuwara Eliya,Kandy,rear_dock,normal,,09:00,17:00,WAY-038,Men,Men's Hoodie V2,pcs,15,1,14,11,5,14,low_stock
OUT109,,Waypoint Style,Nuwara Eliya,Kandy,rear_dock,normal,,09:00,17:00,WAY-039,Men,Men's Jacket V2,pcs,39,5,34,19,5,15,in_stock
OUT109,,Waypoint Style,Nuwara Eliya,Kandy,rear_dock,normal,,09:00,17:00,WAY-040,Women,Women's T-Shirt V2,pcs,16,8,8,7,30,12,low_stock
OUT109,,Waypoint Style,Nuwara Eliya,Kandy,rear_dock,normal,,09:00,17:00,WAY-041,Women,Women's Blouse V2,pcs,21,7,14,19,0,10,in_stock
OUT109,,Waypoint Style,Nuwara Eliya,Kandy,rear_dock,normal,,09:00,17:00,WAY-042,Women,Women's Dress V2,pcs,29,4,25,7,0,9,in_stock
OUT109,,Waypoint Style,Nuwara Eliya,Kandy,rear_dock,normal,,09:00,17:00,WAY-043,Women,Women's Jeans V2,pcs,30,8,22,20,5,16,in_stock
OUT109,,Waypoint Style,Nuwara Eliya,Kandy,rear_dock,normal,,09:00,17:00,WAY-044,Women,Women's Trousers V2,pcs,45,6,39,15,30,15,in_stock
OUT109,,Waypoint Style,Nuwara Eliya,Kandy,rear_dock,normal,,09:00,17:00,WAY-045,Women,Women's Skirt V2,pcs,37,3,34,20,20,11,in_stock
OUT109,,Waypoint Style,Nuwara Eliya,Kandy,rear_dock,normal,,09:00,17:00,WAY-046,Women,Women's Hoodie V2,pcs,24,2,22,18,0,13,in_stock
OUT109,,Waypoint Style,Nuwara Eliya,Kandy,rear_dock,normal,,09:00,17:00,WAY-047,Women,Women's Jacket V2,pcs,8,1,7,12,0,13,low_stock
OUT109,,Waypoint Style,Nuwara Eliya,Kandy,rear_dock,normal,,09:00,17:00,WAY-048,Kids,Kids T-Shirt V2,pcs,10,6,4,19,5,17,low_stock
OUT109,,Waypoint Style,Nuwara Eliya,Kandy,rear_dock,normal,,09:00,17:00,WAY-049,Kids,Kids Jeans V2,pcs,28,3,25,15,20,9,in_stock
OUT109,,Waypoint Style,Nuwara Eliya,Kandy,rear_dock,normal,,09:00,17:00,WAY-050,Kids,Kids Shorts V2,pcs,33,1,32,9,0,7,in_stock
OUT109,,Waypoint Style,Nuwara Eliya,Kandy,rear_dock,normal,,09:00,17:00,WAY-051,Kids,Kids Dress V2,pcs,4,4,0,10,5,5,out_of_stock
OUT109,,Waypoint Style,Nuwara Eliya,Kandy,rear_dock,normal,,09:00,17:00,WAY-052,Footwear,Men's Sneakers V2,pairs,31,2,29,11,5,15,in_stock
OUT109,,Waypoint Style,Nuwara Eliya,Kandy,rear_dock,normal,,09:00,17:00,WAY-053,Footwear,Women's Sneakers V2,pairs,11,1,10,21,0,7,in_stock
OUT109,,Waypoint Style,Nuwara Eliya,Kandy,rear_dock,normal,,09:00,17:00,WAY-054,Footwear,Men's Sandals V2,pairs,33,1,32,2,5,15,in_stock
OUT109,,Waypoint Style,Nuwara Eliya,Kandy,rear_dock,normal,,09:00,17:00,WAY-055,Footwear,Women's Sandals V2,pairs,6,6,0,19,5,9,out_of_stock
OUT109,,Waypoint Style,Nuwara Eliya,Kandy,rear_dock,normal,,09:00,17:00,WAY-056,Footwear,Kids' Shoes V2,pairs,15,0,15,2,5,7,in_stock
OUT109,,Waypoint Style,Nuwara Eliya,Kandy,rear_dock,normal,,09:00,17:00,WAY-057,Accessories,Backpack V2,pcs,28,3,25,11,0,17,in_stock
OUT109,,Waypoint Style,Nuwara Eliya,Kandy,rear_dock,normal,,09:00,17:00,WAY-058,Accessories,Wallet V2,pcs,18,7,11,21,5,16,low_stock
OUT109,,Waypoint Style,Nuwara Eliya,Kandy,rear_dock,normal,,09:00,17:00,WAY-059,Accessories,Cap V2,pcs,43,8,35,15,10,9,in_stock
OUT109,,Waypoint Style,Nuwara Eliya,Kandy,rear_dock,normal,,09:00,17:00,WAY-060,Accessories,Belt V2,pcs,19,1,18,11,30,13,in_stock
OUT109,,Waypoint Style,Nuwara Eliya,Kandy,rear_dock,normal,,09:00,17:00,WAY-061,Men,Men's T-Shirt V3,pcs,30,8,22,10,5,10,in_stock
OUT109,,Waypoint Style,Nuwara Eliya,Kandy,rear_dock,normal,,09:00,17:00,WAY-062,Men,Men's Polo Shirt V3,pcs,23,5,18,9,0,10,in_stock
OUT109,,Waypoint Style,Nuwara Eliya,Kandy,rear_dock,normal,,09:00,17:00,WAY-063,Men,Men's Casual Shirt V3,pcs,19,1,18,9,0,10,in_stock
OUT109,,Waypoint Style,Nuwara Eliya,Kandy,rear_dock,normal,,09:00,17:00,WAY-064,Men,Men's Formal Shirt V3,pcs,12,3,9,19,0,6,in_stock
OUT109,,Waypoint Style,Nuwara Eliya,Kandy,rear_dock,normal,,09:00,17:00,WAY-065,Men,Men's Jeans V3,pcs,29,8,21,11,0,8,in_stock
OUT109,,Waypoint Style,Nuwara Eliya,Kandy,rear_dock,normal,,09:00,17:00,WAY-066,Men,Men's Chino V3,pcs,13,7,6,18,10,8,low_stock
OUT109,,Waypoint Style,Nuwara Eliya,Kandy,rear_dock,normal,,09:00,17:00,WAY-067,Men,Men's Shorts V3,pcs,6,3,3,4,10,10,low_stock
OUT109,,Waypoint Style,Nuwara Eliya,Kandy,rear_dock,normal,,09:00,17:00,WAY-068,Men,Men's Hoodie V3,pcs,11,2,9,20,0,9,low_stock
OUT109,,Waypoint Style,Nuwara Eliya,Kandy,rear_dock,normal,,09:00,17:00,WAY-069,Men,Men's Jacket V3,pcs,37,6,31,2,10,14,in_stock
OUT109,,Waypoint Style,Nuwara Eliya,Kandy,rear_dock,normal,,09:00,17:00,WAY-070,Women,Women's T-Shirt V3,pcs,23,0,23,10,0,16,in_stock
OUT109,,Waypoint Style,Nuwara Eliya,Kandy,rear_dock,normal,,09:00,17:00,WAY-071,Women,Women's Blouse V3,pcs,5,5,0,10,5,15,out_of_stock
OUT109,,Waypoint Style,Nuwara Eliya,Kandy,rear_dock,normal,,09:00,17:00,WAY-072,Women,Women's Dress V3,pcs,15,8,7,15,0,9,low_stock
OUT109,,Waypoint Style,Nuwara Eliya,Kandy,rear_dock,normal,,09:00,17:00,WAY-073,Women,Women's Jeans V3,pcs,8,4,4,10,0,10,low_stock
OUT109,,Waypoint Style,Nuwara Eliya,Kandy,rear_dock,normal,,09:00,17:00,WAY-074,Women,Women's Trousers V3,pcs,44,8,36,5,0,15,in_stock
OUT109,,Waypoint Style,Nuwara Eliya,Kandy,rear_dock,normal,,09:00,17:00,WAY-075,Women,Women's Skirt V3,pcs,12,6,6,10,0,8,low_stock
OUT109,,Waypoint Style,Nuwara Eliya,Kandy,rear_dock,normal,,09:00,17:00,WAY-076,Women,Women's Hoodie V3,pcs,37,3,34,22,0,10,in_stock
OUT109,,Waypoint Style,Nuwara Eliya,Kandy,rear_dock,normal,,09:00,17:00,WAY-077,Women,Women's Jacket V3,pcs,34,6,28,6,0,5,in_stock
OUT109,,Waypoint Style,Nuwara Eliya,Kandy,rear_dock,normal,,09:00,17:00,WAY-078,Kids,Kids T-Shirt V3,pcs,44,3,41,18,10,6,in_stock
OUT109,,Waypoint Style,Nuwara Eliya,Kandy,rear_dock,normal,,09:00,17:00,WAY-079,Kids,Kids Jeans V3,pcs,28,4,24,2,10,12,in_stock
OUT109,,Waypoint Style,Nuwara Eliya,Kandy,rear_dock,normal,,09:00,17:00,WAY-080,Kids,Kids Shorts V3,pcs,43,8,35,7,10,15,in_stock
OUT109,,Waypoint Style,Nuwara Eliya,Kandy,rear_dock,normal,,09:00,17:00,WAY-081,Kids,Kids Dress V3,pcs,22,8,14,2,0,17,low_stock
OUT109,,Waypoint Style,Nuwara Eliya,Kandy,rear_dock,normal,,09:00,17:00,WAY-082,Footwear,Men's Sneakers V3,pairs,34,4,30,11,30,8,in_stock
OUT109,,Waypoint Style,Nuwara Eliya,Kandy,rear_dock,normal,,09:00,17:00,WAY-083,Footwear,Women's Sneakers V3,pairs,42,8,34,17,0,14,in_stock
OUT109,,Waypoint Style,Nuwara Eliya,Kandy,rear_dock,normal,,09:00,17:00,WAY-084,Footwear,Men's Sandals V3,pairs,31,0,31,2,10,5,in_stock
OUT109,,Waypoint Style,Nuwara Eliya,Kandy,rear_dock,normal,,09:00,17:00,WAY-085,Footwear,Women's Sandals V3,pairs,8,8,0,13,0,6,out_of_stock
OUT109,,Waypoint Style,Nuwara Eliya,Kandy,rear_dock,normal,,09:00,17:00,WAY-086,Footwear,Kids' Shoes V3,pairs,19,3,16,8,20,6,in_stock
OUT109,,Waypoint Style,Nuwara Eliya,Kandy,rear_dock,normal,,09:00,17:00,WAY-087,Accessories,Backpack V3,pcs,28,4,24,22,0,15,in_stock
OUT109,,Waypoint Style,Nuwara Eliya,Kandy,rear_dock,normal,,09:00,17:00,WAY-088,Accessories,Wallet V3,pcs,10,1,9,19,10,9,low_stock
OUT109,,Waypoint Style,Nuwara Eliya,Kandy,rear_dock,normal,,09:00,17:00,WAY-089,Accessories,Cap V3,pcs,30,7,23,12,20,11,in_stock
OUT109,,Waypoint Style,Nuwara Eliya,Kandy,rear_dock,normal,,09:00,17:00,WAY-090,Accessories,Belt V3,pcs,9,4,5,3,30,15,low_stock
OUT109,,Waypoint Style,Nuwara Eliya,Kandy,rear_dock,normal,,09:00,17:00,WAY-091,Men,Men's T-Shirt V4,pcs,28,3,25,22,0,8,in_stock
OUT109,,Waypoint Style,Nuwara Eliya,Kandy,rear_dock,normal,,09:00,17:00,WAY-092,Men,Men's Polo Shirt V4,pcs,4,4,0,14,0,11,out_of_stock
OUT109,,Waypoint Style,Nuwara Eliya,Kandy,rear_dock,normal,,09:00,17:00,WAY-093,Men,Men's Casual Shirt V4,pcs,36,0,36,19,0,6,in_stock
OUT109,,Waypoint Style,Nuwara Eliya,Kandy,rear_dock,normal,,09:00,17:00,WAY-094,Men,Men's Formal Shirt V4,pcs,15,4,11,11,5,18,low_stock
OUT109,,Waypoint Style,Nuwara Eliya,Kandy,rear_dock,normal,,09:00,17:00,WAY-095,Men,Men's Jeans V4,pcs,43,8,35,17,0,16,in_stock
OUT109,,Waypoint Style,Nuwara Eliya,Kandy,rear_dock,normal,,09:00,17:00,WAY-096,Men,Men's Chino V4,pcs,34,5,29,3,30,6,in_stock
OUT109,,Waypoint Style,Nuwara Eliya,Kandy,rear_dock,normal,,09:00,17:00,WAY-097,Men,Men's Shorts V4,pcs,23,3,20,18,0,10,in_stock
OUT109,,Waypoint Style,Nuwara Eliya,Kandy,rear_dock,normal,,09:00,17:00,WAY-098,Men,Men's Hoodie V4,pcs,45,2,43,13,5,9,in_stock
OUT109,,Waypoint Style,Nuwara Eliya,Kandy,rear_dock,normal,,09:00,17:00,WAY-099,Men,Men's Jacket V4,pcs,10,4,6,15,10,13,low_stock
OUT109,,Waypoint Style,Nuwara Eliya,Kandy,rear_dock,normal,,09:00,17:00,WAY-100,Women,Women's T-Shirt V4,pcs,28,6,22,1,10,9,in_stock
OUT109,,Waypoint Style,Nuwara Eliya,Kandy,rear_dock,normal,,09:00,17:00,WAY-101,Women,Women's Blouse V4,pcs,38,5,33,3,5,17,in_stock
OUT109,,Waypoint Style,Nuwara Eliya,Kandy,rear_dock,normal,,09:00,17:00,WAY-102,Women,Women's Dress V4,pcs,8,7,1,20,0,6,low_stock
OUT109,,Waypoint Style,Nuwara Eliya,Kandy,rear_dock,normal,,09:00,17:00,WAY-103,Women,Women's Jeans V4,pcs,13,3,10,15,5,5,in_stock
OUT109,,Waypoint Style,Nuwara Eliya,Kandy,rear_dock,normal,,09:00,17:00,WAY-104,Women,Women's Trousers V4,pcs,12,4,8,13,10,11,low_stock
OUT109,,Waypoint Style,Nuwara Eliya,Kandy,rear_dock,normal,,09:00,17:00,WAY-105,Women,Women's Skirt V4,pcs,45,3,42,9,5,7,in_stock
OUT109,,Waypoint Style,Nuwara Eliya,Kandy,rear_dock,normal,,09:00,17:00,WAY-106,Women,Women's Hoodie V4,pcs,4,3,1,13,30,14,low_stock
OUT109,,Waypoint Style,Nuwara Eliya,Kandy,rear_dock,normal,,09:00,17:00,WAY-107,Women,Women's Jacket V4,pcs,11,3,8,12,20,14,low_stock
OUT109,,Waypoint Style,Nuwara Eliya,Kandy,rear_dock,normal,,09:00,17:00,WAY-108,Kids,Kids T-Shirt V4,pcs,22,7,15,19,0,15,low_stock
OUT109,,Waypoint Style,Nuwara Eliya,Kandy,rear_dock,normal,,09:00,17:00,WAY-109,Kids,Kids Jeans V4,pcs,11,6,5,1,10,16,low_stock
OUT109,,Waypoint Style,Nuwara Eliya,Kandy,rear_dock,normal,,09:00,17:00,WAY-110,Kids,Kids Shorts V4,pcs,37,6,31,13,0,9,in_stock
OUT109,,Waypoint Style,Nuwara Eliya,Kandy,rear_dock,normal,,09:00,17:00,WAY-111,Kids,Kids Dress V4,pcs,28,1,27,13,30,10,in_stock
OUT109,,Waypoint Style,Nuwara Eliya,Kandy,rear_dock,normal,,09:00,17:00,WAY-112,Footwear,Men's Sneakers V4,pairs,14,0,14,19,0,17,low_stock
OUT109,,Waypoint Style,Nuwara Eliya,Kandy,rear_dock,normal,,09:00,17:00,WAY-113,Footwear,Women's Sneakers V4,pairs,34,6,28,18,20,11,in_stock
OUT109,,Waypoint Style,Nuwara Eliya,Kandy,rear_dock,normal,,09:00,17:00,WAY-114,Footwear,Men's Sandals V4,pairs,24,5,19,6,30,11,in_stock
OUT109,,Waypoint Style,Nuwara Eliya,Kandy,rear_dock,normal,,09:00,17:00,WAY-115,Footwear,Women's Sandals V4,pairs,41,7,34,9,0,6,in_stock
OUT109,,Waypoint Style,Nuwara Eliya,Kandy,rear_dock,normal,,09:00,17:00,WAY-116,Footwear,Kids' Shoes V4,pairs,44,3,41,17,30,8,in_stock
OUT109,,Waypoint Style,Nuwara Eliya,Kandy,rear_dock,normal,,09:00,17:00,WAY-117,Accessories,Backpack V4,pcs,21,7,14,22,5,11,in_stock
OUT109,,Waypoint Style,Nuwara Eliya,Kandy,rear_dock,normal,,09:00,17:00,WAY-118,Accessories,Wallet V4,pcs,20,4,16,9,0,5,in_stock
OUT109,,Waypoint Style,Nuwara Eliya,Kandy,rear_dock,normal,,09:00,17:00,WAY-119,Accessories,Cap V4,pcs,22,8,14,12,0,13,in_stock
OUT109,,Waypoint Style,Nuwara Eliya,Kandy,rear_dock,normal,,09:00,17:00,WAY-120,Accessories,Belt V4,pcs,15,1,14,1,0,7,in_stock
OUT109,,Waypoint Style,Nuwara Eliya,Kandy,rear_dock,normal,,09:00,17:00,WAY-121,Men,Men's T-Shirt V5,pcs,19,3,16,22,20,13,in_stock
OUT109,,Waypoint Style,Nuwara Eliya,Kandy,rear_dock,normal,,09:00,17:00,WAY-122,Men,Men's Polo Shirt V5,pcs,33,6,27,16,5,15,in_stock
OUT109,,Waypoint Style,Nuwara Eliya,Kandy,rear_dock,normal,,09:00,17:00,WAY-123,Men,Men's Casual Shirt V5,pcs,30,5,25,22,0,14,in_stock
OUT109,,Waypoint Style,Nuwara Eliya,Kandy,rear_dock,normal,,09:00,17:00,WAY-124,Men,Men's Formal Shirt V5,pcs,24,4,20,3,30,13,in_stock
OUT109,,Waypoint Style,Nuwara Eliya,Kandy,rear_dock,normal,,09:00,17:00,WAY-125,Men,Men's Jeans V5,pcs,17,3,14,14,30,11,in_stock
OUT109,,Waypoint Style,Nuwara Eliya,Kandy,rear_dock,normal,,09:00,17:00,WAY-126,Men,Men's Chino V5,pcs,41,6,35,2,30,6,in_stock
OUT109,,Waypoint Style,Nuwara Eliya,Kandy,rear_dock,normal,,09:00,17:00,WAY-127,Men,Men's Shorts V5,pcs,14,3,11,14,5,9,in_stock
OUT109,,Waypoint Style,Nuwara Eliya,Kandy,rear_dock,normal,,09:00,17:00,WAY-128,Men,Men's Hoodie V5,pcs,24,8,16,10,0,5,in_stock
OUT109,,Waypoint Style,Nuwara Eliya,Kandy,rear_dock,normal,,09:00,17:00,WAY-129,Men,Men's Jacket V5,pcs,39,4,35,9,10,11,in_stock
OUT109,,Waypoint Style,Nuwara Eliya,Kandy,rear_dock,normal,,09:00,17:00,WAY-130,Women,Women's T-Shirt V5,pcs,12,1,11,13,5,17,low_stock
OUT109,,Waypoint Style,Nuwara Eliya,Kandy,rear_dock,normal,,09:00,17:00,WAY-131,Women,Women's Blouse V5,pcs,41,1,40,10,20,17,in_stock
OUT109,,Waypoint Style,Nuwara Eliya,Kandy,rear_dock,normal,,09:00,17:00,WAY-132,Women,Women's Dress V5,pcs,12,3,9,9,20,8,in_stock
OUT109,,Waypoint Style,Nuwara Eliya,Kandy,rear_dock,normal,,09:00,17:00,WAY-133,Women,Women's Jeans V5,pcs,30,2,28,15,0,18,in_stock
OUT109,,Waypoint Style,Nuwara Eliya,Kandy,rear_dock,normal,,09:00,17:00,WAY-134,Women,Women's Trousers V5,pcs,8,7,1,10,5,6,low_stock
OUT109,,Waypoint Style,Nuwara Eliya,Kandy,rear_dock,normal,,09:00,17:00,WAY-135,Women,Women's Skirt V5,pcs,37,3,34,16,5,15,in_stock
OUT109,,Waypoint Style,Nuwara Eliya,Kandy,rear_dock,normal,,09:00,17:00,WAY-136,Women,Women's Hoodie V5,pcs,41,4,37,16,0,10,in_stock
OUT109,,Waypoint Style,Nuwara Eliya,Kandy,rear_dock,normal,,09:00,17:00,WAY-137,Women,Women's Jacket V5,pcs,16,1,15,2,30,13,in_stock
OUT109,,Waypoint Style,Nuwara Eliya,Kandy,rear_dock,normal,,09:00,17:00,WAY-138,Kids,Kids T-Shirt V5,pcs,41,3,38,21,0,7,in_stock
OUT109,,Waypoint Style,Nuwara Eliya,Kandy,rear_dock,normal,,09:00,17:00,WAY-139,Kids,Kids Jeans V5,pcs,36,8,28,16,0,11,in_stock
OUT109,,Waypoint Style,Nuwara Eliya,Kandy,rear_dock,normal,,09:00,17:00,WAY-140,Kids,Kids Shorts V5,pcs,17,3,14,6,10,16,low_stock
OUT109,,Waypoint Style,Nuwara Eliya,Kandy,rear_dock,normal,,09:00,17:00,WAY-141,Kids,Kids Dress V5,pcs,24,0,24,4,10,9,in_stock
OUT109,,Waypoint Style,Nuwara Eliya,Kandy,rear_dock,normal,,09:00,17:00,WAY-142,Footwear,Men's Sneakers V5,pairs,17,8,9,4,10,17,low_stock
OUT109,,Waypoint Style,Nuwara Eliya,Kandy,rear_dock,normal,,09:00,17:00,WAY-143,Footwear,Women's Sneakers V5,pairs,39,4,35,15,0,14,in_stock
OUT109,,Waypoint Style,Nuwara Eliya,Kandy,rear_dock,normal,,09:00,17:00,WAY-144,Footwear,Men's Sandals V5,pairs,29,5,24,1,5,18,in_stock
OUT109,,Waypoint Style,Nuwara Eliya,Kandy,rear_dock,normal,,09:00,17:00,WAY-145,Footwear,Women's Sandals V5,pairs,18,2,16,18,0,15,in_stock
OUT109,,Waypoint Style,Nuwara Eliya,Kandy,rear_dock,normal,,09:00,17:00,WAY-146,Footwear,Kids' Shoes V5,pairs,17,1,16,12,20,17,low_stock
OUT109,,Waypoint Style,Nuwara Eliya,Kandy,rear_dock,normal,,09:00,17:00,WAY-147,Accessories,Backpack V5,pcs,7,3,4,3,10,13,low_stock
OUT109,,Waypoint Style,Nuwara Eliya,Kandy,rear_dock,normal,,09:00,17:00,WAY-148,Accessories,Wallet V5,pcs,34,0,34,3,0,16,in_stock
OUT109,,Waypoint Style,Nuwara Eliya,Kandy,rear_dock,normal,,09:00,17:00,WAY-149,Accessories,Cap V5,pcs,13,2,11,17,0,7,in_stock
OUT109,,Waypoint Style,Nuwara Eliya,Kandy,rear_dock,normal,,09:00,17:00,WAY-150,Accessories,Belt V5,pcs,10,1,9,18,0,5,in_stock
OUT109,,Waypoint Style,Nuwara Eliya,Kandy,rear_dock,normal,,09:00,17:00,WAY-151,Men,Men's T-Shirt V6,pcs,27,5,22,7,20,8,in_stock
OUT109,,Waypoint Style,Nuwara Eliya,Kandy,rear_dock,normal,,09:00,17:00,WAY-152,Men,Men's Polo Shirt V6,pcs,32,0,32,21,20,9,in_stock
OUT109,,Waypoint Style,Nuwara Eliya,Kandy,rear_dock,normal,,09:00,17:00,WAY-153,Men,Men's Casual Shirt V6,pcs,15,8,7,1,20,9,low_stock
OUT109,,Waypoint Style,Nuwara Eliya,Kandy,rear_dock,normal,,09:00,17:00,WAY-154,Men,Men's Formal Shirt V6,pcs,33,5,28,20,5,12,in_stock
OUT109,,Waypoint Style,Nuwara Eliya,Kandy,rear_dock,normal,,09:00,17:00,WAY-155,Men,Men's Jeans V6,pcs,19,5,14,9,10,7,in_stock
OUT109,,Waypoint Style,Nuwara Eliya,Kandy,rear_dock,normal,,09:00,17:00,WAY-156,Men,Men's Chino V6,pcs,14,2,12,10,0,17,low_stock
OUT109,,Waypoint Style,Nuwara Eliya,Kandy,rear_dock,normal,,09:00,17:00,WAY-157,Men,Men's Shorts V6,pcs,15,1,14,8,10,13,in_stock
OUT109,,Waypoint Style,Nuwara Eliya,Kandy,rear_dock,normal,,09:00,17:00,WAY-158,Men,Men's Hoodie V6,pcs,17,1,16,6,0,14,in_stock
OUT109,,Waypoint Style,Nuwara Eliya,Kandy,rear_dock,normal,,09:00,17:00,WAY-159,Men,Men's Jacket V6,pcs,9,0,9,19,30,16,low_stock
OUT109,,Waypoint Style,Nuwara Eliya,Kandy,rear_dock,normal,,09:00,17:00,WAY-160,Women,Women's T-Shirt V6,pcs,22,5,17,13,10,7,in_stock
OUT109,,Waypoint Style,Nuwara Eliya,Kandy,rear_dock,normal,,09:00,17:00,WAY-161,Women,Women's Blouse V6,pcs,35,7,28,6,20,8,in_stock
OUT109,,Waypoint Style,Nuwara Eliya,Kandy,rear_dock,normal,,09:00,17:00,WAY-162,Women,Women's Dress V6,pcs,44,4,40,18,5,9,in_stock
OUT109,,Waypoint Style,Nuwara Eliya,Kandy,rear_dock,normal,,09:00,17:00,WAY-163,Women,Women's Jeans V6,pcs,20,8,12,20,0,14,low_stock
OUT109,,Waypoint Style,Nuwara Eliya,Kandy,rear_dock,normal,,09:00,17:00,WAY-164,Women,Women's Trousers V6,pcs,13,3,10,1,0,15,low_stock
OUT109,,Waypoint Style,Nuwara Eliya,Kandy,rear_dock,normal,,09:00,17:00,WAY-165,Women,Women's Skirt V6,pcs,22,4,18,4,5,8,in_stock
OUT109,,Waypoint Style,Nuwara Eliya,Kandy,rear_dock,normal,,09:00,17:00,WAY-166,Women,Women's Hoodie V6,pcs,35,2,33,15,5,15,in_stock
OUT109,,Waypoint Style,Nuwara Eliya,Kandy,rear_dock,normal,,09:00,17:00,WAY-167,Women,Women's Jacket V6,pcs,15,3,12,9,0,18,low_stock
OUT109,,Waypoint Style,Nuwara Eliya,Kandy,rear_dock,normal,,09:00,17:00,WAY-168,Kids,Kids T-Shirt V6,pcs,38,4,34,7,0,18,in_stock
OUT109,,Waypoint Style,Nuwara Eliya,Kandy,rear_dock,normal,,09:00,17:00,WAY-169,Kids,Kids Jeans V6,pcs,4,1,3,6,0,8,low_stock
OUT109,,Waypoint Style,Nuwara Eliya,Kandy,rear_dock,normal,,09:00,17:00,WAY-170,Kids,Kids Shorts V6,pcs,12,0,12,2,10,16,low_stock
OUT109,,Waypoint Style,Nuwara Eliya,Kandy,rear_dock,normal,,09:00,17:00,WAY-171,Kids,Kids Dress V6,pcs,42,7,35,1,0,5,in_stock
OUT109,,Waypoint Style,Nuwara Eliya,Kandy,rear_dock,normal,,09:00,17:00,WAY-172,Footwear,Men's Sneakers V6,pairs,41,5,36,19,0,11,in_stock
OUT109,,Waypoint Style,Nuwara Eliya,Kandy,rear_dock,normal,,09:00,17:00,WAY-173,Footwear,Women's Sneakers V6,pairs,16,0,16,20,30,16,low_stock
OUT109,,Waypoint Style,Nuwara Eliya,Kandy,rear_dock,normal,,09:00,17:00,WAY-174,Footwear,Men's Sandals V6,pairs,22,1,21,20,10,8,in_stock
OUT109,,Waypoint Style,Nuwara Eliya,Kandy,rear_dock,normal,,09:00,17:00,WAY-175,Footwear,Women's Sandals V6,pairs,40,4,36,10,20,8,in_stock
OUT109,,Waypoint Style,Nuwara Eliya,Kandy,rear_dock,normal,,09:00,17:00,WAY-176,Footwear,Kids' Shoes V6,pairs,36,1,35,22,5,18,in_stock
OUT109,,Waypoint Style,Nuwara Eliya,Kandy,rear_dock,normal,,09:00,17:00,WAY-177,Accessories,Backpack V6,pcs,33,1,32,21,30,12,in_stock
OUT109,,Waypoint Style,Nuwara Eliya,Kandy,rear_dock,normal,,09:00,17:00,WAY-178,Accessories,Wallet V6,pcs,23,5,18,7,5,10,in_stock
OUT109,,Waypoint Style,Nuwara Eliya,Kandy,rear_dock,normal,,09:00,17:00,WAY-179,Accessories,Cap V6,pcs,35,5,30,6,5,11,in_stock
OUT109,,Waypoint Style,Nuwara Eliya,Kandy,rear_dock,normal,,09:00,17:00,WAY-180,Accessories,Belt V6,pcs,14,6,8,16,10,18,low_stock
OUT109,,Waypoint Style,Nuwara Eliya,Kandy,rear_dock,normal,,09:00,17:00,WAY-181,Men,Men's T-Shirt V7,pcs,23,6,17,2,30,14,in_stock
OUT109,,Waypoint Style,Nuwara Eliya,Kandy,rear_dock,normal,,09:00,17:00,WAY-182,Men,Men's Polo Shirt V7,pcs,23,5,18,22,0,5,in_stock
OUT109,,Waypoint Style,Nuwara Eliya,Kandy,rear_dock,normal,,09:00,17:00,WAY-183,Men,Men's Casual Shirt V7,pcs,25,5,20,21,10,7,in_stock
OUT109,,Waypoint Style,Nuwara Eliya,Kandy,rear_dock,normal,,09:00,17:00,WAY-184,Men,Men's Formal Shirt V7,pcs,26,4,22,1,5,5,in_stock
OUT109,,Waypoint Style,Nuwara Eliya,Kandy,rear_dock,normal,,09:00,17:00,WAY-185,Men,Men's Jeans V7,pcs,28,7,21,12,20,10,in_stock
OUT109,,Waypoint Style,Nuwara Eliya,Kandy,rear_dock,normal,,09:00,17:00,WAY-186,Men,Men's Chino V7,pcs,31,5,26,22,30,17,in_stock
OUT109,,Waypoint Style,Nuwara Eliya,Kandy,rear_dock,normal,,09:00,17:00,WAY-187,Men,Men's Shorts V7,pcs,23,8,15,16,20,8,in_stock
OUT109,,Waypoint Style,Nuwara Eliya,Kandy,rear_dock,normal,,09:00,17:00,WAY-188,Men,Men's Hoodie V7,pcs,37,5,32,2,5,14,in_stock
OUT109,,Waypoint Style,Nuwara Eliya,Kandy,rear_dock,normal,,09:00,17:00,WAY-189,Men,Men's Jacket V7,pcs,24,7,17,9,10,12,in_stock
OUT109,,Waypoint Style,Nuwara Eliya,Kandy,rear_dock,normal,,09:00,17:00,WAY-190,Women,Women's T-Shirt V7,pcs,7,4,3,10,5,11,low_stock
OUT109,,Waypoint Style,Nuwara Eliya,Kandy,rear_dock,normal,,09:00,17:00,WAY-191,Women,Women's Blouse V7,pcs,34,7,27,17,20,17,in_stock
OUT109,,Waypoint Style,Nuwara Eliya,Kandy,rear_dock,normal,,09:00,17:00,WAY-192,Women,Women's Dress V7,pcs,21,4,17,4,20,14,in_stock
OUT109,,Waypoint Style,Nuwara Eliya,Kandy,rear_dock,normal,,09:00,17:00,WAY-193,Women,Women's Jeans V7,pcs,33,7,26,18,0,15,in_stock
OUT109,,Waypoint Style,Nuwara Eliya,Kandy,rear_dock,normal,,09:00,17:00,WAY-194,Women,Women's Trousers V7,pcs,21,4,17,17,5,5,in_stock
OUT109,,Waypoint Style,Nuwara Eliya,Kandy,rear_dock,normal,,09:00,17:00,WAY-195,Women,Women's Skirt V7,pcs,25,3,22,5,10,11,in_stock
OUT109,,Waypoint Style,Nuwara Eliya,Kandy,rear_dock,normal,,09:00,17:00,WAY-196,Women,Women's Hoodie V7,pcs,23,8,15,21,5,12,in_stock
OUT109,,Waypoint Style,Nuwara Eliya,Kandy,rear_dock,normal,,09:00,17:00,WAY-197,Women,Women's Jacket V7,pcs,16,4,12,17,20,8,in_stock
OUT109,,Waypoint Style,Nuwara Eliya,Kandy,rear_dock,normal,,09:00,17:00,WAY-198,Kids,Kids T-Shirt V7,pcs,9,5,4,4,20,12,low_stock
OUT109,,Waypoint Style,Nuwara Eliya,Kandy,rear_dock,normal,,09:00,17:00,WAY-199,Kids,Kids Jeans V7,pcs,6,6,0,17,0,8,out_of_stock
OUT109,,Waypoint Style,Nuwara Eliya,Kandy,rear_dock,normal,,09:00,17:00,WAY-200,Kids,Kids Shorts V7,pcs,12,8,4,5,20,11,low_stock
OUT114,,Waypoint Style,Badulla,Kandy,rear_dock,normal,,09:00,17:00,WAY-001,Men,Men's T-Shirt,pcs,10,6,4,6,20,14,low_stock
OUT114,,Waypoint Style,Badulla,Kandy,rear_dock,normal,,09:00,17:00,WAY-002,Men,Men's Polo Shirt,pcs,20,3,17,11,0,15,in_stock
OUT114,,Waypoint Style,Badulla,Kandy,rear_dock,normal,,09:00,17:00,WAY-003,Men,Men's Casual Shirt,pcs,26,2,24,14,5,17,in_stock
OUT114,,Waypoint Style,Badulla,Kandy,rear_dock,normal,,09:00,17:00,WAY-004,Men,Men's Formal Shirt,pcs,13,0,13,15,0,6,in_stock
OUT114,,Waypoint Style,Badulla,Kandy,rear_dock,normal,,09:00,17:00,WAY-005,Men,Men's Jeans,pcs,43,4,39,5,30,8,in_stock
OUT114,,Waypoint Style,Badulla,Kandy,rear_dock,normal,,09:00,17:00,WAY-006,Men,Men's Chino,pcs,13,0,13,16,10,6,in_stock
OUT114,,Waypoint Style,Badulla,Kandy,rear_dock,normal,,09:00,17:00,WAY-007,Men,Men's Shorts,pcs,22,5,17,18,30,13,in_stock
OUT114,,Waypoint Style,Badulla,Kandy,rear_dock,normal,,09:00,17:00,WAY-008,Men,Men's Hoodie,pcs,10,1,9,20,5,5,in_stock
OUT114,,Waypoint Style,Badulla,Kandy,rear_dock,normal,,09:00,17:00,WAY-009,Men,Men's Jacket,pcs,33,0,33,16,10,15,in_stock
OUT114,,Waypoint Style,Badulla,Kandy,rear_dock,normal,,09:00,17:00,WAY-010,Women,Women's T-Shirt,pcs,15,5,10,8,0,10,low_stock
OUT114,,Waypoint Style,Badulla,Kandy,rear_dock,normal,,09:00,17:00,WAY-011,Women,Women's Blouse,pcs,16,4,12,5,20,15,low_stock
OUT114,,Waypoint Style,Badulla,Kandy,rear_dock,normal,,09:00,17:00,WAY-012,Women,Women's Dress,pcs,41,6,35,7,5,15,in_stock
OUT114,,Waypoint Style,Badulla,Kandy,rear_dock,normal,,09:00,17:00,WAY-013,Women,Women's Jeans,pcs,17,6,11,4,30,16,low_stock
OUT114,,Waypoint Style,Badulla,Kandy,rear_dock,normal,,09:00,17:00,WAY-014,Women,Women's Trousers,pcs,39,7,32,17,0,12,in_stock
OUT114,,Waypoint Style,Badulla,Kandy,rear_dock,normal,,09:00,17:00,WAY-015,Women,Women's Skirt,pcs,24,2,22,22,20,7,in_stock
OUT114,,Waypoint Style,Badulla,Kandy,rear_dock,normal,,09:00,17:00,WAY-016,Women,Women's Hoodie,pcs,42,6,36,16,10,6,in_stock
OUT114,,Waypoint Style,Badulla,Kandy,rear_dock,normal,,09:00,17:00,WAY-017,Women,Women's Jacket,pcs,28,0,28,6,0,14,in_stock
OUT114,,Waypoint Style,Badulla,Kandy,rear_dock,normal,,09:00,17:00,WAY-018,Kids,Kids T-Shirt,pcs,33,7,26,12,0,18,in_stock
OUT114,,Waypoint Style,Badulla,Kandy,rear_dock,normal,,09:00,17:00,WAY-019,Kids,Kids Jeans,pcs,4,2,2,13,10,7,low_stock
OUT114,,Waypoint Style,Badulla,Kandy,rear_dock,normal,,09:00,17:00,WAY-020,Kids,Kids Shorts,pcs,45,7,38,2,20,5,in_stock
OUT114,,Waypoint Style,Badulla,Kandy,rear_dock,normal,,09:00,17:00,WAY-021,Kids,Kids Dress,pcs,28,2,26,15,0,14,in_stock
OUT114,,Waypoint Style,Badulla,Kandy,rear_dock,normal,,09:00,17:00,WAY-022,Footwear,Men's Sneakers,pairs,19,0,19,21,30,5,in_stock
OUT114,,Waypoint Style,Badulla,Kandy,rear_dock,normal,,09:00,17:00,WAY-023,Footwear,Women's Sneakers,pairs,13,8,5,4,10,12,low_stock
OUT114,,Waypoint Style,Badulla,Kandy,rear_dock,normal,,09:00,17:00,WAY-024,Footwear,Men's Sandals,pairs,36,6,30,7,0,10,in_stock
OUT114,,Waypoint Style,Badulla,Kandy,rear_dock,normal,,09:00,17:00,WAY-025,Footwear,Women's Sandals,pairs,26,8,18,18,0,7,in_stock
OUT114,,Waypoint Style,Badulla,Kandy,rear_dock,normal,,09:00,17:00,WAY-026,Footwear,Kids' Shoes,pairs,30,4,26,18,5,6,in_stock
OUT114,,Waypoint Style,Badulla,Kandy,rear_dock,normal,,09:00,17:00,WAY-027,Accessories,Backpack,pcs,41,1,40,20,0,9,in_stock
OUT114,,Waypoint Style,Badulla,Kandy,rear_dock,normal,,09:00,17:00,WAY-028,Accessories,Wallet,pcs,33,8,25,5,0,10,in_stock
OUT114,,Waypoint Style,Badulla,Kandy,rear_dock,normal,,09:00,17:00,WAY-029,Accessories,Cap,pcs,10,8,2,18,10,10,low_stock
OUT114,,Waypoint Style,Badulla,Kandy,rear_dock,normal,,09:00,17:00,WAY-030,Accessories,Belt,pcs,32,2,30,20,0,11,in_stock
OUT114,,Waypoint Style,Badulla,Kandy,rear_dock,normal,,09:00,17:00,WAY-031,Men,Men's T-Shirt V2,pcs,7,4,3,15,20,10,low_stock
OUT114,,Waypoint Style,Badulla,Kandy,rear_dock,normal,,09:00,17:00,WAY-032,Men,Men's Polo Shirt V2,pcs,28,8,20,17,10,17,in_stock
OUT114,,Waypoint Style,Badulla,Kandy,rear_dock,normal,,09:00,17:00,WAY-033,Men,Men's Casual Shirt V2,pcs,15,1,14,14,10,15,low_stock
OUT114,,Waypoint Style,Badulla,Kandy,rear_dock,normal,,09:00,17:00,WAY-034,Men,Men's Formal Shirt V2,pcs,41,7,34,16,10,9,in_stock
OUT114,,Waypoint Style,Badulla,Kandy,rear_dock,normal,,09:00,17:00,WAY-035,Men,Men's Jeans V2,pcs,10,8,2,1,20,5,low_stock
OUT114,,Waypoint Style,Badulla,Kandy,rear_dock,normal,,09:00,17:00,WAY-036,Men,Men's Chino V2,pcs,5,3,2,7,20,14,low_stock
OUT114,,Waypoint Style,Badulla,Kandy,rear_dock,normal,,09:00,17:00,WAY-037,Men,Men's Shorts V2,pcs,40,2,38,6,0,9,in_stock
OUT114,,Waypoint Style,Badulla,Kandy,rear_dock,normal,,09:00,17:00,WAY-038,Men,Men's Hoodie V2,pcs,28,6,22,10,5,11,in_stock
OUT114,,Waypoint Style,Badulla,Kandy,rear_dock,normal,,09:00,17:00,WAY-039,Men,Men's Jacket V2,pcs,24,5,19,9,20,12,in_stock
OUT114,,Waypoint Style,Badulla,Kandy,rear_dock,normal,,09:00,17:00,WAY-040,Women,Women's T-Shirt V2,pcs,25,8,17,18,10,8,in_stock
OUT114,,Waypoint Style,Badulla,Kandy,rear_dock,normal,,09:00,17:00,WAY-041,Women,Women's Blouse V2,pcs,17,1,16,14,5,10,in_stock
OUT114,,Waypoint Style,Badulla,Kandy,rear_dock,normal,,09:00,17:00,WAY-042,Women,Women's Dress V2,pcs,26,3,23,14,0,11,in_stock
OUT114,,Waypoint Style,Badulla,Kandy,rear_dock,normal,,09:00,17:00,WAY-043,Women,Women's Jeans V2,pcs,40,7,33,2,10,6,in_stock
OUT114,,Waypoint Style,Badulla,Kandy,rear_dock,normal,,09:00,17:00,WAY-044,Women,Women's Trousers V2,pcs,29,7,22,18,5,6,in_stock
OUT114,,Waypoint Style,Badulla,Kandy,rear_dock,normal,,09:00,17:00,WAY-045,Women,Women's Skirt V2,pcs,11,1,10,8,10,15,low_stock
OUT114,,Waypoint Style,Badulla,Kandy,rear_dock,normal,,09:00,17:00,WAY-046,Women,Women's Hoodie V2,pcs,45,6,39,17,0,16,in_stock
OUT114,,Waypoint Style,Badulla,Kandy,rear_dock,normal,,09:00,17:00,WAY-047,Women,Women's Jacket V2,pcs,29,1,28,15,20,16,in_stock
OUT114,,Waypoint Style,Badulla,Kandy,rear_dock,normal,,09:00,17:00,WAY-048,Kids,Kids T-Shirt V2,pcs,6,2,4,7,5,12,low_stock
OUT114,,Waypoint Style,Badulla,Kandy,rear_dock,normal,,09:00,17:00,WAY-049,Kids,Kids Jeans V2,pcs,38,2,36,14,20,15,in_stock
OUT114,,Waypoint Style,Badulla,Kandy,rear_dock,normal,,09:00,17:00,WAY-050,Kids,Kids Shorts V2,pcs,14,2,12,1,20,9,in_stock
OUT114,,Waypoint Style,Badulla,Kandy,rear_dock,normal,,09:00,17:00,WAY-051,Kids,Kids Dress V2,pcs,11,6,5,18,0,11,low_stock
OUT114,,Waypoint Style,Badulla,Kandy,rear_dock,normal,,09:00,17:00,WAY-052,Footwear,Men's Sneakers V2,pairs,41,2,39,1,10,14,in_stock
OUT114,,Waypoint Style,Badulla,Kandy,rear_dock,normal,,09:00,17:00,WAY-053,Footwear,Women's Sneakers V2,pairs,26,3,23,3,5,15,in_stock
OUT114,,Waypoint Style,Badulla,Kandy,rear_dock,normal,,09:00,17:00,WAY-054,Footwear,Men's Sandals V2,pairs,35,2,33,10,0,10,in_stock
OUT114,,Waypoint Style,Badulla,Kandy,rear_dock,normal,,09:00,17:00,WAY-055,Footwear,Women's Sandals V2,pairs,8,5,3,9,5,9,low_stock
OUT114,,Waypoint Style,Badulla,Kandy,rear_dock,normal,,09:00,17:00,WAY-056,Footwear,Kids' Shoes V2,pairs,12,3,9,3,0,10,low_stock
OUT114,,Waypoint Style,Badulla,Kandy,rear_dock,normal,,09:00,17:00,WAY-057,Accessories,Backpack V2,pcs,23,2,21,18,10,17,in_stock
OUT114,,Waypoint Style,Badulla,Kandy,rear_dock,normal,,09:00,17:00,WAY-058,Accessories,Wallet V2,pcs,40,4,36,18,20,9,in_stock
OUT114,,Waypoint Style,Badulla,Kandy,rear_dock,normal,,09:00,17:00,WAY-059,Accessories,Cap V2,pcs,24,3,21,8,20,11,in_stock
OUT114,,Waypoint Style,Badulla,Kandy,rear_dock,normal,,09:00,17:00,WAY-060,Accessories,Belt V2,pcs,9,2,7,21,10,7,low_stock
OUT114,,Waypoint Style,Badulla,Kandy,rear_dock,normal,,09:00,17:00,WAY-061,Men,Men's T-Shirt V3,pcs,21,6,15,13,30,14,in_stock
OUT114,,Waypoint Style,Badulla,Kandy,rear_dock,normal,,09:00,17:00,WAY-062,Men,Men's Polo Shirt V3,pcs,5,0,5,20,5,17,low_stock
OUT114,,Waypoint Style,Badulla,Kandy,rear_dock,normal,,09:00,17:00,WAY-063,Men,Men's Casual Shirt V3,pcs,17,0,17,2,10,12,in_stock
OUT114,,Waypoint Style,Badulla,Kandy,rear_dock,normal,,09:00,17:00,WAY-064,Men,Men's Formal Shirt V3,pcs,21,5,16,15,5,13,in_stock
OUT114,,Waypoint Style,Badulla,Kandy,rear_dock,normal,,09:00,17:00,WAY-065,Men,Men's Jeans V3,pcs,17,5,12,2,30,16,low_stock
OUT114,,Waypoint Style,Badulla,Kandy,rear_dock,normal,,09:00,17:00,WAY-066,Men,Men's Chino V3,pcs,15,7,8,9,20,14,low_stock
OUT114,,Waypoint Style,Badulla,Kandy,rear_dock,normal,,09:00,17:00,WAY-067,Men,Men's Shorts V3,pcs,7,0,7,20,0,11,low_stock
OUT114,,Waypoint Style,Badulla,Kandy,rear_dock,normal,,09:00,17:00,WAY-068,Men,Men's Hoodie V3,pcs,20,1,19,5,0,17,in_stock
OUT114,,Waypoint Style,Badulla,Kandy,rear_dock,normal,,09:00,17:00,WAY-069,Men,Men's Jacket V3,pcs,25,4,21,5,30,8,in_stock
OUT114,,Waypoint Style,Badulla,Kandy,rear_dock,normal,,09:00,17:00,WAY-070,Women,Women's T-Shirt V3,pcs,22,7,15,13,10,12,in_stock
OUT114,,Waypoint Style,Badulla,Kandy,rear_dock,normal,,09:00,17:00,WAY-071,Women,Women's Blouse V3,pcs,35,5,30,17,0,7,in_stock
OUT114,,Waypoint Style,Badulla,Kandy,rear_dock,normal,,09:00,17:00,WAY-072,Women,Women's Dress V3,pcs,16,3,13,18,30,14,low_stock
OUT114,,Waypoint Style,Badulla,Kandy,rear_dock,normal,,09:00,17:00,WAY-073,Women,Women's Jeans V3,pcs,10,3,7,18,0,6,in_stock
OUT114,,Waypoint Style,Badulla,Kandy,rear_dock,normal,,09:00,17:00,WAY-074,Women,Women's Trousers V3,pcs,42,7,35,9,30,18,in_stock
OUT114,,Waypoint Style,Badulla,Kandy,rear_dock,normal,,09:00,17:00,WAY-075,Women,Women's Skirt V3,pcs,22,2,20,10,0,6,in_stock
OUT114,,Waypoint Style,Badulla,Kandy,rear_dock,normal,,09:00,17:00,WAY-076,Women,Women's Hoodie V3,pcs,10,0,10,22,0,11,low_stock
OUT114,,Waypoint Style,Badulla,Kandy,rear_dock,normal,,09:00,17:00,WAY-077,Women,Women's Jacket V3,pcs,30,3,27,8,0,10,in_stock
OUT114,,Waypoint Style,Badulla,Kandy,rear_dock,normal,,09:00,17:00,WAY-078,Kids,Kids T-Shirt V3,pcs,17,1,16,19,10,15,in_stock
OUT114,,Waypoint Style,Badulla,Kandy,rear_dock,normal,,09:00,17:00,WAY-079,Kids,Kids Jeans V3,pcs,40,0,40,15,10,7,in_stock
OUT114,,Waypoint Style,Badulla,Kandy,rear_dock,normal,,09:00,17:00,WAY-080,Kids,Kids Shorts V3,pcs,23,6,17,14,10,10,in_stock
OUT114,,Waypoint Style,Badulla,Kandy,rear_dock,normal,,09:00,17:00,WAY-081,Kids,Kids Dress V3,pcs,13,4,9,3,0,5,in_stock
OUT114,,Waypoint Style,Badulla,Kandy,rear_dock,normal,,09:00,17:00,WAY-082,Footwear,Men's Sneakers V3,pairs,4,3,1,17,0,11,low_stock
OUT114,,Waypoint Style,Badulla,Kandy,rear_dock,normal,,09:00,17:00,WAY-083,Footwear,Women's Sneakers V3,pairs,8,3,5,7,10,16,low_stock
OUT114,,Waypoint Style,Badulla,Kandy,rear_dock,normal,,09:00,17:00,WAY-084,Footwear,Men's Sandals V3,pairs,10,8,2,19,0,13,low_stock
OUT114,,Waypoint Style,Badulla,Kandy,rear_dock,normal,,09:00,17:00,WAY-085,Footwear,Women's Sandals V3,pairs,20,1,19,9,10,5,in_stock
OUT114,,Waypoint Style,Badulla,Kandy,rear_dock,normal,,09:00,17:00,WAY-086,Footwear,Kids' Shoes V3,pairs,31,3,28,18,0,14,in_stock
OUT114,,Waypoint Style,Badulla,Kandy,rear_dock,normal,,09:00,17:00,WAY-087,Accessories,Backpack V3,pcs,6,6,0,16,10,6,out_of_stock
OUT114,,Waypoint Style,Badulla,Kandy,rear_dock,normal,,09:00,17:00,WAY-088,Accessories,Wallet V3,pcs,25,7,18,2,10,6,in_stock
OUT114,,Waypoint Style,Badulla,Kandy,rear_dock,normal,,09:00,17:00,WAY-089,Accessories,Cap V3,pcs,16,3,13,9,10,15,low_stock
OUT114,,Waypoint Style,Badulla,Kandy,rear_dock,normal,,09:00,17:00,WAY-090,Accessories,Belt V3,pcs,25,7,18,22,30,11,in_stock
OUT114,,Waypoint Style,Badulla,Kandy,rear_dock,normal,,09:00,17:00,WAY-091,Men,Men's T-Shirt V4,pcs,5,4,1,12,5,7,low_stock
OUT114,,Waypoint Style,Badulla,Kandy,rear_dock,normal,,09:00,17:00,WAY-092,Men,Men's Polo Shirt V4,pcs,11,4,7,18,20,6,in_stock
OUT114,,Waypoint Style,Badulla,Kandy,rear_dock,normal,,09:00,17:00,WAY-093,Men,Men's Casual Shirt V4,pcs,15,0,15,16,5,13,in_stock
OUT114,,Waypoint Style,Badulla,Kandy,rear_dock,normal,,09:00,17:00,WAY-094,Men,Men's Formal Shirt V4,pcs,39,4,35,10,10,9,in_stock
OUT114,,Waypoint Style,Badulla,Kandy,rear_dock,normal,,09:00,17:00,WAY-095,Men,Men's Jeans V4,pcs,8,0,8,4,5,16,low_stock
OUT114,,Waypoint Style,Badulla,Kandy,rear_dock,normal,,09:00,17:00,WAY-096,Men,Men's Chino V4,pcs,5,5,0,16,5,15,out_of_stock
OUT114,,Waypoint Style,Badulla,Kandy,rear_dock,normal,,09:00,17:00,WAY-097,Men,Men's Shorts V4,pcs,39,0,39,21,0,8,in_stock
OUT114,,Waypoint Style,Badulla,Kandy,rear_dock,normal,,09:00,17:00,WAY-098,Men,Men's Hoodie V4,pcs,26,4,22,16,30,7,in_stock
OUT114,,Waypoint Style,Badulla,Kandy,rear_dock,normal,,09:00,17:00,WAY-099,Men,Men's Jacket V4,pcs,25,6,19,16,0,16,in_stock
OUT114,,Waypoint Style,Badulla,Kandy,rear_dock,normal,,09:00,17:00,WAY-100,Women,Women's T-Shirt V4,pcs,22,7,15,7,30,17,low_stock
OUT114,,Waypoint Style,Badulla,Kandy,rear_dock,normal,,09:00,17:00,WAY-101,Women,Women's Blouse V4,pcs,9,1,8,18,5,7,in_stock
OUT114,,Waypoint Style,Badulla,Kandy,rear_dock,normal,,09:00,17:00,WAY-102,Women,Women's Dress V4,pcs,20,0,20,11,10,12,in_stock
OUT114,,Waypoint Style,Badulla,Kandy,rear_dock,normal,,09:00,17:00,WAY-103,Women,Women's Jeans V4,pcs,31,8,23,21,5,11,in_stock
OUT114,,Waypoint Style,Badulla,Kandy,rear_dock,normal,,09:00,17:00,WAY-104,Women,Women's Trousers V4,pcs,10,7,3,9,0,6,low_stock
OUT114,,Waypoint Style,Badulla,Kandy,rear_dock,normal,,09:00,17:00,WAY-105,Women,Women's Skirt V4,pcs,30,6,24,19,20,15,in_stock
OUT114,,Waypoint Style,Badulla,Kandy,rear_dock,normal,,09:00,17:00,WAY-106,Women,Women's Hoodie V4,pcs,8,5,3,20,0,11,low_stock
OUT114,,Waypoint Style,Badulla,Kandy,rear_dock,normal,,09:00,17:00,WAY-107,Women,Women's Jacket V4,pcs,22,2,20,14,30,18,in_stock
OUT114,,Waypoint Style,Badulla,Kandy,rear_dock,normal,,09:00,17:00,WAY-108,Kids,Kids T-Shirt V4,pcs,14,5,9,3,10,11,low_stock
OUT114,,Waypoint Style,Badulla,Kandy,rear_dock,normal,,09:00,17:00,WAY-109,Kids,Kids Jeans V4,pcs,6,3,3,4,20,11,low_stock
OUT114,,Waypoint Style,Badulla,Kandy,rear_dock,normal,,09:00,17:00,WAY-110,Kids,Kids Shorts V4,pcs,38,7,31,20,0,14,in_stock
OUT114,,Waypoint Style,Badulla,Kandy,rear_dock,normal,,09:00,17:00,WAY-111,Kids,Kids Dress V4,pcs,24,3,21,1,5,9,in_stock
OUT114,,Waypoint Style,Badulla,Kandy,rear_dock,normal,,09:00,17:00,WAY-112,Footwear,Men's Sneakers V4,pairs,25,8,17,14,30,14,in_stock
OUT114,,Waypoint Style,Badulla,Kandy,rear_dock,normal,,09:00,17:00,WAY-113,Footwear,Women's Sneakers V4,pairs,37,7,30,20,0,15,in_stock
OUT114,,Waypoint Style,Badulla,Kandy,rear_dock,normal,,09:00,17:00,WAY-114,Footwear,Men's Sandals V4,pairs,35,0,35,8,20,8,in_stock
OUT114,,Waypoint Style,Badulla,Kandy,rear_dock,normal,,09:00,17:00,WAY-115,Footwear,Women's Sandals V4,pairs,35,3,32,19,0,11,in_stock
OUT114,,Waypoint Style,Badulla,Kandy,rear_dock,normal,,09:00,17:00,WAY-116,Footwear,Kids' Shoes V4,pairs,40,8,32,21,0,6,in_stock
OUT114,,Waypoint Style,Badulla,Kandy,rear_dock,normal,,09:00,17:00,WAY-117,Accessories,Backpack V4,pcs,27,6,21,11,30,11,in_stock
OUT114,,Waypoint Style,Badulla,Kandy,rear_dock,normal,,09:00,17:00,WAY-118,Accessories,Wallet V4,pcs,19,5,14,15,0,15,low_stock
OUT114,,Waypoint Style,Badulla,Kandy,rear_dock,normal,,09:00,17:00,WAY-119,Accessories,Cap V4,pcs,43,1,42,10,10,7,in_stock
OUT114,,Waypoint Style,Badulla,Kandy,rear_dock,normal,,09:00,17:00,WAY-120,Accessories,Belt V4,pcs,21,2,19,5,20,15,in_stock
OUT114,,Waypoint Style,Badulla,Kandy,rear_dock,normal,,09:00,17:00,WAY-121,Men,Men's T-Shirt V5,pcs,35,2,33,3,0,7,in_stock
OUT114,,Waypoint Style,Badulla,Kandy,rear_dock,normal,,09:00,17:00,WAY-122,Men,Men's Polo Shirt V5,pcs,16,6,10,10,0,5,in_stock
OUT114,,Waypoint Style,Badulla,Kandy,rear_dock,normal,,09:00,17:00,WAY-123,Men,Men's Casual Shirt V5,pcs,16,6,10,21,0,12,low_stock
OUT114,,Waypoint Style,Badulla,Kandy,rear_dock,normal,,09:00,17:00,WAY-124,Men,Men's Formal Shirt V5,pcs,43,5,38,8,0,6,in_stock
OUT114,,Waypoint Style,Badulla,Kandy,rear_dock,normal,,09:00,17:00,WAY-125,Men,Men's Jeans V5,pcs,23,3,20,12,0,13,in_stock
OUT114,,Waypoint Style,Badulla,Kandy,rear_dock,normal,,09:00,17:00,WAY-126,Men,Men's Chino V5,pcs,14,0,14,16,30,11,in_stock
OUT114,,Waypoint Style,Badulla,Kandy,rear_dock,normal,,09:00,17:00,WAY-127,Men,Men's Shorts V5,pcs,7,4,3,18,10,6,low_stock
OUT114,,Waypoint Style,Badulla,Kandy,rear_dock,normal,,09:00,17:00,WAY-128,Men,Men's Hoodie V5,pcs,25,0,25,6,20,16,in_stock
OUT114,,Waypoint Style,Badulla,Kandy,rear_dock,normal,,09:00,17:00,WAY-129,Men,Men's Jacket V5,pcs,34,7,27,20,20,9,in_stock
OUT114,,Waypoint Style,Badulla,Kandy,rear_dock,normal,,09:00,17:00,WAY-130,Women,Women's T-Shirt V5,pcs,19,3,16,2,0,14,in_stock
OUT114,,Waypoint Style,Badulla,Kandy,rear_dock,normal,,09:00,17:00,WAY-131,Women,Women's Blouse V5,pcs,15,5,10,19,30,7,in_stock
OUT114,,Waypoint Style,Badulla,Kandy,rear_dock,normal,,09:00,17:00,WAY-132,Women,Women's Dress V5,pcs,36,0,36,3,0,7,in_stock
OUT114,,Waypoint Style,Badulla,Kandy,rear_dock,normal,,09:00,17:00,WAY-133,Women,Women's Jeans V5,pcs,37,2,35,15,0,17,in_stock
OUT114,,Waypoint Style,Badulla,Kandy,rear_dock,normal,,09:00,17:00,WAY-134,Women,Women's Trousers V5,pcs,23,4,19,10,0,11,in_stock
OUT114,,Waypoint Style,Badulla,Kandy,rear_dock,normal,,09:00,17:00,WAY-135,Women,Women's Skirt V5,pcs,4,0,4,7,10,9,low_stock
OUT114,,Waypoint Style,Badulla,Kandy,rear_dock,normal,,09:00,17:00,WAY-136,Women,Women's Hoodie V5,pcs,44,4,40,11,0,14,in_stock
OUT114,,Waypoint Style,Badulla,Kandy,rear_dock,normal,,09:00,17:00,WAY-137,Women,Women's Jacket V5,pcs,8,0,8,8,10,12,low_stock
OUT114,,Waypoint Style,Badulla,Kandy,rear_dock,normal,,09:00,17:00,WAY-138,Kids,Kids T-Shirt V5,pcs,32,8,24,8,10,14,in_stock
OUT114,,Waypoint Style,Badulla,Kandy,rear_dock,normal,,09:00,17:00,WAY-139,Kids,Kids Jeans V5,pcs,8,5,3,6,30,16,low_stock
OUT114,,Waypoint Style,Badulla,Kandy,rear_dock,normal,,09:00,17:00,WAY-140,Kids,Kids Shorts V5,pcs,7,5,2,1,5,7,low_stock
OUT114,,Waypoint Style,Badulla,Kandy,rear_dock,normal,,09:00,17:00,WAY-141,Kids,Kids Dress V5,pcs,18,8,10,5,10,12,low_stock
OUT114,,Waypoint Style,Badulla,Kandy,rear_dock,normal,,09:00,17:00,WAY-142,Footwear,Men's Sneakers V5,pairs,42,1,41,9,20,16,in_stock
OUT114,,Waypoint Style,Badulla,Kandy,rear_dock,normal,,09:00,17:00,WAY-143,Footwear,Women's Sneakers V5,pairs,37,5,32,9,0,14,in_stock
OUT114,,Waypoint Style,Badulla,Kandy,rear_dock,normal,,09:00,17:00,WAY-144,Footwear,Men's Sandals V5,pairs,6,3,3,12,10,7,low_stock
OUT114,,Waypoint Style,Badulla,Kandy,rear_dock,normal,,09:00,17:00,WAY-145,Footwear,Women's Sandals V5,pairs,41,2,39,8,10,9,in_stock
OUT114,,Waypoint Style,Badulla,Kandy,rear_dock,normal,,09:00,17:00,WAY-146,Footwear,Kids' Shoes V5,pairs,18,4,14,19,5,8,in_stock
OUT114,,Waypoint Style,Badulla,Kandy,rear_dock,normal,,09:00,17:00,WAY-147,Accessories,Backpack V5,pcs,9,7,2,16,0,16,low_stock
OUT114,,Waypoint Style,Badulla,Kandy,rear_dock,normal,,09:00,17:00,WAY-148,Accessories,Wallet V5,pcs,33,7,26,1,0,9,in_stock
OUT114,,Waypoint Style,Badulla,Kandy,rear_dock,normal,,09:00,17:00,WAY-149,Accessories,Cap V5,pcs,12,2,10,12,0,14,low_stock
OUT114,,Waypoint Style,Badulla,Kandy,rear_dock,normal,,09:00,17:00,WAY-150,Accessories,Belt V5,pcs,18,4,14,14,20,10,in_stock
OUT114,,Waypoint Style,Badulla,Kandy,rear_dock,normal,,09:00,17:00,WAY-151,Men,Men's T-Shirt V6,pcs,22,8,14,17,5,7,in_stock
OUT114,,Waypoint Style,Badulla,Kandy,rear_dock,normal,,09:00,17:00,WAY-152,Men,Men's Polo Shirt V6,pcs,29,7,22,17,0,18,in_stock
OUT114,,Waypoint Style,Badulla,Kandy,rear_dock,normal,,09:00,17:00,WAY-153,Men,Men's Casual Shirt V6,pcs,8,7,1,4,0,7,low_stock
OUT114,,Waypoint Style,Badulla,Kandy,rear_dock,normal,,09:00,17:00,WAY-154,Men,Men's Formal Shirt V6,pcs,29,6,23,1,0,5,in_stock
OUT114,,Waypoint Style,Badulla,Kandy,rear_dock,normal,,09:00,17:00,WAY-155,Men,Men's Jeans V6,pcs,38,5,33,4,30,5,in_stock
OUT114,,Waypoint Style,Badulla,Kandy,rear_dock,normal,,09:00,17:00,WAY-156,Men,Men's Chino V6,pcs,4,1,3,8,5,15,low_stock
OUT114,,Waypoint Style,Badulla,Kandy,rear_dock,normal,,09:00,17:00,WAY-157,Men,Men's Shorts V6,pcs,38,0,38,6,5,14,in_stock
OUT114,,Waypoint Style,Badulla,Kandy,rear_dock,normal,,09:00,17:00,WAY-158,Men,Men's Hoodie V6,pcs,4,0,4,18,5,16,low_stock
OUT114,,Waypoint Style,Badulla,Kandy,rear_dock,normal,,09:00,17:00,WAY-159,Men,Men's Jacket V6,pcs,12,5,7,18,10,14,low_stock
OUT114,,Waypoint Style,Badulla,Kandy,rear_dock,normal,,09:00,17:00,WAY-160,Women,Women's T-Shirt V6,pcs,11,6,5,1,20,7,low_stock
OUT114,,Waypoint Style,Badulla,Kandy,rear_dock,normal,,09:00,17:00,WAY-161,Women,Women's Blouse V6,pcs,44,0,44,17,20,13,in_stock
OUT114,,Waypoint Style,Badulla,Kandy,rear_dock,normal,,09:00,17:00,WAY-162,Women,Women's Dress V6,pcs,31,2,29,14,0,13,in_stock
OUT114,,Waypoint Style,Badulla,Kandy,rear_dock,normal,,09:00,17:00,WAY-163,Women,Women's Jeans V6,pcs,44,4,40,1,30,11,in_stock
OUT114,,Waypoint Style,Badulla,Kandy,rear_dock,normal,,09:00,17:00,WAY-164,Women,Women's Trousers V6,pcs,12,3,9,12,0,14,low_stock
OUT114,,Waypoint Style,Badulla,Kandy,rear_dock,normal,,09:00,17:00,WAY-165,Women,Women's Skirt V6,pcs,31,5,26,12,0,16,in_stock
OUT114,,Waypoint Style,Badulla,Kandy,rear_dock,normal,,09:00,17:00,WAY-166,Women,Women's Hoodie V6,pcs,38,8,30,21,0,8,in_stock
OUT114,,Waypoint Style,Badulla,Kandy,rear_dock,normal,,09:00,17:00,WAY-167,Women,Women's Jacket V6,pcs,21,4,17,14,0,8,in_stock
OUT114,,Waypoint Style,Badulla,Kandy,rear_dock,normal,,09:00,17:00,WAY-168,Kids,Kids T-Shirt V6,pcs,26,0,26,19,20,14,in_stock
OUT114,,Waypoint Style,Badulla,Kandy,rear_dock,normal,,09:00,17:00,WAY-169,Kids,Kids Jeans V6,pcs,4,3,1,2,5,7,low_stock
OUT114,,Waypoint Style,Badulla,Kandy,rear_dock,normal,,09:00,17:00,WAY-170,Kids,Kids Shorts V6,pcs,12,7,5,17,20,5,low_stock
OUT114,,Waypoint Style,Badulla,Kandy,rear_dock,normal,,09:00,17:00,WAY-171,Kids,Kids Dress V6,pcs,13,8,5,18,10,7,low_stock
OUT114,,Waypoint Style,Badulla,Kandy,rear_dock,normal,,09:00,17:00,WAY-172,Footwear,Men's Sneakers V6,pairs,18,8,10,5,30,15,low_stock
OUT114,,Waypoint Style,Badulla,Kandy,rear_dock,normal,,09:00,17:00,WAY-173,Footwear,Women's Sneakers V6,pairs,16,5,11,11,30,6,in_stock
OUT114,,Waypoint Style,Badulla,Kandy,rear_dock,normal,,09:00,17:00,WAY-174,Footwear,Men's Sandals V6,pairs,38,1,37,20,0,10,in_stock
OUT114,,Waypoint Style,Badulla,Kandy,rear_dock,normal,,09:00,17:00,WAY-175,Footwear,Women's Sandals V6,pairs,20,3,17,8,5,10,in_stock
OUT114,,Waypoint Style,Badulla,Kandy,rear_dock,normal,,09:00,17:00,WAY-176,Footwear,Kids' Shoes V6,pairs,36,8,28,21,0,6,in_stock
OUT114,,Waypoint Style,Badulla,Kandy,rear_dock,normal,,09:00,17:00,WAY-177,Accessories,Backpack V6,pcs,13,6,7,3,0,5,in_stock
OUT114,,Waypoint Style,Badulla,Kandy,rear_dock,normal,,09:00,17:00,WAY-178,Accessories,Wallet V6,pcs,44,6,38,5,30,15,in_stock
OUT114,,Waypoint Style,Badulla,Kandy,rear_dock,normal,,09:00,17:00,WAY-179,Accessories,Cap V6,pcs,8,5,3,10,5,17,low_stock
OUT114,,Waypoint Style,Badulla,Kandy,rear_dock,normal,,09:00,17:00,WAY-180,Accessories,Belt V6,pcs,44,1,43,13,30,16,in_stock
OUT114,,Waypoint Style,Badulla,Kandy,rear_dock,normal,,09:00,17:00,WAY-181,Men,Men's T-Shirt V7,pcs,8,2,6,11,5,8,low_stock
OUT114,,Waypoint Style,Badulla,Kandy,rear_dock,normal,,09:00,17:00,WAY-182,Men,Men's Polo Shirt V7,pcs,38,4,34,18,0,14,in_stock
OUT114,,Waypoint Style,Badulla,Kandy,rear_dock,normal,,09:00,17:00,WAY-183,Men,Men's Casual Shirt V7,pcs,26,4,22,22,0,16,in_stock
OUT114,,Waypoint Style,Badulla,Kandy,rear_dock,normal,,09:00,17:00,WAY-184,Men,Men's Formal Shirt V7,pcs,4,4,0,18,5,9,out_of_stock
OUT114,,Waypoint Style,Badulla,Kandy,rear_dock,normal,,09:00,17:00,WAY-185,Men,Men's Jeans V7,pcs,31,6,25,20,30,12,in_stock
OUT114,,Waypoint Style,Badulla,Kandy,rear_dock,normal,,09:00,17:00,WAY-186,Men,Men's Chino V7,pcs,19,4,15,13,20,8,in_stock
OUT114,,Waypoint Style,Badulla,Kandy,rear_dock,normal,,09:00,17:00,WAY-187,Men,Men's Shorts V7,pcs,10,3,7,17,0,12,low_stock
OUT114,,Waypoint Style,Badulla,Kandy,rear_dock,normal,,09:00,17:00,WAY-188,Men,Men's Hoodie V7,pcs,6,5,1,2,30,15,low_stock
OUT114,,Waypoint Style,Badulla,Kandy,rear_dock,normal,,09:00,17:00,WAY-189,Men,Men's Jacket V7,pcs,22,6,16,5,30,11,in_stock
OUT114,,Waypoint Style,Badulla,Kandy,rear_dock,normal,,09:00,17:00,WAY-190,Women,Women's T-Shirt V7,pcs,15,3,12,16,0,10,in_stock
OUT114,,Waypoint Style,Badulla,Kandy,rear_dock,normal,,09:00,17:00,WAY-191,Women,Women's Blouse V7,pcs,13,8,5,11,30,9,low_stock
OUT114,,Waypoint Style,Badulla,Kandy,rear_dock,normal,,09:00,17:00,WAY-192,Women,Women's Dress V7,pcs,11,3,8,6,0,16,low_stock
OUT114,,Waypoint Style,Badulla,Kandy,rear_dock,normal,,09:00,17:00,WAY-193,Women,Women's Jeans V7,pcs,9,6,3,5,10,12,low_stock
OUT114,,Waypoint Style,Badulla,Kandy,rear_dock,normal,,09:00,17:00,WAY-194,Women,Women's Trousers V7,pcs,30,2,28,22,0,13,in_stock
OUT114,,Waypoint Style,Badulla,Kandy,rear_dock,normal,,09:00,17:00,WAY-195,Women,Women's Skirt V7,pcs,40,2,38,18,0,5,in_stock
OUT114,,Waypoint Style,Badulla,Kandy,rear_dock,normal,,09:00,17:00,WAY-196,Women,Women's Hoodie V7,pcs,18,1,17,2,0,13,in_stock
OUT114,,Waypoint Style,Badulla,Kandy,rear_dock,normal,,09:00,17:00,WAY-197,Women,Women's Jacket V7,pcs,21,6,15,22,5,17,low_stock
OUT114,,Waypoint Style,Badulla,Kandy,rear_dock,normal,,09:00,17:00,WAY-198,Kids,Kids T-Shirt V7,pcs,35,3,32,18,5,9,in_stock
OUT114,,Waypoint Style,Badulla,Kandy,rear_dock,normal,,09:00,17:00,WAY-199,Kids,Kids Jeans V7,pcs,38,1,37,16,0,11,in_stock
OUT114,,Waypoint Style,Badulla,Kandy,rear_dock,normal,,09:00,17:00,WAY-200,Kids,Kids Shorts V7,pcs,27,6,21,15,0,9,in_stock
OUT120,,Waypoint Style,Kegalle,Kandy,rear_dock,normal,,09:00,17:00,WAY-001,Men,Men's T-Shirt,pcs,5,0,5,5,0,14,low_stock
OUT120,,Waypoint Style,Kegalle,Kandy,rear_dock,normal,,09:00,17:00,WAY-002,Men,Men's Polo Shirt,pcs,26,2,24,3,5,12,in_stock
OUT120,,Waypoint Style,Kegalle,Kandy,rear_dock,normal,,09:00,17:00,WAY-003,Men,Men's Casual Shirt,pcs,4,1,3,16,30,17,low_stock
OUT120,,Waypoint Style,Kegalle,Kandy,rear_dock,normal,,09:00,17:00,WAY-004,Men,Men's Formal Shirt,pcs,36,5,31,18,30,15,in_stock
OUT120,,Waypoint Style,Kegalle,Kandy,rear_dock,normal,,09:00,17:00,WAY-005,Men,Men's Jeans,pcs,7,0,7,11,30,9,low_stock
OUT120,,Waypoint Style,Kegalle,Kandy,rear_dock,normal,,09:00,17:00,WAY-006,Men,Men's Chino,pcs,26,6,20,18,30,5,in_stock
OUT120,,Waypoint Style,Kegalle,Kandy,rear_dock,normal,,09:00,17:00,WAY-007,Men,Men's Shorts,pcs,36,1,35,5,30,14,in_stock
OUT120,,Waypoint Style,Kegalle,Kandy,rear_dock,normal,,09:00,17:00,WAY-008,Men,Men's Hoodie,pcs,12,2,10,2,10,17,low_stock
OUT120,,Waypoint Style,Kegalle,Kandy,rear_dock,normal,,09:00,17:00,WAY-009,Men,Men's Jacket,pcs,38,5,33,22,0,5,in_stock
OUT120,,Waypoint Style,Kegalle,Kandy,rear_dock,normal,,09:00,17:00,WAY-010,Women,Women's T-Shirt,pcs,33,5,28,18,0,10,in_stock
OUT120,,Waypoint Style,Kegalle,Kandy,rear_dock,normal,,09:00,17:00,WAY-011,Women,Women's Blouse,pcs,10,3,7,12,20,13,low_stock
OUT120,,Waypoint Style,Kegalle,Kandy,rear_dock,normal,,09:00,17:00,WAY-012,Women,Women's Dress,pcs,17,3,14,18,10,17,low_stock
OUT120,,Waypoint Style,Kegalle,Kandy,rear_dock,normal,,09:00,17:00,WAY-013,Women,Women's Jeans,pcs,33,7,26,6,30,14,in_stock
OUT120,,Waypoint Style,Kegalle,Kandy,rear_dock,normal,,09:00,17:00,WAY-014,Women,Women's Trousers,pcs,44,4,40,18,10,13,in_stock
OUT120,,Waypoint Style,Kegalle,Kandy,rear_dock,normal,,09:00,17:00,WAY-015,Women,Women's Skirt,pcs,35,2,33,18,5,18,in_stock
OUT120,,Waypoint Style,Kegalle,Kandy,rear_dock,normal,,09:00,17:00,WAY-016,Women,Women's Hoodie,pcs,42,3,39,7,20,18,in_stock
OUT120,,Waypoint Style,Kegalle,Kandy,rear_dock,normal,,09:00,17:00,WAY-017,Women,Women's Jacket,pcs,27,5,22,4,0,18,in_stock
OUT120,,Waypoint Style,Kegalle,Kandy,rear_dock,normal,,09:00,17:00,WAY-018,Kids,Kids T-Shirt,pcs,18,0,18,22,0,16,in_stock
OUT120,,Waypoint Style,Kegalle,Kandy,rear_dock,normal,,09:00,17:00,WAY-019,Kids,Kids Jeans,pcs,8,0,8,17,5,13,low_stock
OUT120,,Waypoint Style,Kegalle,Kandy,rear_dock,normal,,09:00,17:00,WAY-020,Kids,Kids Shorts,pcs,41,6,35,18,30,16,in_stock
OUT120,,Waypoint Style,Kegalle,Kandy,rear_dock,normal,,09:00,17:00,WAY-021,Kids,Kids Dress,pcs,24,0,24,7,0,16,in_stock
OUT120,,Waypoint Style,Kegalle,Kandy,rear_dock,normal,,09:00,17:00,WAY-022,Footwear,Men's Sneakers,pairs,31,7,24,14,0,16,in_stock
OUT120,,Waypoint Style,Kegalle,Kandy,rear_dock,normal,,09:00,17:00,WAY-023,Footwear,Women's Sneakers,pairs,7,0,7,10,0,14,low_stock
OUT120,,Waypoint Style,Kegalle,Kandy,rear_dock,normal,,09:00,17:00,WAY-024,Footwear,Men's Sandals,pairs,41,2,39,20,5,7,in_stock
OUT120,,Waypoint Style,Kegalle,Kandy,rear_dock,normal,,09:00,17:00,WAY-025,Footwear,Women's Sandals,pairs,7,4,3,21,0,13,low_stock
OUT120,,Waypoint Style,Kegalle,Kandy,rear_dock,normal,,09:00,17:00,WAY-026,Footwear,Kids' Shoes,pairs,15,5,10,22,30,14,low_stock
OUT120,,Waypoint Style,Kegalle,Kandy,rear_dock,normal,,09:00,17:00,WAY-027,Accessories,Backpack,pcs,10,4,6,11,10,9,low_stock
OUT120,,Waypoint Style,Kegalle,Kandy,rear_dock,normal,,09:00,17:00,WAY-028,Accessories,Wallet,pcs,19,5,14,17,0,16,low_stock
OUT120,,Waypoint Style,Kegalle,Kandy,rear_dock,normal,,09:00,17:00,WAY-029,Accessories,Cap,pcs,22,3,19,4,5,9,in_stock
OUT120,,Waypoint Style,Kegalle,Kandy,rear_dock,normal,,09:00,17:00,WAY-030,Accessories,Belt,pcs,8,2,6,17,0,7,low_stock
OUT120,,Waypoint Style,Kegalle,Kandy,rear_dock,normal,,09:00,17:00,WAY-031,Men,Men's T-Shirt V2,pcs,31,2,29,8,20,7,in_stock
OUT120,,Waypoint Style,Kegalle,Kandy,rear_dock,normal,,09:00,17:00,WAY-032,Men,Men's Polo Shirt V2,pcs,33,2,31,15,0,9,in_stock
OUT120,,Waypoint Style,Kegalle,Kandy,rear_dock,normal,,09:00,17:00,WAY-033,Men,Men's Casual Shirt V2,pcs,41,3,38,15,5,13,in_stock
OUT120,,Waypoint Style,Kegalle,Kandy,rear_dock,normal,,09:00,17:00,WAY-034,Men,Men's Formal Shirt V2,pcs,21,1,20,8,0,10,in_stock
OUT120,,Waypoint Style,Kegalle,Kandy,rear_dock,normal,,09:00,17:00,WAY-035,Men,Men's Jeans V2,pcs,44,7,37,3,5,16,in_stock
OUT120,,Waypoint Style,Kegalle,Kandy,rear_dock,normal,,09:00,17:00,WAY-036,Men,Men's Chino V2,pcs,19,8,11,10,0,14,low_stock
OUT120,,Waypoint Style,Kegalle,Kandy,rear_dock,normal,,09:00,17:00,WAY-037,Men,Men's Shorts V2,pcs,7,4,3,10,0,13,low_stock
OUT120,,Waypoint Style,Kegalle,Kandy,rear_dock,normal,,09:00,17:00,WAY-038,Men,Men's Hoodie V2,pcs,39,5,34,21,0,7,in_stock
OUT120,,Waypoint Style,Kegalle,Kandy,rear_dock,normal,,09:00,17:00,WAY-039,Men,Men's Jacket V2,pcs,7,6,1,3,5,7,low_stock
OUT120,,Waypoint Style,Kegalle,Kandy,rear_dock,normal,,09:00,17:00,WAY-040,Women,Women's T-Shirt V2,pcs,15,5,10,12,0,5,in_stock
OUT120,,Waypoint Style,Kegalle,Kandy,rear_dock,normal,,09:00,17:00,WAY-041,Women,Women's Blouse V2,pcs,9,3,6,18,10,9,low_stock
OUT120,,Waypoint Style,Kegalle,Kandy,rear_dock,normal,,09:00,17:00,WAY-042,Women,Women's Dress V2,pcs,16,2,14,7,5,16,low_stock
OUT120,,Waypoint Style,Kegalle,Kandy,rear_dock,normal,,09:00,17:00,WAY-043,Women,Women's Jeans V2,pcs,25,6,19,15,20,16,in_stock
OUT120,,Waypoint Style,Kegalle,Kandy,rear_dock,normal,,09:00,17:00,WAY-044,Women,Women's Trousers V2,pcs,4,1,3,10,5,17,low_stock
OUT120,,Waypoint Style,Kegalle,Kandy,rear_dock,normal,,09:00,17:00,WAY-045,Women,Women's Skirt V2,pcs,34,3,31,5,5,6,in_stock
OUT120,,Waypoint Style,Kegalle,Kandy,rear_dock,normal,,09:00,17:00,WAY-046,Women,Women's Hoodie V2,pcs,36,1,35,7,5,16,in_stock
OUT120,,Waypoint Style,Kegalle,Kandy,rear_dock,normal,,09:00,17:00,WAY-047,Women,Women's Jacket V2,pcs,12,4,8,10,20,11,low_stock
OUT120,,Waypoint Style,Kegalle,Kandy,rear_dock,normal,,09:00,17:00,WAY-048,Kids,Kids T-Shirt V2,pcs,27,2,25,7,5,5,in_stock
OUT120,,Waypoint Style,Kegalle,Kandy,rear_dock,normal,,09:00,17:00,WAY-049,Kids,Kids Jeans V2,pcs,5,3,2,15,10,10,low_stock
OUT120,,Waypoint Style,Kegalle,Kandy,rear_dock,normal,,09:00,17:00,WAY-050,Kids,Kids Shorts V2,pcs,11,5,6,18,30,13,low_stock
OUT120,,Waypoint Style,Kegalle,Kandy,rear_dock,normal,,09:00,17:00,WAY-051,Kids,Kids Dress V2,pcs,11,8,3,20,10,17,low_stock
OUT120,,Waypoint Style,Kegalle,Kandy,rear_dock,normal,,09:00,17:00,WAY-052,Footwear,Men's Sneakers V2,pairs,32,6,26,2,5,12,in_stock
OUT120,,Waypoint Style,Kegalle,Kandy,rear_dock,normal,,09:00,17:00,WAY-053,Footwear,Women's Sneakers V2,pairs,6,4,2,18,0,15,low_stock
OUT120,,Waypoint Style,Kegalle,Kandy,rear_dock,normal,,09:00,17:00,WAY-054,Footwear,Men's Sandals V2,pairs,32,7,25,4,0,9,in_stock
OUT120,,Waypoint Style,Kegalle,Kandy,rear_dock,normal,,09:00,17:00,WAY-055,Footwear,Women's Sandals V2,pairs,12,4,8,2,10,11,low_stock
OUT120,,Waypoint Style,Kegalle,Kandy,rear_dock,normal,,09:00,17:00,WAY-056,Footwear,Kids' Shoes V2,pairs,15,7,8,10,0,14,low_stock
OUT120,,Waypoint Style,Kegalle,Kandy,rear_dock,normal,,09:00,17:00,WAY-057,Accessories,Backpack V2,pcs,25,0,25,7,10,17,in_stock
OUT120,,Waypoint Style,Kegalle,Kandy,rear_dock,normal,,09:00,17:00,WAY-058,Accessories,Wallet V2,pcs,36,2,34,5,0,10,in_stock
OUT120,,Waypoint Style,Kegalle,Kandy,rear_dock,normal,,09:00,17:00,WAY-059,Accessories,Cap V2,pcs,31,1,30,15,30,17,in_stock
OUT120,,Waypoint Style,Kegalle,Kandy,rear_dock,normal,,09:00,17:00,WAY-060,Accessories,Belt V2,pcs,37,7,30,19,20,12,in_stock
OUT120,,Waypoint Style,Kegalle,Kandy,rear_dock,normal,,09:00,17:00,WAY-061,Men,Men's T-Shirt V3,pcs,11,2,9,16,0,13,low_stock
OUT120,,Waypoint Style,Kegalle,Kandy,rear_dock,normal,,09:00,17:00,WAY-062,Men,Men's Polo Shirt V3,pcs,23,0,23,12,10,15,in_stock
OUT120,,Waypoint Style,Kegalle,Kandy,rear_dock,normal,,09:00,17:00,WAY-063,Men,Men's Casual Shirt V3,pcs,40,0,40,10,0,15,in_stock
OUT120,,Waypoint Style,Kegalle,Kandy,rear_dock,normal,,09:00,17:00,WAY-064,Men,Men's Formal Shirt V3,pcs,6,0,6,1,5,17,low_stock
OUT120,,Waypoint Style,Kegalle,Kandy,rear_dock,normal,,09:00,17:00,WAY-065,Men,Men's Jeans V3,pcs,17,1,16,19,5,17,low_stock
OUT120,,Waypoint Style,Kegalle,Kandy,rear_dock,normal,,09:00,17:00,WAY-066,Men,Men's Chino V3,pcs,21,5,16,8,20,7,in_stock
OUT120,,Waypoint Style,Kegalle,Kandy,rear_dock,normal,,09:00,17:00,WAY-067,Men,Men's Shorts V3,pcs,5,3,2,4,0,7,low_stock
OUT120,,Waypoint Style,Kegalle,Kandy,rear_dock,normal,,09:00,17:00,WAY-068,Men,Men's Hoodie V3,pcs,42,3,39,7,0,17,in_stock
OUT120,,Waypoint Style,Kegalle,Kandy,rear_dock,normal,,09:00,17:00,WAY-069,Men,Men's Jacket V3,pcs,26,7,19,4,0,15,in_stock
OUT120,,Waypoint Style,Kegalle,Kandy,rear_dock,normal,,09:00,17:00,WAY-070,Women,Women's T-Shirt V3,pcs,33,7,26,14,30,6,in_stock
OUT120,,Waypoint Style,Kegalle,Kandy,rear_dock,normal,,09:00,17:00,WAY-071,Women,Women's Blouse V3,pcs,10,5,5,11,5,6,low_stock
OUT120,,Waypoint Style,Kegalle,Kandy,rear_dock,normal,,09:00,17:00,WAY-072,Women,Women's Dress V3,pcs,16,1,15,13,5,7,in_stock
OUT120,,Waypoint Style,Kegalle,Kandy,rear_dock,normal,,09:00,17:00,WAY-073,Women,Women's Jeans V3,pcs,4,0,4,11,20,7,low_stock
OUT120,,Waypoint Style,Kegalle,Kandy,rear_dock,normal,,09:00,17:00,WAY-074,Women,Women's Trousers V3,pcs,7,1,6,11,10,9,low_stock
OUT120,,Waypoint Style,Kegalle,Kandy,rear_dock,normal,,09:00,17:00,WAY-075,Women,Women's Skirt V3,pcs,11,4,7,9,20,14,low_stock
OUT120,,Waypoint Style,Kegalle,Kandy,rear_dock,normal,,09:00,17:00,WAY-076,Women,Women's Hoodie V3,pcs,38,1,37,5,30,8,in_stock
OUT120,,Waypoint Style,Kegalle,Kandy,rear_dock,normal,,09:00,17:00,WAY-077,Women,Women's Jacket V3,pcs,20,4,16,21,0,10,in_stock
OUT120,,Waypoint Style,Kegalle,Kandy,rear_dock,normal,,09:00,17:00,WAY-078,Kids,Kids T-Shirt V3,pcs,31,0,31,20,20,9,in_stock
OUT120,,Waypoint Style,Kegalle,Kandy,rear_dock,normal,,09:00,17:00,WAY-079,Kids,Kids Jeans V3,pcs,15,1,14,20,10,15,low_stock
OUT120,,Waypoint Style,Kegalle,Kandy,rear_dock,normal,,09:00,17:00,WAY-080,Kids,Kids Shorts V3,pcs,19,2,17,18,20,18,low_stock
OUT120,,Waypoint Style,Kegalle,Kandy,rear_dock,normal,,09:00,17:00,WAY-081,Kids,Kids Dress V3,pcs,22,4,18,7,30,8,in_stock
OUT120,,Waypoint Style,Kegalle,Kandy,rear_dock,normal,,09:00,17:00,WAY-082,Footwear,Men's Sneakers V3,pairs,40,1,39,21,5,12,in_stock
OUT120,,Waypoint Style,Kegalle,Kandy,rear_dock,normal,,09:00,17:00,WAY-083,Footwear,Women's Sneakers V3,pairs,22,7,15,14,0,7,in_stock
OUT120,,Waypoint Style,Kegalle,Kandy,rear_dock,normal,,09:00,17:00,WAY-084,Footwear,Men's Sandals V3,pairs,11,5,6,10,0,6,low_stock
OUT120,,Waypoint Style,Kegalle,Kandy,rear_dock,normal,,09:00,17:00,WAY-085,Footwear,Women's Sandals V3,pairs,31,2,29,13,20,13,in_stock
OUT120,,Waypoint Style,Kegalle,Kandy,rear_dock,normal,,09:00,17:00,WAY-086,Footwear,Kids' Shoes V3,pairs,10,0,10,8,0,9,in_stock
OUT120,,Waypoint Style,Kegalle,Kandy,rear_dock,normal,,09:00,17:00,WAY-087,Accessories,Backpack V3,pcs,4,0,4,7,0,16,low_stock
OUT120,,Waypoint Style,Kegalle,Kandy,rear_dock,normal,,09:00,17:00,WAY-088,Accessories,Wallet V3,pcs,45,2,43,9,30,17,in_stock
OUT120,,Waypoint Style,Kegalle,Kandy,rear_dock,normal,,09:00,17:00,WAY-089,Accessories,Cap V3,pcs,28,1,27,1,10,13,in_stock
OUT120,,Waypoint Style,Kegalle,Kandy,rear_dock,normal,,09:00,17:00,WAY-090,Accessories,Belt V3,pcs,31,1,30,18,10,17,in_stock
OUT120,,Waypoint Style,Kegalle,Kandy,rear_dock,normal,,09:00,17:00,WAY-091,Men,Men's T-Shirt V4,pcs,15,8,7,20,0,11,low_stock
OUT120,,Waypoint Style,Kegalle,Kandy,rear_dock,normal,,09:00,17:00,WAY-092,Men,Men's Polo Shirt V4,pcs,13,3,10,14,30,15,low_stock
OUT120,,Waypoint Style,Kegalle,Kandy,rear_dock,normal,,09:00,17:00,WAY-093,Men,Men's Casual Shirt V4,pcs,18,1,17,3,5,6,in_stock
OUT120,,Waypoint Style,Kegalle,Kandy,rear_dock,normal,,09:00,17:00,WAY-094,Men,Men's Formal Shirt V4,pcs,29,7,22,1,30,16,in_stock
OUT120,,Waypoint Style,Kegalle,Kandy,rear_dock,normal,,09:00,17:00,WAY-095,Men,Men's Jeans V4,pcs,32,2,30,10,10,11,in_stock
OUT120,,Waypoint Style,Kegalle,Kandy,rear_dock,normal,,09:00,17:00,WAY-096,Men,Men's Chino V4,pcs,24,2,22,10,0,9,in_stock
OUT120,,Waypoint Style,Kegalle,Kandy,rear_dock,normal,,09:00,17:00,WAY-097,Men,Men's Shorts V4,pcs,20,7,13,2,0,7,in_stock
OUT120,,Waypoint Style,Kegalle,Kandy,rear_dock,normal,,09:00,17:00,WAY-098,Men,Men's Hoodie V4,pcs,22,6,16,12,5,7,in_stock
OUT120,,Waypoint Style,Kegalle,Kandy,rear_dock,normal,,09:00,17:00,WAY-099,Men,Men's Jacket V4,pcs,42,6,36,17,5,16,in_stock
OUT120,,Waypoint Style,Kegalle,Kandy,rear_dock,normal,,09:00,17:00,WAY-100,Women,Women's T-Shirt V4,pcs,45,2,43,8,0,10,in_stock
OUT120,,Waypoint Style,Kegalle,Kandy,rear_dock,normal,,09:00,17:00,WAY-101,Women,Women's Blouse V4,pcs,29,0,29,9,0,5,in_stock
OUT120,,Waypoint Style,Kegalle,Kandy,rear_dock,normal,,09:00,17:00,WAY-102,Women,Women's Dress V4,pcs,11,8,3,19,20,8,low_stock
OUT120,,Waypoint Style,Kegalle,Kandy,rear_dock,normal,,09:00,17:00,WAY-103,Women,Women's Jeans V4,pcs,5,2,3,16,30,9,low_stock
OUT120,,Waypoint Style,Kegalle,Kandy,rear_dock,normal,,09:00,17:00,WAY-104,Women,Women's Trousers V4,pcs,4,4,0,14,5,18,out_of_stock
OUT120,,Waypoint Style,Kegalle,Kandy,rear_dock,normal,,09:00,17:00,WAY-105,Women,Women's Skirt V4,pcs,23,3,20,12,5,7,in_stock
OUT120,,Waypoint Style,Kegalle,Kandy,rear_dock,normal,,09:00,17:00,WAY-106,Women,Women's Hoodie V4,pcs,4,1,3,18,10,15,low_stock
OUT120,,Waypoint Style,Kegalle,Kandy,rear_dock,normal,,09:00,17:00,WAY-107,Women,Women's Jacket V4,pcs,6,1,5,20,0,8,low_stock
OUT120,,Waypoint Style,Kegalle,Kandy,rear_dock,normal,,09:00,17:00,WAY-108,Kids,Kids T-Shirt V4,pcs,8,2,6,1,20,18,low_stock
OUT120,,Waypoint Style,Kegalle,Kandy,rear_dock,normal,,09:00,17:00,WAY-109,Kids,Kids Jeans V4,pcs,9,3,6,4,0,7,low_stock
OUT120,,Waypoint Style,Kegalle,Kandy,rear_dock,normal,,09:00,17:00,WAY-110,Kids,Kids Shorts V4,pcs,16,4,12,12,30,11,in_stock
OUT120,,Waypoint Style,Kegalle,Kandy,rear_dock,normal,,09:00,17:00,WAY-111,Kids,Kids Dress V4,pcs,35,5,30,12,10,5,in_stock
OUT120,,Waypoint Style,Kegalle,Kandy,rear_dock,normal,,09:00,17:00,WAY-112,Footwear,Men's Sneakers V4,pairs,35,0,35,6,5,7,in_stock
OUT120,,Waypoint Style,Kegalle,Kandy,rear_dock,normal,,09:00,17:00,WAY-113,Footwear,Women's Sneakers V4,pairs,38,2,36,18,30,6,in_stock
OUT120,,Waypoint Style,Kegalle,Kandy,rear_dock,normal,,09:00,17:00,WAY-114,Footwear,Men's Sandals V4,pairs,13,2,11,14,5,15,low_stock
OUT120,,Waypoint Style,Kegalle,Kandy,rear_dock,normal,,09:00,17:00,WAY-115,Footwear,Women's Sandals V4,pairs,15,2,13,18,30,17,low_stock
OUT120,,Waypoint Style,Kegalle,Kandy,rear_dock,normal,,09:00,17:00,WAY-116,Footwear,Kids' Shoes V4,pairs,18,2,16,5,5,15,in_stock
OUT120,,Waypoint Style,Kegalle,Kandy,rear_dock,normal,,09:00,17:00,WAY-117,Accessories,Backpack V4,pcs,16,4,12,8,10,14,low_stock
OUT120,,Waypoint Style,Kegalle,Kandy,rear_dock,normal,,09:00,17:00,WAY-118,Accessories,Wallet V4,pcs,45,0,45,17,5,5,in_stock
OUT120,,Waypoint Style,Kegalle,Kandy,rear_dock,normal,,09:00,17:00,WAY-119,Accessories,Cap V4,pcs,42,5,37,22,10,9,in_stock
OUT120,,Waypoint Style,Kegalle,Kandy,rear_dock,normal,,09:00,17:00,WAY-120,Accessories,Belt V4,pcs,43,0,43,18,10,10,in_stock
OUT120,,Waypoint Style,Kegalle,Kandy,rear_dock,normal,,09:00,17:00,WAY-121,Men,Men's T-Shirt V5,pcs,32,4,28,7,10,7,in_stock
OUT120,,Waypoint Style,Kegalle,Kandy,rear_dock,normal,,09:00,17:00,WAY-122,Men,Men's Polo Shirt V5,pcs,21,7,14,16,0,17,low_stock
OUT120,,Waypoint Style,Kegalle,Kandy,rear_dock,normal,,09:00,17:00,WAY-123,Men,Men's Casual Shirt V5,pcs,33,4,29,6,0,12,in_stock
OUT120,,Waypoint Style,Kegalle,Kandy,rear_dock,normal,,09:00,17:00,WAY-124,Men,Men's Formal Shirt V5,pcs,41,1,40,18,0,14,in_stock
OUT120,,Waypoint Style,Kegalle,Kandy,rear_dock,normal,,09:00,17:00,WAY-125,Men,Men's Jeans V5,pcs,20,4,16,1,20,11,in_stock
OUT120,,Waypoint Style,Kegalle,Kandy,rear_dock,normal,,09:00,17:00,WAY-126,Men,Men's Chino V5,pcs,22,1,21,20,5,8,in_stock
OUT120,,Waypoint Style,Kegalle,Kandy,rear_dock,normal,,09:00,17:00,WAY-127,Men,Men's Shorts V5,pcs,38,2,36,21,0,16,in_stock
OUT120,,Waypoint Style,Kegalle,Kandy,rear_dock,normal,,09:00,17:00,WAY-128,Men,Men's Hoodie V5,pcs,17,5,12,1,20,16,low_stock
OUT120,,Waypoint Style,Kegalle,Kandy,rear_dock,normal,,09:00,17:00,WAY-129,Men,Men's Jacket V5,pcs,21,1,20,4,0,15,in_stock
OUT120,,Waypoint Style,Kegalle,Kandy,rear_dock,normal,,09:00,17:00,WAY-130,Women,Women's T-Shirt V5,pcs,15,6,9,13,5,9,low_stock
OUT120,,Waypoint Style,Kegalle,Kandy,rear_dock,normal,,09:00,17:00,WAY-131,Women,Women's Blouse V5,pcs,7,3,4,20,30,13,low_stock
OUT120,,Waypoint Style,Kegalle,Kandy,rear_dock,normal,,09:00,17:00,WAY-132,Women,Women's Dress V5,pcs,45,7,38,7,5,11,in_stock
OUT120,,Waypoint Style,Kegalle,Kandy,rear_dock,normal,,09:00,17:00,WAY-133,Women,Women's Jeans V5,pcs,36,2,34,5,0,5,in_stock
OUT120,,Waypoint Style,Kegalle,Kandy,rear_dock,normal,,09:00,17:00,WAY-134,Women,Women's Trousers V5,pcs,29,4,25,7,10,13,in_stock
OUT120,,Waypoint Style,Kegalle,Kandy,rear_dock,normal,,09:00,17:00,WAY-135,Women,Women's Skirt V5,pcs,17,2,15,18,20,17,low_stock
OUT120,,Waypoint Style,Kegalle,Kandy,rear_dock,normal,,09:00,17:00,WAY-136,Women,Women's Hoodie V5,pcs,35,2,33,14,20,6,in_stock
OUT120,,Waypoint Style,Kegalle,Kandy,rear_dock,normal,,09:00,17:00,WAY-137,Women,Women's Jacket V5,pcs,4,0,4,8,10,18,low_stock
OUT120,,Waypoint Style,Kegalle,Kandy,rear_dock,normal,,09:00,17:00,WAY-138,Kids,Kids T-Shirt V5,pcs,39,5,34,8,0,10,in_stock
OUT120,,Waypoint Style,Kegalle,Kandy,rear_dock,normal,,09:00,17:00,WAY-139,Kids,Kids Jeans V5,pcs,32,0,32,16,10,18,in_stock
OUT120,,Waypoint Style,Kegalle,Kandy,rear_dock,normal,,09:00,17:00,WAY-140,Kids,Kids Shorts V5,pcs,16,6,10,9,30,13,low_stock
OUT120,,Waypoint Style,Kegalle,Kandy,rear_dock,normal,,09:00,17:00,WAY-141,Kids,Kids Dress V5,pcs,23,3,20,1,10,17,in_stock
OUT120,,Waypoint Style,Kegalle,Kandy,rear_dock,normal,,09:00,17:00,WAY-142,Footwear,Men's Sneakers V5,pairs,6,6,0,20,5,14,out_of_stock
OUT120,,Waypoint Style,Kegalle,Kandy,rear_dock,normal,,09:00,17:00,WAY-143,Footwear,Women's Sneakers V5,pairs,11,8,3,1,0,8,low_stock
OUT120,,Waypoint Style,Kegalle,Kandy,rear_dock,normal,,09:00,17:00,WAY-144,Footwear,Men's Sandals V5,pairs,23,6,17,13,20,14,in_stock
OUT120,,Waypoint Style,Kegalle,Kandy,rear_dock,normal,,09:00,17:00,WAY-145,Footwear,Women's Sandals V5,pairs,30,1,29,8,30,12,in_stock
OUT120,,Waypoint Style,Kegalle,Kandy,rear_dock,normal,,09:00,17:00,WAY-146,Footwear,Kids' Shoes V5,pairs,21,4,17,21,30,14,in_stock
OUT120,,Waypoint Style,Kegalle,Kandy,rear_dock,normal,,09:00,17:00,WAY-147,Accessories,Backpack V5,pcs,16,4,12,3,30,17,low_stock
OUT120,,Waypoint Style,Kegalle,Kandy,rear_dock,normal,,09:00,17:00,WAY-148,Accessories,Wallet V5,pcs,5,3,2,14,20,11,low_stock
OUT120,,Waypoint Style,Kegalle,Kandy,rear_dock,normal,,09:00,17:00,WAY-149,Accessories,Cap V5,pcs,23,1,22,7,0,7,in_stock
OUT120,,Waypoint Style,Kegalle,Kandy,rear_dock,normal,,09:00,17:00,WAY-150,Accessories,Belt V5,pcs,25,8,17,12,30,14,in_stock
OUT120,,Waypoint Style,Kegalle,Kandy,rear_dock,normal,,09:00,17:00,WAY-151,Men,Men's T-Shirt V6,pcs,45,3,42,19,0,14,in_stock
OUT120,,Waypoint Style,Kegalle,Kandy,rear_dock,normal,,09:00,17:00,WAY-152,Men,Men's Polo Shirt V6,pcs,13,2,11,7,10,18,low_stock
OUT120,,Waypoint Style,Kegalle,Kandy,rear_dock,normal,,09:00,17:00,WAY-153,Men,Men's Casual Shirt V6,pcs,6,6,0,10,30,12,out_of_stock
OUT120,,Waypoint Style,Kegalle,Kandy,rear_dock,normal,,09:00,17:00,WAY-154,Men,Men's Formal Shirt V6,pcs,30,1,29,19,0,14,in_stock
OUT120,,Waypoint Style,Kegalle,Kandy,rear_dock,normal,,09:00,17:00,WAY-155,Men,Men's Jeans V6,pcs,29,0,29,15,30,9,in_stock
OUT120,,Waypoint Style,Kegalle,Kandy,rear_dock,normal,,09:00,17:00,WAY-156,Men,Men's Chino V6,pcs,23,6,17,2,10,12,in_stock
OUT120,,Waypoint Style,Kegalle,Kandy,rear_dock,normal,,09:00,17:00,WAY-157,Men,Men's Shorts V6,pcs,35,6,29,6,30,12,in_stock
OUT120,,Waypoint Style,Kegalle,Kandy,rear_dock,normal,,09:00,17:00,WAY-158,Men,Men's Hoodie V6,pcs,24,1,23,20,10,14,in_stock
OUT120,,Waypoint Style,Kegalle,Kandy,rear_dock,normal,,09:00,17:00,WAY-159,Men,Men's Jacket V6,pcs,28,1,27,19,0,5,in_stock
OUT120,,Waypoint Style,Kegalle,Kandy,rear_dock,normal,,09:00,17:00,WAY-160,Women,Women's T-Shirt V6,pcs,12,1,11,1,0,17,low_stock
OUT120,,Waypoint Style,Kegalle,Kandy,rear_dock,normal,,09:00,17:00,WAY-161,Women,Women's Blouse V6,pcs,16,0,16,21,5,11,in_stock
OUT120,,Waypoint Style,Kegalle,Kandy,rear_dock,normal,,09:00,17:00,WAY-162,Women,Women's Dress V6,pcs,26,8,18,1,10,12,in_stock
OUT120,,Waypoint Style,Kegalle,Kandy,rear_dock,normal,,09:00,17:00,WAY-163,Women,Women's Jeans V6,pcs,45,8,37,3,0,6,in_stock
OUT120,,Waypoint Style,Kegalle,Kandy,rear_dock,normal,,09:00,17:00,WAY-164,Women,Women's Trousers V6,pcs,24,8,16,10,30,12,in_stock
OUT120,,Waypoint Style,Kegalle,Kandy,rear_dock,normal,,09:00,17:00,WAY-165,Women,Women's Skirt V6,pcs,34,1,33,17,10,10,in_stock
OUT120,,Waypoint Style,Kegalle,Kandy,rear_dock,normal,,09:00,17:00,WAY-166,Women,Women's Hoodie V6,pcs,6,3,3,11,0,11,low_stock
OUT120,,Waypoint Style,Kegalle,Kandy,rear_dock,normal,,09:00,17:00,WAY-167,Women,Women's Jacket V6,pcs,21,8,13,10,0,18,low_stock
OUT120,,Waypoint Style,Kegalle,Kandy,rear_dock,normal,,09:00,17:00,WAY-168,Kids,Kids T-Shirt V6,pcs,10,6,4,1,0,16,low_stock
OUT120,,Waypoint Style,Kegalle,Kandy,rear_dock,normal,,09:00,17:00,WAY-169,Kids,Kids Jeans V6,pcs,11,2,9,2,30,10,low_stock
OUT120,,Waypoint Style,Kegalle,Kandy,rear_dock,normal,,09:00,17:00,WAY-170,Kids,Kids Shorts V6,pcs,36,4,32,11,20,16,in_stock
OUT120,,Waypoint Style,Kegalle,Kandy,rear_dock,normal,,09:00,17:00,WAY-171,Kids,Kids Dress V6,pcs,19,4,15,4,10,10,in_stock
OUT120,,Waypoint Style,Kegalle,Kandy,rear_dock,normal,,09:00,17:00,WAY-172,Footwear,Men's Sneakers V6,pairs,21,2,19,15,10,16,in_stock
OUT120,,Waypoint Style,Kegalle,Kandy,rear_dock,normal,,09:00,17:00,WAY-173,Footwear,Women's Sneakers V6,pairs,6,1,5,9,30,14,low_stock
OUT120,,Waypoint Style,Kegalle,Kandy,rear_dock,normal,,09:00,17:00,WAY-174,Footwear,Men's Sandals V6,pairs,8,6,2,18,0,16,low_stock
OUT120,,Waypoint Style,Kegalle,Kandy,rear_dock,normal,,09:00,17:00,WAY-175,Footwear,Women's Sandals V6,pairs,39,2,37,10,10,13,in_stock
OUT120,,Waypoint Style,Kegalle,Kandy,rear_dock,normal,,09:00,17:00,WAY-176,Footwear,Kids' Shoes V6,pairs,19,6,13,2,0,15,low_stock
OUT120,,Waypoint Style,Kegalle,Kandy,rear_dock,normal,,09:00,17:00,WAY-177,Accessories,Backpack V6,pcs,34,7,27,9,5,18,in_stock
OUT120,,Waypoint Style,Kegalle,Kandy,rear_dock,normal,,09:00,17:00,WAY-178,Accessories,Wallet V6,pcs,14,5,9,18,10,16,low_stock
OUT120,,Waypoint Style,Kegalle,Kandy,rear_dock,normal,,09:00,17:00,WAY-179,Accessories,Cap V6,pcs,35,0,35,18,30,8,in_stock
OUT120,,Waypoint Style,Kegalle,Kandy,rear_dock,normal,,09:00,17:00,WAY-180,Accessories,Belt V6,pcs,37,3,34,3,0,10,in_stock
OUT120,,Waypoint Style,Kegalle,Kandy,rear_dock,normal,,09:00,17:00,WAY-181,Men,Men's T-Shirt V7,pcs,29,1,28,12,0,10,in_stock
OUT120,,Waypoint Style,Kegalle,Kandy,rear_dock,normal,,09:00,17:00,WAY-182,Men,Men's Polo Shirt V7,pcs,42,3,39,9,5,12,in_stock
OUT120,,Waypoint Style,Kegalle,Kandy,rear_dock,normal,,09:00,17:00,WAY-183,Men,Men's Casual Shirt V7,pcs,34,6,28,8,5,18,in_stock
OUT120,,Waypoint Style,Kegalle,Kandy,rear_dock,normal,,09:00,17:00,WAY-184,Men,Men's Formal Shirt V7,pcs,8,0,8,10,0,16,low_stock
OUT120,,Waypoint Style,Kegalle,Kandy,rear_dock,normal,,09:00,17:00,WAY-185,Men,Men's Jeans V7,pcs,11,6,5,5,0,15,low_stock
OUT120,,Waypoint Style,Kegalle,Kandy,rear_dock,normal,,09:00,17:00,WAY-186,Men,Men's Chino V7,pcs,38,4,34,9,10,13,in_stock
OUT120,,Waypoint Style,Kegalle,Kandy,rear_dock,normal,,09:00,17:00,WAY-187,Men,Men's Shorts V7,pcs,14,4,10,1,20,11,low_stock
OUT120,,Waypoint Style,Kegalle,Kandy,rear_dock,normal,,09:00,17:00,WAY-188,Men,Men's Hoodie V7,pcs,40,5,35,6,0,5,in_stock
OUT120,,Waypoint Style,Kegalle,Kandy,rear_dock,normal,,09:00,17:00,WAY-189,Men,Men's Jacket V7,pcs,22,1,21,22,0,9,in_stock
OUT120,,Waypoint Style,Kegalle,Kandy,rear_dock,normal,,09:00,17:00,WAY-190,Women,Women's T-Shirt V7,pcs,10,1,9,8,30,6,in_stock
OUT120,,Waypoint Style,Kegalle,Kandy,rear_dock,normal,,09:00,17:00,WAY-191,Women,Women's Blouse V7,pcs,39,7,32,17,20,10,in_stock
OUT120,,Waypoint Style,Kegalle,Kandy,rear_dock,normal,,09:00,17:00,WAY-192,Women,Women's Dress V7,pcs,30,6,24,20,0,12,in_stock
OUT120,,Waypoint Style,Kegalle,Kandy,rear_dock,normal,,09:00,17:00,WAY-193,Women,Women's Jeans V7,pcs,37,7,30,7,20,18,in_stock
OUT120,,Waypoint Style,Kegalle,Kandy,rear_dock,normal,,09:00,17:00,WAY-194,Women,Women's Trousers V7,pcs,24,3,21,6,10,5,in_stock
OUT120,,Waypoint Style,Kegalle,Kandy,rear_dock,normal,,09:00,17:00,WAY-195,Women,Women's Skirt V7,pcs,44,4,40,6,30,13,in_stock
OUT120,,Waypoint Style,Kegalle,Kandy,rear_dock,normal,,09:00,17:00,WAY-196,Women,Women's Hoodie V7,pcs,9,2,7,9,20,16,low_stock
OUT120,,Waypoint Style,Kegalle,Kandy,rear_dock,normal,,09:00,17:00,WAY-197,Women,Women's Jacket V7,pcs,31,4,27,11,0,17,in_stock
OUT120,,Waypoint Style,Kegalle,Kandy,rear_dock,normal,,09:00,17:00,WAY-198,Kids,Kids T-Shirt V7,pcs,5,0,5,3,20,8,low_stock
OUT120,,Waypoint Style,Kegalle,Kandy,rear_dock,normal,,09:00,17:00,WAY-199,Kids,Kids Jeans V7,pcs,20,3,17,11,5,18,low_stock
OUT120,,Waypoint Style,Kegalle,Kandy,rear_dock,normal,,09:00,17:00,WAY-200,Kids,Kids Shorts V7,pcs,14,7,7,6,5,18,low_stock
