outlet_id,outlet_name,brand,district,depot,dock_type,parking_constraint,mall_window,window_open_time,window_close_time,product_id,category,product_name,unit,stock,reserved,available_stock,demand,incoming,reorder_level,status
OUT021,,Waypoint Tech,Colombo,Peliyagoda,mall_bay,mall_dock,10:30-12:30,10:30,12:30,WAY-001,Mobile Phones,Smartphone,pcs,4,1,3,1,0,12,low_stock
OUT021,,Waypoint Tech,Colombo,Peliyagoda,mall_bay,mall_dock,10:30-12:30,10:30,12:30,WAY-002,Mobile Phones,Feature Phone,pcs,18,1,17,5,10,3,in_stock
OUT021,,Waypoint Tech,Colombo,Peliyagoda,mall_bay,mall_dock,10:30-12:30,10:30,12:30,WAY-003,Tablets,Android Tablet,pcs,13,2,11,14,0,6,in_stock
OUT021,,Waypoint Tech,Colombo,Peliyagoda,mall_bay,mall_dock,10:30-12:30,10:30,12:30,WAY-004,Laptops,Laptop,pcs,24,4,20,12,10,3,in_stock
OUT021,,Waypoint Tech,Colombo,Peliyagoda,mall_bay,mall_dock,10:30-12:30,10:30,12:30,WAY-005,Laptops,Chromebook,pcs,24,7,17,16,5,6,in_stock
OUT021,,Waypoint Tech,Colombo,Peliyagoda,mall_bay,mall_dock,10:30-12:30,10:30,12:30,WAY-006,Computing,Desktop PC,pcs,24,8,16,5,0,4,in_stock
OUT021,,Waypoint Tech,Colombo,Peliyagoda,mall_bay,mall_dock,10:30-12:30,10:30,12:30,WAY-007,Computing,Monitor 24-inch,pcs,12,5,7,10,0,6,in_stock
OUT021,,Waypoint Tech,Colombo,Peliyagoda,mall_bay,mall_dock,10:30-12:30,10:30,12:30,WAY-008,Computing,Monitor 27-inch,pcs,2,1,1,12,0,11,low_stock
OUT021,,Waypoint Tech,Colombo,Peliyagoda,mall_bay,mall_dock,10:30-12:30,10:30,12:30,WAY-009,Computing,Keyboard,pcs,25,8,17,0,0,5,in_stock
OUT021,,Waypoint Tech,Colombo,Peliyagoda,mall_bay,mall_dock,10:30-12:30,10:30,12:30,WAY-010,Computing,Wireless Mouse,pcs,14,6,8,14,10,5,in_stock
OUT021,,Waypoint Tech,Colombo,Peliyagoda,mall_bay,mall_dock,10:30-12:30,10:30,12:30,WAY-011,Computing,Webcam,pcs,23,6,17,3,5,5,in_stock
OUT021,,Waypoint Tech,Colombo,Peliyagoda,mall_bay,mall_dock,10:30-12:30,10:30,12:30,WAY-012,Computing,USB-C Hub,pcs,6,0,6,5,0,6,low_stock
OUT021,,Waypoint Tech,Colombo,Peliyagoda,mall_bay,mall_dock,10:30-12:30,10:30,12:30,WAY-013,Computing,Laptop Stand,pcs,13,7,6,1,5,3,in_stock
OUT021,,Waypoint Tech,Colombo,Peliyagoda,mall_bay,mall_dock,10:30-12:30,10:30,12:30,WAY-014,Storage,USB Flash Drive 64GB,pcs,28,6,22,7,0,7,in_stock
OUT021,,Waypoint Tech,Colombo,Peliyagoda,mall_bay,mall_dock,10:30-12:30,10:30,12:30,WAY-015,Storage,USB Flash Drive 128GB,pcs,23,2,21,1,10,4,in_stock
OUT021,,Waypoint Tech,Colombo,Peliyagoda,mall_bay,mall_dock,10:30-12:30,10:30,12:30,WAY-016,Storage,External SSD 1TB,pcs,13,0,13,3,0,11,in_stock
OUT021,,Waypoint Tech,Colombo,Peliyagoda,mall_bay,mall_dock,10:30-12:30,10:30,12:30,WAY-017,Storage,MicroSD 128GB,pcs,20,7,13,7,0,11,in_stock
OUT021,,Waypoint Tech,Colombo,Peliyagoda,mall_bay,mall_dock,10:30-12:30,10:30,12:30,WAY-018,Networking,Wi-Fi Router,pcs,14,5,9,2,0,3,in_stock
OUT021,,Waypoint Tech,Colombo,Peliyagoda,mall_bay,mall_dock,10:30-12:30,10:30,12:30,WAY-019,Networking,Wi-Fi Extender,pcs,6,3,3,12,10,10,low_stock
OUT021,,Waypoint Tech,Colombo,Peliyagoda,mall_bay,mall_dock,10:30-12:30,10:30,12:30,WAY-020,Networking,Ethernet Cable 5m,pcs,16,8,8,11,0,7,in_stock
OUT021,,Waypoint Tech,Colombo,Peliyagoda,mall_bay,mall_dock,10:30-12:30,10:30,12:30,WAY-021,Audio,Bluetooth Earbuds,pcs,18,6,12,16,5,3,in_stock
OUT021,,Waypoint Tech,Colombo,Peliyagoda,mall_bay,mall_dock,10:30-12:30,10:30,12:30,WAY-022,Audio,Bluetooth Headphones,pcs,11,6,5,16,0,5,low_stock
OUT021,,Waypoint Tech,Colombo,Peliyagoda,mall_bay,mall_dock,10:30-12:30,10:30,12:30,WAY-023,Audio,Bluetooth Speaker,pcs,2,1,1,0,5,3,low_stock
OUT021,,Waypoint Tech,Colombo,Peliyagoda,mall_bay,mall_dock,10:30-12:30,10:30,12:30,WAY-024,Accessories,Phone Charger,pcs,9,3,6,14,0,5,in_stock
OUT021,,Waypoint Tech,Colombo,Peliyagoda,mall_bay,mall_dock,10:30-12:30,10:30,12:30,WAY-025,Accessories,USB-C Cable,pcs,17,5,12,0,0,10,in_stock
OUT021,,Waypoint Tech,Colombo,Peliyagoda,mall_bay,mall_dock,10:30-12:30,10:30,12:30,WAY-026,Accessories,Lightning Cable,pcs,10,7,3,16,0,11,low_stock
OUT021,,Waypoint Tech,Colombo,Peliyagoda,mall_bay,mall_dock,10:30-12:30,10:30,12:30,WAY-027,Accessories,Power Bank 10000mAh,pcs,19,4,15,5,2,3,in_stock
OUT021,,Waypoint Tech,Colombo,Peliyagoda,mall_bay,mall_dock,10:30-12:30,10:30,12:30,WAY-028,Accessories,Power Bank 20000mAh,pcs,2,2,0,3,2,7,out_of_stock
OUT021,,Waypoint Tech,Colombo,Peliyagoda,mall_bay,mall_dock,10:30-12:30,10:30,12:30,WAY-029,Accessories,Phone Case,pcs,22,3,19,5,0,3,in_stock
OUT021,,Waypoint Tech,Colombo,Peliyagoda,mall_bay,mall_dock,10:30-12:30,10:30,12:30,WAY-030,Accessories,Screen Protector,pcs,2,2,0,10,5,12,out_of_stock
OUT021,,Waypoint Tech,Colombo,Peliyagoda,mall_bay,mall_dock,10:30-12:30,10:30,12:30,WAY-031,Mobile Phones,Smartphone V2,pcs,19,6,13,1,2,3,in_stock
OUT021,,Waypoint Tech,Colombo,Peliyagoda,mall_bay,mall_dock,10:30-12:30,10:30,12:30,WAY-032,Mobile Phones,Feature Phone V2,pcs,13,5,8,10,0,11,low_stock
OUT021,,Waypoint Tech,Colombo,Peliyagoda,mall_bay,mall_dock,10:30-12:30,10:30,12:30,WAY-033,Tablets,Android Tablet V2,pcs,10,7,3,11,0,3,low_stock
OUT021,,Waypoint Tech,Colombo,Peliyagoda,mall_bay,mall_dock,10:30-12:30,10:30,12:30,WAY-034,Laptops,Laptop V2,pcs,25,6,19,9,2,4,in_stock
OUT021,,Waypoint Tech,Colombo,Peliyagoda,mall_bay,mall_dock,10:30-12:30,10:30,12:30,WAY-035,Laptops,Chromebook V2,pcs,2,2,0,16,2,10,out_of_stock
OUT021,,Waypoint Tech,Colombo,Peliyagoda,mall_bay,mall_dock,10:30-12:30,10:30,12:30,WAY-036,Computing,Desktop PC V2,pcs,4,3,1,4,2,11,low_stock
OUT021,,Waypoint Tech,Colombo,Peliyagoda,mall_bay,mall_dock,10:30-12:30,10:30,12:30,WAY-037,Computing,Monitor 24-inch V2,pcs,21,0,21,11,0,5,in_stock
OUT021,,Waypoint Tech,Colombo,Peliyagoda,mall_bay,mall_dock,10:30-12:30,10:30,12:30,WAY-038,Computing,Monitor 27-inch V2,pcs,8,4,4,4,0,4,low_stock
OUT021,,Waypoint Tech,Colombo,Peliyagoda,mall_bay,mall_dock,10:30-12:30,10:30,12:30,WAY-039,Computing,Keyboard V2,pcs,14,2,12,8,0,8,in_stock
OUT021,,Waypoint Tech,Colombo,Peliyagoda,mall_bay,mall_dock,10:30-12:30,10:30,12:30,WAY-040,Computing,Wireless Mouse V2,pcs,15,7,8,5,0,6,in_stock
OUT021,,Waypoint Tech,Colombo,Peliyagoda,mall_bay,mall_dock,10:30-12:30,10:30,12:30,WAY-041,Computing,Webcam V2,pcs,5,0,5,0,0,11,low_stock
OUT021,,Waypoint Tech,Colombo,Peliyagoda,mall_bay,mall_dock,10:30-12:30,10:30,12:30,WAY-042,Computing,USB-C Hub V2,pcs,26,8,18,10,2,12,in_stock
OUT021,,Waypoint Tech,Colombo,Peliyagoda,mall_bay,mall_dock,10:30-12:30,10:30,12:30,WAY-043,Computing,Laptop Stand V2,pcs,2,2,0,3,10,9,out_of_stock
OUT021,,Waypoint Tech,Colombo,Peliyagoda,mall_bay,mall_dock,10:30-12:30,10:30,12:30,WAY-044,Storage,USB Flash Drive 64GB V2,pcs,26,6,20,1,0,9,in_stock
OUT021,,Waypoint Tech,Colombo,Peliyagoda,mall_bay,mall_dock,10:30-12:30,10:30,12:30,WAY-045,Storage,USB Flash Drive 128GB V2,pcs,24,2,22,15,10,12,in_stock
OUT021,,Waypoint Tech,Colombo,Peliyagoda,mall_bay,mall_dock,10:30-12:30,10:30,12:30,WAY-046,Storage,External SSD 1TB V2,pcs,5,0,5,0,2,12,low_stock
OUT021,,Waypoint Tech,Colombo,Peliyagoda,mall_bay,mall_dock,10:30-12:30,10:30,12:30,WAY-047,Storage,MicroSD 128GB V2,pcs,10,1,9,10,5,5,in_stock
OUT021,,Waypoint Tech,Colombo,Peliyagoda,mall_bay,mall_dock,10:30-12:30,10:30,12:30,WAY-048,Networking,Wi-Fi Router V2,pcs,18,2,16,0,2,3,in_stock
OUT021,,Waypoint Tech,Colombo,Peliyagoda,mall_bay,mall_dock,10:30-12:30,10:30,12:30,WAY-049,Networking,Wi-Fi Extender V2,pcs,2,1,1,9,0,6,low_stock
OUT021,,Waypoint Tech,Colombo,Peliyagoda,mall_bay,mall_dock,10:30-12:30,10:30,12:30,WAY-050,Networking,Ethernet Cable 5m V2,pcs,23,5,18,6,0,9,in_stock
OUT021,,Waypoint Tech,Colombo,Peliyagoda,mall_bay,mall_dock,10:30-12:30,10:30,12:30,WAY-051,Audio,Bluetooth Earbuds V2,pcs,6,3,3,12,5,3,low_stock
OUT021,,Waypoint Tech,Colombo,Peliyagoda,mall_bay,mall_dock,10:30-12:30,10:30,12:30,WAY-052,Audio,Bluetooth Headphones V2,pcs,11,1,10,6,10,12,low_stock
OUT021,,Waypoint Tech,Colombo,Peliyagoda,mall_bay,mall_dock,10:30-12:30,10:30,12:30,WAY-053,Audio,Bluetooth Speaker V2,pcs,8,0,8,5,0,3,in_stock
OUT021,,Waypoint Tech,Colombo,Peliyagoda,mall_bay,mall_dock,10:30-12:30,10:30,12:30,WAY-054,Accessories,Phone Charger V2,pcs,21,7,14,2,2,9,in_stock
OUT021,,Waypoint Tech,Colombo,Peliyagoda,mall_bay,mall_dock,10:30-12:30,10:30,12:30,WAY-055,Accessories,USB-C Cable V2,pcs,25,1,24,3,0,9,in_stock
OUT021,,Waypoint Tech,Colombo,Peliyagoda,mall_bay,mall_dock,10:30-12:30,10:30,12:30,WAY-056,Accessories,Lightning Cable V2,pcs,6,4,2,2,5,12,low_stock
OUT021,,Waypoint Tech,Colombo,Peliyagoda,mall_bay,mall_dock,10:30-12:30,10:30,12:30,WAY-057,Accessories,Power Bank 10000mAh V2,pcs,20,7,13,0,5,11,in_stock
OUT021,,Waypoint Tech,Colombo,Peliyagoda,mall_bay,mall_dock,10:30-12:30,10:30,12:30,WAY-058,Accessories,Power Bank 20000mAh V2,pcs,16,6,10,1,0,12,low_stock
OUT021,,Waypoint Tech,Colombo,Peliyagoda,mall_bay,mall_dock,10:30-12:30,10:30,12:30,WAY-059,Accessories,Phone Case V2,pcs,14,6,8,0,0,10,low_stock
OUT021,,Waypoint Tech,Colombo,Peliyagoda,mall_bay,mall_dock,10:30-12:30,10:30,12:30,WAY-060,Accessories,Screen Protector V2,pcs,11,3,8,13,0,11,low_stock
OUT021,,Waypoint Tech,Colombo,Peliyagoda,mall_bay,mall_dock,10:30-12:30,10:30,12:30,WAY-061,Mobile Phones,Smartphone V3,pcs,4,3,1,8,0,7,low_stock
OUT021,,Waypoint Tech,Colombo,Peliyagoda,mall_bay,mall_dock,10:30-12:30,10:30,12:30,WAY-062,Mobile Phones,Feature Phone V3,pcs,8,4,4,4,5,7,low_stock
OUT021,,Waypoint Tech,Colombo,Peliyagoda,mall_bay,mall_dock,10:30-12:30,10:30,12:30,WAY-063,Tablets,Android Tablet V3,pcs,13,1,12,2,0,6,in_stock
OUT021,,Waypoint Tech,Colombo,Peliyagoda,mall_bay,mall_dock,10:30-12:30,10:30,12:30,WAY-064,Laptops,Laptop V3,pcs,26,1,25,1,10,10,in_stock
OUT021,,Waypoint Tech,Colombo,Peliyagoda,mall_bay,mall_dock,10:30-12:30,10:30,12:30,WAY-065,Laptops,Chromebook V3,pcs,9,0,9,6,10,7,in_stock
OUT021,,Waypoint Tech,Colombo,Peliyagoda,mall_bay,mall_dock,10:30-12:30,10:30,12:30,WAY-066,Computing,Desktop PC V3,pcs,5,5,0,6,0,3,out_of_stock
OUT021,,Waypoint Tech,Colombo,Peliyagoda,mall_bay,mall_dock,10:30-12:30,10:30,12:30,WAY-067,Computing,Monitor 24-inch V3,pcs,17,3,14,13,0,12,in_stock
OUT021,,Waypoint Tech,Colombo,Peliyagoda,mall_bay,mall_dock,10:30-12:30,10:30,12:30,WAY-068,Computing,Monitor 27-inch V3,pcs,24,6,18,7,0,4,in_stock
OUT021,,Waypoint Tech,Colombo,Peliyagoda,mall_bay,mall_dock,10:30-12:30,10:30,12:30,WAY-069,Computing,Keyboard V3,pcs,27,8,19,0,2,9,in_stock
OUT021,,Waypoint Tech,Colombo,Peliyagoda,mall_bay,mall_dock,10:30-12:30,10:30,12:30,WAY-070,Computing,Wireless Mouse V3,pcs,6,4,2,6,2,10,low_stock
OUT021,,Waypoint Tech,Colombo,Peliyagoda,mall_bay,mall_dock,10:30-12:30,10:30,12:30,WAY-071,Computing,Webcam V3,pcs,5,3,2,15,0,12,low_stock
OUT021,,Waypoint Tech,Colombo,Peliyagoda,mall_bay,mall_dock,10:30-12:30,10:30,12:30,WAY-072,Computing,USB-C Hub V3,pcs,20,1,19,9,0,7,in_stock
OUT021,,Waypoint Tech,Colombo,Peliyagoda,mall_bay,mall_dock,10:30-12:30,10:30,12:30,WAY-073,Computing,Laptop Stand V3,pcs,25,7,18,15,5,11,in_stock
OUT021,,Waypoint Tech,Colombo,Peliyagoda,mall_bay,mall_dock,10:30-12:30,10:30,12:30,WAY-074,Storage,USB Flash Drive 64GB V3,pcs,20,2,18,4,0,12,in_stock
OUT021,,Waypoint Tech,Colombo,Peliyagoda,mall_bay,mall_dock,10:30-12:30,10:30,12:30,WAY-075,Storage,USB Flash Drive 128GB V3,pcs,18,6,12,11,0,12,low_stock
OUT021,,Waypoint Tech,Colombo,Peliyagoda,mall_bay,mall_dock,10:30-12:30,10:30,12:30,WAY-076,Storage,External SSD 1TB V3,pcs,12,4,8,12,2,9,low_stock
OUT021,,Waypoint Tech,Colombo,Peliyagoda,mall_bay,mall_dock,10:30-12:30,10:30,12:30,WAY-077,Storage,MicroSD 128GB V3,pcs,13,4,9,4,0,8,in_stock
OUT021,,Waypoint Tech,Colombo,Peliyagoda,mall_bay,mall_dock,10:30-12:30,10:30,12:30,WAY-078,Networking,Wi-Fi Router V3,pcs,24,4,20,8,10,3,in_stock
OUT021,,Waypoint Tech,Colombo,Peliyagoda,mall_bay,mall_dock,10:30-12:30,10:30,12:30,WAY-079,Networking,Wi-Fi Extender V3,pcs,6,5,1,9,5,6,low_stock
OUT021,,Waypoint Tech,Colombo,Peliyagoda,mall_bay,mall_dock,10:30-12:30,10:30,12:30,WAY-080,Networking,Ethernet Cable 5m V3,pcs,6,5,1,9,0,6,low_stock
OUT021,,Waypoint Tech,Colombo,Peliyagoda,mall_bay,mall_dock,10:30-12:30,10:30,12:30,WAY-081,Audio,Bluetooth Earbuds V3,pcs,2,2,0,9,10,10,out_of_stock
OUT021,,Waypoint Tech,Colombo,Peliyagoda,mall_bay,mall_dock,10:30-12:30,10:30,12:30,WAY-082,Audio,Bluetooth Headphones V3,pcs,2,2,0,5,5,4,out_of_stock
OUT021,,Waypoint Tech,Colombo,Peliyagoda,mall_bay,mall_dock,10:30-12:30,10:30,12:30,WAY-083,Audio,Bluetooth Speaker V3,pcs,24,5,19,2,5,4,in_stock
OUT021,,Waypoint Tech,Colombo,Peliyagoda,mall_bay,mall_dock,10:30-12:30,10:30,12:30,WAY-084,Accessories,Phone Charger V3,pcs,4,4,0,1,0,6,out_of_stock
OUT021,,Waypoint Tech,Colombo,Peliyagoda,mall_bay,mall_dock,10:30-12:30,10:30,12:30,WAY-085,Accessories,USB-C Cable V3,pcs,21,7,14,6,0,4,in_stock
OUT021,,Waypoint Tech,Colombo,Peliyagoda,mall_bay,mall_dock,10:30-12:30,10:30,12:30,WAY-086,Accessories,Lightning Cable V3,pcs,14,6,8,9,10,5,in_stock
OUT021,,Waypoint Tech,Colombo,Peliyagoda,mall_bay,mall_dock,10:30-12:30,10:30,12:30,WAY-087,Accessories,Power Bank 10000mAh V3,pcs,6,1,5,0,10,4,in_stock
OUT021,,Waypoint Tech,Colombo,Peliyagoda,mall_bay,mall_dock,10:30-12:30,10:30,12:30,WAY-088,Accessories,Power Bank 20000mAh V3,pcs,7,3,4,9,0,4,low_stock
OUT021,,Waypoint Tech,Colombo,Peliyagoda,mall_bay,mall_dock,10:30-12:30,10:30,12:30,WAY-089,Accessories,Phone Case V3,pcs,13,6,7,8,10,9,low_stock
OUT021,,Waypoint Tech,Colombo,Peliyagoda,mall_bay,mall_dock,10:30-12:30,10:30,12:30,WAY-090,Accessories,Screen Protector V3,pcs,26,6,20,9,0,10,in_stock
OUT021,,Waypoint Tech,Colombo,Peliyagoda,mall_bay,mall_dock,10:30-12:30,10:30,12:30,WAY-091,Mobile Phones,Smartphone V4,pcs,18,5,13,2,5,12,in_stock
OUT021,,Waypoint Tech,Colombo,Peliyagoda,mall_bay,mall_dock,10:30-12:30,10:30,12:30,WAY-092,Mobile Phones,Feature Phone V4,pcs,15,8,7,9,10,8,low_stock
OUT021,,Waypoint Tech,Colombo,Peliyagoda,mall_bay,mall_dock,10:30-12:30,10:30,12:30,WAY-093,Tablets,Android Tablet V4,pcs,18,0,18,12,0,9,in_stock
OUT021,,Waypoint Tech,Colombo,Peliyagoda,mall_bay,mall_dock,10:30-12:30,10:30,12:30,WAY-094,Laptops,Laptop V4,pcs,27,4,23,0,10,6,in_stock
OUT021,,Waypoint Tech,Colombo,Peliyagoda,mall_bay,mall_dock,10:30-12:30,10:30,12:30,WAY-095,Laptops,Chromebook V4,pcs,8,7,1,2,5,6,low_stock
OUT021,,Waypoint Tech,Colombo,Peliyagoda,mall_bay,mall_dock,10:30-12:30,10:30,12:30,WAY-096,Computing,Desktop PC V4,pcs,19,7,12,14,10,8,in_stock
OUT021,,Waypoint Tech,Colombo,Peliyagoda,mall_bay,mall_dock,10:30-12:30,10:30,12:30,WAY-097,Computing,Monitor 24-inch V4,pcs,7,7,0,7,0,6,out_of_stock
OUT021,,Waypoint Tech,Colombo,Peliyagoda,mall_bay,mall_dock,10:30-12:30,10:30,12:30,WAY-098,Computing,Monitor 27-inch V4,pcs,26,3,23,16,2,10,in_stock
OUT021,,Waypoint Tech,Colombo,Peliyagoda,mall_bay,mall_dock,10:30-12:30,10:30,12:30,WAY-099,Computing,Keyboard V4,pcs,28,6,22,16,10,9,in_stock
OUT021,,Waypoint Tech,Colombo,Peliyagoda,mall_bay,mall_dock,10:30-12:30,10:30,12:30,WAY-100,Computing,Wireless Mouse V4,pcs,24,2,22,5,2,10,in_stock
OUT021,,Waypoint Tech,Colombo,Peliyagoda,mall_bay,mall_dock,10:30-12:30,10:30,12:30,WAY-101,Computing,Webcam V4,pcs,23,4,19,0,0,11,in_stock
OUT021,,Waypoint Tech,Colombo,Peliyagoda,mall_bay,mall_dock,10:30-12:30,10:30,12:30,WAY-102,Computing,USB-C Hub V4,pcs,27,4,23,13,10,3,in_stock
OUT021,,Waypoint Tech,Colombo,Peliyagoda,mall_bay,mall_dock,10:30-12:30,10:30,12:30,WAY-103,Computing,Laptop Stand V4,pcs,9,4,5,0,2,4,in_stock
OUT021,,Waypoint Tech,Colombo,Peliyagoda,mall_bay,mall_dock,10:30-12:30,10:30,12:30,WAY-104,Storage,USB Flash Drive 64GB V4,pcs,21,2,19,0,0,4,in_stock
OUT021,,Waypoint Tech,Colombo,Peliyagoda,mall_bay,mall_dock,10:30-12:30,10:30,12:30,WAY-105,Storage,USB Flash Drive 128GB V4,pcs,4,3,1,5,0,6,low_stock
OUT021,,Waypoint Tech,Colombo,Peliyagoda,mall_bay,mall_dock,10:30-12:30,10:30,12:30,WAY-106,Storage,External SSD 1TB V4,pcs,14,6,8,11,0,3,in_stock
OUT021,,Waypoint Tech,Colombo,Peliyagoda,mall_bay,mall_dock,10:30-12:30,10:30,12:30,WAY-107,Storage,MicroSD 128GB V4,pcs,13,3,10,16,0,5,in_stock
OUT021,,Waypoint Tech,Colombo,Peliyagoda,mall_bay,mall_dock,10:30-12:30,10:30,12:30,WAY-108,Networking,Wi-Fi Router V4,pcs,22,1,21,6,10,6,in_stock
OUT021,,Waypoint Tech,Colombo,Peliyagoda,mall_bay,mall_dock,10:30-12:30,10:30,12:30,WAY-109,Networking,Wi-Fi Extender V4,pcs,5,0,5,3,2,8,low_stock
OUT021,,Waypoint Tech,Colombo,Peliyagoda,mall_bay,mall_dock,10:30-12:30,10:30,12:30,WAY-110,Networking,Ethernet Cable 5m V4,pcs,15,2,13,9,0,4,in_stock
OUT021,,Waypoint Tech,Colombo,Peliyagoda,mall_bay,mall_dock,10:30-12:30,10:30,12:30,WAY-111,Audio,Bluetooth Earbuds V4,pcs,4,2,2,6,10,4,low_stock
OUT021,,Waypoint Tech,Colombo,Peliyagoda,mall_bay,mall_dock,10:30-12:30,10:30,12:30,WAY-112,Audio,Bluetooth Headphones V4,pcs,12,0,12,7,0,12,low_stock
OUT021,,Waypoint Tech,Colombo,Peliyagoda,mall_bay,mall_dock,10:30-12:30,10:30,12:30,WAY-113,Audio,Bluetooth Speaker V4,pcs,18,4,14,10,10,8,in_stock
OUT021,,Waypoint Tech,Colombo,Peliyagoda,mall_bay,mall_dock,10:30-12:30,10:30,12:30,WAY-114,Accessories,Phone Charger V4,pcs,26,4,22,1,0,5,in_stock
OUT021,,Waypoint Tech,Colombo,Peliyagoda,mall_bay,mall_dock,10:30-12:30,10:30,12:30,WAY-115,Accessories,USB-C Cable V4,pcs,27,5,22,9,2,4,in_stock
OUT021,,Waypoint Tech,Colombo,Peliyagoda,mall_bay,mall_dock,10:30-12:30,10:30,12:30,WAY-116,Accessories,Lightning Cable V4,pcs,16,7,9,9,0,12,low_stock
OUT021,,Waypoint Tech,Colombo,Peliyagoda,mall_bay,mall_dock,10:30-12:30,10:30,12:30,WAY-117,Accessories,Power Bank 10000mAh V4,pcs,25,2,23,13,2,7,in_stock
OUT021,,Waypoint Tech,Colombo,Peliyagoda,mall_bay,mall_dock,10:30-12:30,10:30,12:30,WAY-118,Accessories,Power Bank 20000mAh V4,pcs,11,1,10,1,0,4,in_stock
OUT021,,Waypoint Tech,Colombo,Peliyagoda,mall_bay,mall_dock,10:30-12:30,10:30,12:30,WAY-119,Accessories,Phone Case V4,pcs,24,3,21,1,0,4,in_stock
OUT021,,Waypoint Tech,Colombo,Peliyagoda,mall_bay,mall_dock,10:30-12:30,10:30,12:30,WAY-120,Accessories,Screen Protector V4,pcs,16,3,13,4,0,9,in_stock
OUT021,,Waypoint Tech,Colombo,Peliyagoda,mall_bay,mall_dock,10:30-12:30,10:30,12:30,WAY-121,Mobile Phones,Smartphone V5,pcs,22,8,14,12,5,11,in_stock
OUT021,,Waypoint Tech,Colombo,Peliyagoda,mall_bay,mall_dock,10:30-12:30,10:30,12:30,WAY-122,Mobile Phones,Feature Phone V5,pcs,22,5,17,9,0,6,in_stock
OUT021,,Waypoint Tech,Colombo,Peliyagoda,mall_bay,mall_dock,10:30-12:30,10:30,12:30,WAY-123,Tablets,Android Tablet V5,pcs,24,2,22,13,10,7,in_stock
OUT021,,Waypoint Tech,Colombo,Peliyagoda,mall_bay,mall_dock,10:30-12:30,10:30,12:30,WAY-124,Laptops,Laptop V5,pcs,15,4,11,1,10,7,in_stock
OUT021,,Waypoint Tech,Colombo,Peliyagoda,mall_bay,mall_dock,10:30-12:30,10:30,12:30,WAY-125,Laptops,Chromebook V5,pcs,9,7,2,16,0,6,low_stock
OUT021,,Waypoint Tech,Colombo,Peliyagoda,mall_bay,mall_dock,10:30-12:30,10:30,12:30,WAY-126,Computing,Desktop PC V5,pcs,28,4,24,3,10,9,in_stock
OUT021,,Waypoint Tech,Colombo,Peliyagoda,mall_bay,mall_dock,10:30-12:30,10:30,12:30,WAY-127,Computing,Monitor 24-inch V5,pcs,7,0,7,3,10,11,low_stock
OUT021,,Waypoint Tech,Colombo,Peliyagoda,mall_bay,mall_dock,10:30-12:30,10:30,12:30,WAY-128,Computing,Monitor 27-inch V5,pcs,15,8,7,9,10,8,low_stock
OUT021,,Waypoint Tech,Colombo,Peliyagoda,mall_bay,mall_dock,10:30-12:30,10:30,12:30,WAY-129,Computing,Keyboard V5,pcs,10,2,8,11,5,11,low_stock
OUT021,,Waypoint Tech,Colombo,Peliyagoda,mall_bay,mall_dock,10:30-12:30,10:30,12:30,WAY-130,Computing,Wireless Mouse V5,pcs,22,4,18,12,0,9,in_stock
OUT021,,Waypoint Tech,Colombo,Peliyagoda,mall_bay,mall_dock,10:30-12:30,10:30,12:30,WAY-131,Computing,Webcam V5,pcs,13,1,12,7,0,10,in_stock
OUT021,,Waypoint Tech,Colombo,Peliyagoda,mall_bay,mall_dock,10:30-12:30,10:30,12:30,WAY-132,Computing,USB-C Hub V5,pcs,21,5,16,16,10,3,in_stock
OUT021,,Waypoint Tech,Colombo,Peliyagoda,mall_bay,mall_dock,10:30-12:30,10:30,12:30,WAY-133,Computing,Laptop Stand V5,pcs,20,1,19,15,0,4,in_stock
OUT021,,Waypoint Tech,Colombo,Peliyagoda,mall_bay,mall_dock,10:30-12:30,10:30,12:30,WAY-134,Storage,USB Flash Drive 64GB V5,pcs,25,4,21,11,0,10,in_stock
OUT021,,Waypoint Tech,Colombo,Peliyagoda,mall_bay,mall_dock,10:30-12:30,10:30,12:30,WAY-135,Storage,USB Flash Drive 128GB V5,pcs,9,6,3,10,5,6,low_stock
OUT021,,Waypoint Tech,Colombo,Peliyagoda,mall_bay,mall_dock,10:30-12:30,10:30,12:30,WAY-136,Storage,External SSD 1TB V5,pcs,27,7,20,9,2,5,in_stock
OUT021,,Waypoint Tech,Colombo,Peliyagoda,mall_bay,mall_dock,10:30-12:30,10:30,12:30,WAY-137,Storage,MicroSD 128GB V5,pcs,25,1,24,11,0,4,in_stock
OUT021,,Waypoint Tech,Colombo,Peliyagoda,mall_bay,mall_dock,10:30-12:30,10:30,12:30,WAY-138,Networking,Wi-Fi Router V5,pcs,9,2,7,16,2,11,low_stock
OUT021,,Waypoint Tech,Colombo,Peliyagoda,mall_bay,mall_dock,10:30-12:30,10:30,12:30,WAY-139,Networking,Wi-Fi Extender V5,pcs,23,1,22,15,5,4,in_stock
OUT021,,Waypoint Tech,Colombo,Peliyagoda,mall_bay,mall_dock,10:30-12:30,10:30,12:30,WAY-140,Networking,Ethernet Cable 5m V5,pcs,26,3,23,4,0,11,in_stock
OUT021,,Waypoint Tech,Colombo,Peliyagoda,mall_bay,mall_dock,10:30-12:30,10:30,12:30,WAY-141,Audio,Bluetooth Earbuds V5,pcs,2,0,2,7,2,5,low_stock
OUT021,,Waypoint Tech,Colombo,Peliyagoda,mall_bay,mall_dock,10:30-12:30,10:30,12:30,WAY-142,Audio,Bluetooth Headphones V5,pcs,5,0,5,4,0,3,in_stock
OUT021,,Waypoint Tech,Colombo,Peliyagoda,mall_bay,mall_dock,10:30-12:30,10:30,12:30,WAY-143,Audio,Bluetooth Speaker V5,pcs,11,1,10,9,0,3,in_stock
OUT021,,Waypoint Tech,Colombo,Peliyagoda,mall_bay,mall_dock,10:30-12:30,10:30,12:30,WAY-144,Accessories,Phone Charger V5,pcs,28,1,27,16,10,8,in_stock
OUT021,,Waypoint Tech,Colombo,Peliyagoda,mall_bay,mall_dock,10:30-12:30,10:30,12:30,WAY-145,Accessories,USB-C Cable V5,pcs,26,3,23,0,5,12,in_stock
OUT021,,Waypoint Tech,Colombo,Peliyagoda,mall_bay,mall_dock,10:30-12:30,10:30,12:30,WAY-146,Accessories,Lightning Cable V5,pcs,4,0,4,15,10,10,low_stock
OUT021,,Waypoint Tech,Colombo,Peliyagoda,mall_bay,mall_dock,10:30-12:30,10:30,12:30,WAY-147,Accessories,Power Bank 10000mAh V5,pcs,24,1,23,10,10,9,in_stock
OUT021,,Waypoint Tech,Colombo,Peliyagoda,mall_bay,mall_dock,10:30-12:30,10:30,12:30,WAY-148,Accessories,Power Bank 20000mAh V5,pcs,11,2,9,12,10,9,low_stock
OUT021,,Waypoint Tech,Colombo,Peliyagoda,mall_bay,mall_dock,10:30-12:30,10:30,12:30,WAY-149,Accessories,Phone Case V5,pcs,15,3,12,4,5,5,in_stock
OUT021,,Waypoint Tech,Colombo,Peliyagoda,mall_bay,mall_dock,10:30-12:30,10:30,12:30,WAY-150,Accessories,Screen Protector V5,pcs,11,8,3,6,5,12,low_stock
OUT021,,Waypoint Tech,Colombo,Peliyagoda,mall_bay,mall_dock,10:30-12:30,10:30,12:30,WAY-151,Mobile Phones,Smartphone V6,pcs,8,1,7,0,2,6,in_stock
OUT021,,Waypoint Tech,Colombo,Peliyagoda,mall_bay,mall_dock,10:30-12:30,10:30,12:30,WAY-152,Mobile Phones,Feature Phone V6,pcs,11,6,5,12,0,10,low_stock
OUT021,,Waypoint Tech,Colombo,Peliyagoda,mall_bay,mall_dock,10:30-12:30,10:30,12:30,WAY-153,Tablets,Android Tablet V6,pcs,27,1,26,2,0,3,in_stock
OUT021,,Waypoint Tech,Colombo,Peliyagoda,mall_bay,mall_dock,10:30-12:30,10:30,12:30,WAY-154,Laptops,Laptop V6,pcs,2,0,2,14,10,10,low_stock
OUT021,,Waypoint Tech,Colombo,Peliyagoda,mall_bay,mall_dock,10:30-12:30,10:30,12:30,WAY-155,Laptops,Chromebook V6,pcs,4,0,4,12,5,9,low_stock
OUT021,,Waypoint Tech,Colombo,Peliyagoda,mall_bay,mall_dock,10:30-12:30,10:30,12:30,WAY-156,Computing,Desktop PC V6,pcs,22,6,16,2,5,7,in_stock
OUT021,,Waypoint Tech,Colombo,Peliyagoda,mall_bay,mall_dock,10:30-12:30,10:30,12:30,WAY-157,Computing,Monitor 24-inch V6,pcs,4,3,1,9,2,7,low_stock
OUT021,,Waypoint Tech,Colombo,Peliyagoda,mall_bay,mall_dock,10:30-12:30,10:30,12:30,WAY-158,Computing,Monitor 27-inch V6,pcs,7,0,7,10,0,12,low_stock
OUT021,,Waypoint Tech,Colombo,Peliyagoda,mall_bay,mall_dock,10:30-12:30,10:30,12:30,WAY-159,Computing,Keyboard V6,pcs,19,2,17,2,5,12,in_stock
OUT021,,Waypoint Tech,Colombo,Peliyagoda,mall_bay,mall_dock,10:30-12:30,10:30,12:30,WAY-160,Computing,Wireless Mouse V6,pcs,23,1,22,11,0,7,in_stock
OUT021,,Waypoint Tech,Colombo,Peliyagoda,mall_bay,mall_dock,10:30-12:30,10:30,12:30,WAY-161,Computing,Webcam V6,pcs,9,1,8,12,0,4,in_stock
OUT021,,Waypoint Tech,Colombo,Peliyagoda,mall_bay,mall_dock,10:30-12:30,10:30,12:30,WAY-162,Computing,USB-C Hub V6,pcs,4,3,1,2,10,9,low_stock
OUT021,,Waypoint Tech,Colombo,Peliyagoda,mall_bay,mall_dock,10:30-12:30,10:30,12:30,WAY-163,Computing,Laptop Stand V6,pcs,17,8,9,1,2,5,in_stock
OUT021,,Waypoint Tech,Colombo,Peliyagoda,mall_bay,mall_dock,10:30-12:30,10:30,12:30,WAY-164,Storage,USB Flash Drive 64GB V6,pcs,27,1,26,3,0,9,in_stock
OUT021,,Waypoint Tech,Colombo,Peliyagoda,mall_bay,mall_dock,10:30-12:30,10:30,12:30,WAY-165,Storage,USB Flash Drive 128GB V6,pcs,18,1,17,10,2,4,in_stock
OUT021,,Waypoint Tech,Colombo,Peliyagoda,mall_bay,mall_dock,10:30-12:30,10:30,12:30,WAY-166,Storage,External SSD 1TB V6,pcs,13,0,13,14,0,10,in_stock
OUT021,,Waypoint Tech,Colombo,Peliyagoda,mall_bay,mall_dock,10:30-12:30,10:30,12:30,WAY-167,Storage,MicroSD 128GB V6,pcs,11,7,4,11,2,5,low_stock
OUT021,,Waypoint Tech,Colombo,Peliyagoda,mall_bay,mall_dock,10:30-12:30,10:30,12:30,WAY-168,Networking,Wi-Fi Router V6,pcs,14,1,13,15,0,3,in_stock
OUT021,,Waypoint Tech,Colombo,Peliyagoda,mall_bay,mall_dock,10:30-12:30,10:30,12:30,WAY-169,Networking,Wi-Fi Extender V6,pcs,11,4,7,6,0,8,low_stock
OUT021,,Waypoint Tech,Colombo,Peliyagoda,mall_bay,mall_dock,10:30-12:30,10:30,12:30,WAY-170,Networking,Ethernet Cable 5m V6,pcs,11,4,7,12,2,4,in_stock
OUT021,,Waypoint Tech,Colombo,Peliyagoda,mall_bay,mall_dock,10:30-12:30,10:30,12:30,WAY-171,Audio,Bluetooth Earbuds V6,pcs,6,4,2,0,10,9,low_stock
OUT021,,Waypoint Tech,Colombo,Peliyagoda,mall_bay,mall_dock,10:30-12:30,10:30,12:30,WAY-172,Audio,Bluetooth Headphones V6,pcs,13,0,13,15,0,12,in_stock
OUT021,,Waypoint Tech,Colombo,Peliyagoda,mall_bay,mall_dock,10:30-12:30,10:30,12:30,WAY-173,Audio,Bluetooth Speaker V6,pcs,15,0,15,5,0,6,in_stock
OUT021,,Waypoint Tech,Colombo,Peliyagoda,mall_bay,mall_dock,10:30-12:30,10:30,12:30,WAY-174,Accessories,Phone Charger V6,pcs,4,1,3,9,0,12,low_stock
OUT021,,Waypoint Tech,Colombo,Peliyagoda,mall_bay,mall_dock,10:30-12:30,10:30,12:30,WAY-175,Accessories,USB-C Cable V6,pcs,16,3,13,11,0,12,in_stock
OUT021,,Waypoint Tech,Colombo,Peliyagoda,mall_bay,mall_dock,10:30-12:30,10:30,12:30,WAY-176,Accessories,Lightning Cable V6,pcs,15,1,14,10,2,9,in_stock
OUT021,,Waypoint Tech,Colombo,Peliyagoda,mall_bay,mall_dock,10:30-12:30,10:30,12:30,WAY-177,Accessories,Power Bank 10000mAh V6,pcs,21,7,14,11,0,6,in_stock
OUT021,,Waypoint Tech,Colombo,Peliyagoda,mall_bay,mall_dock,10:30-12:30,10:30,12:30,WAY-178,Accessories,Power Bank 20000mAh V6,pcs,10,0,10,11,0,9,in_stock
OUT021,,Waypoint Tech,Colombo,Peliyagoda,mall_bay,mall_dock,10:30-12:30,10:30,12:30,WAY-179,Accessories,Phone Case V6,pcs,24,3,21,14,0,7,in_stock
OUT021,,Waypoint Tech,Colombo,Peliyagoda,mall_bay,mall_dock,10:30-12:30,10:30,12:30,WAY-180,Accessories,Screen Protector V6,pcs,19,1,18,4,5,9,in_stock
OUT021,,Waypoint Tech,Colombo,Peliyagoda,mall_bay,mall_dock,10:30-12:30,10:30,12:30,WAY-181,Mobile Phones,Smartphone V7,pcs,9,1,8,16,10,4,in_stock
OUT021,,Waypoint Tech,Colombo,Peliyagoda,mall_bay,mall_dock,10:30-12:30,10:30,12:30,WAY-182,Mobile Phones,Feature Phone V7,pcs,25,2,23,3,5,9,in_stock
OUT021,,Waypoint Tech,Colombo,Peliyagoda,mall_bay,mall_dock,10:30-12:30,10:30,12:30,WAY-183,Tablets,Android Tablet V7,pcs,10,0,10,6,0,3,in_stock
OUT021,,Waypoint Tech,Colombo,Peliyagoda,mall_bay,mall_dock,10:30-12:30,10:30,12:30,WAY-184,Laptops,Laptop V7,pcs,11,3,8,1,5,9,low_stock
OUT021,,Waypoint Tech,Colombo,Peliyagoda,mall_bay,mall_dock,10:30-12:30,10:30,12:30,WAY-185,Laptops,Chromebook V7,pcs,24,6,18,9,10,11,in_stock
OUT021,,Waypoint Tech,Colombo,Peliyagoda,mall_bay,mall_dock,10:30-12:30,10:30,12:30,WAY-186,Computing,Desktop PC V7,pcs,17,8,9,11,2,3,in_stock
OUT021,,Waypoint Tech,Colombo,Peliyagoda,mall_bay,mall_dock,10:30-12:30,10:30,12:30,WAY-187,Computing,Monitor 24-inch V7,pcs,9,5,4,6,0,9,low_stock
OUT021,,Waypoint Tech,Colombo,Peliyagoda,mall_bay,mall_dock,10:30-12:30,10:30,12:30,WAY-188,Computing,Monitor 27-inch V7,pcs,4,0,4,16,0,7,low_stock
OUT021,,Waypoint Tech,Colombo,Peliyagoda,mall_bay,mall_dock,10:30-12:30,10:30,12:30,WAY-189,Computing,Keyboard V7,pcs,13,7,6,9,10,12,low_stock
OUT021,,Waypoint Tech,Colombo,Peliyagoda,mall_bay,mall_dock,10:30-12:30,10:30,12:30,WAY-190,Computing,Wireless Mouse V7,pcs,18,3,15,0,0,8,in_stock
OUT021,,Waypoint Tech,Colombo,Peliyagoda,mall_bay,mall_dock,10:30-12:30,10:30,12:30,WAY-191,Computing,Webcam V7,pcs,9,3,6,11,10,10,low_stock
OUT021,,Waypoint Tech,Colombo,Peliyagoda,mall_bay,mall_dock,10:30-12:30,10:30,12:30,WAY-192,Computing,USB-C Hub V7,pcs,14,5,9,16,0,5,in_stock
OUT021,,Waypoint Tech,Colombo,Peliyagoda,mall_bay,mall_dock,10:30-12:30,10:30,12:30,WAY-193,Computing,Laptop Stand V7,pcs,20,6,14,6,2,8,in_stock
OUT021,,Waypoint Tech,Colombo,Peliyagoda,mall_bay,mall_dock,10:30-12:30,10:30,12:30,WAY-194,Storage,USB Flash Drive 64GB V7,pcs,27,4,23,4,5,11,in_stock
OUT021,,Waypoint Tech,Colombo,Peliyagoda,mall_bay,mall_dock,10:30-12:30,10:30,12:30,WAY-195,Storage,USB Flash Drive 128GB V7,pcs,19,7,12,11,0,4,in_stock
OUT021,,Waypoint Tech,Colombo,Peliyagoda,mall_bay,mall_dock,10:30-12:30,10:30,12:30,WAY-196,Storage,External SSD 1TB V7,pcs,21,3,18,7,0,6,in_stock
OUT021,,Waypoint Tech,Colombo,Peliyagoda,mall_bay,mall_dock,10:30-12:30,10:30,12:30,WAY-197,Storage,MicroSD 128GB V7,pcs,6,2,4,9,10,12,low_stock
OUT021,,Waypoint Tech,Colombo,Peliyagoda,mall_bay,mall_dock,10:30-12:30,10:30,12:30,WAY-198,Networking,Wi-Fi Router V7,pcs,9,8,1,9,0,10,low_stock
OUT021,,Waypoint Tech,Colombo,Peliyagoda,mall_bay,mall_dock,10:30-12:30,10:30,12:30,WAY-199,Networking,Wi-Fi Extender V7,pcs,9,4,5,2,5,3,in_stock
OUT021,,Waypoint Tech,Colombo,Peliyagoda,mall_bay,mall_dock,10:30-12:30,10:30,12:30,WAY-200,Networking,Ethernet Cable 5m V7,pcs,10,8,2,16,10,7,low_stock
OUT022,,Waypoint Tech,Colombo,Peliyagoda,mall_bay,mall_dock,10:00-12:00,10:00,12:00,WAY-001,Mobile Phones,Smartphone,pcs,12,6,6,11,2,4,in_stock
OUT022,,Waypoint Tech,Colombo,Peliyagoda,mall_bay,mall_dock,10:00-12:00,10:00,12:00,WAY-002,Mobile Phones,Feature Phone,pcs,24,6,18,2,5,7,in_stock
OUT022,,Waypoint Tech,Colombo,Peliyagoda,mall_bay,mall_dock,10:00-12:00,10:00,12:00,WAY-003,Tablets,Android Tablet,pcs,15,6,9,7,2,3,in_stock
OUT022,,Waypoint Tech,Colombo,Peliyagoda,mall_bay,mall_dock,10:00-12:00,10:00,12:00,WAY-004,Laptops,Laptop,pcs,15,7,8,8,10,8,low_stock
OUT022,,Waypoint Tech,Colombo,Peliyagoda,mall_bay,mall_dock,10:00-12:00,10:00,12:00,WAY-005,Laptops,Chromebook,pcs,13,4,9,15,2,6,in_stock
OUT022,,Waypoint Tech,Colombo,Peliyagoda,mall_bay,mall_dock,10:00-12:00,10:00,12:00,WAY-006,Computing,Desktop PC,pcs,28,4,24,10,10,4,in_stock
OUT022,,Waypoint Tech,Colombo,Peliyagoda,mall_bay,mall_dock,10:00-12:00,10:00,12:00,WAY-007,Computing,Monitor 24-inch,pcs,15,4,11,4,5,9,in_stock
OUT022,,Waypoint Tech,Colombo,Peliyagoda,mall_bay,mall_dock,10:00-12:00,10:00,12:00,WAY-008,Computing,Monitor 27-inch,pcs,5,4,1,15,0,10,low_stock
OUT022,,Waypoint Tech,Colombo,Peliyagoda,mall_bay,mall_dock,10:00-12:00,10:00,12:00,WAY-009,Computing,Keyboard,pcs,24,2,22,10,5,4,in_stock
OUT022,,Waypoint Tech,Colombo,Peliyagoda,mall_bay,mall_dock,10:00-12:00,10:00,12:00,WAY-010,Computing,Wireless Mouse,pcs,10,1,9,7,0,9,low_stock
OUT022,,Waypoint Tech,Colombo,Peliyagoda,mall_bay,mall_dock,10:00-12:00,10:00,12:00,WAY-011,Computing,Webcam,pcs,24,3,21,4,2,3,in_stock
OUT022,,Waypoint Tech,Colombo,Peliyagoda,mall_bay,mall_dock,10:00-12:00,10:00,12:00,WAY-012,Computing,USB-C Hub,pcs,24,2,22,14,0,3,in_stock
OUT022,,Waypoint Tech,Colombo,Peliyagoda,mall_bay,mall_dock,10:00-12:00,10:00,12:00,WAY-013,Computing,Laptop Stand,pcs,25,3,22,10,2,4,in_stock
OUT022,,Waypoint Tech,Colombo,Peliyagoda,mall_bay,mall_dock,10:00-12:00,10:00,12:00,WAY-014,Storage,USB Flash Drive 64GB,pcs,16,3,13,3,5,6,in_stock
OUT022,,Waypoint Tech,Colombo,Peliyagoda,mall_bay,mall_dock,10:00-12:00,10:00,12:00,WAY-015,Storage,USB Flash Drive 128GB,pcs,5,4,1,12,5,3,low_stock
OUT022,,Waypoint Tech,Colombo,Peliyagoda,mall_bay,mall_dock,10:00-12:00,10:00,12:00,WAY-016,Storage,External SSD 1TB,pcs,15,4,11,11,2,4,in_stock
OUT022,,Waypoint Tech,Colombo,Peliyagoda,mall_bay,mall_dock,10:00-12:00,10:00,12:00,WAY-017,Storage,MicroSD 128GB,pcs,13,8,5,6,2,6,low_stock
OUT022,,Waypoint Tech,Colombo,Peliyagoda,mall_bay,mall_dock,10:00-12:00,10:00,12:00,WAY-018,Networking,Wi-Fi Router,pcs,21,5,16,16,0,5,in_stock
OUT022,,Waypoint Tech,Colombo,Peliyagoda,mall_bay,mall_dock,10:00-12:00,10:00,12:00,WAY-019,Networking,Wi-Fi Extender,pcs,23,3,20,4,5,10,in_stock
OUT022,,Waypoint Tech,Colombo,Peliyagoda,mall_bay,mall_dock,10:00-12:00,10:00,12:00,WAY-020,Networking,Ethernet Cable 5m,pcs,22,5,17,10,0,10,in_stock
OUT022,,Waypoint Tech,Colombo,Peliyagoda,mall_bay,mall_dock,10:00-12:00,10:00,12:00,WAY-021,Audio,Bluetooth Earbuds,pcs,26,2,24,14,10,3,in_stock
OUT022,,Waypoint Tech,Colombo,Peliyagoda,mall_bay,mall_dock,10:00-12:00,10:00,12:00,WAY-022,Audio,Bluetooth Headphones,pcs,15,7,8,4,0,11,low_stock
OUT022,,Waypoint Tech,Colombo,Peliyagoda,mall_bay,mall_dock,10:00-12:00,10:00,12:00,WAY-023,Audio,Bluetooth Speaker,pcs,23,6,17,7,5,9,in_stock
OUT022,,Waypoint Tech,Colombo,Peliyagoda,mall_bay,mall_dock,10:00-12:00,10:00,12:00,WAY-024,Accessories,Phone Charger,pcs,25,4,21,10,5,11,in_stock
OUT022,,Waypoint Tech,Colombo,Peliyagoda,mall_bay,mall_dock,10:00-12:00,10:00,12:00,WAY-025,Accessories,USB-C Cable,pcs,13,5,8,4,0,3,in_stock
OUT022,,Waypoint Tech,Colombo,Peliyagoda,mall_bay,mall_dock,10:00-12:00,10:00,12:00,WAY-026,Accessories,Lightning Cable,pcs,8,6,2,0,2,12,low_stock
OUT022,,Waypoint Tech,Colombo,Peliyagoda,mall_bay,mall_dock,10:00-12:00,10:00,12:00,WAY-027,Accessories,Power Bank 10000mAh,pcs,22,2,20,2,0,9,in_stock
OUT022,,Waypoint Tech,Colombo,Peliyagoda,mall_bay,mall_dock,10:00-12:00,10:00,12:00,WAY-028,Accessories,Power Bank 20000mAh,pcs,28,5,23,14,10,11,in_stock
OUT022,,Waypoint Tech,Colombo,Peliyagoda,mall_bay,mall_dock,10:00-12:00,10:00,12:00,WAY-029,Accessories,Phone Case,pcs,21,1,20,9,5,11,in_stock
OUT022,,Waypoint Tech,Colombo,Peliyagoda,mall_bay,mall_dock,10:00-12:00,10:00,12:00,WAY-030,Accessories,Screen Protector,pcs,11,7,4,1,10,9,low_stock
OUT022,,Waypoint Tech,Colombo,Peliyagoda,mall_bay,mall_dock,10:00-12:00,10:00,12:00,WAY-031,Mobile Phones,Smartphone V2,pcs,28,4,24,8,0,3,in_stock
OUT022,,Waypoint Tech,Colombo,Peliyagoda,mall_bay,mall_dock,10:00-12:00,10:00,12:00,WAY-032,Mobile Phones,Feature Phone V2,pcs,21,4,17,11,2,6,in_stock
OUT022,,Waypoint Tech,Colombo,Peliyagoda,mall_bay,mall_dock,10:00-12:00,10:00,12:00,WAY-033,Tablets,Android Tablet V2,pcs,8,2,6,6,5,3,in_stock
OUT022,,Waypoint Tech,Colombo,Peliyagoda,mall_bay,mall_dock,10:00-12:00,10:00,12:00,WAY-034,Laptops,Laptop V2,pcs,13,8,5,9,0,4,in_stock
OUT022,,Waypoint Tech,Colombo,Peliyagoda,mall_bay,mall_dock,10:00-12:00,10:00,12:00,WAY-035,Laptops,Chromebook V2,pcs,25,1,24,6,0,7,in_stock
OUT022,,Waypoint Tech,Colombo,Peliyagoda,mall_bay,mall_dock,10:00-12:00,10:00,12:00,WAY-036,Computing,Desktop PC V2,pcs,23,2,21,6,0,7,in_stock
OUT022,,Waypoint Tech,Colombo,Peliyagoda,mall_bay,mall_dock,10:00-12:00,10:00,12:00,WAY-037,Computing,Monitor 24-inch V2,pcs,26,8,18,9,5,10,in_stock
OUT022,,Waypoint Tech,Colombo,Peliyagoda,mall_bay,mall_dock,10:00-12:00,10:00,12:00,WAY-038,Computing,Monitor 27-inch V2,pcs,11,6,5,13,0,11,low_stock
OUT022,,Waypoint Tech,Colombo,Peliyagoda,mall_bay,mall_dock,10:00-12:00,10:00,12:00,WAY-039,Computing,Keyboard V2,pcs,18,0,18,4,0,9,in_stock
OUT022,,Waypoint Tech,Colombo,Peliyagoda,mall_bay,mall_dock,10:00-12:00,10:00,12:00,WAY-040,Computing,Wireless Mouse V2,pcs,16,1,15,5,5,5,in_stock
OUT022,,Waypoint Tech,Colombo,Peliyagoda,mall_bay,mall_dock,10:00-12:00,10:00,12:00,WAY-041,Computing,Webcam V2,pcs,11,3,8,15,0,4,in_stock
OUT022,,Waypoint Tech,Colombo,Peliyagoda,mall_bay,mall_dock,10:00-12:00,10:00,12:00,WAY-042,Computing,USB-C Hub V2,pcs,8,1,7,10,2,3,in_stock
OUT022,,Waypoint Tech,Colombo,Peliyagoda,mall_bay,mall_dock,10:00-12:00,10:00,12:00,WAY-043,Computing,Laptop Stand V2,pcs,2,1,1,7,2,8,low_stock
OUT022,,Waypoint Tech,Colombo,Peliyagoda,mall_bay,mall_dock,10:00-12:00,10:00,12:00,WAY-044,Storage,USB Flash Drive 64GB V2,pcs,26,7,19,3,5,12,in_stock
OUT022,,Waypoint Tech,Colombo,Peliyagoda,mall_bay,mall_dock,10:00-12:00,10:00,12:00,WAY-045,Storage,USB Flash Drive 128GB V2,pcs,7,6,1,9,0,12,low_stock
OUT022,,Waypoint Tech,Colombo,Peliyagoda,mall_bay,mall_dock,10:00-12:00,10:00,12:00,WAY-046,Storage,External SSD 1TB V2,pcs,23,1,22,16,2,5,in_stock
OUT022,,Waypoint Tech,Colombo,Peliyagoda,mall_bay,mall_dock,10:00-12:00,10:00,12:00,WAY-047,Storage,MicroSD 128GB V2,pcs,16,8,8,3,0,5,in_stock
OUT022,,Waypoint Tech,Colombo,Peliyagoda,mall_bay,mall_dock,10:00-12:00,10:00,12:00,WAY-048,Networking,Wi-Fi Router V2,pcs,9,0,9,5,0,7,in_stock
OUT022,,Waypoint Tech,Colombo,Peliyagoda,mall_bay,mall_dock,10:00-12:00,10:00,12:00,WAY-049,Networking,Wi-Fi Extender V2,pcs,12,7,5,9,0,3,in_stock
OUT022,,Waypoint Tech,Colombo,Peliyagoda,mall_bay,mall_dock,10:00-12:00,10:00,12:00,WAY-050,Networking,Ethernet Cable 5m V2,pcs,16,6,10,1,5,12,low_stock
OUT022,,Waypoint Tech,Colombo,Peliyagoda,mall_bay,mall_dock,10:00-12:00,10:00,12:00,WAY-051,Audio,Bluetooth Earbuds V2,pcs,21,2,19,2,10,8,in_stock
OUT022,,Waypoint Tech,Colombo,Peliyagoda,mall_bay,mall_dock,10:00-12:00,10:00,12:00,WAY-052,Audio,Bluetooth Headphones V2,pcs,12,0,12,6,5,9,in_stock
OUT022,,Waypoint Tech,Colombo,Peliyagoda,mall_bay,mall_dock,10:00-12:00,10:00,12:00,WAY-053,Audio,Bluetooth Speaker V2,pcs,16,8,8,10,0,5,in_stock
OUT022,,Waypoint Tech,Colombo,Peliyagoda,mall_bay,mall_dock,10:00-12:00,10:00,12:00,WAY-054,Accessories,Phone Charger V2,pcs,22,4,18,6,0,12,in_stock
OUT022,,Waypoint Tech,Colombo,Peliyagoda,mall_bay,mall_dock,10:00-12:00,10:00,12:00,WAY-055,Accessories,USB-C Cable V2,pcs,8,6,2,8,5,12,low_stock
OUT022,,Waypoint Tech,Colombo,Peliyagoda,mall_bay,mall_dock,10:00-12:00,10:00,12:00,WAY-056,Accessories,Lightning Cable V2,pcs,24,0,24,1,0,10,in_stock
OUT022,,Waypoint Tech,Colombo,Peliyagoda,mall_bay,mall_dock,10:00-12:00,10:00,12:00,WAY-057,Accessories,Power Bank 10000mAh V2,pcs,11,8,3,9,0,8,low_stock
OUT022,,Waypoint Tech,Colombo,Peliyagoda,mall_bay,mall_dock,10:00-12:00,10:00,12:00,WAY-058,Accessories,Power Bank 20000mAh V2,pcs,28,4,24,8,0,9,in_stock
OUT022,,Waypoint Tech,Colombo,Peliyagoda,mall_bay,mall_dock,10:00-12:00,10:00,12:00,WAY-059,Accessories,Phone Case V2,pcs,25,8,17,5,10,3,in_stock
OUT022,,Waypoint Tech,Colombo,Peliyagoda,mall_bay,mall_dock,10:00-12:00,10:00,12:00,WAY-060,Accessories,Screen Protector V2,pcs,4,0,4,9,0,5,low_stock
OUT022,,Waypoint Tech,Colombo,Peliyagoda,mall_bay,mall_dock,10:00-12:00,10:00,12:00,WAY-061,Mobile Phones,Smartphone V3,pcs,23,2,21,16,5,12,in_stock
OUT022,,Waypoint Tech,Colombo,Peliyagoda,mall_bay,mall_dock,10:00-12:00,10:00,12:00,WAY-062,Mobile Phones,Feature Phone V3,pcs,11,5,6,7,0,12,low_stock
OUT022,,Waypoint Tech,Colombo,Peliyagoda,mall_bay,mall_dock,10:00-12:00,10:00,12:00,WAY-063,Tablets,Android Tablet V3,pcs,14,7,7,13,0,9,low_stock
OUT022,,Waypoint Tech,Colombo,Peliyagoda,mall_bay,mall_dock,10:00-12:00,10:00,12:00,WAY-064,Laptops,Laptop V3,pcs,14,7,7,2,5,12,low_stock
OUT022,,Waypoint Tech,Colombo,Peliyagoda,mall_bay,mall_dock,10:00-12:00,10:00,12:00,WAY-065,Laptops,Chromebook V3,pcs,13,6,7,10,0,4,in_stock
OUT022,,Waypoint Tech,Colombo,Peliyagoda,mall_bay,mall_dock,10:00-12:00,10:00,12:00,WAY-066,Computing,Desktop PC V3,pcs,23,1,22,1,0,10,in_stock
OUT022,,Waypoint Tech,Colombo,Peliyagoda,mall_bay,mall_dock,10:00-12:00,10:00,12:00,WAY-067,Computing,Monitor 24-inch V3,pcs,20,7,13,4,0,10,in_stock
OUT022,,Waypoint Tech,Colombo,Peliyagoda,mall_bay,mall_dock,10:00-12:00,10:00,12:00,WAY-068,Computing,Monitor 27-inch V3,pcs,25,5,20,3,5,9,in_stock
OUT022,,Waypoint Tech,Colombo,Peliyagoda,mall_bay,mall_dock,10:00-12:00,10:00,12:00,WAY-069,Computing,Keyboard V3,pcs,17,7,10,5,10,6,in_stock
OUT022,,Waypoint Tech,Colombo,Peliyagoda,mall_bay,mall_dock,10:00-12:00,10:00,12:00,WAY-070,Computing,Wireless Mouse V3,pcs,22,3,19,3,5,10,in_stock
OUT022,,Waypoint Tech,Colombo,Peliyagoda,mall_bay,mall_dock,10:00-12:00,10:00,12:00,WAY-071,Computing,Webcam V3,pcs,22,3,19,13,2,5,in_stock
OUT022,,Waypoint Tech,Colombo,Peliyagoda,mall_bay,mall_dock,10:00-12:00,10:00,12:00,WAY-072,Computing,USB-C Hub V3,pcs,6,1,5,9,0,12,low_stock
OUT022,,Waypoint Tech,Colombo,Peliyagoda,mall_bay,mall_dock,10:00-12:00,10:00,12:00,WAY-073,Computing,Laptop Stand V3,pcs,7,7,0,1,10,7,out_of_stock
OUT022,,Waypoint Tech,Colombo,Peliyagoda,mall_bay,mall_dock,10:00-12:00,10:00,12:00,WAY-074,Storage,USB Flash Drive 64GB V3,pcs,20,1,19,9,5,6,in_stock
OUT022,,Waypoint Tech,Colombo,Peliyagoda,mall_bay,mall_dock,10:00-12:00,10:00,12:00,WAY-075,Storage,USB Flash Drive 128GB V3,pcs,17,6,11,16,0,7,in_stock
OUT022,,Waypoint Tech,Colombo,Peliyagoda,mall_bay,mall_dock,10:00-12:00,10:00,12:00,WAY-076,Storage,External SSD 1TB V3,pcs,3,3,0,6,2,3,out_of_stock
OUT022,,Waypoint Tech,Colombo,Peliyagoda,mall_bay,mall_dock,10:00-12:00,10:00,12:00,WAY-077,Storage,MicroSD 128GB V3,pcs,24,2,22,5,2,12,in_stock
OUT022,,Waypoint Tech,Colombo,Peliyagoda,mall_bay,mall_dock,10:00-12:00,10:00,12:00,WAY-078,Networking,Wi-Fi Router V3,pcs,5,3,2,5,0,5,low_stock
OUT022,,Waypoint Tech,Colombo,Peliyagoda,mall_bay,mall_dock,10:00-12:00,10:00,12:00,WAY-079,Networking,Wi-Fi Extender V3,pcs,12,2,10,14,5,6,in_stock
OUT022,,Waypoint Tech,Colombo,Peliyagoda,mall_bay,mall_dock,10:00-12:00,10:00,12:00,WAY-080,Networking,Ethernet Cable 5m V3,pcs,2,2,0,10,0,10,out_of_stock
OUT022,,Waypoint Tech,Colombo,Peliyagoda,mall_bay,mall_dock,10:00-12:00,10:00,12:00,WAY-081,Audio,Bluetooth Earbuds V3,pcs,28,7,21,6,5,11,in_stock
OUT022,,Waypoint Tech,Colombo,Peliyagoda,mall_bay,mall_dock,10:00-12:00,10:00,12:00,WAY-082,Audio,Bluetooth Headphones V3,pcs,27,5,22,0,10,3,in_stock
OUT022,,Waypoint Tech,Colombo,Peliyagoda,mall_bay,mall_dock,10:00-12:00,10:00,12:00,WAY-083,Audio,Bluetooth Speaker V3,pcs,11,4,7,2,0,3,in_stock
OUT022,,Waypoint Tech,Colombo,Peliyagoda,mall_bay,mall_dock,10:00-12:00,10:00,12:00,WAY-084,Accessories,Phone Charger V3,pcs,13,2,11,14,10,10,in_stock
OUT022,,Waypoint Tech,Colombo,Peliyagoda,mall_bay,mall_dock,10:00-12:00,10:00,12:00,WAY-085,Accessories,USB-C Cable V3,pcs,13,7,6,2,2,8,low_stock
OUT022,,Waypoint Tech,Colombo,Peliyagoda,mall_bay,mall_dock,10:00-12:00,10:00,12:00,WAY-086,Accessories,Lightning Cable V3,pcs,3,0,3,9,0,7,low_stock
OUT022,,Waypoint Tech,Colombo,Peliyagoda,mall_bay,mall_dock,10:00-12:00,10:00,12:00,WAY-087,Accessories,Power Bank 10000mAh V3,pcs,18,6,12,7,0,7,in_stock
OUT022,,Waypoint Tech,Colombo,Peliyagoda,mall_bay,mall_dock,10:00-12:00,10:00,12:00,WAY-088,Accessories,Power Bank 20000mAh V3,pcs,17,2,15,9,0,7,in_stock
OUT022,,Waypoint Tech,Colombo,Peliyagoda,mall_bay,mall_dock,10:00-12:00,10:00,12:00,WAY-089,Accessories,Phone Case V3,pcs,23,6,17,4,5,3,in_stock
OUT022,,Waypoint Tech,Colombo,Peliyagoda,mall_bay,mall_dock,10:00-12:00,10:00,12:00,WAY-090,Accessories,Screen Protector V3,pcs,17,3,14,9,2,7,in_stock
OUT022,,Waypoint Tech,Colombo,Peliyagoda,mall_bay,mall_dock,10:00-12:00,10:00,12:00,WAY-091,Mobile Phones,Smartphone V4,pcs,21,4,17,6,2,4,in_stock
OUT022,,Waypoint Tech,Colombo,Peliyagoda,mall_bay,mall_dock,10:00-12:00,10:00,12:00,WAY-092,Mobile Phones,Feature Phone V4,pcs,10,8,2,4,0,4,low_stock
OUT022,,Waypoint Tech,Colombo,Peliyagoda,mall_bay,mall_dock,10:00-12:00,10:00,12:00,WAY-093,Tablets,Android Tablet V4,pcs,13,3,10,5,2,11,low_stock
OUT022,,Waypoint Tech,Colombo,Peliyagoda,mall_bay,mall_dock,10:00-12:00,10:00,12:00,WAY-094,Laptops,Laptop V4,pcs,2,0,2,3,5,5,low_stock
OUT022,,Waypoint Tech,Colombo,Peliyagoda,mall_bay,mall_dock,10:00-12:00,10:00,12:00,WAY-095,Laptops,Chromebook V4,pcs,5,4,1,8,0,8,low_stock
OUT022,,Waypoint Tech,Colombo,Peliyagoda,mall_bay,mall_dock,10:00-12:00,10:00,12:00,WAY-096,Computing,Desktop PC V4,pcs,28,7,21,2,0,10,in_stock
OUT022,,Waypoint Tech,Colombo,Peliyagoda,mall_bay,mall_dock,10:00-12:00,10:00,12:00,WAY-097,Computing,Monitor 24-inch V4,pcs,5,5,0,14,2,12,out_of_stock
OUT022,,Waypoint Tech,Colombo,Peliyagoda,mall_bay,mall_dock,10:00-12:00,10:00,12:00,WAY-098,Computing,Monitor 27-inch V4,pcs,4,0,4,16,10,3,in_stock
OUT022,,Waypoint Tech,Colombo,Peliyagoda,mall_bay,mall_dock,10:00-12:00,10:00,12:00,WAY-099,Computing,Keyboard V4,pcs,10,4,6,15,10,10,low_stock
OUT022,,Waypoint Tech,Colombo,Peliyagoda,mall_bay,mall_dock,10:00-12:00,10:00,12:00,WAY-100,Computing,Wireless Mouse V4,pcs,9,2,7,14,0,9,low_stock
OUT022,,Waypoint Tech,Colombo,Peliyagoda,mall_bay,mall_dock,10:00-12:00,10:00,12:00,WAY-101,Computing,Webcam V4,pcs,21,5,16,7,10,11,in_stock
OUT022,,Waypoint Tech,Colombo,Peliyagoda,mall_bay,mall_dock,10:00-12:00,10:00,12:00,WAY-102,Computing,USB-C Hub V4,pcs,18,6,12,16,0,12,low_stock
OUT022,,Waypoint Tech,Colombo,Peliyagoda,mall_bay,mall_dock,10:00-12:00,10:00,12:00,WAY-103,Computing,Laptop Stand V4,pcs,5,1,4,3,0,6,low_stock
OUT022,,Waypoint Tech,Colombo,Peliyagoda,mall_bay,mall_dock,10:00-12:00,10:00,12:00,WAY-104,Storage,USB Flash Drive 64GB V4,pcs,25,8,17,0,0,5,in_stock
OUT022,,Waypoint Tech,Colombo,Peliyagoda,mall_bay,mall_dock,10:00-12:00,10:00,12:00,WAY-105,Storage,USB Flash Drive 128GB V4,pcs,27,0,27,16,5,3,in_stock
OUT022,,Waypoint Tech,Colombo,Peliyagoda,mall_bay,mall_dock,10:00-12:00,10:00,12:00,WAY-106,Storage,External SSD 1TB V4,pcs,28,7,21,1,5,5,in_stock
OUT022,,Waypoint Tech,Colombo,Peliyagoda,mall_bay,mall_dock,10:00-12:00,10:00,12:00,WAY-107,Storage,MicroSD 128GB V4,pcs,12,2,10,5,10,6,in_stock
OUT022,,Waypoint Tech,Colombo,Peliyagoda,mall_bay,mall_dock,10:00-12:00,10:00,12:00,WAY-108,Networking,Wi-Fi Router V4,pcs,23,8,15,7,5,4,in_stock
OUT022,,Waypoint Tech,Colombo,Peliyagoda,mall_bay,mall_dock,10:00-12:00,10:00,12:00,WAY-109,Networking,Wi-Fi Extender V4,pcs,9,0,9,9,2,7,in_stock
OUT022,,Waypoint Tech,Colombo,Peliyagoda,mall_bay,mall_dock,10:00-12:00,10:00,12:00,WAY-110,Networking,Ethernet Cable 5m V4,pcs,13,5,8,3,5,3,in_stock
OUT022,,Waypoint Tech,Colombo,Peliyagoda,mall_bay,mall_dock,10:00-12:00,10:00,12:00,WAY-111,Audio,Bluetooth Earbuds V4,pcs,10,0,10,16,5,10,low_stock
OUT022,,Waypoint Tech,Colombo,Peliyagoda,mall_bay,mall_dock,10:00-12:00,10:00,12:00,WAY-112,Audio,Bluetooth Headphones V4,pcs,11,3,8,16,2,4,in_stock
OUT022,,Waypoint Tech,Colombo,Peliyagoda,mall_bay,mall_dock,10:00-12:00,10:00,12:00,WAY-113,Audio,Bluetooth Speaker V4,pcs,8,3,5,1,10,7,low_stock
OUT022,,Waypoint Tech,Colombo,Peliyagoda,mall_bay,mall_dock,10:00-12:00,10:00,12:00,WAY-114,Accessories,Phone Charger V4,pcs,19,4,15,11,0,12,in_stock
OUT022,,Waypoint Tech,Colombo,Peliyagoda,mall_bay,mall_dock,10:00-12:00,10:00,12:00,WAY-115,Accessories,USB-C Cable V4,pcs,21,1,20,11,0,10,in_stock
OUT022,,Waypoint Tech,Colombo,Peliyagoda,mall_bay,mall_dock,10:00-12:00,10:00,12:00,WAY-116,Accessories,Lightning Cable V4,pcs,18,5,13,1,5,11,in_stock
OUT022,,Waypoint Tech,Colombo,Peliyagoda,mall_bay,mall_dock,10:00-12:00,10:00,12:00,WAY-117,Accessories,Power Bank 10000mAh V4,pcs,12,7,5,6,2,12,low_stock
OUT022,,Waypoint Tech,Colombo,Peliyagoda,mall_bay,mall_dock,10:00-12:00,10:00,12:00,WAY-118,Accessories,Power Bank 20000mAh V4,pcs,18,7,11,7,5,9,in_stock
OUT022,,Waypoint Tech,Colombo,Peliyagoda,mall_bay,mall_dock,10:00-12:00,10:00,12:00,WAY-119,Accessories,Phone Case V4,pcs,18,2,16,8,10,9,in_stock
OUT022,,Waypoint Tech,Colombo,Peliyagoda,mall_bay,mall_dock,10:00-12:00,10:00,12:00,WAY-120,Accessories,Screen Protector V4,pcs,19,4,15,5,5,5,in_stock
OUT022,,Waypoint Tech,Colombo,Peliyagoda,mall_bay,mall_dock,10:00-12:00,10:00,12:00,WAY-121,Mobile Phones,Smartphone V5,pcs,2,0,2,11,10,6,low_stock
OUT022,,Waypoint Tech,Colombo,Peliyagoda,mall_bay,mall_dock,10:00-12:00,10:00,12:00,WAY-122,Mobile Phones,Feature Phone V5,pcs,8,4,4,9,0,5,low_stock
OUT022,,Waypoint Tech,Colombo,Peliyagoda,mall_bay,mall_dock,10:00-12:00,10:00,12:00,WAY-123,Tablets,Android Tablet V5,pcs,18,7,11,13,0,3,in_stock
OUT022,,Waypoint Tech,Colombo,Peliyagoda,mall_bay,mall_dock,10:00-12:00,10:00,12:00,WAY-124,Laptops,Laptop V5,pcs,25,4,21,15,2,12,in_stock
OUT022,,Waypoint Tech,Colombo,Peliyagoda,mall_bay,mall_dock,10:00-12:00,10:00,12:00,WAY-125,Laptops,Chromebook V5,pcs,3,1,2,9,2,3,low_stock
OUT022,,Waypoint Tech,Colombo,Peliyagoda,mall_bay,mall_dock,10:00-12:00,10:00,12:00,WAY-126,Computing,Desktop PC V5,pcs,5,3,2,16,0,3,low_stock
OUT022,,Waypoint Tech,Colombo,Peliyagoda,mall_bay,mall_dock,10:00-12:00,10:00,12:00,WAY-127,Computing,Monitor 24-inch V5,pcs,4,4,0,2,0,8,out_of_stock
OUT022,,Waypoint Tech,Colombo,Peliyagoda,mall_bay,mall_dock,10:00-12:00,10:00,12:00,WAY-128,Computing,Monitor 27-inch V5,pcs,22,1,21,3,0,5,in_stock
OUT022,,Waypoint Tech,Colombo,Peliyagoda,mall_bay,mall_dock,10:00-12:00,10:00,12:00,WAY-129,Computing,Keyboard V5,pcs,7,4,3,16,0,8,low_stock
OUT022,,Waypoint Tech,Colombo,Peliyagoda,mall_bay,mall_dock,10:00-12:00,10:00,12:00,WAY-130,Computing,Wireless Mouse V5,pcs,12,6,6,3,0,7,low_stock
OUT022,,Waypoint Tech,Colombo,Peliyagoda,mall_bay,mall_dock,10:00-12:00,10:00,12:00,WAY-131,Computing,Webcam V5,pcs,24,5,19,8,5,9,in_stock
OUT022,,Waypoint Tech,Colombo,Peliyagoda,mall_bay,mall_dock,10:00-12:00,10:00,12:00,WAY-132,Computing,USB-C Hub V5,pcs,16,2,14,10,2,4,in_stock
OUT022,,Waypoint Tech,Colombo,Peliyagoda,mall_bay,mall_dock,10:00-12:00,10:00,12:00,WAY-133,Computing,Laptop Stand V5,pcs,3,0,3,5,0,10,low_stock
OUT022,,Waypoint Tech,Colombo,Peliyagoda,mall_bay,mall_dock,10:00-12:00,10:00,12:00,WAY-134,Storage,USB Flash Drive 64GB V5,pcs,24,2,22,1,10,6,in_stock
OUT022,,Waypoint Tech,Colombo,Peliyagoda,mall_bay,mall_dock,10:00-12:00,10:00,12:00,WAY-135,Storage,USB Flash Drive 128GB V5,pcs,7,6,1,7,5,10,low_stock
OUT022,,Waypoint Tech,Colombo,Peliyagoda,mall_bay,mall_dock,10:00-12:00,10:00,12:00,WAY-136,Storage,External SSD 1TB V5,pcs,13,3,10,0,5,4,in_stock
OUT022,,Waypoint Tech,Colombo,Peliyagoda,mall_bay,mall_dock,10:00-12:00,10:00,12:00,WAY-137,Storage,MicroSD 128GB V5,pcs,15,1,14,6,5,12,in_stock
OUT022,,Waypoint Tech,Colombo,Peliyagoda,mall_bay,mall_dock,10:00-12:00,10:00,12:00,WAY-138,Networking,Wi-Fi Router V5,pcs,19,1,18,2,0,8,in_stock
OUT022,,Waypoint Tech,Colombo,Peliyagoda,mall_bay,mall_dock,10:00-12:00,10:00,12:00,WAY-139,Networking,Wi-Fi Extender V5,pcs,11,2,9,0,2,3,in_stock
OUT022,,Waypoint Tech,Colombo,Peliyagoda,mall_bay,mall_dock,10:00-12:00,10:00,12:00,WAY-140,Networking,Ethernet Cable 5m V5,pcs,20,0,20,3,0,11,in_stock
OUT022,,Waypoint Tech,Colombo,Peliyagoda,mall_bay,mall_dock,10:00-12:00,10:00,12:00,WAY-141,Audio,Bluetooth Earbuds V5,pcs,10,1,9,7,0,8,in_stock
OUT022,,Waypoint Tech,Colombo,Peliyagoda,mall_bay,mall_dock,10:00-12:00,10:00,12:00,WAY-142,Audio,Bluetooth Headphones V5,pcs,14,3,11,9,2,7,in_stock
OUT022,,Waypoint Tech,Colombo,Peliyagoda,mall_bay,mall_dock,10:00-12:00,10:00,12:00,WAY-143,Audio,Bluetooth Speaker V5,pcs,17,5,12,7,2,10,in_stock
OUT022,,Waypoint Tech,Colombo,Peliyagoda,mall_bay,mall_dock,10:00-12:00,10:00,12:00,WAY-144,Accessories,Phone Charger V5,pcs,19,6,13,15,10,12,in_stock
OUT022,,Waypoint Tech,Colombo,Peliyagoda,mall_bay,mall_dock,10:00-12:00,10:00,12:00,WAY-145,Accessories,USB-C Cable V5,pcs,9,6,3,12,10,12,low_stock
OUT022,,Waypoint Tech,Colombo,Peliyagoda,mall_bay,mall_dock,10:00-12:00,10:00,12:00,WAY-146,Accessories,Lightning Cable V5,pcs,2,1,1,0,2,3,low_stock
OUT022,,Waypoint Tech,Colombo,Peliyagoda,mall_bay,mall_dock,10:00-12:00,10:00,12:00,WAY-147,Accessories,Power Bank 10000mAh V5,pcs,11,1,10,15,2,5,in_stock
OUT022,,Waypoint Tech,Colombo,Peliyagoda,mall_bay,mall_dock,10:00-12:00,10:00,12:00,WAY-148,Accessories,Power Bank 20000mAh V5,pcs,10,4,6,9,2,3,in_stock
OUT022,,Waypoint Tech,Colombo,Peliyagoda,mall_bay,mall_dock,10:00-12:00,10:00,12:00,WAY-149,Accessories,Phone Case V5,pcs,21,6,15,3,10,7,in_stock
OUT022,,Waypoint Tech,Colombo,Peliyagoda,mall_bay,mall_dock,10:00-12:00,10:00,12:00,WAY-150,Accessories,Screen Protector V5,pcs,18,3,15,10,5,9,in_stock
OUT022,,Waypoint Tech,Colombo,Peliyagoda,mall_bay,mall_dock,10:00-12:00,10:00,12:00,WAY-151,Mobile Phones,Smartphone V6,pcs,28,8,20,6,0,3,in_stock
OUT022,,Waypoint Tech,Colombo,Peliyagoda,mall_bay,mall_dock,10:00-12:00,10:00,12:00,WAY-152,Mobile Phones,Feature Phone V6,pcs,10,1,9,1,0,3,in_stock
OUT022,,Waypoint Tech,Colombo,Peliyagoda,mall_bay,mall_dock,10:00-12:00,10:00,12:00,WAY-153,Tablets,Android Tablet V6,pcs,20,5,15,7,5,12,in_stock
OUT022,,Waypoint Tech,Colombo,Peliyagoda,mall_bay,mall_dock,10:00-12:00,10:00,12:00,WAY-154,Laptops,Laptop V6,pcs,14,0,14,16,0,10,in_stock
OUT022,,Waypoint Tech,Colombo,Peliyagoda,mall_bay,mall_dock,10:00-12:00,10:00,12:00,WAY-155,Laptops,Chromebook V6,pcs,10,3,7,1,5,10,low_stock
OUT022,,Waypoint Tech,Colombo,Peliyagoda,mall_bay,mall_dock,10:00-12:00,10:00,12:00,WAY-156,Computing,Desktop PC V6,pcs,2,0,2,9,0,7,low_stock
OUT022,,Waypoint Tech,Colombo,Peliyagoda,mall_bay,mall_dock,10:00-12:00,10:00,12:00,WAY-157,Computing,Monitor 24-inch V6,pcs,13,3,10,7,0,10,low_stock
OUT022,,Waypoint Tech,Colombo,Peliyagoda,mall_bay,mall_dock,10:00-12:00,10:00,12:00,WAY-158,Computing,Monitor 27-inch V6,pcs,11,1,10,11,0,6,in_stock
OUT022,,Waypoint Tech,Colombo,Peliyagoda,mall_bay,mall_dock,10:00-12:00,10:00,12:00,WAY-159,Computing,Keyboard V6,pcs,20,8,12,10,5,5,in_stock
OUT022,,Waypoint Tech,Colombo,Peliyagoda,mall_bay,mall_dock,10:00-12:00,10:00,12:00,WAY-160,Computing,Wireless Mouse V6,pcs,24,4,20,10,10,9,in_stock
OUT022,,Waypoint Tech,Colombo,Peliyagoda,mall_bay,mall_dock,10:00-12:00,10:00,12:00,WAY-161,Computing,Webcam V6,pcs,17,6,11,14,2,6,in_stock
OUT022,,Waypoint Tech,Colombo,Peliyagoda,mall_bay,mall_dock,10:00-12:00,10:00,12:00,WAY-162,Computing,USB-C Hub V6,pcs,24,8,16,8,0,12,in_stock
OUT022,,Waypoint Tech,Colombo,Peliyagoda,mall_bay,mall_dock,10:00-12:00,10:00,12:00,WAY-163,Computing,Laptop Stand V6,pcs,9,7,2,3,0,5,low_stock
OUT022,,Waypoint Tech,Colombo,Peliyagoda,mall_bay,mall_dock,10:00-12:00,10:00,12:00,WAY-164,Storage,USB Flash Drive 64GB V6,pcs,10,5,5,9,2,8,low_stock
OUT022,,Waypoint Tech,Colombo,Peliyagoda,mall_bay,mall_dock,10:00-12:00,10:00,12:00,WAY-165,Storage,USB Flash Drive 128GB V6,pcs,5,3,2,4,2,6,low_stock
OUT022,,Waypoint Tech,Colombo,Peliyagoda,mall_bay,mall_dock,10:00-12:00,10:00,12:00,WAY-166,Storage,External SSD 1TB V6,pcs,12,4,8,7,0,7,in_stock
OUT022,,Waypoint Tech,Colombo,Peliyagoda,mall_bay,mall_dock,10:00-12:00,10:00,12:00,WAY-167,Storage,MicroSD 128GB V6,pcs,10,2,8,3,0,10,low_stock
OUT022,,Waypoint Tech,Colombo,Peliyagoda,mall_bay,mall_dock,10:00-12:00,10:00,12:00,WAY-168,Networking,Wi-Fi Router V6,pcs,24,4,20,12,10,11,in_stock
OUT022,,Waypoint Tech,Colombo,Peliyagoda,mall_bay,mall_dock,10:00-12:00,10:00,12:00,WAY-169,Networking,Wi-Fi Extender V6,pcs,17,2,15,3,0,11,in_stock
OUT022,,Waypoint Tech,Colombo,Peliyagoda,mall_bay,mall_dock,10:00-12:00,10:00,12:00,WAY-170,Networking,Ethernet Cable 5m V6,pcs,15,7,8,8,2,5,in_stock
OUT022,,Waypoint Tech,Colombo,Peliyagoda,mall_bay,mall_dock,10:00-12:00,10:00,12:00,WAY-171,Audio,Bluetooth Earbuds V6,pcs,22,4,18,15,0,6,in_stock
OUT022,,Waypoint Tech,Colombo,Peliyagoda,mall_bay,mall_dock,10:00-12:00,10:00,12:00,WAY-172,Audio,Bluetooth Headphones V6,pcs,22,2,20,16,0,3,in_stock
OUT022,,Waypoint Tech,Colombo,Peliyagoda,mall_bay,mall_dock,10:00-12:00,10:00,12:00,WAY-173,Audio,Bluetooth Speaker V6,pcs,16,5,11,9,2,11,low_stock
OUT022,,Waypoint Tech,Colombo,Peliyagoda,mall_bay,mall_dock,10:00-12:00,10:00,12:00,WAY-174,Accessories,Phone Charger V6,pcs,22,3,19,15,0,3,in_stock
OUT022,,Waypoint Tech,Colombo,Peliyagoda,mall_bay,mall_dock,10:00-12:00,10:00,12:00,WAY-175,Accessories,USB-C Cable V6,pcs,12,1,11,7,0,8,in_stock
OUT022,,Waypoint Tech,Colombo,Peliyagoda,mall_bay,mall_dock,10:00-12:00,10:00,12:00,WAY-176,Accessories,Lightning Cable V6,pcs,25,1,24,9,0,8,in_stock
OUT022,,Waypoint Tech,Colombo,Peliyagoda,mall_bay,mall_dock,10:00-12:00,10:00,12:00,WAY-177,Accessories,Power Bank 10000mAh V6,pcs,23,3,20,4,2,12,in_stock
OUT022,,Waypoint Tech,Colombo,Peliyagoda,mall_bay,mall_dock,10:00-12:00,10:00,12:00,WAY-178,Accessories,Power Bank 20000mAh V6,pcs,5,4,1,6,0,5,low_stock
OUT022,,Waypoint Tech,Colombo,Peliyagoda,mall_bay,mall_dock,10:00-12:00,10:00,12:00,WAY-179,Accessories,Phone Case V6,pcs,21,1,20,2,2,4,in_stock
OUT022,,Waypoint Tech,Colombo,Peliyagoda,mall_bay,mall_dock,10:00-12:00,10:00,12:00,WAY-180,Accessories,Screen Protector V6,pcs,22,8,14,2,5,5,in_stock
OUT022,,Waypoint Tech,Colombo,Peliyagoda,mall_bay,mall_dock,10:00-12:00,10:00,12:00,WAY-181,Mobile Phones,Smartphone V7,pcs,4,3,1,9,10,5,low_stock
OUT022,,Waypoint Tech,Colombo,Peliyagoda,mall_bay,mall_dock,10:00-12:00,10:00,12:00,WAY-182,Mobile Phones,Feature Phone V7,pcs,26,2,24,15,0,12,in_stock
OUT022,,Waypoint Tech,Colombo,Peliyagoda,mall_bay,mall_dock,10:00-12:00,10:00,12:00,WAY-183,Tablets,Android Tablet V7,pcs,13,1,12,5,5,5,in_stock
OUT022,,Waypoint Tech,Colombo,Peliyagoda,mall_bay,mall_dock,10:00-12:00,10:00,12:00,WAY-184,Laptops,Laptop V7,pcs,12,5,7,4,0,10,low_stock
OUT022,,Waypoint Tech,Colombo,Peliyagoda,mall_bay,mall_dock,10:00-12:00,10:00,12:00,WAY-185,Laptops,Chromebook V7,pcs,4,4,0,11,0,9,out_of_stock
OUT022,,Waypoint Tech,Colombo,Peliyagoda,mall_bay,mall_dock,10:00-12:00,10:00,12:00,WAY-186,Computing,Desktop PC V7,pcs,3,1,2,13,10,6,low_stock
OUT022,,Waypoint Tech,Colombo,Peliyagoda,mall_bay,mall_dock,10:00-12:00,10:00,12:00,WAY-187,Computing,Monitor 24-inch V7,pcs,20,4,16,9,5,10,in_stock
OUT022,,Waypoint Tech,Colombo,Peliyagoda,mall_bay,mall_dock,10:00-12:00,10:00,12:00,WAY-188,Computing,Monitor 27-inch V7,pcs,24,4,20,9,0,8,in_stock
OUT022,,Waypoint Tech,Colombo,Peliyagoda,mall_bay,mall_dock,10:00-12:00,10:00,12:00,WAY-189,Computing,Keyboard V7,pcs,27,6,21,7,0,7,in_stock
OUT022,,Waypoint Tech,Colombo,Peliyagoda,mall_bay,mall_dock,10:00-12:00,10:00,12:00,WAY-190,Computing,Wireless Mouse V7,pcs,12,5,7,5,0,3,in_stock
OUT022,,Waypoint Tech,Colombo,Peliyagoda,mall_bay,mall_dock,10:00-12:00,10:00,12:00,WAY-191,Computing,Webcam V7,pcs,3,2,1,4,2,4,low_stock
OUT022,,Waypoint Tech,Colombo,Peliyagoda,mall_bay,mall_dock,10:00-12:00,10:00,12:00,WAY-192,Computing,USB-C Hub V7,pcs,16,0,16,9,10,4,in_stock
OUT022,,Waypoint Tech,Colombo,Peliyagoda,mall_bay,mall_dock,10:00-12:00,10:00,12:00,WAY-193,Computing,Laptop Stand V7,pcs,15,5,10,10,5,9,in_stock
OUT022,,Waypoint Tech,Colombo,Peliyagoda,mall_bay,mall_dock,10:00-12:00,10:00,12:00,WAY-194,Storage,USB Flash Drive 64GB V7,pcs,20,2,18,6,0,4,in_stock
OUT022,,Waypoint Tech,Colombo,Peliyagoda,mall_bay,mall_dock,10:00-12:00,10:00,12:00,WAY-195,Storage,USB Flash Drive 128GB V7,pcs,27,2,25,4,10,3,in_stock
OUT022,,Waypoint Tech,Colombo,Peliyagoda,mall_bay,mall_dock,10:00-12:00,10:00,12:00,WAY-196,Storage,External SSD 1TB V7,pcs,25,3,22,13,10,6,in_stock
OUT022,,Waypoint Tech,Colombo,Peliyagoda,mall_bay,mall_dock,10:00-12:00,10:00,12:00,WAY-197,Storage,MicroSD 128GB V7,pcs,4,0,4,12,0,8,low_stock
OUT022,,Waypoint Tech,Colombo,Peliyagoda,mall_bay,mall_dock,10:00-12:00,10:00,12:00,WAY-198,Networking,Wi-Fi Router V7,pcs,17,6,11,13,5,9,in_stock
OUT022,,Waypoint Tech,Colombo,Peliyagoda,mall_bay,mall_dock,10:00-12:00,10:00,12:00,WAY-199,Networking,Wi-Fi Extender V7,pcs,8,1,7,5,5,6,in_stock
OUT022,,Waypoint Tech,Colombo,Peliyagoda,mall_bay,mall_dock,10:00-12:00,10:00,12:00,WAY-200,Networking,Ethernet Cable 5m V7,pcs,16,2,14,4,0,7,in_stock
OUT023,,Waypoint Tech,Colombo,Peliyagoda,street,normal,,09:00,17:00,WAY-001,Mobile Phones,Smartphone,pcs,28,0,28,4,10,6,in_stock
OUT023,,Waypoint Tech,Colombo,Peliyagoda,street,normal,,09:00,17:00,WAY-002,Mobile Phones,Feature Phone,pcs,5,0,5,12,0,9,low_stock
OUT023,,Waypoint Tech,Colombo,Peliyagoda,street,normal,,09:00,17:00,WAY-003,Tablets,Android Tablet,pcs,26,8,18,9,2,5,in_stock
OUT023,,Waypoint Tech,Colombo,Peliyagoda,street,normal,,09:00,17:00,WAY-004,Laptops,Laptop,pcs,24,7,17,8,0,11,in_stock
OUT023,,Waypoint Tech,Colombo,Peliyagoda,street,normal,,09:00,17:00,WAY-005,Laptops,Chromebook,pcs,14,8,6,11,0,8,low_stock
OUT023,,Waypoint Tech,Colombo,Peliyagoda,street,normal,,09:00,17:00,WAY-006,Computing,Desktop PC,pcs,8,8,0,2,2,12,out_of_stock
OUT023,,Waypoint Tech,Colombo,Peliyagoda,street,normal,,09:00,17:00,WAY-007,Computing,Monitor 24-inch,pcs,17,7,10,11,0,3,in_stock
OUT023,,Waypoint Tech,Colombo,Peliyagoda,street,normal,,09:00,17:00,WAY-008,Computing,Monitor 27-inch,pcs,17,6,11,11,5,7,in_stock
OUT023,,Waypoint Tech,Colombo,Peliyagoda,street,normal,,09:00,17:00,WAY-009,Computing,Keyboard,pcs,27,0,27,10,0,9,in_stock
OUT023,,Waypoint Tech,Colombo,Peliyagoda,street,normal,,09:00,17:00,WAY-010,Computing,Wireless Mouse,pcs,9,1,8,9,5,7,in_stock
OUT023,,Waypoint Tech,Colombo,Peliyagoda,street,normal,,09:00,17:00,WAY-011,Computing,Webcam,pcs,9,2,7,6,5,11,low_stock
OUT023,,Waypoint Tech,Colombo,Peliyagoda,street,normal,,09:00,17:00,WAY-012,Computing,USB-C Hub,pcs,9,8,1,6,5,12,low_stock
OUT023,,Waypoint Tech,Colombo,Peliyagoda,street,normal,,09:00,17:00,WAY-013,Computing,Laptop Stand,pcs,15,5,10,14,2,3,in_stock
OUT023,,Waypoint Tech,Colombo,Peliyagoda,street,normal,,09:00,17:00,WAY-014,Storage,USB Flash Drive 64GB,pcs,17,7,10,1,0,12,low_stock
OUT023,,Waypoint Tech,Colombo,Peliyagoda,street,normal,,09:00,17:00,WAY-015,Storage,USB Flash Drive 128GB,pcs,2,0,2,6,2,11,low_stock
OUT023,,Waypoint Tech,Colombo,Peliyagoda,street,normal,,09:00,17:00,WAY-016,Storage,External SSD 1TB,pcs,20,2,18,0,2,10,in_stock
OUT023,,Waypoint Tech,Colombo,Peliyagoda,street,normal,,09:00,17:00,WAY-017,Storage,MicroSD 128GB,pcs,23,8,15,5,0,12,in_stock
OUT023,,Waypoint Tech,Colombo,Peliyagoda,street,normal,,09:00,17:00,WAY-018,Networking,Wi-Fi Router,pcs,14,8,6,6,10,9,low_stock
OUT023,,Waypoint Tech,Colombo,Peliyagoda,street,normal,,09:00,17:00,WAY-019,Networking,Wi-Fi Extender,pcs,7,5,2,9,0,11,low_stock
OUT023,,Waypoint Tech,Colombo,Peliyagoda,street,normal,,09:00,17:00,WAY-020,Networking,Ethernet Cable 5m,pcs,25,6,19,16,0,5,in_stock
OUT023,,Waypoint Tech,Colombo,Peliyagoda,street,normal,,09:00,17:00,WAY-021,Audio,Bluetooth Earbuds,pcs,13,8,5,8,0,7,low_stock
OUT023,,Waypoint Tech,Colombo,Peliyagoda,street,normal,,09:00,17:00,WAY-022,Audio,Bluetooth Headphones,pcs,20,5,15,9,2,11,in_stock
OUT023,,Waypoint Tech,Colombo,Peliyagoda,street,normal,,09:00,17:00,WAY-023,Audio,Bluetooth Speaker,pcs,5,3,2,3,2,6,low_stock
OUT023,,Waypoint Tech,Colombo,Peliyagoda,street,normal,,09:00,17:00,WAY-024,Accessories,Phone Charger,pcs,7,1,6,9,5,8,low_stock
OUT023,,Waypoint Tech,Colombo,Peliyagoda,street,normal,,09:00,17:00,WAY-025,Accessories,USB-C Cable,pcs,2,1,1,3,0,8,low_stock
OUT023,,Waypoint Tech,Colombo,Peliyagoda,street,normal,,09:00,17:00,WAY-026,Accessories,Lightning Cable,pcs,20,7,13,0,5,3,in_stock
OUT023,,Waypoint Tech,Colombo,Peliyagoda,street,normal,,09:00,17:00,WAY-027,Accessories,Power Bank 10000mAh,pcs,9,6,3,4,2,5,low_stock
OUT023,,Waypoint Tech,Colombo,Peliyagoda,street,normal,,09:00,17:00,WAY-028,Accessories,Power Bank 20000mAh,pcs,16,3,13,12,5,8,in_stock
OUT023,,Waypoint Tech,Colombo,Peliyagoda,street,normal,,09:00,17:00,WAY-029,Accessories,Phone Case,pcs,4,3,1,15,0,6,low_stock
OUT023,,Waypoint Tech,Colombo,Peliyagoda,street,normal,,09:00,17:00,WAY-030,Accessories,Screen Protector,pcs,9,2,7,5,10,9,low_stock
OUT023,,Waypoint Tech,Colombo,Peliyagoda,street,normal,,09:00,17:00,WAY-031,Mobile Phones,Smartphone V2,pcs,13,3,10,6,0,8,in_stock
OUT023,,Waypoint Tech,Colombo,Peliyagoda,street,normal,,09:00,17:00,WAY-032,Mobile Phones,Feature Phone V2,pcs,7,5,2,13,2,8,low_stock
OUT023,,Waypoint Tech,Colombo,Peliyagoda,street,normal,,09:00,17:00,WAY-033,Tablets,Android Tablet V2,pcs,10,3,7,11,0,10,low_stock
OUT023,,Waypoint Tech,Colombo,Peliyagoda,street,normal,,09:00,17:00,WAY-034,Laptops,Laptop V2,pcs,21,4,17,1,0,10,in_stock
OUT023,,Waypoint Tech,Colombo,Peliyagoda,street,normal,,09:00,17:00,WAY-035,Laptops,Chromebook V2,pcs,28,6,22,5,0,9,in_stock
OUT023,,Waypoint Tech,Colombo,Peliyagoda,street,normal,,09:00,17:00,WAY-036,Computing,Desktop PC V2,pcs,5,5,0,2,0,5,out_of_stock
OUT023,,Waypoint Tech,Colombo,Peliyagoda,street,normal,,09:00,17:00,WAY-037,Computing,Monitor 24-inch V2,pcs,27,0,27,9,10,12,in_stock
OUT023,,Waypoint Tech,Colombo,Peliyagoda,street,normal,,09:00,17:00,WAY-038,Computing,Monitor 27-inch V2,pcs,2,2,0,14,5,8,out_of_stock
OUT023,,Waypoint Tech,Colombo,Peliyagoda,street,normal,,09:00,17:00,WAY-039,Computing,Keyboard V2,pcs,20,5,15,6,2,11,in_stock
OUT023,,Waypoint Tech,Colombo,Peliyagoda,street,normal,,09:00,17:00,WAY-040,Computing,Wireless Mouse V2,pcs,28,5,23,9,0,9,in_stock
OUT023,,Waypoint Tech,Colombo,Peliyagoda,street,normal,,09:00,17:00,WAY-041,Computing,Webcam V2,pcs,14,8,6,1,0,12,low_stock
OUT023,,Waypoint Tech,Colombo,Peliyagoda,street,normal,,09:00,17:00,WAY-042,Computing,USB-C Hub V2,pcs,16,4,12,10,0,6,in_stock
OUT023,,Waypoint Tech,Colombo,Peliyagoda,street,normal,,09:00,17:00,WAY-043,Computing,Laptop Stand V2,pcs,16,4,12,10,2,3,in_stock
OUT023,,Waypoint Tech,Colombo,Peliyagoda,street,normal,,09:00,17:00,WAY-044,Storage,USB Flash Drive 64GB V2,pcs,17,3,14,9,10,9,in_stock
OUT023,,Waypoint Tech,Colombo,Peliyagoda,street,normal,,09:00,17:00,WAY-045,Storage,USB Flash Drive 128GB V2,pcs,24,5,19,9,0,9,in_stock
OUT023,,Waypoint Tech,Colombo,Peliyagoda,street,normal,,09:00,17:00,WAY-046,Storage,External SSD 1TB V2,pcs,4,3,1,7,10,8,low_stock
OUT023,,Waypoint Tech,Colombo,Peliyagoda,street,normal,,09:00,17:00,WAY-047,Storage,MicroSD 128GB V2,pcs,13,3,10,3,2,11,low_stock
OUT023,,Waypoint Tech,Colombo,Peliyagoda,street,normal,,09:00,17:00,WAY-048,Networking,Wi-Fi Router V2,pcs,28,2,26,4,10,3,in_stock
OUT023,,Waypoint Tech,Colombo,Peliyagoda,street,normal,,09:00,17:00,WAY-049,Networking,Wi-Fi Extender V2,pcs,3,2,1,14,0,7,low_stock
OUT023,,Waypoint Tech,Colombo,Peliyagoda,street,normal,,09:00,17:00,WAY-050,Networking,Ethernet Cable 5m V2,pcs,12,0,12,14,10,7,in_stock
OUT023,,Waypoint Tech,Colombo,Peliyagoda,street,normal,,09:00,17:00,WAY-051,Audio,Bluetooth Earbuds V2,pcs,12,1,11,13,0,12,low_stock
OUT023,,Waypoint Tech,Colombo,Peliyagoda,street,normal,,09:00,17:00,WAY-052,Audio,Bluetooth Headphones V2,pcs,10,6,4,14,0,10,low_stock
OUT023,,Waypoint Tech,Colombo,Peliyagoda,street,normal,,09:00,17:00,WAY-053,Audio,Bluetooth Speaker V2,pcs,13,8,5,10,0,8,low_stock
OUT023,,Waypoint Tech,Colombo,Peliyagoda,street,normal,,09:00,17:00,WAY-054,Accessories,Phone Charger V2,pcs,8,7,1,1,0,3,low_stock
OUT023,,Waypoint Tech,Colombo,Peliyagoda,street,normal,,09:00,17:00,WAY-055,Accessories,USB-C Cable V2,pcs,21,4,17,15,2,10,in_stock
OUT023,,Waypoint Tech,Colombo,Peliyagoda,street,normal,,09:00,17:00,WAY-056,Accessories,Lightning Cable V2,pcs,7,3,4,10,0,6,low_stock
OUT023,,Waypoint Tech,Colombo,Peliyagoda,street,normal,,09:00,17:00,WAY-057,Accessories,Power Bank 10000mAh V2,pcs,4,1,3,9,0,9,low_stock
OUT023,,Waypoint Tech,Colombo,Peliyagoda,street,normal,,09:00,17:00,WAY-058,Accessories,Power Bank 20000mAh V2,pcs,6,5,1,6,5,5,low_stock
OUT023,,Waypoint Tech,Colombo,Peliyagoda,street,normal,,09:00,17:00,WAY-059,Accessories,Phone Case V2,pcs,2,2,0,16,0,12,out_of_stock
OUT023,,Waypoint Tech,Colombo,Peliyagoda,street,normal,,09:00,17:00,WAY-060,Accessories,Screen Protector V2,pcs,3,2,1,10,0,5,low_stock
OUT023,,Waypoint Tech,Colombo,Peliyagoda,street,normal,,09:00,17:00,WAY-061,Mobile Phones,Smartphone V3,pcs,7,1,6,6,10,8,low_stock
OUT023,,Waypoint Tech,Colombo,Peliyagoda,street,normal,,09:00,17:00,WAY-062,Mobile Phones,Feature Phone V3,pcs,8,7,1,4,10,8,low_stock
OUT023,,Waypoint Tech,Colombo,Peliyagoda,street,normal,,09:00,17:00,WAY-063,Tablets,Android Tablet V3,pcs,28,4,24,11,0,3,in_stock
OUT023,,Waypoint Tech,Colombo,Peliyagoda,street,normal,,09:00,17:00,WAY-064,Laptops,Laptop V3,pcs,26,6,20,3,5,9,in_stock
OUT023,,Waypoint Tech,Colombo,Peliyagoda,street,normal,,09:00,17:00,WAY-065,Laptops,Chromebook V3,pcs,19,4,15,14,5,9,in_stock
OUT023,,Waypoint Tech,Colombo,Peliyagoda,street,normal,,09:00,17:00,WAY-066,Computing,Desktop PC V3,pcs,4,0,4,0,2,12,low_stock
OUT023,,Waypoint Tech,Colombo,Peliyagoda,street,normal,,09:00,17:00,WAY-067,Computing,Monitor 24-inch V3,pcs,16,3,13,0,2,4,in_stock
OUT023,,Waypoint Tech,Colombo,Peliyagoda,street,normal,,09:00,17:00,WAY-068,Computing,Monitor 27-inch V3,pcs,23,0,23,13,2,10,in_stock
OUT023,,Waypoint Tech,Colombo,Peliyagoda,street,normal,,09:00,17:00,WAY-069,Computing,Keyboard V3,pcs,10,1,9,4,10,5,in_stock
OUT023,,Waypoint Tech,Colombo,Peliyagoda,street,normal,,09:00,17:00,WAY-070,Computing,Wireless Mouse V3,pcs,6,4,2,9,0,8,low_stock
OUT023,,Waypoint Tech,Colombo,Peliyagoda,street,normal,,09:00,17:00,WAY-071,Computing,Webcam V3,pcs,3,0,3,3,0,11,low_stock
OUT023,,Waypoint Tech,Colombo,Peliyagoda,street,normal,,09:00,17:00,WAY-072,Computing,USB-C Hub V3,pcs,5,4,1,9,0,6,low_stock
OUT023,,Waypoint Tech,Colombo,Peliyagoda,street,normal,,09:00,17:00,WAY-073,Computing,Laptop Stand V3,pcs,22,4,18,16,2,10,in_stock
OUT023,,Waypoint Tech,Colombo,Peliyagoda,street,normal,,09:00,17:00,WAY-074,Storage,USB Flash Drive 64GB V3,pcs,15,7,8,9,0,3,in_stock
OUT023,,Waypoint Tech,Colombo,Peliyagoda,street,normal,,09:00,17:00,WAY-075,Storage,USB Flash Drive 128GB V3,pcs,11,7,4,15,0,9,low_stock
OUT023,,Waypoint Tech,Colombo,Peliyagoda,street,normal,,09:00,17:00,WAY-076,Storage,External SSD 1TB V3,pcs,8,3,5,16,0,3,in_stock
OUT023,,Waypoint Tech,Colombo,Peliyagoda,street,normal,,09:00,17:00,WAY-077,Storage,MicroSD 128GB V3,pcs,27,4,23,9,0,10,in_stock
OUT023,,Waypoint Tech,Colombo,Peliyagoda,street,normal,,09:00,17:00,WAY-078,Networking,Wi-Fi Router V3,pcs,20,4,16,11,0,9,in_stock
OUT023,,Waypoint Tech,Colombo,Peliyagoda,street,normal,,09:00,17:00,WAY-079,Networking,Wi-Fi Extender V3,pcs,4,1,3,11,0,11,low_stock
OUT023,,Waypoint Tech,Colombo,Peliyagoda,street,normal,,09:00,17:00,WAY-080,Networking,Ethernet Cable 5m V3,pcs,2,2,0,9,0,9,out_of_stock
OUT023,,Waypoint Tech,Colombo,Peliyagoda,street,normal,,09:00,17:00,WAY-081,Audio,Bluetooth Earbuds V3,pcs,23,6,17,9,10,5,in_stock
OUT023,,Waypoint Tech,Colombo,Peliyagoda,street,normal,,09:00,17:00,WAY-082,Audio,Bluetooth Headphones V3,pcs,11,7,4,13,0,4,low_stock
OUT023,,Waypoint Tech,Colombo,Peliyagoda,street,normal,,09:00,17:00,WAY-083,Audio,Bluetooth Speaker V3,pcs,27,6,21,8,2,11,in_stock
OUT023,,Waypoint Tech,Colombo,Peliyagoda,street,normal,,09:00,17:00,WAY-084,Accessories,Phone Charger V3,pcs,21,6,15,9,0,9,in_stock
OUT023,,Waypoint Tech,Colombo,Peliyagoda,street,normal,,09:00,17:00,WAY-085,Accessories,USB-C Cable V3,pcs,10,6,4,7,0,9,low_stock
OUT023,,Waypoint Tech,Colombo,Peliyagoda,street,normal,,09:00,17:00,WAY-086,Accessories,Lightning Cable V3,pcs,22,4,18,16,0,6,in_stock
OUT023,,Waypoint Tech,Colombo,Peliyagoda,street,normal,,09:00,17:00,WAY-087,Accessories,Power Bank 10000mAh V3,pcs,10,6,4,6,5,7,low_stock
OUT023,,Waypoint Tech,Colombo,Peliyagoda,street,normal,,09:00,17:00,WAY-088,Accessories,Power Bank 20000mAh V3,pcs,15,3,12,8,0,12,low_stock
OUT023,,Waypoint Tech,Colombo,Peliyagoda,street,normal,,09:00,17:00,WAY-089,Accessories,Phone Case V3,pcs,10,0,10,15,0,8,in_stock
OUT023,,Waypoint Tech,Colombo,Peliyagoda,street,normal,,09:00,17:00,WAY-090,Accessories,Screen Protector V3,pcs,8,1,7,16,2,4,in_stock
OUT023,,Waypoint Tech,Colombo,Peliyagoda,street,normal,,09:00,17:00,WAY-091,Mobile Phones,Smartphone V4,pcs,18,4,14,10,0,4,in_stock
OUT023,,Waypoint Tech,Colombo,Peliyagoda,street,normal,,09:00,17:00,WAY-092,Mobile Phones,Feature Phone V4,pcs,4,3,1,9,0,3,low_stock
OUT023,,Waypoint Tech,Colombo,Peliyagoda,street,normal,,09:00,17:00,WAY-093,Tablets,Android Tablet V4,pcs,12,2,10,9,10,6,in_stock
OUT023,,Waypoint Tech,Colombo,Peliyagoda,street,normal,,09:00,17:00,WAY-094,Laptops,Laptop V4,pcs,9,2,7,2,10,4,in_stock
OUT023,,Waypoint Tech,Colombo,Peliyagoda,street,normal,,09:00,17:00,WAY-095,Laptops,Chromebook V4,pcs,11,4,7,1,2,11,low_stock
OUT023,,Waypoint Tech,Colombo,Peliyagoda,street,normal,,09:00,17:00,WAY-096,Computing,Desktop PC V4,pcs,8,0,8,7,0,5,in_stock
OUT023,,Waypoint Tech,Colombo,Peliyagoda,street,normal,,09:00,17:00,WAY-097,Computing,Monitor 24-inch V4,pcs,19,8,11,3,0,9,in_stock
OUT023,,Waypoint Tech,Colombo,Peliyagoda,street,normal,,09:00,17:00,WAY-098,Computing,Monitor 27-inch V4,pcs,25,2,23,15,2,8,in_stock
OUT023,,Waypoint Tech,Colombo,Peliyagoda,street,normal,,09:00,17:00,WAY-099,Computing,Keyboard V4,pcs,8,2,6,15,5,7,low_stock
OUT023,,Waypoint Tech,Colombo,Peliyagoda,street,normal,,09:00,17:00,WAY-100,Computing,Wireless Mouse V4,pcs,8,3,5,9,2,4,in_stock
OUT023,,Waypoint Tech,Colombo,Peliyagoda,street,normal,,09:00,17:00,WAY-101,Computing,Webcam V4,pcs,21,0,21,4,2,12,in_stock
OUT023,,Waypoint Tech,Colombo,Peliyagoda,street,normal,,09:00,17:00,WAY-102,Computing,USB-C Hub V4,pcs,2,0,2,13,10,6,low_stock
OUT023,,Waypoint Tech,Colombo,Peliyagoda,street,normal,,09:00,17:00,WAY-103,Computing,Laptop Stand V4,pcs,26,6,20,12,5,6,in_stock
OUT023,,Waypoint Tech,Colombo,Peliyagoda,street,normal,,09:00,17:00,WAY-104,Storage,USB Flash Drive 64GB V4,pcs,23,1,22,5,2,12,in_stock
OUT023,,Waypoint Tech,Colombo,Peliyagoda,street,normal,,09:00,17:00,WAY-105,Storage,USB Flash Drive 128GB V4,pcs,21,0,21,15,0,7,in_stock
OUT023,,Waypoint Tech,Colombo,Peliyagoda,street,normal,,09:00,17:00,WAY-106,Storage,External SSD 1TB V4,pcs,26,4,22,11,10,5,in_stock
OUT023,,Waypoint Tech,Colombo,Peliyagoda,street,normal,,09:00,17:00,WAY-107,Storage,MicroSD 128GB V4,pcs,13,7,6,0,5,12,low_stock
OUT023,,Waypoint Tech,Colombo,Peliyagoda,street,normal,,09:00,17:00,WAY-108,Networking,Wi-Fi Router V4,pcs,5,0,5,10,10,11,low_stock
OUT023,,Waypoint Tech,Colombo,Peliyagoda,street,normal,,09:00,17:00,WAY-109,Networking,Wi-Fi Extender V4,pcs,4,0,4,11,0,11,low_stock
OUT023,,Waypoint Tech,Colombo,Peliyagoda,street,normal,,09:00,17:00,WAY-110,Networking,Ethernet Cable 5m V4,pcs,12,8,4,10,0,9,low_stock
OUT023,,Waypoint Tech,Colombo,Peliyagoda,street,normal,,09:00,17:00,WAY-111,Audio,Bluetooth Earbuds V4,pcs,14,8,6,16,0,11,low_stock
OUT023,,Waypoint Tech,Colombo,Peliyagoda,street,normal,,09:00,17:00,WAY-112,Audio,Bluetooth Headphones V4,pcs,27,2,25,9,0,9,in_stock
OUT023,,Waypoint Tech,Colombo,Peliyagoda,street,normal,,09:00,17:00,WAY-113,Audio,Bluetooth Speaker V4,pcs,2,2,0,9,10,10,out_of_stock
OUT023,,Waypoint Tech,Colombo,Peliyagoda,street,normal,,09:00,17:00,WAY-114,Accessories,Phone Charger V4,pcs,27,5,22,9,0,11,in_stock
OUT023,,Waypoint Tech,Colombo,Peliyagoda,street,normal,,09:00,17:00,WAY-115,Accessories,USB-C Cable V4,pcs,21,1,20,9,0,12,in_stock
OUT023,,Waypoint Tech,Colombo,Peliyagoda,street,normal,,09:00,17:00,WAY-116,Accessories,Lightning Cable V4,pcs,10,0,10,9,0,10,low_stock
OUT023,,Waypoint Tech,Colombo,Peliyagoda,street,normal,,09:00,17:00,WAY-117,Accessories,Power Bank 10000mAh V4,pcs,23,3,20,10,0,6,in_stock
OUT023,,Waypoint Tech,Colombo,Peliyagoda,street,normal,,09:00,17:00,WAY-118,Accessories,Power Bank 20000mAh V4,pcs,15,7,8,3,5,12,low_stock
OUT023,,Waypoint Tech,Colombo,Peliyagoda,street,normal,,09:00,17:00,WAY-119,Accessories,Phone Case V4,pcs,27,4,23,12,2,11,in_stock
OUT023,,Waypoint Tech,Colombo,Peliyagoda,street,normal,,09:00,17:00,WAY-120,Accessories,Screen Protector V4,pcs,19,5,14,14,2,10,in_stock
OUT023,,Waypoint Tech,Colombo,Peliyagoda,street,normal,,09:00,17:00,WAY-121,Mobile Phones,Smartphone V5,pcs,7,0,7,14,10,4,in_stock
OUT023,,Waypoint Tech,Colombo,Peliyagoda,street,normal,,09:00,17:00,WAY-122,Mobile Phones,Feature Phone V5,pcs,7,5,2,8,10,5,low_stock
OUT023,,Waypoint Tech,Colombo,Peliyagoda,street,normal,,09:00,17:00,WAY-123,Tablets,Android Tablet V5,pcs,13,3,10,2,0,6,in_stock
OUT023,,Waypoint Tech,Colombo,Peliyagoda,street,normal,,09:00,17:00,WAY-124,Laptops,Laptop V5,pcs,5,0,5,3,10,5,low_stock
OUT023,,Waypoint Tech,Colombo,Peliyagoda,street,normal,,09:00,17:00,WAY-125,Laptops,Chromebook V5,pcs,25,1,24,11,10,9,in_stock
OUT023,,Waypoint Tech,Colombo,Peliyagoda,street,normal,,09:00,17:00,WAY-126,Computing,Desktop PC V5,pcs,17,6,11,15,2,11,low_stock
OUT023,,Waypoint Tech,Colombo,Peliyagoda,street,normal,,09:00,17:00,WAY-127,Computing,Monitor 24-inch V5,pcs,19,0,19,6,10,3,in_stock
OUT023,,Waypoint Tech,Colombo,Peliyagoda,street,normal,,09:00,17:00,WAY-128,Computing,Monitor 27-inch V5,pcs,28,5,23,1,5,7,in_stock
OUT023,,Waypoint Tech,Colombo,Peliyagoda,street,normal,,09:00,17:00,WAY-129,Computing,Keyboard V5,pcs,12,1,11,2,2,12,low_stock
OUT023,,Waypoint Tech,Colombo,Peliyagoda,street,normal,,09:00,17:00,WAY-130,Computing,Wireless Mouse V5,pcs,15,5,10,1,0,5,in_stock
OUT023,,Waypoint Tech,Colombo,Peliyagoda,street,normal,,09:00,17:00,WAY-131,Computing,Webcam V5,pcs,7,6,1,12,2,9,low_stock
OUT023,,Waypoint Tech,Colombo,Peliyagoda,street,normal,,09:00,17:00,WAY-132,Computing,USB-C Hub V5,pcs,16,2,14,3,10,5,in_stock
OUT023,,Waypoint Tech,Colombo,Peliyagoda,street,normal,,09:00,17:00,WAY-133,Computing,Laptop Stand V5,pcs,5,1,4,12,0,9,low_stock
OUT023,,Waypoint Tech,Colombo,Peliyagoda,street,normal,,09:00,17:00,WAY-134,Storage,USB Flash Drive 64GB V5,pcs,16,4,12,4,2,5,in_stock
OUT023,,Waypoint Tech,Colombo,Peliyagoda,street,normal,,09:00,17:00,WAY-135,Storage,USB Flash Drive 128GB V5,pcs,15,2,13,5,10,12,in_stock
OUT023,,Waypoint Tech,Colombo,Peliyagoda,street,normal,,09:00,17:00,WAY-136,Storage,External SSD 1TB V5,pcs,4,2,2,2,2,7,low_stock
OUT023,,Waypoint Tech,Colombo,Peliyagoda,street,normal,,09:00,17:00,WAY-137,Storage,MicroSD 128GB V5,pcs,18,6,12,13,0,5,in_stock
OUT023,,Waypoint Tech,Colombo,Peliyagoda,street,normal,,09:00,17:00,WAY-138,Networking,Wi-Fi Router V5,pcs,27,7,20,2,0,10,in_stock
OUT023,,Waypoint Tech,Colombo,Peliyagoda,street,normal,,09:00,17:00,WAY-139,Networking,Wi-Fi Extender V5,pcs,19,5,14,12,10,3,in_stock
OUT023,,Waypoint Tech,Colombo,Peliyagoda,street,normal,,09:00,17:00,WAY-140,Networking,Ethernet Cable 5m V5,pcs,21,7,14,8,0,11,in_stock
OUT023,,Waypoint Tech,Colombo,Peliyagoda,street,normal,,09:00,17:00,WAY-141,Audio,Bluetooth Earbuds V5,pcs,28,6,22,7,0,12,in_stock
OUT023,,Waypoint Tech,Colombo,Peliyagoda,street,normal,,09:00,17:00,WAY-142,Audio,Bluetooth Headphones V5,pcs,18,4,14,2,0,6,in_stock
OUT023,,Waypoint Tech,Colombo,Peliyagoda,street,normal,,09:00,17:00,WAY-143,Audio,Bluetooth Speaker V5,pcs,13,6,7,5,0,11,low_stock
OUT023,,Waypoint Tech,Colombo,Peliyagoda,street,normal,,09:00,17:00,WAY-144,Accessories,Phone Charger V5,pcs,20,3,17,0,2,7,in_stock
OUT023,,Waypoint Tech,Colombo,Peliyagoda,street,normal,,09:00,17:00,WAY-145,Accessories,USB-C Cable V5,pcs,17,8,9,9,10,10,low_stock
OUT023,,Waypoint Tech,Colombo,Peliyagoda,street,normal,,09:00,17:00,WAY-146,Accessories,Lightning Cable V5,pcs,23,1,22,2,0,9,in_stock
OUT023,,Waypoint Tech,Colombo,Peliyagoda,street,normal,,09:00,17:00,WAY-147,Accessories,Power Bank 10000mAh V5,pcs,16,8,8,1,10,6,in_stock
OUT023,,Waypoint Tech,Colombo,Peliyagoda,street,normal,,09:00,17:00,WAY-148,Accessories,Power Bank 20000mAh V5,pcs,27,0,27,14,10,9,in_stock
OUT023,,Waypoint Tech,Colombo,Peliyagoda,street,normal,,09:00,17:00,WAY-149,Accessories,Phone Case V5,pcs,22,0,22,8,10,6,in_stock
OUT023,,Waypoint Tech,Colombo,Peliyagoda,street,normal,,09:00,17:00,WAY-150,Accessories,Screen Protector V5,pcs,2,1,1,16,5,3,low_stock
OUT023,,Waypoint Tech,Colombo,Peliyagoda,street,normal,,09:00,17:00,WAY-151,Mobile Phones,Smartphone V6,pcs,25,7,18,13,10,3,in_stock
OUT023,,Waypoint Tech,Colombo,Peliyagoda,street,normal,,09:00,17:00,WAY-152,Mobile Phones,Feature Phone V6,pcs,8,4,4,4,5,9,low_stock
OUT023,,Waypoint Tech,Colombo,Peliyagoda,street,normal,,09:00,17:00,WAY-153,Tablets,Android Tablet V6,pcs,20,7,13,2,10,10,in_stock
OUT023,,Waypoint Tech,Colombo,Peliyagoda,street,normal,,09:00,17:00,WAY-154,Laptops,Laptop V6,pcs,11,8,3,7,0,7,low_stock
OUT023,,Waypoint Tech,Colombo,Peliyagoda,street,normal,,09:00,17:00,WAY-155,Laptops,Chromebook V6,pcs,17,0,17,3,10,9,in_stock
OUT023,,Waypoint Tech,Colombo,Peliyagoda,street,normal,,09:00,17:00,WAY-156,Computing,Desktop PC V6,pcs,23,3,20,13,0,10,in_stock
OUT023,,Waypoint Tech,Colombo,Peliyagoda,street,normal,,09:00,17:00,WAY-157,Computing,Monitor 24-inch V6,pcs,7,5,2,10,0,7,low_stock
OUT023,,Waypoint Tech,Colombo,Peliyagoda,street,normal,,09:00,17:00,WAY-158,Computing,Monitor 27-inch V6,pcs,2,2,0,8,2,6,out_of_stock
OUT023,,Waypoint Tech,Colombo,Peliyagoda,street,normal,,09:00,17:00,WAY-159,Computing,Keyboard V6,pcs,26,7,19,16,0,8,in_stock
OUT023,,Waypoint Tech,Colombo,Peliyagoda,street,normal,,09:00,17:00,WAY-160,Computing,Wireless Mouse V6,pcs,26,3,23,15,0,5,in_stock
OUT023,,Waypoint Tech,Colombo,Peliyagoda,street,normal,,09:00,17:00,WAY-161,Computing,Webcam V6,pcs,11,8,3,9,5,12,low_stock
OUT023,,Waypoint Tech,Colombo,Peliyagoda,street,normal,,09:00,17:00,WAY-162,Computing,USB-C Hub V6,pcs,27,4,23,7,10,6,in_stock
OUT023,,Waypoint Tech,Colombo,Peliyagoda,street,normal,,09:00,17:00,WAY-163,Computing,Laptop Stand V6,pcs,15,5,10,14,10,7,in_stock
OUT023,,Waypoint Tech,Colombo,Peliyagoda,street,normal,,09:00,17:00,WAY-164,Storage,USB Flash Drive 64GB V6,pcs,27,3,24,0,0,8,in_stock
OUT023,,Waypoint Tech,Colombo,Peliyagoda,street,normal,,09:00,17:00,WAY-165,Storage,USB Flash Drive 128GB V6,pcs,7,1,6,7,10,8,low_stock
OUT023,,Waypoint Tech,Colombo,Peliyagoda,street,normal,,09:00,17:00,WAY-166,Storage,External SSD 1TB V6,pcs,8,8,0,12,0,7,out_of_stock
OUT023,,Waypoint Tech,Colombo,Peliyagoda,street,normal,,09:00,17:00,WAY-167,Storage,MicroSD 128GB V6,pcs,8,6,2,14,2,12,low_stock
OUT023,,Waypoint Tech,Colombo,Peliyagoda,street,normal,,09:00,17:00,WAY-168,Networking,Wi-Fi Router V6,pcs,11,7,4,0,0,11,low_stock
OUT023,,Waypoint Tech,Colombo,Peliyagoda,street,normal,,09:00,17:00,WAY-169,Networking,Wi-Fi Extender V6,pcs,8,4,4,11,2,9,low_stock
OUT023,,Waypoint Tech,Colombo,Peliyagoda,street,normal,,09:00,17:00,WAY-170,Networking,Ethernet Cable 5m V6,pcs,12,6,6,16,5,7,low_stock
OUT023,,Waypoint Tech,Colombo,Peliyagoda,street,normal,,09:00,17:00,WAY-171,Audio,Bluetooth Earbuds V6,pcs,27,2,25,7,5,6,in_stock
OUT023,,Waypoint Tech,Colombo,Peliyagoda,street,normal,,09:00,17:00,WAY-172,Audio,Bluetooth Headphones V6,pcs,16,0,16,13,0,12,in_stock
OUT023,,Waypoint Tech,Colombo,Peliyagoda,street,normal,,09:00,17:00,WAY-173,Audio,Bluetooth Speaker V6,pcs,6,6,0,15,0,12,out_of_stock
OUT023,,Waypoint Tech,Colombo,Peliyagoda,street,normal,,09:00,17:00,WAY-174,Accessories,Phone Charger V6,pcs,12,4,8,1,0,7,in_stock
OUT023,,Waypoint Tech,Colombo,Peliyagoda,street,normal,,09:00,17:00,WAY-175,Accessories,USB-C Cable V6,pcs,22,1,21,8,0,7,in_stock
OUT023,,Waypoint Tech,Colombo,Peliyagoda,street,normal,,09:00,17:00,WAY-176,Accessories,Lightning Cable V6,pcs,14,7,7,9,0,9,low_stock
OUT023,,Waypoint Tech,Colombo,Peliyagoda,street,normal,,09:00,17:00,WAY-177,Accessories,Power Bank 10000mAh V6,pcs,14,0,14,8,5,8,in_stock
OUT023,,Waypoint Tech,Colombo,Peliyagoda,street,normal,,09:00,17:00,WAY-178,Accessories,Power Bank 20000mAh V6,pcs,14,1,13,16,0,12,in_stock
OUT023,,Waypoint Tech,Colombo,Peliyagoda,street,normal,,09:00,17:00,WAY-179,Accessories,Phone Case V6,pcs,23,3,20,13,0,9,in_stock
OUT023,,Waypoint Tech,Colombo,Peliyagoda,street,normal,,09:00,17:00,WAY-180,Accessories,Screen Protector V6,pcs,11,2,9,2,0,8,in_stock
OUT023,,Waypoint Tech,Colombo,Peliyagoda,street,normal,,09:00,17:00,WAY-181,Mobile Phones,Smartphone V7,pcs,24,0,24,2,2,7,in_stock
OUT023,,Waypoint Tech,Colombo,Peliyagoda,street,normal,,09:00,17:00,WAY-182,Mobile Phones,Feature Phone V7,pcs,4,2,2,16,5,9,low_stock
OUT023,,Waypoint Tech,Colombo,Peliyagoda,street,normal,,09:00,17:00,WAY-183,Tablets,Android Tablet V7,pcs,24,4,20,8,10,10,in_stock
OUT023,,Waypoint Tech,Colombo,Peliyagoda,street,normal,,09:00,17:00,WAY-184,Laptops,Laptop V7,pcs,9,5,4,3,0,12,low_stock
OUT023,,Waypoint Tech,Colombo,Peliyagoda,street,normal,,09:00,17:00,WAY-185,Laptops,Chromebook V7,pcs,23,0,23,1,2,7,in_stock
OUT023,,Waypoint Tech,Colombo,Peliyagoda,street,normal,,09:00,17:00,WAY-186,Computing,Desktop PC V7,pcs,25,6,19,9,2,5,in_stock
OUT023,,Waypoint Tech,Colombo,Peliyagoda,street,normal,,09:00,17:00,WAY-187,Computing,Monitor 24-inch V7,pcs,20,1,19,15,0,8,in_stock
OUT023,,Waypoint Tech,Colombo,Peliyagoda,street,normal,,09:00,17:00,WAY-188,Computing,Monitor 27-inch V7,pcs,4,2,2,3,10,7,low_stock
OUT023,,Waypoint Tech,Colombo,Peliyagoda,street,normal,,09:00,17:00,WAY-189,Computing,Keyboard V7,pcs,24,1,23,15,0,11,in_stock
OUT023,,Waypoint Tech,Colombo,Peliyagoda,street,normal,,09:00,17:00,WAY-190,Computing,Wireless Mouse V7,pcs,26,7,19,0,0,10,in_stock
OUT023,,Waypoint Tech,Colombo,Peliyagoda,street,normal,,09:00,17:00,WAY-191,Computing,Webcam V7,pcs,11,4,7,16,10,11,low_stock
OUT023,,Waypoint Tech,Colombo,Peliyagoda,street,normal,,09:00,17:00,WAY-192,Computing,USB-C Hub V7,pcs,13,5,8,6,0,4,in_stock
OUT023,,Waypoint Tech,Colombo,Peliyagoda,street,normal,,09:00,17:00,WAY-193,Computing,Laptop Stand V7,pcs,25,8,17,8,0,6,in_stock
OUT023,,Waypoint Tech,Colombo,Peliyagoda,street,normal,,09:00,17:00,WAY-194,Storage,USB Flash Drive 64GB V7,pcs,25,1,24,14,5,12,in_stock
OUT023,,Waypoint Tech,Colombo,Peliyagoda,street,normal,,09:00,17:00,WAY-195,Storage,USB Flash Drive 128GB V7,pcs,27,5,22,9,10,10,in_stock
OUT023,,Waypoint Tech,Colombo,Peliyagoda,street,normal,,09:00,17:00,WAY-196,Storage,External SSD 1TB V7,pcs,24,1,23,14,5,10,in_stock
OUT023,,Waypoint Tech,Colombo,Peliyagoda,street,normal,,09:00,17:00,WAY-197,Storage,MicroSD 128GB V7,pcs,9,5,4,13,0,8,low_stock
OUT023,,Waypoint Tech,Colombo,Peliyagoda,street,normal,,09:00,17:00,WAY-198,Networking,Wi-Fi Router V7,pcs,19,8,11,14,2,8,in_stock
OUT023,,Waypoint Tech,Colombo,Peliyagoda,street,normal,,09:00,17:00,WAY-199,Networking,Wi-Fi Extender V7,pcs,3,1,2,15,2,4,low_stock
OUT023,,Waypoint Tech,Colombo,Peliyagoda,street,normal,,09:00,17:00,WAY-200,Networking,Ethernet Cable 5m V7,pcs,22,6,16,2,0,10,in_stock
OUT024,,Waypoint Tech,Colombo,Peliyagoda,rear_dock,normal,,09:00,17:00,WAY-001,Mobile Phones,Smartphone,pcs,20,6,14,9,0,10,in_stock
OUT024,,Waypoint Tech,Colombo,Peliyagoda,rear_dock,normal,,09:00,17:00,WAY-002,Mobile Phones,Feature Phone,pcs,11,4,7,16,0,6,in_stock
OUT024,,Waypoint Tech,Colombo,Peliyagoda,rear_dock,normal,,09:00,17:00,WAY-003,Tablets,Android Tablet,pcs,7,3,4,6,0,7,low_stock
OUT024,,Waypoint Tech,Colombo,Peliyagoda,rear_dock,normal,,09:00,17:00,WAY-004,Laptops,Laptop,pcs,9,2,7,5,0,9,low_stock
OUT024,,Waypoint Tech,Colombo,Peliyagoda,rear_dock,normal,,09:00,17:00,WAY-005,Laptops,Chromebook,pcs,12,6,6,7,0,3,in_stock
OUT024,,Waypoint Tech,Colombo,Peliyagoda,rear_dock,normal,,09:00,17:00,WAY-006,Computing,Desktop PC,pcs,17,4,13,13,0,7,in_stock
OUT024,,Waypoint Tech,Colombo,Peliyagoda,rear_dock,normal,,09:00,17:00,WAY-007,Computing,Monitor 24-inch,pcs,7,7,0,4,0,12,out_of_stock
OUT024,,Waypoint Tech,Colombo,Peliyagoda,rear_dock,normal,,09:00,17:00,WAY-008,Computing,Monitor 27-inch,pcs,16,8,8,4,0,8,low_stock
OUT024,,Waypoint Tech,Colombo,Peliyagoda,rear_dock,normal,,09:00,17:00,WAY-009,Computing,Keyboard,pcs,26,3,23,2,5,5,in_stock
OUT024,,Waypoint Tech,Colombo,Peliyagoda,rear_dock,normal,,09:00,17:00,WAY-010,Computing,Wireless Mouse,pcs,17,7,10,8,0,6,in_stock
OUT024,,Waypoint Tech,Colombo,Peliyagoda,rear_dock,normal,,09:00,17:00,WAY-011,Computing,Webcam,pcs,17,7,10,4,2,5,in_stock
OUT024,,Waypoint Tech,Colombo,Peliyagoda,rear_dock,normal,,09:00,17:00,WAY-012,Computing,USB-C Hub,pcs,2,0,2,6,0,4,low_stock
OUT024,,Waypoint Tech,Colombo,Peliyagoda,rear_dock,normal,,09:00,17:00,WAY-013,Computing,Laptop Stand,pcs,6,4,2,13,0,7,low_stock
OUT024,,Waypoint Tech,Colombo,Peliyagoda,rear_dock,normal,,09:00,17:00,WAY-014,Storage,USB Flash Drive 64GB,pcs,23,3,20,5,0,4,in_stock
OUT024,,Waypoint Tech,Colombo,Peliyagoda,rear_dock,normal,,09:00,17:00,WAY-015,Storage,USB Flash Drive 128GB,pcs,14,6,8,1,0,6,in_stock
OUT024,,Waypoint Tech,Colombo,Peliyagoda,rear_dock,normal,,09:00,17:00,WAY-016,Storage,External SSD 1TB,pcs,10,4,6,0,2,4,in_stock
OUT024,,Waypoint Tech,Colombo,Peliyagoda,rear_dock,normal,,09:00,17:00,WAY-017,Storage,MicroSD 128GB,pcs,28,5,23,14,0,9,in_stock
OUT024,,Waypoint Tech,Colombo,Peliyagoda,rear_dock,normal,,09:00,17:00,WAY-018,Networking,Wi-Fi Router,pcs,21,3,18,4,0,10,in_stock
OUT024,,Waypoint Tech,Colombo,Peliyagoda,rear_dock,normal,,09:00,17:00,WAY-019,Networking,Wi-Fi Extender,pcs,16,6,10,9,2,12,low_stock
OUT024,,Waypoint Tech,Colombo,Peliyagoda,rear_dock,normal,,09:00,17:00,WAY-020,Networking,Ethernet Cable 5m,pcs,19,6,13,5,0,9,in_stock
OUT024,,Waypoint Tech,Colombo,Peliyagoda,rear_dock,normal,,09:00,17:00,WAY-021,Audio,Bluetooth Earbuds,pcs,12,6,6,5,5,7,low_stock
OUT024,,Waypoint Tech,Colombo,Peliyagoda,rear_dock,normal,,09:00,17:00,WAY-022,Audio,Bluetooth Headphones,pcs,12,4,8,8,5,3,in_stock
OUT024,,Waypoint Tech,Colombo,Peliyagoda,rear_dock,normal,,09:00,17:00,WAY-023,Audio,Bluetooth Speaker,pcs,9,2,7,0,0,5,in_stock
OUT024,,Waypoint Tech,Colombo,Peliyagoda,rear_dock,normal,,09:00,17:00,WAY-024,Accessories,Phone Charger,pcs,14,7,7,10,2,11,low_stock
OUT024,,Waypoint Tech,Colombo,Peliyagoda,rear_dock,normal,,09:00,17:00,WAY-025,Accessories,USB-C Cable,pcs,10,8,2,0,0,9,low_stock
OUT024,,Waypoint Tech,Colombo,Peliyagoda,rear_dock,normal,,09:00,17:00,WAY-026,Accessories,Lightning Cable,pcs,28,0,28,12,2,12,in_stock
OUT024,,Waypoint Tech,Colombo,Peliyagoda,rear_dock,normal,,09:00,17:00,WAY-027,Accessories,Power Bank 10000mAh,pcs,7,7,0,5,0,8,out_of_stock
OUT024,,Waypoint Tech,Colombo,Peliyagoda,rear_dock,normal,,09:00,17:00,WAY-028,Accessories,Power Bank 20000mAh,pcs,6,4,2,7,2,9,low_stock
OUT024,,Waypoint Tech,Colombo,Peliyagoda,rear_dock,normal,,09:00,17:00,WAY-029,Accessories,Phone Case,pcs,11,6,5,9,2,7,low_stock
OUT024,,Waypoint Tech,Colombo,Peliyagoda,rear_dock,normal,,09:00,17:00,WAY-030,Accessories,Screen Protector,pcs,16,5,11,8,10,8,in_stock
OUT024,,Waypoint Tech,Colombo,Peliyagoda,rear_dock,normal,,09:00,17:00,WAY-031,Mobile Phones,Smartphone V2,pcs,13,5,8,5,0,6,in_stock
OUT024,,Waypoint Tech,Colombo,Peliyagoda,rear_dock,normal,,09:00,17:00,WAY-032,Mobile Phones,Feature Phone V2,pcs,5,5,0,15,0,7,out_of_stock
OUT024,,Waypoint Tech,Colombo,Peliyagoda,rear_dock,normal,,09:00,17:00,WAY-033,Tablets,Android Tablet V2,pcs,19,7,12,11,5,7,in_stock
OUT024,,Waypoint Tech,Colombo,Peliyagoda,rear_dock,normal,,09:00,17:00,WAY-034,Laptops,Laptop V2,pcs,5,1,4,12,10,6,low_stock
OUT024,,Waypoint Tech,Colombo,Peliyagoda,rear_dock,normal,,09:00,17:00,WAY-035,Laptops,Chromebook V2,pcs,19,0,19,11,0,7,in_stock
OUT024,,Waypoint Tech,Colombo,Peliyagoda,rear_dock,normal,,09:00,17:00,WAY-036,Computing,Desktop PC V2,pcs,23,7,16,8,0,10,in_stock
OUT024,,Waypoint Tech,Colombo,Peliyagoda,rear_dock,normal,,09:00,17:00,WAY-037,Computing,Monitor 24-inch V2,pcs,10,1,9,5,2,4,in_stock
OUT024,,Waypoint Tech,Colombo,Peliyagoda,rear_dock,normal,,09:00,17:00,WAY-038,Computing,Monitor 27-inch V2,pcs,8,3,5,14,0,4,in_stock
OUT024,,Waypoint Tech,Colombo,Peliyagoda,rear_dock,normal,,09:00,17:00,WAY-039,Computing,Keyboard V2,pcs,28,5,23,16,10,4,in_stock
OUT024,,Waypoint Tech,Colombo,Peliyagoda,rear_dock,normal,,09:00,17:00,WAY-040,Computing,Wireless Mouse V2,pcs,10,8,2,1,0,8,low_stock
OUT024,,Waypoint Tech,Colombo,Peliyagoda,rear_dock,normal,,09:00,17:00,WAY-041,Computing,Webcam V2,pcs,3,1,2,11,0,5,low_stock
OUT024,,Waypoint Tech,Colombo,Peliyagoda,rear_dock,normal,,09:00,17:00,WAY-042,Computing,USB-C Hub V2,pcs,28,1,27,16,2,11,in_stock
OUT024,,Waypoint Tech,Colombo,Peliyagoda,rear_dock,normal,,09:00,17:00,WAY-043,Computing,Laptop Stand V2,pcs,16,4,12,13,0,12,low_stock
OUT024,,Waypoint Tech,Colombo,Peliyagoda,rear_dock,normal,,09:00,17:00,WAY-044,Storage,USB Flash Drive 64GB V2,pcs,12,0,12,3,0,11,in_stock
OUT024,,Waypoint Tech,Colombo,Peliyagoda,rear_dock,normal,,09:00,17:00,WAY-045,Storage,USB Flash Drive 128GB V2,pcs,12,8,4,14,5,3,in_stock
OUT024,,Waypoint Tech,Colombo,Peliyagoda,rear_dock,normal,,09:00,17:00,WAY-046,Storage,External SSD 1TB V2,pcs,14,5,9,9,10,7,in_stock
OUT024,,Waypoint Tech,Colombo,Peliyagoda,rear_dock,normal,,09:00,17:00,WAY-047,Storage,MicroSD 128GB V2,pcs,3,0,3,9,0,9,low_stock
OUT024,,Waypoint Tech,Colombo,Peliyagoda,rear_dock,normal,,09:00,17:00,WAY-048,Networking,Wi-Fi Router V2,pcs,20,5,15,12,0,8,in_stock
OUT024,,Waypoint Tech,Colombo,Peliyagoda,rear_dock,normal,,09:00,17:00,WAY-049,Networking,Wi-Fi Extender V2,pcs,17,8,9,14,2,12,low_stock
OUT024,,Waypoint Tech,Colombo,Peliyagoda,rear_dock,normal,,09:00,17:00,WAY-050,Networking,Ethernet Cable 5m V2,pcs,5,4,1,13,0,12,low_stock
OUT024,,Waypoint Tech,Colombo,Peliyagoda,rear_dock,normal,,09:00,17:00,WAY-051,Audio,Bluetooth Earbuds V2,pcs,3,3,0,16,2,11,out_of_stock
OUT024,,Waypoint Tech,Colombo,Peliyagoda,rear_dock,normal,,09:00,17:00,WAY-052,Audio,Bluetooth Headphones V2,pcs,12,8,4,16,10,6,low_stock
OUT024,,Waypoint Tech,Colombo,Peliyagoda,rear_dock,normal,,09:00,17:00,WAY-053,Audio,Bluetooth Speaker V2,pcs,20,6,14,3,2,7,in_stock
OUT024,,Waypoint Tech,Colombo,Peliyagoda,rear_dock,normal,,09:00,17:00,WAY-054,Accessories,Phone Charger V2,pcs,7,3,4,3,0,6,low_stock
OUT024,,Waypoint Tech,Colombo,Peliyagoda,rear_dock,normal,,09:00,17:00,WAY-055,Accessories,USB-C Cable V2,pcs,9,7,2,13,5,12,low_stock
OUT024,,Waypoint Tech,Colombo,Peliyagoda,rear_dock,normal,,09:00,17:00,WAY-056,Accessories,Lightning Cable V2,pcs,2,1,1,16,5,5,low_stock
OUT024,,Waypoint Tech,Colombo,Peliyagoda,rear_dock,normal,,09:00,17:00,WAY-057,Accessories,Power Bank 10000mAh V2,pcs,15,2,13,13,0,8,in_stock
OUT024,,Waypoint Tech,Colombo,Peliyagoda,rear_dock,normal,,09:00,17:00,WAY-058,Accessories,Power Bank 20000mAh V2,pcs,6,6,0,14,0,9,out_of_stock
OUT024,,Waypoint Tech,Colombo,Peliyagoda,rear_dock,normal,,09:00,17:00,WAY-059,Accessories,Phone Case V2,pcs,8,5,3,13,0,7,low_stock
OUT024,,Waypoint Tech,Colombo,Peliyagoda,rear_dock,normal,,09:00,17:00,WAY-060,Accessories,Screen Protector V2,pcs,25,1,24,9,0,6,in_stock
OUT024,,Waypoint Tech,Colombo,Peliyagoda,rear_dock,normal,,09:00,17:00,WAY-061,Mobile Phones,Smartphone V3,pcs,12,8,4,15,2,10,low_stock
OUT024,,Waypoint Tech,Colombo,Peliyagoda,rear_dock,normal,,09:00,17:00,WAY-062,Mobile Phones,Feature Phone V3,pcs,3,1,2,0,0,7,low_stock
OUT024,,Waypoint Tech,Colombo,Peliyagoda,rear_dock,normal,,09:00,17:00,WAY-063,Tablets,Android Tablet V3,pcs,18,5,13,2,0,3,in_stock
OUT024,,Waypoint Tech,Colombo,Peliyagoda,rear_dock,normal,,09:00,17:00,WAY-064,Laptops,Laptop V3,pcs,5,1,4,11,10,8,low_stock
OUT024,,Waypoint Tech,Colombo,Peliyagoda,rear_dock,normal,,09:00,17:00,WAY-065,Laptops,Chromebook V3,pcs,25,6,19,0,10,6,in_stock
OUT024,,Waypoint Tech,Colombo,Peliyagoda,rear_dock,normal,,09:00,17:00,WAY-066,Computing,Desktop PC V3,pcs,27,3,24,4,0,8,in_stock
OUT024,,Waypoint Tech,Colombo,Peliyagoda,rear_dock,normal,,09:00,17:00,WAY-067,Computing,Monitor 24-inch V3,pcs,28,2,26,0,0,12,in_stock
OUT024,,Waypoint Tech,Colombo,Peliyagoda,rear_dock,normal,,09:00,17:00,WAY-068,Computing,Monitor 27-inch V3,pcs,7,1,6,13,0,5,in_stock
OUT024,,Waypoint Tech,Colombo,Peliyagoda,rear_dock,normal,,09:00,17:00,WAY-069,Computing,Keyboard V3,pcs,19,3,16,0,10,12,in_stock
OUT024,,Waypoint Tech,Colombo,Peliyagoda,rear_dock,normal,,09:00,17:00,WAY-070,Computing,Wireless Mouse V3,pcs,4,0,4,12,0,5,low_stock
OUT024,,Waypoint Tech,Colombo,Peliyagoda,rear_dock,normal,,09:00,17:00,WAY-071,Computing,Webcam V3,pcs,16,7,9,16,10,4,in_stock
OUT024,,Waypoint Tech,Colombo,Peliyagoda,rear_dock,normal,,09:00,17:00,WAY-072,Computing,USB-C Hub V3,pcs,22,0,22,9,0,10,in_stock
OUT024,,Waypoint Tech,Colombo,Peliyagoda,rear_dock,normal,,09:00,17:00,WAY-073,Computing,Laptop Stand V3,pcs,19,4,15,15,0,11,in_stock
OUT024,,Waypoint Tech,Colombo,Peliyagoda,rear_dock,normal,,09:00,17:00,WAY-074,Storage,USB Flash Drive 64GB V3,pcs,22,1,21,8,2,10,in_stock
OUT024,,Waypoint Tech,Colombo,Peliyagoda,rear_dock,normal,,09:00,17:00,WAY-075,Storage,USB Flash Drive 128GB V3,pcs,9,0,9,9,0,10,low_stock
OUT024,,Waypoint Tech,Colombo,Peliyagoda,rear_dock,normal,,09:00,17:00,WAY-076,Storage,External SSD 1TB V3,pcs,15,5,10,9,0,11,low_stock
OUT024,,Waypoint Tech,Colombo,Peliyagoda,rear_dock,normal,,09:00,17:00,WAY-077,Storage,MicroSD 128GB V3,pcs,24,7,17,7,5,9,in_stock
OUT024,,Waypoint Tech,Colombo,Peliyagoda,rear_dock,normal,,09:00,17:00,WAY-078,Networking,Wi-Fi Router V3,pcs,11,7,4,0,0,12,low_stock
OUT024,,Waypoint Tech,Colombo,Peliyagoda,rear_dock,normal,,09:00,17:00,WAY-079,Networking,Wi-Fi Extender V3,pcs,26,3,23,10,10,8,in_stock
OUT024,,Waypoint Tech,Colombo,Peliyagoda,rear_dock,normal,,09:00,17:00,WAY-080,Networking,Ethernet Cable 5m V3,pcs,6,1,5,10,2,5,low_stock
OUT024,,Waypoint Tech,Colombo,Peliyagoda,rear_dock,normal,,09:00,17:00,WAY-081,Audio,Bluetooth Earbuds V3,pcs,20,0,20,9,0,4,in_stock
OUT024,,Waypoint Tech,Colombo,Peliyagoda,rear_dock,normal,,09:00,17:00,WAY-082,Audio,Bluetooth Headphones V3,pcs,16,6,10,6,5,11,low_stock
OUT024,,Waypoint Tech,Colombo,Peliyagoda,rear_dock,normal,,09:00,17:00,WAY-083,Audio,Bluetooth Speaker V3,pcs,20,2,18,13,0,7,in_stock
OUT024,,Waypoint Tech,Colombo,Peliyagoda,rear_dock,normal,,09:00,17:00,WAY-084,Accessories,Phone Charger V3,pcs,25,3,22,12,10,12,in_stock
OUT024,,Waypoint Tech,Colombo,Peliyagoda,rear_dock,normal,,09:00,17:00,WAY-085,Accessories,USB-C Cable V3,pcs,28,5,23,1,0,9,in_stock
OUT024,,Waypoint Tech,Colombo,Peliyagoda,rear_dock,normal,,09:00,17:00,WAY-086,Accessories,Lightning Cable V3,pcs,11,4,7,9,0,10,low_stock
OUT024,,Waypoint Tech,Colombo,Peliyagoda,rear_dock,normal,,09:00,17:00,WAY-087,Accessories,Power Bank 10000mAh V3,pcs,14,4,10,2,2,7,in_stock
OUT024,,Waypoint Tech,Colombo,Peliyagoda,rear_dock,normal,,09:00,17:00,WAY-088,Accessories,Power Bank 20000mAh V3,pcs,26,1,25,4,0,8,in_stock
OUT024,,Waypoint Tech,Colombo,Peliyagoda,rear_dock,normal,,09:00,17:00,WAY-089,Accessories,Phone Case V3,pcs,2,2,0,11,10,6,out_of_stock
OUT024,,Waypoint Tech,Colombo,Peliyagoda,rear_dock,normal,,09:00,17:00,WAY-090,Accessories,Screen Protector V3,pcs,28,3,25,16,10,11,in_stock
OUT024,,Waypoint Tech,Colombo,Peliyagoda,rear_dock,normal,,09:00,17:00,WAY-091,Mobile Phones,Smartphone V4,pcs,8,5,3,12,2,9,low_stock
OUT024,,Waypoint Tech,Colombo,Peliyagoda,rear_dock,normal,,09:00,17:00,WAY-092,Mobile Phones,Feature Phone V4,pcs,24,4,20,4,0,12,in_stock
OUT024,,Waypoint Tech,Colombo,Peliyagoda,rear_dock,normal,,09:00,17:00,WAY-093,Tablets,Android Tablet V4,pcs,8,4,4,12,0,7,low_stock
OUT024,,Waypoint Tech,Colombo,Peliyagoda,rear_dock,normal,,09:00,17:00,WAY-094,Laptops,Laptop V4,pcs,14,7,7,15,10,3,in_stock
OUT024,,Waypoint Tech,Colombo,Peliyagoda,rear_dock,normal,,09:00,17:00,WAY-095,Laptops,Chromebook V4,pcs,26,6,20,14,2,9,in_stock
OUT024,,Waypoint Tech,Colombo,Peliyagoda,rear_dock,normal,,09:00,17:00,WAY-096,Computing,Desktop PC V4,pcs,9,2,7,4,0,8,low_stock
OUT024,,Waypoint Tech,Colombo,Peliyagoda,rear_dock,normal,,09:00,17:00,WAY-097,Computing,Monitor 24-inch V4,pcs,9,3,6,15,5,6,low_stock
OUT024,,Waypoint Tech,Colombo,Peliyagoda,rear_dock,normal,,09:00,17:00,WAY-098,Computing,Monitor 27-inch V4,pcs,24,3,21,2,0,5,in_stock
OUT024,,Waypoint Tech,Colombo,Peliyagoda,rear_dock,normal,,09:00,17:00,WAY-099,Computing,Keyboard V4,pcs,2,0,2,6,0,5,low_stock
OUT024,,Waypoint Tech,Colombo,Peliyagoda,rear_dock,normal,,09:00,17:00,WAY-100,Computing,Wireless Mouse V4,pcs,4,2,2,9,0,12,low_stock
OUT024,,Waypoint Tech,Colombo,Peliyagoda,rear_dock,normal,,09:00,17:00,WAY-101,Computing,Webcam V4,pcs,11,4,7,12,5,5,in_stock
OUT024,,Waypoint Tech,Colombo,Peliyagoda,rear_dock,normal,,09:00,17:00,WAY-102,Computing,USB-C Hub V4,pcs,24,5,19,13,0,5,in_stock
OUT024,,Waypoint Tech,Colombo,Peliyagoda,rear_dock,normal,,09:00,17:00,WAY-103,Computing,Laptop Stand V4,pcs,20,0,20,12,2,3,in_stock
OUT024,,Waypoint Tech,Colombo,Peliyagoda,rear_dock,normal,,09:00,17:00,WAY-104,Storage,USB Flash Drive 64GB V4,pcs,25,6,19,10,0,6,in_stock
OUT024,,Waypoint Tech,Colombo,Peliyagoda,rear_dock,normal,,09:00,17:00,WAY-105,Storage,USB Flash Drive 128GB V4,pcs,28,2,26,9,5,6,in_stock
OUT024,,Waypoint Tech,Colombo,Peliyagoda,rear_dock,normal,,09:00,17:00,WAY-106,Storage,External SSD 1TB V4,pcs,18,4,14,5,5,7,in_stock
OUT024,,Waypoint Tech,Colombo,Peliyagoda,rear_dock,normal,,09:00,17:00,WAY-107,Storage,MicroSD 128GB V4,pcs,10,3,7,4,10,7,low_stock
OUT024,,Waypoint Tech,Colombo,Peliyagoda,rear_dock,normal,,09:00,17:00,WAY-108,Networking,Wi-Fi Router V4,pcs,12,5,7,1,10,10,low_stock
OUT024,,Waypoint Tech,Colombo,Peliyagoda,rear_dock,normal,,09:00,17:00,WAY-109,Networking,Wi-Fi Extender V4,pcs,3,2,1,2,5,12,low_stock
OUT024,,Waypoint Tech,Colombo,Peliyagoda,rear_dock,normal,,09:00,17:00,WAY-110,Networking,Ethernet Cable 5m V4,pcs,16,8,8,13,2,5,in_stock
OUT024,,Waypoint Tech,Colombo,Peliyagoda,rear_dock,normal,,09:00,17:00,WAY-111,Audio,Bluetooth Earbuds V4,pcs,19,3,16,16,2,4,in_stock
OUT024,,Waypoint Tech,Colombo,Peliyagoda,rear_dock,normal,,09:00,17:00,WAY-112,Audio,Bluetooth Headphones V4,pcs,7,7,0,8,5,10,out_of_stock
OUT024,,Waypoint Tech,Colombo,Peliyagoda,rear_dock,normal,,09:00,17:00,WAY-113,Audio,Bluetooth Speaker V4,pcs,28,3,25,11,5,4,in_stock
OUT024,,Waypoint Tech,Colombo,Peliyagoda,rear_dock,normal,,09:00,17:00,WAY-114,Accessories,Phone Charger V4,pcs,15,8,7,1,10,5,in_stock
OUT024,,Waypoint Tech,Colombo,Peliyagoda,rear_dock,normal,,09:00,17:00,WAY-115,Accessories,USB-C Cable V4,pcs,22,2,20,13,5,9,in_stock
OUT024,,Waypoint Tech,Colombo,Peliyagoda,rear_dock,normal,,09:00,17:00,WAY-116,Accessories,Lightning Cable V4,pcs,21,8,13,16,2,4,in_stock
OUT024,,Waypoint Tech,Colombo,Peliyagoda,rear_dock,normal,,09:00,17:00,WAY-117,Accessories,Power Bank 10000mAh V4,pcs,8,5,3,5,0,9,low_stock
OUT024,,Waypoint Tech,Colombo,Peliyagoda,rear_dock,normal,,09:00,17:00,WAY-118,Accessories,Power Bank 20000mAh V4,pcs,17,1,16,9,2,4,in_stock
OUT024,,Waypoint Tech,Colombo,Peliyagoda,rear_dock,normal,,09:00,17:00,WAY-119,Accessories,Phone Case V4,pcs,3,1,2,7,10,4,low_stock
OUT024,,Waypoint Tech,Colombo,Peliyagoda,rear_dock,normal,,09:00,17:00,WAY-120,Accessories,Screen Protector V4,pcs,26,7,19,4,0,5,in_stock
OUT024,,Waypoint Tech,Colombo,Peliyagoda,rear_dock,normal,,09:00,17:00,WAY-121,Mobile Phones,Smartphone V5,pcs,15,1,14,14,2,8,in_stock
OUT024,,Waypoint Tech,Colombo,Peliyagoda,rear_dock,normal,,09:00,17:00,WAY-122,Mobile Phones,Feature Phone V5,pcs,26,3,23,9,5,8,in_stock
OUT024,,Waypoint Tech,Colombo,Peliyagoda,rear_dock,normal,,09:00,17:00,WAY-123,Tablets,Android Tablet V5,pcs,14,5,9,3,5,5,in_stock
OUT024,,Waypoint Tech,Colombo,Peliyagoda,rear_dock,normal,,09:00,17:00,WAY-124,Laptops,Laptop V5,pcs,8,6,2,13,0,12,low_stock
OUT024,,Waypoint Tech,Colombo,Peliyagoda,rear_dock,normal,,09:00,17:00,WAY-125,Laptops,Chromebook V5,pcs,11,0,11,3,5,9,in_stock
OUT024,,Waypoint Tech,Colombo,Peliyagoda,rear_dock,normal,,09:00,17:00,WAY-126,Computing,Desktop PC V5,pcs,13,0,13,15,0,3,in_stock
OUT024,,Waypoint Tech,Colombo,Peliyagoda,rear_dock,normal,,09:00,17:00,WAY-127,Computing,Monitor 24-inch V5,pcs,15,0,15,16,2,5,in_stock
OUT024,,Waypoint Tech,Colombo,Peliyagoda,rear_dock,normal,,09:00,17:00,WAY-128,Computing,Monitor 27-inch V5,pcs,23,2,21,15,10,12,in_stock
OUT024,,Waypoint Tech,Colombo,Peliyagoda,rear_dock,normal,,09:00,17:00,WAY-129,Computing,Keyboard V5,pcs,28,3,25,0,0,11,in_stock
OUT024,,Waypoint Tech,Colombo,Peliyagoda,rear_dock,normal,,09:00,17:00,WAY-130,Computing,Wireless Mouse V5,pcs,10,0,10,12,0,8,in_stock
OUT024,,Waypoint Tech,Colombo,Peliyagoda,rear_dock,normal,,09:00,17:00,WAY-131,Computing,Webcam V5,pcs,10,4,6,5,5,5,in_stock
OUT024,,Waypoint Tech,Colombo,Peliyagoda,rear_dock,normal,,09:00,17:00,WAY-132,Computing,USB-C Hub V5,pcs,25,0,25,1,0,6,in_stock
OUT024,,Waypoint Tech,Colombo,Peliyagoda,rear_dock,normal,,09:00,17:00,WAY-133,Computing,Laptop Stand V5,pcs,22,6,16,8,5,6,in_stock
OUT024,,Waypoint Tech,Colombo,Peliyagoda,rear_dock,normal,,09:00,17:00,WAY-134,Storage,USB Flash Drive 64GB V5,pcs,6,5,1,7,0,9,low_stock
OUT024,,Waypoint Tech,Colombo,Peliyagoda,rear_dock,normal,,09:00,17:00,WAY-135,Storage,USB Flash Drive 128GB V5,pcs,15,2,13,15,0,10,in_stock
OUT024,,Waypoint Tech,Colombo,Peliyagoda,rear_dock,normal,,09:00,17:00,WAY-136,Storage,External SSD 1TB V5,pcs,28,3,25,1,2,3,in_stock
OUT024,,Waypoint Tech,Colombo,Peliyagoda,rear_dock,normal,,09:00,17:00,WAY-137,Storage,MicroSD 128GB V5,pcs,20,8,12,0,10,7,in_stock
OUT024,,Waypoint Tech,Colombo,Peliyagoda,rear_dock,normal,,09:00,17:00,WAY-138,Networking,Wi-Fi Router V5,pcs,2,1,1,9,5,10,low_stock
OUT024,,Waypoint Tech,Colombo,Peliyagoda,rear_dock,normal,,09:00,17:00,WAY-139,Networking,Wi-Fi Extender V5,pcs,19,3,16,15,10,9,in_stock
OUT024,,Waypoint Tech,Colombo,Peliyagoda,rear_dock,normal,,09:00,17:00,WAY-140,Networking,Ethernet Cable 5m V5,pcs,17,8,9,10,0,11,low_stock
OUT024,,Waypoint Tech,Colombo,Peliyagoda,rear_dock,normal,,09:00,17:00,WAY-141,Audio,Bluetooth Earbuds V5,pcs,26,2,24,11,5,8,in_stock
OUT024,,Waypoint Tech,Colombo,Peliyagoda,rear_dock,normal,,09:00,17:00,WAY-142,Audio,Bluetooth Headphones V5,pcs,22,5,17,16,0,4,in_stock
OUT024,,Waypoint Tech,Colombo,Peliyagoda,rear_dock,normal,,09:00,17:00,WAY-143,Audio,Bluetooth Speaker V5,pcs,16,2,14,7,2,9,in_stock
OUT024,,Waypoint Tech,Colombo,Peliyagoda,rear_dock,normal,,09:00,17:00,WAY-144,Accessories,Phone Charger V5,pcs,18,3,15,1,0,3,in_stock
OUT024,,Waypoint Tech,Colombo,Peliyagoda,rear_dock,normal,,09:00,17:00,WAY-145,Accessories,USB-C Cable V5,pcs,6,3,3,12,0,10,low_stock
OUT024,,Waypoint Tech,Colombo,Peliyagoda,rear_dock,normal,,09:00,17:00,WAY-146,Accessories,Lightning Cable V5,pcs,14,6,8,2,5,5,in_stock
OUT024,,Waypoint Tech,Colombo,Peliyagoda,rear_dock,normal,,09:00,17:00,WAY-147,Accessories,Power Bank 10000mAh V5,pcs,10,2,8,5,0,11,low_stock
OUT024,,Waypoint Tech,Colombo,Peliyagoda,rear_dock,normal,,09:00,17:00,WAY-148,Accessories,Power Bank 20000mAh V5,pcs,16,1,15,16,2,10,in_stock
OUT024,,Waypoint Tech,Colombo,Peliyagoda,rear_dock,normal,,09:00,17:00,WAY-149,Accessories,Phone Case V5,pcs,21,2,19,3,10,6,in_stock
OUT024,,Waypoint Tech,Colombo,Peliyagoda,rear_dock,normal,,09:00,17:00,WAY-150,Accessories,Screen Protector V5,pcs,19,7,12,11,0,3,in_stock
OUT024,,Waypoint Tech,Colombo,Peliyagoda,rear_dock,normal,,09:00,17:00,WAY-151,Mobile Phones,Smartphone V6,pcs,9,4,5,0,0,5,low_stock
OUT024,,Waypoint Tech,Colombo,Peliyagoda,rear_dock,normal,,09:00,17:00,WAY-152,Mobile Phones,Feature Phone V6,pcs,2,1,1,11,10,4,low_stock
OUT024,,Waypoint Tech,Colombo,Peliyagoda,rear_dock,normal,,09:00,17:00,WAY-153,Tablets,Android Tablet V6,pcs,6,2,4,0,0,7,low_stock
OUT024,,Waypoint Tech,Colombo,Peliyagoda,rear_dock,normal,,09:00,17:00,WAY-154,Laptops,Laptop V6,pcs,25,5,20,9,10,6,in_stock
OUT024,,Waypoint Tech,Colombo,Peliyagoda,rear_dock,normal,,09:00,17:00,WAY-155,Laptops,Chromebook V6,pcs,3,0,3,12,10,11,low_stock
OUT024,,Waypoint Tech,Colombo,Peliyagoda,rear_dock,normal,,09:00,17:00,WAY-156,Computing,Desktop PC V6,pcs,24,8,16,14,2,4,in_stock
OUT024,,Waypoint Tech,Colombo,Peliyagoda,rear_dock,normal,,09:00,17:00,WAY-157,Computing,Monitor 24-inch V6,pcs,2,0,2,14,0,4,low_stock
OUT024,,Waypoint Tech,Colombo,Peliyagoda,rear_dock,normal,,09:00,17:00,WAY-158,Computing,Monitor 27-inch V6,pcs,18,7,11,15,10,6,in_stock
OUT024,,Waypoint Tech,Colombo,Peliyagoda,rear_dock,normal,,09:00,17:00,WAY-159,Computing,Keyboard V6,pcs,18,4,14,14,0,12,in_stock
OUT024,,Waypoint Tech,Colombo,Peliyagoda,rear_dock,normal,,09:00,17:00,WAY-160,Computing,Wireless Mouse V6,pcs,22,1,21,3,10,5,in_stock
OUT024,,Waypoint Tech,Colombo,Peliyagoda,rear_dock,normal,,09:00,17:00,WAY-161,Computing,Webcam V6,pcs,26,1,25,12,5,12,in_stock
OUT024,,Waypoint Tech,Colombo,Peliyagoda,rear_dock,normal,,09:00,17:00,WAY-162,Computing,USB-C Hub V6,pcs,17,0,17,15,5,10,in_stock
OUT024,,Waypoint Tech,Colombo,Peliyagoda,rear_dock,normal,,09:00,17:00,WAY-163,Computing,Laptop Stand V6,pcs,8,4,4,12,5,7,low_stock
OUT024,,Waypoint Tech,Colombo,Peliyagoda,rear_dock,normal,,09:00,17:00,WAY-164,Storage,USB Flash Drive 64GB V6,pcs,9,7,2,9,0,11,low_stock
OUT024,,Waypoint Tech,Colombo,Peliyagoda,rear_dock,normal,,09:00,17:00,WAY-165,Storage,USB Flash Drive 128GB V6,pcs,28,7,21,0,10,12,in_stock
OUT024,,Waypoint Tech,Colombo,Peliyagoda,rear_dock,normal,,09:00,17:00,WAY-166,Storage,External SSD 1TB V6,pcs,16,7,9,0,0,6,in_stock
OUT024,,Waypoint Tech,Colombo,Peliyagoda,rear_dock,normal,,09:00,17:00,WAY-167,Storage,MicroSD 128GB V6,pcs,13,4,9,8,0,8,in_stock
OUT024,,Waypoint Tech,Colombo,Peliyagoda,rear_dock,normal,,09:00,17:00,WAY-168,Networking,Wi-Fi Router V6,pcs,4,1,3,1,0,7,low_stock
OUT024,,Waypoint Tech,Colombo,Peliyagoda,rear_dock,normal,,09:00,17:00,WAY-169,Networking,Wi-Fi Extender V6,pcs,13,1,12,15,2,4,in_stock
OUT024,,Waypoint Tech,Colombo,Peliyagoda,rear_dock,normal,,09:00,17:00,WAY-170,Networking,Ethernet Cable 5m V6,pcs,19,2,17,9,10,5,in_stock
OUT024,,Waypoint Tech,Colombo,Peliyagoda,rear_dock,normal,,09:00,17:00,WAY-171,Audio,Bluetooth Earbuds V6,pcs,13,3,10,0,0,11,low_stock
OUT024,,Waypoint Tech,Colombo,Peliyagoda,rear_dock,normal,,09:00,17:00,WAY-172,Audio,Bluetooth Headphones V6,pcs,4,0,4,0,5,5,low_stock
OUT024,,Waypoint Tech,Colombo,Peliyagoda,rear_dock,normal,,09:00,17:00,WAY-173,Audio,Bluetooth Speaker V6,pcs,25,3,22,16,0,11,in_stock
OUT024,,Waypoint Tech,Colombo,Peliyagoda,rear_dock,normal,,09:00,17:00,WAY-174,Accessories,Phone Charger V6,pcs,16,8,8,13,0,6,in_stock
OUT024,,Waypoint Tech,Colombo,Peliyagoda,rear_dock,normal,,09:00,17:00,WAY-175,Accessories,USB-C Cable V6,pcs,19,1,18,3,10,6,in_stock
OUT024,,Waypoint Tech,Colombo,Peliyagoda,rear_dock,normal,,09:00,17:00,WAY-176,Accessories,Lightning Cable V6,pcs,7,7,0,12,10,5,out_of_stock
OUT024,,Waypoint Tech,Colombo,Peliyagoda,rear_dock,normal,,09:00,17:00,WAY-177,Accessories,Power Bank 10000mAh V6,pcs,6,0,6,0,0,8,low_stock
OUT024,,Waypoint Tech,Colombo,Peliyagoda,rear_dock,normal,,09:00,17:00,WAY-178,Accessories,Power Bank 20000mAh V6,pcs,26,0,26,13,2,4,in_stock
OUT024,,Waypoint Tech,Colombo,Peliyagoda,rear_dock,normal,,09:00,17:00,WAY-179,Accessories,Phone Case V6,pcs,14,5,9,10,0,4,in_stock
OUT024,,Waypoint Tech,Colombo,Peliyagoda,rear_dock,normal,,09:00,17:00,WAY-180,Accessories,Screen Protector V6,pcs,28,4,24,1,5,8,in_stock
OUT024,,Waypoint Tech,Colombo,Peliyagoda,rear_dock,normal,,09:00,17:00,WAY-181,Mobile Phones,Smartphone V7,pcs,18,8,10,5,10,5,in_stock
OUT024,,Waypoint Tech,Colombo,Peliyagoda,rear_dock,normal,,09:00,17:00,WAY-182,Mobile Phones,Feature Phone V7,pcs,13,0,13,11,0,10,in_stock
OUT024,,Waypoint Tech,Colombo,Peliyagoda,rear_dock,normal,,09:00,17:00,WAY-183,Tablets,Android Tablet V7,pcs,20,4,16,16,2,7,in_stock
OUT024,,Waypoint Tech,Colombo,Peliyagoda,rear_dock,normal,,09:00,17:00,WAY-184,Laptops,Laptop V7,pcs,19,7,12,12,0,4,in_stock
OUT024,,Waypoint Tech,Colombo,Peliyagoda,rear_dock,normal,,09:00,17:00,WAY-185,Laptops,Chromebook V7,pcs,7,2,5,10,2,4,in_stock
OUT024,,Waypoint Tech,Colombo,Peliyagoda,rear_dock,normal,,09:00,17:00,WAY-186,Computing,Desktop PC V7,pcs,6,4,2,6,0,4,low_stock
OUT024,,Waypoint Tech,Colombo,Peliyagoda,rear_dock,normal,,09:00,17:00,WAY-187,Computing,Monitor 24-inch V7,pcs,17,0,17,16,0,6,in_stock
OUT024,,Waypoint Tech,Colombo,Peliyagoda,rear_dock,normal,,09:00,17:00,WAY-188,Computing,Monitor 27-inch V7,pcs,7,4,3,7,2,4,low_stock
OUT024,,Waypoint Tech,Colombo,Peliyagoda,rear_dock,normal,,09:00,17:00,WAY-189,Computing,Keyboard V7,pcs,12,8,4,4,0,9,low_stock
OUT024,,Waypoint Tech,Colombo,Peliyagoda,rear_dock,normal,,09:00,17:00,WAY-190,Computing,Wireless Mouse V7,pcs,21,1,20,11,0,8,in_stock
OUT024,,Waypoint Tech,Colombo,Peliyagoda,rear_dock,normal,,09:00,17:00,WAY-191,Computing,Webcam V7,pcs,21,5,16,7,10,11,in_stock
OUT024,,Waypoint Tech,Colombo,Peliyagoda,rear_dock,normal,,09:00,17:00,WAY-192,Computing,USB-C Hub V7,pcs,26,3,23,5,10,4,in_stock
OUT024,,Waypoint Tech,Colombo,Peliyagoda,rear_dock,normal,,09:00,17:00,WAY-193,Computing,Laptop Stand V7,pcs,15,5,10,13,0,6,in_stock
OUT024,,Waypoint Tech,Colombo,Peliyagoda,rear_dock,normal,,09:00,17:00,WAY-194,Storage,USB Flash Drive 64GB V7,pcs,13,8,5,12,5,4,in_stock
OUT024,,Waypoint Tech,Colombo,Peliyagoda,rear_dock,normal,,09:00,17:00,WAY-195,Storage,USB Flash Drive 128GB V7,pcs,25,7,18,0,10,6,in_stock
OUT024,,Waypoint Tech,Colombo,Peliyagoda,rear_dock,normal,,09:00,17:00,WAY-196,Storage,External SSD 1TB V7,pcs,20,3,17,9,10,12,in_stock
OUT024,,Waypoint Tech,Colombo,Peliyagoda,rear_dock,normal,,09:00,17:00,WAY-197,Storage,MicroSD 128GB V7,pcs,20,0,20,11,0,5,in_stock
OUT024,,Waypoint Tech,Colombo,Peliyagoda,rear_dock,normal,,09:00,17:00,WAY-198,Networking,Wi-Fi Router V7,pcs,15,0,15,8,0,11,in_stock
OUT024,,Waypoint Tech,Colombo,Peliyagoda,rear_dock,normal,,09:00,17:00,WAY-199,Networking,Wi-Fi Extender V7,pcs,9,4,5,7,5,3,in_stock
OUT024,,Waypoint Tech,Colombo,Peliyagoda,rear_dock,normal,,09:00,17:00,WAY-200,Networking,Ethernet Cable 5m V7,pcs,9,4,5,9,0,4,in_stock
OUT038,,Waypoint Tech,Gampaha,Peliyagoda,street,normal,,09:00,17:00,WAY-001,Mobile Phones,Smartphone,pcs,13,0,13,0,5,10,in_stock
OUT038,,Waypoint Tech,Gampaha,Peliyagoda,street,normal,,09:00,17:00,WAY-002,Mobile Phones,Feature Phone,pcs,25,5,20,16,2,10,in_stock
OUT038,,Waypoint Tech,Gampaha,Peliyagoda,street,normal,,09:00,17:00,WAY-003,Tablets,Android Tablet,pcs,8,1,7,12,0,8,low_stock
OUT038,,Waypoint Tech,Gampaha,Peliyagoda,street,normal,,09:00,17:00,WAY-004,Laptops,Laptop,pcs,28,2,26,5,10,9,in_stock
OUT038,,Waypoint Tech,Gampaha,Peliyagoda,street,normal,,09:00,17:00,WAY-005,Laptops,Chromebook,pcs,18,5,13,1,2,7,in_stock
OUT038,,Waypoint Tech,Gampaha,Peliyagoda,street,normal,,09:00,17:00,WAY-006,Computing,Desktop PC,pcs,17,8,9,3,0,8,in_stock
OUT038,,Waypoint Tech,Gampaha,Peliyagoda,street,normal,,09:00,17:00,WAY-007,Computing,Monitor 24-inch,pcs,26,8,18,6,10,12,in_stock
OUT038,,Waypoint Tech,Gampaha,Peliyagoda,street,normal,,09:00,17:00,WAY-008,Computing,Monitor 27-inch,pcs,7,7,0,16,2,12,out_of_stock
OUT038,,Waypoint Tech,Gampaha,Peliyagoda,street,normal,,09:00,17:00,WAY-009,Computing,Keyboard,pcs,10,8,2,5,10,6,low_stock
OUT038,,Waypoint Tech,Gampaha,Peliyagoda,street,normal,,09:00,17:00,WAY-010,Computing,Wireless Mouse,pcs,25,4,21,1,2,11,in_stock
OUT038,,Waypoint Tech,Gampaha,Peliyagoda,street,normal,,09:00,17:00,WAY-011,Computing,Webcam,pcs,17,8,9,16,0,3,in_stock
OUT038,,Waypoint Tech,Gampaha,Peliyagoda,street,normal,,09:00,17:00,WAY-012,Computing,USB-C Hub,pcs,16,6,10,16,5,3,in_stock
OUT038,,Waypoint Tech,Gampaha,Peliyagoda,street,normal,,09:00,17:00,WAY-013,Computing,Laptop Stand,pcs,12,2,10,11,0,11,low_stock
OUT038,,Waypoint Tech,Gampaha,Peliyagoda,street,normal,,09:00,17:00,WAY-014,Storage,USB Flash Drive 64GB,pcs,9,4,5,7,0,7,low_stock
OUT038,,Waypoint Tech,Gampaha,Peliyagoda,street,normal,,09:00,17:00,WAY-015,Storage,USB Flash Drive 128GB,pcs,19,3,16,9,10,11,in_stock
OUT038,,Waypoint Tech,Gampaha,Peliyagoda,street,normal,,09:00,17:00,WAY-016,Storage,External SSD 1TB,pcs,20,7,13,14,0,11,in_stock
OUT038,,Waypoint Tech,Gampaha,Peliyagoda,street,normal,,09:00,17:00,WAY-017,Storage,MicroSD 128GB,pcs,2,0,2,0,5,12,low_stock
OUT038,,Waypoint Tech,Gampaha,Peliyagoda,street,normal,,09:00,17:00,WAY-018,Networking,Wi-Fi Router,pcs,26,4,22,5,5,11,in_stock
OUT038,,Waypoint Tech,Gampaha,Peliyagoda,street,normal,,09:00,17:00,WAY-019,Networking,Wi-Fi Extender,pcs,15,1,14,2,0,11,in_stock
OUT038,,Waypoint Tech,Gampaha,Peliyagoda,street,normal,,09:00,17:00,WAY-020,Networking,Ethernet Cable 5m,pcs,2,2,0,7,2,5,out_of_stock
OUT038,,Waypoint Tech,Gampaha,Peliyagoda,street,normal,,09:00,17:00,WAY-021,Audio,Bluetooth Earbuds,pcs,20,4,16,8,2,4,in_stock
OUT038,,Waypoint Tech,Gampaha,Peliyagoda,street,normal,,09:00,17:00,WAY-022,Audio,Bluetooth Headphones,pcs,23,1,22,8,0,12,in_stock
OUT038,,Waypoint Tech,Gampaha,Peliyagoda,street,normal,,09:00,17:00,WAY-023,Audio,Bluetooth Speaker,pcs,26,7,19,13,5,4,in_stock
OUT038,,Waypoint Tech,Gampaha,Peliyagoda,street,normal,,09:00,17:00,WAY-024,Accessories,Phone Charger,pcs,28,4,24,0,5,3,in_stock
OUT038,,Waypoint Tech,Gampaha,Peliyagoda,street,normal,,09:00,17:00,WAY-025,Accessories,USB-C Cable,pcs,11,5,6,5,0,5,in_stock
OUT038,,Waypoint Tech,Gampaha,Peliyagoda,street,normal,,09:00,17:00,WAY-026,Accessories,Lightning Cable,pcs,27,1,26,3,0,8,in_stock
OUT038,,Waypoint Tech,Gampaha,Peliyagoda,street,normal,,09:00,17:00,WAY-027,Accessories,Power Bank 10000mAh,pcs,5,3,2,7,0,5,low_stock
OUT038,,Waypoint Tech,Gampaha,Peliyagoda,street,normal,,09:00,17:00,WAY-028,Accessories,Power Bank 20000mAh,pcs,20,8,12,0,2,7,in_stock
OUT038,,Waypoint Tech,Gampaha,Peliyagoda,street,normal,,09:00,17:00,WAY-029,Accessories,Phone Case,pcs,2,2,0,9,0,6,out_of_stock
OUT038,,Waypoint Tech,Gampaha,Peliyagoda,street,normal,,09:00,17:00,WAY-030,Accessories,Screen Protector,pcs,16,8,8,7,10,7,in_stock
OUT038,,Waypoint Tech,Gampaha,Peliyagoda,street,normal,,09:00,17:00,WAY-031,Mobile Phones,Smartphone V2,pcs,12,8,4,1,0,7,low_stock
OUT038,,Waypoint Tech,Gampaha,Peliyagoda,street,normal,,09:00,17:00,WAY-032,Mobile Phones,Feature Phone V2,pcs,15,5,10,9,2,10,low_stock
OUT038,,Waypoint Tech,Gampaha,Peliyagoda,street,normal,,09:00,17:00,WAY-033,Tablets,Android Tablet V2,pcs,19,6,13,16,5,3,in_stock
OUT038,,Waypoint Tech,Gampaha,Peliyagoda,street,normal,,09:00,17:00,WAY-034,Laptops,Laptop V2,pcs,21,5,16,12,0,7,in_stock
OUT038,,Waypoint Tech,Gampaha,Peliyagoda,street,normal,,09:00,17:00,WAY-035,Laptops,Chromebook V2,pcs,25,0,25,13,2,5,in_stock
OUT038,,Waypoint Tech,Gampaha,Peliyagoda,street,normal,,09:00,17:00,WAY-036,Computing,Desktop PC V2,pcs,12,2,10,11,0,12,low_stock
OUT038,,Waypoint Tech,Gampaha,Peliyagoda,street,normal,,09:00,17:00,WAY-037,Computing,Monitor 24-inch V2,pcs,14,8,6,11,0,3,in_stock
OUT038,,Waypoint Tech,Gampaha,Peliyagoda,street,normal,,09:00,17:00,WAY-038,Computing,Monitor 27-inch V2,pcs,3,0,3,8,10,10,low_stock
OUT038,,Waypoint Tech,Gampaha,Peliyagoda,street,normal,,09:00,17:00,WAY-039,Computing,Keyboard V2,pcs,16,0,16,7,5,9,in_stock
OUT038,,Waypoint Tech,Gampaha,Peliyagoda,street,normal,,09:00,17:00,WAY-040,Computing,Wireless Mouse V2,pcs,21,7,14,3,5,10,in_stock
OUT038,,Waypoint Tech,Gampaha,Peliyagoda,street,normal,,09:00,17:00,WAY-041,Computing,Webcam V2,pcs,10,3,7,14,10,8,low_stock
OUT038,,Waypoint Tech,Gampaha,Peliyagoda,street,normal,,09:00,17:00,WAY-042,Computing,USB-C Hub V2,pcs,20,7,13,10,10,3,in_stock
OUT038,,Waypoint Tech,Gampaha,Peliyagoda,street,normal,,09:00,17:00,WAY-043,Computing,Laptop Stand V2,pcs,19,8,11,3,0,10,in_stock
OUT038,,Waypoint Tech,Gampaha,Peliyagoda,street,normal,,09:00,17:00,WAY-044,Storage,USB Flash Drive 64GB V2,pcs,27,2,25,9,10,12,in_stock
OUT038,,Waypoint Tech,Gampaha,Peliyagoda,street,normal,,09:00,17:00,WAY-045,Storage,USB Flash Drive 128GB V2,pcs,19,7,12,7,0,12,low_stock
OUT038,,Waypoint Tech,Gampaha,Peliyagoda,street,normal,,09:00,17:00,WAY-046,Storage,External SSD 1TB V2,pcs,12,6,6,6,0,9,low_stock
OUT038,,Waypoint Tech,Gampaha,Peliyagoda,street,normal,,09:00,17:00,WAY-047,Storage,MicroSD 128GB V2,pcs,21,3,18,4,5,7,in_stock
OUT038,,Waypoint Tech,Gampaha,Peliyagoda,street,normal,,09:00,17:00,WAY-048,Networking,Wi-Fi Router V2,pcs,16,5,11,10,0,3,in_stock
OUT038,,Waypoint Tech,Gampaha,Peliyagoda,street,normal,,09:00,17:00,WAY-049,Networking,Wi-Fi Extender V2,pcs,15,2,13,11,10,12,in_stock
OUT038,,Waypoint Tech,Gampaha,Peliyagoda,street,normal,,09:00,17:00,WAY-050,Networking,Ethernet Cable 5m V2,pcs,11,7,4,9,0,9,low_stock
OUT038,,Waypoint Tech,Gampaha,Peliyagoda,street,normal,,09:00,17:00,WAY-051,Audio,Bluetooth Earbuds V2,pcs,25,2,23,1,10,6,in_stock
OUT038,,Waypoint Tech,Gampaha,Peliyagoda,street,normal,,09:00,17:00,WAY-052,Audio,Bluetooth Headphones V2,pcs,17,2,15,0,0,10,in_stock
OUT038,,Waypoint Tech,Gampaha,Peliyagoda,street,normal,,09:00,17:00,WAY-053,Audio,Bluetooth Speaker V2,pcs,2,2,0,8,2,7,out_of_stock
OUT038,,Waypoint Tech,Gampaha,Peliyagoda,street,normal,,09:00,17:00,WAY-054,Accessories,Phone Charger V2,pcs,14,1,13,14,0,5,in_stock
OUT038,,Waypoint Tech,Gampaha,Peliyagoda,street,normal,,09:00,17:00,WAY-055,Accessories,USB-C Cable V2,pcs,4,4,0,12,0,5,out_of_stock
OUT038,,Waypoint Tech,Gampaha,Peliyagoda,street,normal,,09:00,17:00,WAY-056,Accessories,Lightning Cable V2,pcs,14,1,13,0,5,8,in_stock
OUT038,,Waypoint Tech,Gampaha,Peliyagoda,street,normal,,09:00,17:00,WAY-057,Accessories,Power Bank 10000mAh V2,pcs,17,0,17,2,0,4,in_stock
OUT038,,Waypoint Tech,Gampaha,Peliyagoda,street,normal,,09:00,17:00,WAY-058,Accessories,Power Bank 20000mAh V2,pcs,19,6,13,2,0,3,in_stock
OUT038,,Waypoint Tech,Gampaha,Peliyagoda,street,normal,,09:00,17:00,WAY-059,Accessories,Phone Case V2,pcs,11,3,8,10,10,12,low_stock
OUT038,,Waypoint Tech,Gampaha,Peliyagoda,street,normal,,09:00,17:00,WAY-060,Accessories,Screen Protector V2,pcs,11,6,5,0,0,11,low_stock
OUT038,,Waypoint Tech,Gampaha,Peliyagoda,street,normal,,09:00,17:00,WAY-061,Mobile Phones,Smartphone V3,pcs,15,5,10,16,0,11,low_stock
OUT038,,Waypoint Tech,Gampaha,Peliyagoda,street,normal,,09:00,17:00,WAY-062,Mobile Phones,Feature Phone V3,pcs,20,0,20,5,10,3,in_stock
OUT038,,Waypoint Tech,Gampaha,Peliyagoda,street,normal,,09:00,17:00,WAY-063,Tablets,Android Tablet V3,pcs,11,5,6,5,10,11,low_stock
OUT038,,Waypoint Tech,Gampaha,Peliyagoda,street,normal,,09:00,17:00,WAY-064,Laptops,Laptop V3,pcs,23,7,16,15,0,5,in_stock
OUT038,,Waypoint Tech,Gampaha,Peliyagoda,street,normal,,09:00,17:00,WAY-065,Laptops,Chromebook V3,pcs,11,3,8,13,2,5,in_stock
OUT038,,Waypoint Tech,Gampaha,Peliyagoda,street,normal,,09:00,17:00,WAY-066,Computing,Desktop PC V3,pcs,17,7,10,4,2,4,in_stock
OUT038,,Waypoint Tech,Gampaha,Peliyagoda,street,normal,,09:00,17:00,WAY-067,Computing,Monitor 24-inch V3,pcs,16,2,14,15,0,7,in_stock
OUT038,,Waypoint Tech,Gampaha,Peliyagoda,street,normal,,09:00,17:00,WAY-068,Computing,Monitor 27-inch V3,pcs,10,0,10,9,2,10,low_stock
OUT038,,Waypoint Tech,Gampaha,Peliyagoda,street,normal,,09:00,17:00,WAY-069,Computing,Keyboard V3,pcs,17,0,17,3,0,8,in_stock
OUT038,,Waypoint Tech,Gampaha,Peliyagoda,street,normal,,09:00,17:00,WAY-070,Computing,Wireless Mouse V3,pcs,16,2,14,0,2,10,in_stock
OUT038,,Waypoint Tech,Gampaha,Peliyagoda,street,normal,,09:00,17:00,WAY-071,Computing,Webcam V3,pcs,3,3,0,15,0,5,out_of_stock
OUT038,,Waypoint Tech,Gampaha,Peliyagoda,street,normal,,09:00,17:00,WAY-072,Computing,USB-C Hub V3,pcs,21,0,21,3,10,6,in_stock
OUT038,,Waypoint Tech,Gampaha,Peliyagoda,street,normal,,09:00,17:00,WAY-073,Computing,Laptop Stand V3,pcs,12,1,11,7,2,5,in_stock
OUT038,,Waypoint Tech,Gampaha,Peliyagoda,street,normal,,09:00,17:00,WAY-074,Storage,USB Flash Drive 64GB V3,pcs,28,1,27,11,0,3,in_stock
OUT038,,Waypoint Tech,Gampaha,Peliyagoda,street,normal,,09:00,17:00,WAY-075,Storage,USB Flash Drive 128GB V3,pcs,27,4,23,5,10,6,in_stock
OUT038,,Waypoint Tech,Gampaha,Peliyagoda,street,normal,,09:00,17:00,WAY-076,Storage,External SSD 1TB V3,pcs,7,0,7,2,0,4,in_stock
OUT038,,Waypoint Tech,Gampaha,Peliyagoda,street,normal,,09:00,17:00,WAY-077,Storage,MicroSD 128GB V3,pcs,18,2,16,9,0,4,in_stock
OUT038,,Waypoint Tech,Gampaha,Peliyagoda,street,normal,,09:00,17:00,WAY-078,Networking,Wi-Fi Router V3,pcs,14,6,8,10,0,5,in_stock
OUT038,,Waypoint Tech,Gampaha,Peliyagoda,street,normal,,09:00,17:00,WAY-079,Networking,Wi-Fi Extender V3,pcs,23,5,18,16,0,6,in_stock
OUT038,,Waypoint Tech,Gampaha,Peliyagoda,street,normal,,09:00,17:00,WAY-080,Networking,Ethernet Cable 5m V3,pcs,26,3,23,14,0,10,in_stock
OUT038,,Waypoint Tech,Gampaha,Peliyagoda,street,normal,,09:00,17:00,WAY-081,Audio,Bluetooth Earbuds V3,pcs,24,8,16,9,0,7,in_stock
OUT038,,Waypoint Tech,Gampaha,Peliyagoda,street,normal,,09:00,17:00,WAY-082,Audio,Bluetooth Headphones V3,pcs,24,1,23,15,10,11,in_stock
OUT038,,Waypoint Tech,Gampaha,Peliyagoda,street,normal,,09:00,17:00,WAY-083,Audio,Bluetooth Speaker V3,pcs,24,1,23,15,10,12,in_stock
OUT038,,Waypoint Tech,Gampaha,Peliyagoda,street,normal,,09:00,17:00,WAY-084,Accessories,Phone Charger V3,pcs,3,0,3,2,5,12,low_stock
OUT038,,Waypoint Tech,Gampaha,Peliyagoda,street,normal,,09:00,17:00,WAY-085,Accessories,USB-C Cable V3,pcs,24,5,19,7,5,12,in_stock
OUT038,,Waypoint Tech,Gampaha,Peliyagoda,street,normal,,09:00,17:00,WAY-086,Accessories,Lightning Cable V3,pcs,27,7,20,11,0,10,in_stock
OUT038,,Waypoint Tech,Gampaha,Peliyagoda,street,normal,,09:00,17:00,WAY-087,Accessories,Power Bank 10000mAh V3,pcs,14,2,12,9,5,6,in_stock
OUT038,,Waypoint Tech,Gampaha,Peliyagoda,street,normal,,09:00,17:00,WAY-088,Accessories,Power Bank 20000mAh V3,pcs,20,7,13,12,0,11,in_stock
OUT038,,Waypoint Tech,Gampaha,Peliyagoda,street,normal,,09:00,17:00,WAY-089,Accessories,Phone Case V3,pcs,3,0,3,9,10,6,low_stock
OUT038,,Waypoint Tech,Gampaha,Peliyagoda,street,normal,,09:00,17:00,WAY-090,Accessories,Screen Protector V3,pcs,2,2,0,11,0,6,out_of_stock
OUT038,,Waypoint Tech,Gampaha,Peliyagoda,street,normal,,09:00,17:00,WAY-091,Mobile Phones,Smartphone V4,pcs,4,4,0,14,10,8,out_of_stock
OUT038,,Waypoint Tech,Gampaha,Peliyagoda,street,normal,,09:00,17:00,WAY-092,Mobile Phones,Feature Phone V4,pcs,5,4,1,11,5,5,low_stock
OUT038,,Waypoint Tech,Gampaha,Peliyagoda,street,normal,,09:00,17:00,WAY-093,Tablets,Android Tablet V4,pcs,8,4,4,13,0,9,low_stock
OUT038,,Waypoint Tech,Gampaha,Peliyagoda,street,normal,,09:00,17:00,WAY-094,Laptops,Laptop V4,pcs,25,7,18,7,0,9,in_stock
OUT038,,Waypoint Tech,Gampaha,Peliyagoda,street,normal,,09:00,17:00,WAY-095,Laptops,Chromebook V4,pcs,22,8,14,0,0,9,in_stock
OUT038,,Waypoint Tech,Gampaha,Peliyagoda,street,normal,,09:00,17:00,WAY-096,Computing,Desktop PC V4,pcs,7,2,5,1,0,9,low_stock
OUT038,,Waypoint Tech,Gampaha,Peliyagoda,street,normal,,09:00,17:00,WAY-097,Computing,Monitor 24-inch V4,pcs,15,1,14,12,10,8,in_stock
OUT038,,Waypoint Tech,Gampaha,Peliyagoda,street,normal,,09:00,17:00,WAY-098,Computing,Monitor 27-inch V4,pcs,13,3,10,5,5,6,in_stock
OUT038,,Waypoint Tech,Gampaha,Peliyagoda,street,normal,,09:00,17:00,WAY-099,Computing,Keyboard V4,pcs,27,4,23,14,0,3,in_stock
OUT038,,Waypoint Tech,Gampaha,Peliyagoda,street,normal,,09:00,17:00,WAY-100,Computing,Wireless Mouse V4,pcs,23,0,23,3,0,6,in_stock
OUT038,,Waypoint Tech,Gampaha,Peliyagoda,street,normal,,09:00,17:00,WAY-101,Computing,Webcam V4,pcs,12,3,9,6,2,6,in_stock
OUT038,,Waypoint Tech,Gampaha,Peliyagoda,street,normal,,09:00,17:00,WAY-102,Computing,USB-C Hub V4,pcs,8,2,6,2,0,10,low_stock
OUT038,,Waypoint Tech,Gampaha,Peliyagoda,street,normal,,09:00,17:00,WAY-103,Computing,Laptop Stand V4,pcs,11,6,5,8,10,5,low_stock
OUT038,,Waypoint Tech,Gampaha,Peliyagoda,street,normal,,09:00,17:00,WAY-104,Storage,USB Flash Drive 64GB V4,pcs,16,3,13,11,0,8,in_stock
OUT038,,Waypoint Tech,Gampaha,Peliyagoda,street,normal,,09:00,17:00,WAY-105,Storage,USB Flash Drive 128GB V4,pcs,20,1,19,9,2,6,in_stock
OUT038,,Waypoint Tech,Gampaha,Peliyagoda,street,normal,,09:00,17:00,WAY-106,Storage,External SSD 1TB V4,pcs,27,2,25,14,10,7,in_stock
OUT038,,Waypoint Tech,Gampaha,Peliyagoda,street,normal,,09:00,17:00,WAY-107,Storage,MicroSD 128GB V4,pcs,6,0,6,10,5,10,low_stock
OUT038,,Waypoint Tech,Gampaha,Peliyagoda,street,normal,,09:00,17:00,WAY-108,Networking,Wi-Fi Router V4,pcs,14,4,10,9,0,5,in_stock
OUT038,,Waypoint Tech,Gampaha,Peliyagoda,street,normal,,09:00,17:00,WAY-109,Networking,Wi-Fi Extender V4,pcs,16,6,10,9,2,6,in_stock
OUT038,,Waypoint Tech,Gampaha,Peliyagoda,street,normal,,09:00,17:00,WAY-110,Networking,Ethernet Cable 5m V4,pcs,4,2,2,13,2,8,low_stock
OUT038,,Waypoint Tech,Gampaha,Peliyagoda,street,normal,,09:00,17:00,WAY-111,Audio,Bluetooth Earbuds V4,pcs,28,3,25,5,0,11,in_stock
OUT038,,Waypoint Tech,Gampaha,Peliyagoda,street,normal,,09:00,17:00,WAY-112,Audio,Bluetooth Headphones V4,pcs,17,3,14,14,5,5,in_stock
OUT038,,Waypoint Tech,Gampaha,Peliyagoda,street,normal,,09:00,17:00,WAY-113,Audio,Bluetooth Speaker V4,pcs,25,6,19,9,0,10,in_stock
OUT038,,Waypoint Tech,Gampaha,Peliyagoda,street,normal,,09:00,17:00,WAY-114,Accessories,Phone Charger V4,pcs,20,5,15,12,5,8,in_stock
OUT038,,Waypoint Tech,Gampaha,Peliyagoda,street,normal,,09:00,17:00,WAY-115,Accessories,USB-C Cable V4,pcs,13,6,7,12,0,3,in_stock
OUT038,,Waypoint Tech,Gampaha,Peliyagoda,street,normal,,09:00,17:00,WAY-116,Accessories,Lightning Cable V4,pcs,27,8,19,6,0,12,in_stock
OUT038,,Waypoint Tech,Gampaha,Peliyagoda,street,normal,,09:00,17:00,WAY-117,Accessories,Power Bank 10000mAh V4,pcs,8,2,6,4,2,3,in_stock
OUT038,,Waypoint Tech,Gampaha,Peliyagoda,street,normal,,09:00,17:00,WAY-118,Accessories,Power Bank 20000mAh V4,pcs,22,8,14,6,0,8,in_stock
OUT038,,Waypoint Tech,Gampaha,Peliyagoda,street,normal,,09:00,17:00,WAY-119,Accessories,Phone Case V4,pcs,20,4,16,9,10,12,in_stock
OUT038,,Waypoint Tech,Gampaha,Peliyagoda,street,normal,,09:00,17:00,WAY-120,Accessories,Screen Protector V4,pcs,14,2,12,3,2,11,in_stock
OUT038,,Waypoint Tech,Gampaha,Peliyagoda,street,normal,,09:00,17:00,WAY-121,Mobile Phones,Smartphone V5,pcs,12,8,4,7,10,5,low_stock
OUT038,,Waypoint Tech,Gampaha,Peliyagoda,street,normal,,09:00,17:00,WAY-122,Mobile Phones,Feature Phone V5,pcs,26,2,24,4,0,5,in_stock
OUT038,,Waypoint Tech,Gampaha,Peliyagoda,street,normal,,09:00,17:00,WAY-123,Tablets,Android Tablet V5,pcs,26,1,25,8,0,12,in_stock
OUT038,,Waypoint Tech,Gampaha,Peliyagoda,street,normal,,09:00,17:00,WAY-124,Laptops,Laptop V5,pcs,14,5,9,12,0,8,in_stock
OUT038,,Waypoint Tech,Gampaha,Peliyagoda,street,normal,,09:00,17:00,WAY-125,Laptops,Chromebook V5,pcs,18,5,13,7,5,8,in_stock
OUT038,,Waypoint Tech,Gampaha,Peliyagoda,street,normal,,09:00,17:00,WAY-126,Computing,Desktop PC V5,pcs,14,2,12,7,0,11,in_stock
OUT038,,Waypoint Tech,Gampaha,Peliyagoda,street,normal,,09:00,17:00,WAY-127,Computing,Monitor 24-inch V5,pcs,17,4,13,5,5,7,in_stock
OUT038,,Waypoint Tech,Gampaha,Peliyagoda,street,normal,,09:00,17:00,WAY-128,Computing,Monitor 27-inch V5,pcs,17,7,10,1,0,6,in_stock
OUT038,,Waypoint Tech,Gampaha,Peliyagoda,street,normal,,09:00,17:00,WAY-129,Computing,Keyboard V5,pcs,13,3,10,7,2,5,in_stock
OUT038,,Waypoint Tech,Gampaha,Peliyagoda,street,normal,,09:00,17:00,WAY-130,Computing,Wireless Mouse V5,pcs,27,5,22,9,5,5,in_stock
OUT038,,Waypoint Tech,Gampaha,Peliyagoda,street,normal,,09:00,17:00,WAY-131,Computing,Webcam V5,pcs,14,8,6,4,0,7,low_stock
OUT038,,Waypoint Tech,Gampaha,Peliyagoda,street,normal,,09:00,17:00,WAY-132,Computing,USB-C Hub V5,pcs,28,6,22,14,0,4,in_stock
OUT038,,Waypoint Tech,Gampaha,Peliyagoda,street,normal,,09:00,17:00,WAY-133,Computing,Laptop Stand V5,pcs,28,3,25,0,0,3,in_stock
OUT038,,Waypoint Tech,Gampaha,Peliyagoda,street,normal,,09:00,17:00,WAY-134,Storage,USB Flash Drive 64GB V5,pcs,6,0,6,6,5,4,in_stock
OUT038,,Waypoint Tech,Gampaha,Peliyagoda,street,normal,,09:00,17:00,WAY-135,Storage,USB Flash Drive 128GB V5,pcs,11,8,3,8,5,6,low_stock
OUT038,,Waypoint Tech,Gampaha,Peliyagoda,street,normal,,09:00,17:00,WAY-136,Storage,External SSD 1TB V5,pcs,17,6,11,8,5,12,low_stock
OUT038,,Waypoint Tech,Gampaha,Peliyagoda,street,normal,,09:00,17:00,WAY-137,Storage,MicroSD 128GB V5,pcs,11,8,3,12,2,10,low_stock
OUT038,,Waypoint Tech,Gampaha,Peliyagoda,street,normal,,09:00,17:00,WAY-138,Networking,Wi-Fi Router V5,pcs,10,3,7,14,0,9,low_stock
OUT038,,Waypoint Tech,Gampaha,Peliyagoda,street,normal,,09:00,17:00,WAY-139,Networking,Wi-Fi Extender V5,pcs,27,8,19,3,0,9,in_stock
OUT038,,Waypoint Tech,Gampaha,Peliyagoda,street,normal,,09:00,17:00,WAY-140,Networking,Ethernet Cable 5m V5,pcs,23,8,15,7,10,5,in_stock
OUT038,,Waypoint Tech,Gampaha,Peliyagoda,street,normal,,09:00,17:00,WAY-141,Audio,Bluetooth Earbuds V5,pcs,2,1,1,12,10,4,low_stock
OUT038,,Waypoint Tech,Gampaha,Peliyagoda,street,normal,,09:00,17:00,WAY-142,Audio,Bluetooth Headphones V5,pcs,3,0,3,6,5,4,low_stock
OUT038,,Waypoint Tech,Gampaha,Peliyagoda,street,normal,,09:00,17:00,WAY-143,Audio,Bluetooth Speaker V5,pcs,12,1,11,0,0,12,low_stock
OUT038,,Waypoint Tech,Gampaha,Peliyagoda,street,normal,,09:00,17:00,WAY-144,Accessories,Phone Charger V5,pcs,16,2,14,5,0,11,in_stock
OUT038,,Waypoint Tech,Gampaha,Peliyagoda,street,normal,,09:00,17:00,WAY-145,Accessories,USB-C Cable V5,pcs,15,7,8,10,2,4,in_stock
OUT038,,Waypoint Tech,Gampaha,Peliyagoda,street,normal,,09:00,17:00,WAY-146,Accessories,Lightning Cable V5,pcs,27,6,21,0,0,8,in_stock
OUT038,,Waypoint Tech,Gampaha,Peliyagoda,street,normal,,09:00,17:00,WAY-147,Accessories,Power Bank 10000mAh V5,pcs,28,5,23,7,10,3,in_stock
OUT038,,Waypoint Tech,Gampaha,Peliyagoda,street,normal,,09:00,17:00,WAY-148,Accessories,Power Bank 20000mAh V5,pcs,9,3,6,12,0,12,low_stock
OUT038,,Waypoint Tech,Gampaha,Peliyagoda,street,normal,,09:00,17:00,WAY-149,Accessories,Phone Case V5,pcs,28,5,23,16,0,12,in_stock
OUT038,,Waypoint Tech,Gampaha,Peliyagoda,street,normal,,09:00,17:00,WAY-150,Accessories,Screen Protector V5,pcs,28,5,23,8,2,6,in_stock
OUT038,,Waypoint Tech,Gampaha,Peliyagoda,street,normal,,09:00,17:00,WAY-151,Mobile Phones,Smartphone V6,pcs,3,3,0,5,10,8,out_of_stock
OUT038,,Waypoint Tech,Gampaha,Peliyagoda,street,normal,,09:00,17:00,WAY-152,Mobile Phones,Feature Phone V6,pcs,23,8,15,0,2,6,in_stock
OUT038,,Waypoint Tech,Gampaha,Peliyagoda,street,normal,,09:00,17:00,WAY-153,Tablets,Android Tablet V6,pcs,28,7,21,0,5,4,in_stock
OUT038,,Waypoint Tech,Gampaha,Peliyagoda,street,normal,,09:00,17:00,WAY-154,Laptops,Laptop V6,pcs,24,5,19,2,0,11,in_stock
OUT038,,Waypoint Tech,Gampaha,Peliyagoda,street,normal,,09:00,17:00,WAY-155,Laptops,Chromebook V6,pcs,19,8,11,1,2,12,low_stock
OUT038,,Waypoint Tech,Gampaha,Peliyagoda,street,normal,,09:00,17:00,WAY-156,Computing,Desktop PC V6,pcs,26,8,18,1,10,9,in_stock
OUT038,,Waypoint Tech,Gampaha,Peliyagoda,street,normal,,09:00,17:00,WAY-157,Computing,Monitor 24-inch V6,pcs,22,7,15,7,0,10,in_stock
OUT038,,Waypoint Tech,Gampaha,Peliyagoda,street,normal,,09:00,17:00,WAY-158,Computing,Monitor 27-inch V6,pcs,18,5,13,8,0,3,in_stock
OUT038,,Waypoint Tech,Gampaha,Peliyagoda,street,normal,,09:00,17:00,WAY-159,Computing,Keyboard V6,pcs,6,1,5,1,0,8,low_stock
OUT038,,Waypoint Tech,Gampaha,Peliyagoda,street,normal,,09:00,17:00,WAY-160,Computing,Wireless Mouse V6,pcs,10,4,6,9,0,9,low_stock
OUT038,,Waypoint Tech,Gampaha,Peliyagoda,street,normal,,09:00,17:00,WAY-161,Computing,Webcam V6,pcs,7,1,6,0,5,7,low_stock
OUT038,,Waypoint Tech,Gampaha,Peliyagoda,street,normal,,09:00,17:00,WAY-162,Computing,USB-C Hub V6,pcs,21,8,13,7,2,5,in_stock
OUT038,,Waypoint Tech,Gampaha,Peliyagoda,street,normal,,09:00,17:00,WAY-163,Computing,Laptop Stand V6,pcs,16,2,14,9,10,10,in_stock
OUT038,,Waypoint Tech,Gampaha,Peliyagoda,street,normal,,09:00,17:00,WAY-164,Storage,USB Flash Drive 64GB V6,pcs,26,4,22,4,2,4,in_stock
OUT038,,Waypoint Tech,Gampaha,Peliyagoda,street,normal,,09:00,17:00,WAY-165,Storage,USB Flash Drive 128GB V6,pcs,16,6,10,8,5,9,in_stock
OUT038,,Waypoint Tech,Gampaha,Peliyagoda,street,normal,,09:00,17:00,WAY-166,Storage,External SSD 1TB V6,pcs,25,7,18,5,0,12,in_stock
OUT038,,Waypoint Tech,Gampaha,Peliyagoda,street,normal,,09:00,17:00,WAY-167,Storage,MicroSD 128GB V6,pcs,25,2,23,12,0,10,in_stock
OUT038,,Waypoint Tech,Gampaha,Peliyagoda,street,normal,,09:00,17:00,WAY-168,Networking,Wi-Fi Router V6,pcs,26,2,24,3,5,7,in_stock
OUT038,,Waypoint Tech,Gampaha,Peliyagoda,street,normal,,09:00,17:00,WAY-169,Networking,Wi-Fi Extender V6,pcs,11,7,4,12,2,12,low_stock
OUT038,,Waypoint Tech,Gampaha,Peliyagoda,street,normal,,09:00,17:00,WAY-170,Networking,Ethernet Cable 5m V6,pcs,8,2,6,8,5,12,low_stock
OUT038,,Waypoint Tech,Gampaha,Peliyagoda,street,normal,,09:00,17:00,WAY-171,Audio,Bluetooth Earbuds V6,pcs,28,3,25,5,10,6,in_stock
OUT038,,Waypoint Tech,Gampaha,Peliyagoda,street,normal,,09:00,17:00,WAY-172,Audio,Bluetooth Headphones V6,pcs,13,3,10,1,0,8,in_stock
OUT038,,Waypoint Tech,Gampaha,Peliyagoda,street,normal,,09:00,17:00,WAY-173,Audio,Bluetooth Speaker V6,pcs,13,7,6,10,0,4,in_stock
OUT038,,Waypoint Tech,Gampaha,Peliyagoda,street,normal,,09:00,17:00,WAY-174,Accessories,Phone Charger V6,pcs,16,0,16,8,10,11,in_stock
OUT038,,Waypoint Tech,Gampaha,Peliyagoda,street,normal,,09:00,17:00,WAY-175,Accessories,USB-C Cable V6,pcs,10,0,10,9,0,5,in_stock
OUT038,,Waypoint Tech,Gampaha,Peliyagoda,street,normal,,09:00,17:00,WAY-176,Accessories,Lightning Cable V6,pcs,10,3,7,8,0,9,low_stock
OUT038,,Waypoint Tech,Gampaha,Peliyagoda,street,normal,,09:00,17:00,WAY-177,Accessories,Power Bank 10000mAh V6,pcs,17,0,17,7,0,4,in_stock
OUT038,,Waypoint Tech,Gampaha,Peliyagoda,street,normal,,09:00,17:00,WAY-178,Accessories,Power Bank 20000mAh V6,pcs,11,6,5,16,2,8,low_stock
OUT038,,Waypoint Tech,Gampaha,Peliyagoda,street,normal,,09:00,17:00,WAY-179,Accessories,Phone Case V6,pcs,16,8,8,15,0,12,low_stock
OUT038,,Waypoint Tech,Gampaha,Peliyagoda,street,normal,,09:00,17:00,WAY-180,Accessories,Screen Protector V6,pcs,19,2,17,9,5,5,in_stock
OUT038,,Waypoint Tech,Gampaha,Peliyagoda,street,normal,,09:00,17:00,WAY-181,Mobile Phones,Smartphone V7,pcs,28,0,28,4,5,8,in_stock
OUT038,,Waypoint Tech,Gampaha,Peliyagoda,street,normal,,09:00,17:00,WAY-182,Mobile Phones,Feature Phone V7,pcs,8,6,2,9,0,6,low_stock
OUT038,,Waypoint Tech,Gampaha,Peliyagoda,street,normal,,09:00,17:00,WAY-183,Tablets,Android Tablet V7,pcs,23,1,22,7,0,8,in_stock
OUT038,,Waypoint Tech,Gampaha,Peliyagoda,street,normal,,09:00,17:00,WAY-184,Laptops,Laptop V7,pcs,2,0,2,2,5,9,low_stock
OUT038,,Waypoint Tech,Gampaha,Peliyagoda,street,normal,,09:00,17:00,WAY-185,Laptops,Chromebook V7,pcs,13,0,13,5,10,12,in_stock
OUT038,,Waypoint Tech,Gampaha,Peliyagoda,street,normal,,09:00,17:00,WAY-186,Computing,Desktop PC V7,pcs,4,2,2,11,5,8,low_stock
OUT038,,Waypoint Tech,Gampaha,Peliyagoda,street,normal,,09:00,17:00,WAY-187,Computing,Monitor 24-inch V7,pcs,28,6,22,6,10,8,in_stock
OUT038,,Waypoint Tech,Gampaha,Peliyagoda,street,normal,,09:00,17:00,WAY-188,Computing,Monitor 27-inch V7,pcs,21,5,16,15,0,11,in_stock
OUT038,,Waypoint Tech,Gampaha,Peliyagoda,street,normal,,09:00,17:00,WAY-189,Computing,Keyboard V7,pcs,14,4,10,13,0,3,in_stock
OUT038,,Waypoint Tech,Gampaha,Peliyagoda,street,normal,,09:00,17:00,WAY-190,Computing,Wireless Mouse V7,pcs,10,1,9,15,0,11,low_stock
OUT038,,Waypoint Tech,Gampaha,Peliyagoda,street,normal,,09:00,17:00,WAY-191,Computing,Webcam V7,pcs,11,5,6,9,10,3,in_stock
OUT038,,Waypoint Tech,Gampaha,Peliyagoda,street,normal,,09:00,17:00,WAY-192,Computing,USB-C Hub V7,pcs,18,3,15,3,0,9,in_stock
OUT038,,Waypoint Tech,Gampaha,Peliyagoda,street,normal,,09:00,17:00,WAY-193,Computing,Laptop Stand V7,pcs,27,6,21,14,0,6,in_stock
OUT038,,Waypoint Tech,Gampaha,Peliyagoda,street,normal,,09:00,17:00,WAY-194,Storage,USB Flash Drive 64GB V7,pcs,10,8,2,6,0,9,low_stock
OUT038,,Waypoint Tech,Gampaha,Peliyagoda,street,normal,,09:00,17:00,WAY-195,Storage,USB Flash Drive 128GB V7,pcs,6,5,1,5,2,4,low_stock
OUT038,,Waypoint Tech,Gampaha,Peliyagoda,street,normal,,09:00,17:00,WAY-196,Storage,External SSD 1TB V7,pcs,26,4,22,10,10,9,in_stock
OUT038,,Waypoint Tech,Gampaha,Peliyagoda,street,normal,,09:00,17:00,WAY-197,Storage,MicroSD 128GB V7,pcs,6,3,3,4,5,12,low_stock
OUT038,,Waypoint Tech,Gampaha,Peliyagoda,street,normal,,09:00,17:00,WAY-198,Networking,Wi-Fi Router V7,pcs,21,0,21,2,0,7,in_stock
OUT038,,Waypoint Tech,Gampaha,Peliyagoda,street,normal,,09:00,17:00,WAY-199,Networking,Wi-Fi Extender V7,pcs,27,2,25,8,0,6,in_stock
OUT038,,Waypoint Tech,Gampaha,Peliyagoda,street,normal,,09:00,17:00,WAY-200,Networking,Ethernet Cable 5m V7,pcs,10,4,6,7,2,6,low_stock
OUT039,,Waypoint Tech,Gampaha,Peliyagoda,rear_dock,normal,,09:00,17:00,WAY-001,Mobile Phones,Smartphone,pcs,23,3,20,13,0,5,in_stock
OUT039,,Waypoint Tech,Gampaha,Peliyagoda,rear_dock,normal,,09:00,17:00,WAY-002,Mobile Phones,Feature Phone,pcs,3,0,3,5,10,3,low_stock
OUT039,,Waypoint Tech,Gampaha,Peliyagoda,rear_dock,normal,,09:00,17:00,WAY-003,Tablets,Android Tablet,pcs,8,1,7,2,0,12,low_stock
OUT039,,Waypoint Tech,Gampaha,Peliyagoda,rear_dock,normal,,09:00,17:00,WAY-004,Laptops,Laptop,pcs,8,8,0,11,0,10,out_of_stock
OUT039,,Waypoint Tech,Gampaha,Peliyagoda,rear_dock,normal,,09:00,17:00,WAY-005,Laptops,Chromebook,pcs,14,0,14,8,2,11,in_stock
OUT039,,Waypoint Tech,Gampaha,Peliyagoda,rear_dock,normal,,09:00,17:00,WAY-006,Computing,Desktop PC,pcs,15,4,11,12,5,3,in_stock
OUT039,,Waypoint Tech,Gampaha,Peliyagoda,rear_dock,normal,,09:00,17:00,WAY-007,Computing,Monitor 24-inch,pcs,21,7,14,16,0,12,in_stock
OUT039,,Waypoint Tech,Gampaha,Peliyagoda,rear_dock,normal,,09:00,17:00,WAY-008,Computing,Monitor 27-inch,pcs,22,4,18,8,0,8,in_stock
OUT039,,Waypoint Tech,Gampaha,Peliyagoda,rear_dock,normal,,09:00,17:00,WAY-009,Computing,Keyboard,pcs,23,3,20,11,0,11,in_stock
OUT039,,Waypoint Tech,Gampaha,Peliyagoda,rear_dock,normal,,09:00,17:00,WAY-010,Computing,Wireless Mouse,pcs,10,4,6,6,0,8,low_stock
OUT039,,Waypoint Tech,Gampaha,Peliyagoda,rear_dock,normal,,09:00,17:00,WAY-011,Computing,Webcam,pcs,13,0,13,14,0,3,in_stock
OUT039,,Waypoint Tech,Gampaha,Peliyagoda,rear_dock,normal,,09:00,17:00,WAY-012,Computing,USB-C Hub,pcs,18,2,16,9,2,10,in_stock
OUT039,,Waypoint Tech,Gampaha,Peliyagoda,rear_dock,normal,,09:00,17:00,WAY-013,Computing,Laptop Stand,pcs,26,3,23,1,2,10,in_stock
OUT039,,Waypoint Tech,Gampaha,Peliyagoda,rear_dock,normal,,09:00,17:00,WAY-014,Storage,USB Flash Drive 64GB,pcs,7,4,3,10,10,9,low_stock
OUT039,,Waypoint Tech,Gampaha,Peliyagoda,rear_dock,normal,,09:00,17:00,WAY-015,Storage,USB Flash Drive 128GB,pcs,20,3,17,11,10,9,in_stock
OUT039,,Waypoint Tech,Gampaha,Peliyagoda,rear_dock,normal,,09:00,17:00,WAY-016,Storage,External SSD 1TB,pcs,10,6,4,14,10,12,low_stock
OUT039,,Waypoint Tech,Gampaha,Peliyagoda,rear_dock,normal,,09:00,17:00,WAY-017,Storage,MicroSD 128GB,pcs,23,3,20,12,5,8,in_stock
OUT039,,Waypoint Tech,Gampaha,Peliyagoda,rear_dock,normal,,09:00,17:00,WAY-018,Networking,Wi-Fi Router,pcs,11,6,5,5,0,8,low_stock
OUT039,,Waypoint Tech,Gampaha,Peliyagoda,rear_dock,normal,,09:00,17:00,WAY-019,Networking,Wi-Fi Extender,pcs,13,8,5,6,0,11,low_stock
OUT039,,Waypoint Tech,Gampaha,Peliyagoda,rear_dock,normal,,09:00,17:00,WAY-020,Networking,Ethernet Cable 5m,pcs,3,2,1,4,0,11,low_stock
OUT039,,Waypoint Tech,Gampaha,Peliyagoda,rear_dock,normal,,09:00,17:00,WAY-021,Audio,Bluetooth Earbuds,pcs,11,6,5,5,10,11,low_stock
OUT039,,Waypoint Tech,Gampaha,Peliyagoda,rear_dock,normal,,09:00,17:00,WAY-022,Audio,Bluetooth Headphones,pcs,10,7,3,12,0,8,low_stock
OUT039,,Waypoint Tech,Gampaha,Peliyagoda,rear_dock,normal,,09:00,17:00,WAY-023,Audio,Bluetooth Speaker,pcs,18,1,17,4,0,11,in_stock
OUT039,,Waypoint Tech,Gampaha,Peliyagoda,rear_dock,normal,,09:00,17:00,WAY-024,Accessories,Phone Charger,pcs,18,6,12,3,0,7,in_stock
OUT039,,Waypoint Tech,Gampaha,Peliyagoda,rear_dock,normal,,09:00,17:00,WAY-025,Accessories,USB-C Cable,pcs,28,1,27,16,2,7,in_stock
OUT039,,Waypoint Tech,Gampaha,Peliyagoda,rear_dock,normal,,09:00,17:00,WAY-026,Accessories,Lightning Cable,pcs,13,0,13,16,5,4,in_stock
OUT039,,Waypoint Tech,Gampaha,Peliyagoda,rear_dock,normal,,09:00,17:00,WAY-027,Accessories,Power Bank 10000mAh,pcs,21,2,19,10,10,9,in_stock
OUT039,,Waypoint Tech,Gampaha,Peliyagoda,rear_dock,normal,,09:00,17:00,WAY-028,Accessories,Power Bank 20000mAh,pcs,12,5,7,6,0,5,in_stock
OUT039,,Waypoint Tech,Gampaha,Peliyagoda,rear_dock,normal,,09:00,17:00,WAY-029,Accessories,Phone Case,pcs,15,8,7,10,10,5,in_stock
OUT039,,Waypoint Tech,Gampaha,Peliyagoda,rear_dock,normal,,09:00,17:00,WAY-030,Accessories,Screen Protector,pcs,3,2,1,5,0,4,low_stock
OUT039,,Waypoint Tech,Gampaha,Peliyagoda,rear_dock,normal,,09:00,17:00,WAY-031,Mobile Phones,Smartphone V2,pcs,18,0,18,6,5,7,in_stock
OUT039,,Waypoint Tech,Gampaha,Peliyagoda,rear_dock,normal,,09:00,17:00,WAY-032,Mobile Phones,Feature Phone V2,pcs,15,5,10,12,2,5,in_stock
OUT039,,Waypoint Tech,Gampaha,Peliyagoda,rear_dock,normal,,09:00,17:00,WAY-033,Tablets,Android Tablet V2,pcs,2,1,1,14,2,8,low_stock
OUT039,,Waypoint Tech,Gampaha,Peliyagoda,rear_dock,normal,,09:00,17:00,WAY-034,Laptops,Laptop V2,pcs,16,7,9,3,0,10,low_stock
OUT039,,Waypoint Tech,Gampaha,Peliyagoda,rear_dock,normal,,09:00,17:00,WAY-035,Laptops,Chromebook V2,pcs,18,7,11,9,2,11,low_stock
OUT039,,Waypoint Tech,Gampaha,Peliyagoda,rear_dock,normal,,09:00,17:00,WAY-036,Computing,Desktop PC V2,pcs,11,1,10,9,0,5,in_stock
OUT039,,Waypoint Tech,Gampaha,Peliyagoda,rear_dock,normal,,09:00,17:00,WAY-037,Computing,Monitor 24-inch V2,pcs,17,6,11,1,0,12,low_stock
OUT039,,Waypoint Tech,Gampaha,Peliyagoda,rear_dock,normal,,09:00,17:00,WAY-038,Computing,Monitor 27-inch V2,pcs,4,0,4,16,2,12,low_stock
OUT039,,Waypoint Tech,Gampaha,Peliyagoda,rear_dock,normal,,09:00,17:00,WAY-039,Computing,Keyboard V2,pcs,18,3,15,13,0,8,in_stock
OUT039,,Waypoint Tech,Gampaha,Peliyagoda,rear_dock,normal,,09:00,17:00,WAY-040,Computing,Wireless Mouse V2,pcs,15,7,8,13,0,7,in_stock
OUT039,,Waypoint Tech,Gampaha,Peliyagoda,rear_dock,normal,,09:00,17:00,WAY-041,Computing,Webcam V2,pcs,10,4,6,6,10,8,low_stock
OUT039,,Waypoint Tech,Gampaha,Peliyagoda,rear_dock,normal,,09:00,17:00,WAY-042,Computing,USB-C Hub V2,pcs,21,4,17,15,2,12,in_stock
OUT039,,Waypoint Tech,Gampaha,Peliyagoda,rear_dock,normal,,09:00,17:00,WAY-043,Computing,Laptop Stand V2,pcs,16,3,13,16,0,8,in_stock
OUT039,,Waypoint Tech,Gampaha,Peliyagoda,rear_dock,normal,,09:00,17:00,WAY-044,Storage,USB Flash Drive 64GB V2,pcs,2,0,2,9,0,9,low_stock
OUT039,,Waypoint Tech,Gampaha,Peliyagoda,rear_dock,normal,,09:00,17:00,WAY-045,Storage,USB Flash Drive 128GB V2,pcs,8,7,1,13,10,11,low_stock
OUT039,,Waypoint Tech,Gampaha,Peliyagoda,rear_dock,normal,,09:00,17:00,WAY-046,Storage,External SSD 1TB V2,pcs,7,1,6,8,2,3,in_stock
OUT039,,Waypoint Tech,Gampaha,Peliyagoda,rear_dock,normal,,09:00,17:00,WAY-047,Storage,MicroSD 128GB V2,pcs,9,8,1,13,0,5,low_stock
OUT039,,Waypoint Tech,Gampaha,Peliyagoda,rear_dock,normal,,09:00,17:00,WAY-048,Networking,Wi-Fi Router V2,pcs,7,6,1,2,0,3,low_stock
OUT039,,Waypoint Tech,Gampaha,Peliyagoda,rear_dock,normal,,09:00,17:00,WAY-049,Networking,Wi-Fi Extender V2,pcs,7,1,6,10,0,11,low_stock
OUT039,,Waypoint Tech,Gampaha,Peliyagoda,rear_dock,normal,,09:00,17:00,WAY-050,Networking,Ethernet Cable 5m V2,pcs,23,8,15,0,10,10,in_stock
OUT039,,Waypoint Tech,Gampaha,Peliyagoda,rear_dock,normal,,09:00,17:00,WAY-051,Audio,Bluetooth Earbuds V2,pcs,2,0,2,12,5,9,low_stock
OUT039,,Waypoint Tech,Gampaha,Peliyagoda,rear_dock,normal,,09:00,17:00,WAY-052,Audio,Bluetooth Headphones V2,pcs,17,3,14,12,2,3,in_stock
OUT039,,Waypoint Tech,Gampaha,Peliyagoda,rear_dock,normal,,09:00,17:00,WAY-053,Audio,Bluetooth Speaker V2,pcs,4,1,3,1,0,8,low_stock
OUT039,,Waypoint Tech,Gampaha,Peliyagoda,rear_dock,normal,,09:00,17:00,WAY-054,Accessories,Phone Charger V2,pcs,17,4,13,10,0,4,in_stock
OUT039,,Waypoint Tech,Gampaha,Peliyagoda,rear_dock,normal,,09:00,17:00,WAY-055,Accessories,USB-C Cable V2,pcs,12,1,11,0,0,6,in_stock
OUT039,,Waypoint Tech,Gampaha,Peliyagoda,rear_dock,normal,,09:00,17:00,WAY-056,Accessories,Lightning Cable V2,pcs,10,3,7,0,10,11,low_stock
OUT039,,Waypoint Tech,Gampaha,Peliyagoda,rear_dock,normal,,09:00,17:00,WAY-057,Accessories,Power Bank 10000mAh V2,pcs,27,4,23,0,2,10,in_stock
OUT039,,Waypoint Tech,Gampaha,Peliyagoda,rear_dock,normal,,09:00,17:00,WAY-058,Accessories,Power Bank 20000mAh V2,pcs,19,1,18,8,2,4,in_stock
OUT039,,Waypoint Tech,Gampaha,Peliyagoda,rear_dock,normal,,09:00,17:00,WAY-059,Accessories,Phone Case V2,pcs,9,6,3,12,0,7,low_stock
OUT039,,Waypoint Tech,Gampaha,Peliyagoda,rear_dock,normal,,09:00,17:00,WAY-060,Accessories,Screen Protector V2,pcs,24,1,23,0,10,12,in_stock
OUT039,,Waypoint Tech,Gampaha,Peliyagoda,rear_dock,normal,,09:00,17:00,WAY-061,Mobile Phones,Smartphone V3,pcs,25,6,19,9,10,12,in_stock
OUT039,,Waypoint Tech,Gampaha,Peliyagoda,rear_dock,normal,,09:00,17:00,WAY-062,Mobile Phones,Feature Phone V3,pcs,17,5,12,15,10,9,in_stock
OUT039,,Waypoint Tech,Gampaha,Peliyagoda,rear_dock,normal,,09:00,17:00,WAY-063,Tablets,Android Tablet V3,pcs,15,8,7,4,5,5,in_stock
OUT039,,Waypoint Tech,Gampaha,Peliyagoda,rear_dock,normal,,09:00,17:00,WAY-064,Laptops,Laptop V3,pcs,4,3,1,3,0,5,low_stock
OUT039,,Waypoint Tech,Gampaha,Peliyagoda,rear_dock,normal,,09:00,17:00,WAY-065,Laptops,Chromebook V3,pcs,15,7,8,6,0,6,in_stock
OUT039,,Waypoint Tech,Gampaha,Peliyagoda,rear_dock,normal,,09:00,17:00,WAY-066,Computing,Desktop PC V3,pcs,7,1,6,9,10,10,low_stock
OUT039,,Waypoint Tech,Gampaha,Peliyagoda,rear_dock,normal,,09:00,17:00,WAY-067,Computing,Monitor 24-inch V3,pcs,11,4,7,4,10,11,low_stock
OUT039,,Waypoint Tech,Gampaha,Peliyagoda,rear_dock,normal,,09:00,17:00,WAY-068,Computing,Monitor 27-inch V3,pcs,19,3,16,0,10,5,in_stock
OUT039,,Waypoint Tech,Gampaha,Peliyagoda,rear_dock,normal,,09:00,17:00,WAY-069,Computing,Keyboard V3,pcs,15,7,8,9,0,12,low_stock
OUT039,,Waypoint Tech,Gampaha,Peliyagoda,rear_dock,normal,,09:00,17:00,WAY-070,Computing,Wireless Mouse V3,pcs,13,8,5,13,10,10,low_stock
OUT039,,Waypoint Tech,Gampaha,Peliyagoda,rear_dock,normal,,09:00,17:00,WAY-071,Computing,Webcam V3,pcs,9,2,7,10,10,4,in_stock
OUT039,,Waypoint Tech,Gampaha,Peliyagoda,rear_dock,normal,,09:00,17:00,WAY-072,Computing,USB-C Hub V3,pcs,27,7,20,13,0,8,in_stock
OUT039,,Waypoint Tech,Gampaha,Peliyagoda,rear_dock,normal,,09:00,17:00,WAY-073,Computing,Laptop Stand V3,pcs,11,4,7,4,0,6,in_stock
OUT039,,Waypoint Tech,Gampaha,Peliyagoda,rear_dock,normal,,09:00,17:00,WAY-074,Storage,USB Flash Drive 64GB V3,pcs,21,2,19,14,0,9,in_stock
OUT039,,Waypoint Tech,Gampaha,Peliyagoda,rear_dock,normal,,09:00,17:00,WAY-075,Storage,USB Flash Drive 128GB V3,pcs,28,5,23,14,2,11,in_stock
OUT039,,Waypoint Tech,Gampaha,Peliyagoda,rear_dock,normal,,09:00,17:00,WAY-076,Storage,External SSD 1TB V3,pcs,24,0,24,4,0,4,in_stock
OUT039,,Waypoint Tech,Gampaha,Peliyagoda,rear_dock,normal,,09:00,17:00,WAY-077,Storage,MicroSD 128GB V3,pcs,4,1,3,12,5,3,low_stock
OUT039,,Waypoint Tech,Gampaha,Peliyagoda,rear_dock,normal,,09:00,17:00,WAY-078,Networking,Wi-Fi Router V3,pcs,12,0,12,14,0,4,in_stock
OUT039,,Waypoint Tech,Gampaha,Peliyagoda,rear_dock,normal,,09:00,17:00,WAY-079,Networking,Wi-Fi Extender V3,pcs,14,5,9,10,0,9,low_stock
OUT039,,Waypoint Tech,Gampaha,Peliyagoda,rear_dock,normal,,09:00,17:00,WAY-080,Networking,Ethernet Cable 5m V3,pcs,6,3,3,9,0,3,low_stock
OUT039,,Waypoint Tech,Gampaha,Peliyagoda,rear_dock,normal,,09:00,17:00,WAY-081,Audio,Bluetooth Earbuds V3,pcs,11,0,11,9,0,6,in_stock
OUT039,,Waypoint Tech,Gampaha,Peliyagoda,rear_dock,normal,,09:00,17:00,WAY-082,Audio,Bluetooth Headphones V3,pcs,3,1,2,6,10,4,low_stock
OUT039,,Waypoint Tech,Gampaha,Peliyagoda,rear_dock,normal,,09:00,17:00,WAY-083,Audio,Bluetooth Speaker V3,pcs,20,3,17,13,0,7,in_stock
OUT039,,Waypoint Tech,Gampaha,Peliyagoda,rear_dock,normal,,09:00,17:00,WAY-084,Accessories,Phone Charger V3,pcs,10,2,8,14,0,12,low_stock
OUT039,,Waypoint Tech,Gampaha,Peliyagoda,rear_dock,normal,,09:00,17:00,WAY-085,Accessories,USB-C Cable V3,pcs,2,1,1,5,2,12,low_stock
OUT039,,Waypoint Tech,Gampaha,Peliyagoda,rear_dock,normal,,09:00,17:00,WAY-086,Accessories,Lightning Cable V3,pcs,23,2,21,9,0,4,in_stock
OUT039,,Waypoint Tech,Gampaha,Peliyagoda,rear_dock,normal,,09:00,17:00,WAY-087,Accessories,Power Bank 10000mAh V3,pcs,20,2,18,6,2,11,in_stock
OUT039,,Waypoint Tech,Gampaha,Peliyagoda,rear_dock,normal,,09:00,17:00,WAY-088,Accessories,Power Bank 20000mAh V3,pcs,25,0,25,7,10,12,in_stock
OUT039,,Waypoint Tech,Gampaha,Peliyagoda,rear_dock,normal,,09:00,17:00,WAY-089,Accessories,Phone Case V3,pcs,11,8,3,8,5,4,low_stock
OUT039,,Waypoint Tech,Gampaha,Peliyagoda,rear_dock,normal,,09:00,17:00,WAY-090,Accessories,Screen Protector V3,pcs,9,5,4,10,0,8,low_stock
OUT039,,Waypoint Tech,Gampaha,Peliyagoda,rear_dock,normal,,09:00,17:00,WAY-091,Mobile Phones,Smartphone V4,pcs,10,8,2,4,0,9,low_stock
OUT039,,Waypoint Tech,Gampaha,Peliyagoda,rear_dock,normal,,09:00,17:00,WAY-092,Mobile Phones,Feature Phone V4,pcs,27,8,19,14,2,10,in_stock
OUT039,,Waypoint Tech,Gampaha,Peliyagoda,rear_dock,normal,,09:00,17:00,WAY-093,Tablets,Android Tablet V4,pcs,21,6,15,9,0,11,in_stock
OUT039,,Waypoint Tech,Gampaha,Peliyagoda,rear_dock,normal,,09:00,17:00,WAY-094,Laptops,Laptop V4,pcs,27,8,19,5,0,3,in_stock
OUT039,,Waypoint Tech,Gampaha,Peliyagoda,rear_dock,normal,,09:00,17:00,WAY-095,Laptops,Chromebook V4,pcs,2,2,0,7,0,3,out_of_stock
OUT039,,Waypoint Tech,Gampaha,Peliyagoda,rear_dock,normal,,09:00,17:00,WAY-096,Computing,Desktop PC V4,pcs,16,4,12,9,5,5,in_stock
OUT039,,Waypoint Tech,Gampaha,Peliyagoda,rear_dock,normal,,09:00,17:00,WAY-097,Computing,Monitor 24-inch V4,pcs,7,0,7,5,0,6,in_stock
OUT039,,Waypoint Tech,Gampaha,Peliyagoda,rear_dock,normal,,09:00,17:00,WAY-098,Computing,Monitor 27-inch V4,pcs,17,7,10,8,10,9,in_stock
OUT039,,Waypoint Tech,Gampaha,Peliyagoda,rear_dock,normal,,09:00,17:00,WAY-099,Computing,Keyboard V4,pcs,24,1,23,16,2,9,in_stock
OUT039,,Waypoint Tech,Gampaha,Peliyagoda,rear_dock,normal,,09:00,17:00,WAY-100,Computing,Wireless Mouse V4,pcs,6,0,6,10,2,5,in_stock
OUT039,,Waypoint Tech,Gampaha,Peliyagoda,rear_dock,normal,,09:00,17:00,WAY-101,Computing,Webcam V4,pcs,2,2,0,5,0,11,out_of_stock
OUT039,,Waypoint Tech,Gampaha,Peliyagoda,rear_dock,normal,,09:00,17:00,WAY-102,Computing,USB-C Hub V4,pcs,9,5,4,7,0,11,low_stock
OUT039,,Waypoint Tech,Gampaha,Peliyagoda,rear_dock,normal,,09:00,17:00,WAY-103,Computing,Laptop Stand V4,pcs,23,5,18,9,0,7,in_stock
OUT039,,Waypoint Tech,Gampaha,Peliyagoda,rear_dock,normal,,09:00,17:00,WAY-104,Storage,USB Flash Drive 64GB V4,pcs,12,1,11,8,0,11,low_stock
OUT039,,Waypoint Tech,Gampaha,Peliyagoda,rear_dock,normal,,09:00,17:00,WAY-105,Storage,USB Flash Drive 128GB V4,pcs,15,0,15,2,0,4,in_stock
OUT039,,Waypoint Tech,Gampaha,Peliyagoda,rear_dock,normal,,09:00,17:00,WAY-106,Storage,External SSD 1TB V4,pcs,26,0,26,16,0,5,in_stock
OUT039,,Waypoint Tech,Gampaha,Peliyagoda,rear_dock,normal,,09:00,17:00,WAY-107,Storage,MicroSD 128GB V4,pcs,3,3,0,13,0,3,out_of_stock
OUT039,,Waypoint Tech,Gampaha,Peliyagoda,rear_dock,normal,,09:00,17:00,WAY-108,Networking,Wi-Fi Router V4,pcs,24,1,23,7,0,12,in_stock
OUT039,,Waypoint Tech,Gampaha,Peliyagoda,rear_dock,normal,,09:00,17:00,WAY-109,Networking,Wi-Fi Extender V4,pcs,17,5,12,3,0,9,in_stock
OUT039,,Waypoint Tech,Gampaha,Peliyagoda,rear_dock,normal,,09:00,17:00,WAY-110,Networking,Ethernet Cable 5m V4,pcs,18,0,18,13,0,7,in_stock
OUT039,,Waypoint Tech,Gampaha,Peliyagoda,rear_dock,normal,,09:00,17:00,WAY-111,Audio,Bluetooth Earbuds V4,pcs,28,7,21,16,10,3,in_stock
OUT039,,Waypoint Tech,Gampaha,Peliyagoda,rear_dock,normal,,09:00,17:00,WAY-112,Audio,Bluetooth Headphones V4,pcs,13,1,12,0,0,3,in_stock
OUT039,,Waypoint Tech,Gampaha,Peliyagoda,rear_dock,normal,,09:00,17:00,WAY-113,Audio,Bluetooth Speaker V4,pcs,24,0,24,0,0,9,in_stock
OUT039,,Waypoint Tech,Gampaha,Peliyagoda,rear_dock,normal,,09:00,17:00,WAY-114,Accessories,Phone Charger V4,pcs,17,7,10,0,0,9,in_stock
OUT039,,Waypoint Tech,Gampaha,Peliyagoda,rear_dock,normal,,09:00,17:00,WAY-115,Accessories,USB-C Cable V4,pcs,9,6,3,15,10,7,low_stock
OUT039,,Waypoint Tech,Gampaha,Peliyagoda,rear_dock,normal,,09:00,17:00,WAY-116,Accessories,Lightning Cable V4,pcs,25,3,22,13,0,4,in_stock
OUT039,,Waypoint Tech,Gampaha,Peliyagoda,rear_dock,normal,,09:00,17:00,WAY-117,Accessories,Power Bank 10000mAh V4,pcs,26,1,25,4,5,8,in_stock
OUT039,,Waypoint Tech,Gampaha,Peliyagoda,rear_dock,normal,,09:00,17:00,WAY-118,Accessories,Power Bank 20000mAh V4,pcs,13,6,7,12,2,3,in_stock
OUT039,,Waypoint Tech,Gampaha,Peliyagoda,rear_dock,normal,,09:00,17:00,WAY-119,Accessories,Phone Case V4,pcs,25,8,17,11,0,7,in_stock
OUT039,,Waypoint Tech,Gampaha,Peliyagoda,rear_dock,normal,,09:00,17:00,WAY-120,Accessories,Screen Protector V4,pcs,27,6,21,10,5,11,in_stock
OUT039,,Waypoint Tech,Gampaha,Peliyagoda,rear_dock,normal,,09:00,17:00,WAY-121,Mobile Phones,Smartphone V5,pcs,26,1,25,14,0,7,in_stock
OUT039,,Waypoint Tech,Gampaha,Peliyagoda,rear_dock,normal,,09:00,17:00,WAY-122,Mobile Phones,Feature Phone V5,pcs,4,3,1,2,0,12,low_stock
OUT039,,Waypoint Tech,Gampaha,Peliyagoda,rear_dock,normal,,09:00,17:00,WAY-123,Tablets,Android Tablet V5,pcs,24,8,16,0,0,5,in_stock
OUT039,,Waypoint Tech,Gampaha,Peliyagoda,rear_dock,normal,,09:00,17:00,WAY-124,Laptops,Laptop V5,pcs,21,4,17,4,0,7,in_stock
OUT039,,Waypoint Tech,Gampaha,Peliyagoda,rear_dock,normal,,09:00,17:00,WAY-125,Laptops,Chromebook V5,pcs,19,7,12,5,10,7,in_stock
OUT039,,Waypoint Tech,Gampaha,Peliyagoda,rear_dock,normal,,09:00,17:00,WAY-126,Computing,Desktop PC V5,pcs,5,1,4,6,0,11,low_stock
OUT039,,Waypoint Tech,Gampaha,Peliyagoda,rear_dock,normal,,09:00,17:00,WAY-127,Computing,Monitor 24-inch V5,pcs,27,7,20,7,0,11,in_stock
OUT039,,Waypoint Tech,Gampaha,Peliyagoda,rear_dock,normal,,09:00,17:00,WAY-128,Computing,Monitor 27-inch V5,pcs,25,5,20,16,0,7,in_stock
OUT039,,Waypoint Tech,Gampaha,Peliyagoda,rear_dock,normal,,09:00,17:00,WAY-129,Computing,Keyboard V5,pcs,8,8,0,0,2,4,out_of_stock
OUT039,,Waypoint Tech,Gampaha,Peliyagoda,rear_dock,normal,,09:00,17:00,WAY-130,Computing,Wireless Mouse V5,pcs,26,8,18,9,0,7,in_stock
OUT039,,Waypoint Tech,Gampaha,Peliyagoda,rear_dock,normal,,09:00,17:00,WAY-131,Computing,Webcam V5,pcs,23,4,19,9,2,9,in_stock
OUT039,,Waypoint Tech,Gampaha,Peliyagoda,rear_dock,normal,,09:00,17:00,WAY-132,Computing,USB-C Hub V5,pcs,28,6,22,9,0,5,in_stock
OUT039,,Waypoint Tech,Gampaha,Peliyagoda,rear_dock,normal,,09:00,17:00,WAY-133,Computing,Laptop Stand V5,pcs,13,3,10,1,5,4,in_stock
OUT039,,Waypoint Tech,Gampaha,Peliyagoda,rear_dock,normal,,09:00,17:00,WAY-134,Storage,USB Flash Drive 64GB V5,pcs,5,1,4,4,0,4,low_stock
OUT039,,Waypoint Tech,Gampaha,Peliyagoda,rear_dock,normal,,09:00,17:00,WAY-135,Storage,USB Flash Drive 128GB V5,pcs,24,2,22,2,2,8,in_stock
OUT039,,Waypoint Tech,Gampaha,Peliyagoda,rear_dock,normal,,09:00,17:00,WAY-136,Storage,External SSD 1TB V5,pcs,12,4,8,1,2,4,in_stock
OUT039,,Waypoint Tech,Gampaha,Peliyagoda,rear_dock,normal,,09:00,17:00,WAY-137,Storage,MicroSD 128GB V5,pcs,25,0,25,12,0,6,in_stock
OUT039,,Waypoint Tech,Gampaha,Peliyagoda,rear_dock,normal,,09:00,17:00,WAY-138,Networking,Wi-Fi Router V5,pcs,14,4,10,10,10,7,in_stock
OUT039,,Waypoint Tech,Gampaha,Peliyagoda,rear_dock,normal,,09:00,17:00,WAY-139,Networking,Wi-Fi Extender V5,pcs,24,0,24,5,0,8,in_stock
OUT039,,Waypoint Tech,Gampaha,Peliyagoda,rear_dock,normal,,09:00,17:00,WAY-140,Networking,Ethernet Cable 5m V5,pcs,26,1,25,10,0,7,in_stock
OUT039,,Waypoint Tech,Gampaha,Peliyagoda,rear_dock,normal,,09:00,17:00,WAY-141,Audio,Bluetooth Earbuds V5,pcs,10,0,10,7,10,9,in_stock
OUT039,,Waypoint Tech,Gampaha,Peliyagoda,rear_dock,normal,,09:00,17:00,WAY-142,Audio,Bluetooth Headphones V5,pcs,18,7,11,11,0,5,in_stock
OUT039,,Waypoint Tech,Gampaha,Peliyagoda,rear_dock,normal,,09:00,17:00,WAY-143,Audio,Bluetooth Speaker V5,pcs,20,4,16,6,10,5,in_stock
OUT039,,Waypoint Tech,Gampaha,Peliyagoda,rear_dock,normal,,09:00,17:00,WAY-144,Accessories,Phone Charger V5,pcs,26,5,21,8,0,12,in_stock
OUT039,,Waypoint Tech,Gampaha,Peliyagoda,rear_dock,normal,,09:00,17:00,WAY-145,Accessories,USB-C Cable V5,pcs,15,6,9,1,0,6,in_stock
OUT039,,Waypoint Tech,Gampaha,Peliyagoda,rear_dock,normal,,09:00,17:00,WAY-146,Accessories,Lightning Cable V5,pcs,28,7,21,14,10,4,in_stock
OUT039,,Waypoint Tech,Gampaha,Peliyagoda,rear_dock,normal,,09:00,17:00,WAY-147,Accessories,Power Bank 10000mAh V5,pcs,4,2,2,3,10,10,low_stock
OUT039,,Waypoint Tech,Gampaha,Peliyagoda,rear_dock,normal,,09:00,17:00,WAY-148,Accessories,Power Bank 20000mAh V5,pcs,17,7,10,2,10,11,low_stock
OUT039,,Waypoint Tech,Gampaha,Peliyagoda,rear_dock,normal,,09:00,17:00,WAY-149,Accessories,Phone Case V5,pcs,11,6,5,0,0,6,low_stock
OUT039,,Waypoint Tech,Gampaha,Peliyagoda,rear_dock,normal,,09:00,17:00,WAY-150,Accessories,Screen Protector V5,pcs,17,3,14,0,5,7,in_stock
OUT039,,Waypoint Tech,Gampaha,Peliyagoda,rear_dock,normal,,09:00,17:00,WAY-151,Mobile Phones,Smartphone V6,pcs,18,2,16,8,5,8,in_stock
OUT039,,Waypoint Tech,Gampaha,Peliyagoda,rear_dock,normal,,09:00,17:00,WAY-152,Mobile Phones,Feature Phone V6,pcs,25,3,22,14,0,9,in_stock
OUT039,,Waypoint Tech,Gampaha,Peliyagoda,rear_dock,normal,,09:00,17:00,WAY-153,Tablets,Android Tablet V6,pcs,24,1,23,7,2,12,in_stock
OUT039,,Waypoint Tech,Gampaha,Peliyagoda,rear_dock,normal,,09:00,17:00,WAY-154,Laptops,Laptop V6,pcs,20,5,15,2,0,5,in_stock
OUT039,,Waypoint Tech,Gampaha,Peliyagoda,rear_dock,normal,,09:00,17:00,WAY-155,Laptops,Chromebook V6,pcs,9,1,8,9,0,4,in_stock
OUT039,,Waypoint Tech,Gampaha,Peliyagoda,rear_dock,normal,,09:00,17:00,WAY-156,Computing,Desktop PC V6,pcs,13,4,9,8,5,3,in_stock
OUT039,,Waypoint Tech,Gampaha,Peliyagoda,rear_dock,normal,,09:00,17:00,WAY-157,Computing,Monitor 24-inch V6,pcs,6,3,3,8,5,10,low_stock
OUT039,,Waypoint Tech,Gampaha,Peliyagoda,rear_dock,normal,,09:00,17:00,WAY-158,Computing,Monitor 27-inch V6,pcs,27,5,22,9,0,7,in_stock
OUT039,,Waypoint Tech,Gampaha,Peliyagoda,rear_dock,normal,,09:00,17:00,WAY-159,Computing,Keyboard V6,pcs,11,7,4,11,5,6,low_stock
OUT039,,Waypoint Tech,Gampaha,Peliyagoda,rear_dock,normal,,09:00,17:00,WAY-160,Computing,Wireless Mouse V6,pcs,24,0,24,13,10,5,in_stock
OUT039,,Waypoint Tech,Gampaha,Peliyagoda,rear_dock,normal,,09:00,17:00,WAY-161,Computing,Webcam V6,pcs,7,2,5,5,0,3,in_stock
OUT039,,Waypoint Tech,Gampaha,Peliyagoda,rear_dock,normal,,09:00,17:00,WAY-162,Computing,USB-C Hub V6,pcs,10,1,9,7,0,3,in_stock
OUT039,,Waypoint Tech,Gampaha,Peliyagoda,rear_dock,normal,,09:00,17:00,WAY-163,Computing,Laptop Stand V6,pcs,2,2,0,15,10,11,out_of_stock
OUT039,,Waypoint Tech,Gampaha,Peliyagoda,rear_dock,normal,,09:00,17:00,WAY-164,Storage,USB Flash Drive 64GB V6,pcs,23,3,20,4,0,12,in_stock
OUT039,,Waypoint Tech,Gampaha,Peliyagoda,rear_dock,normal,,09:00,17:00,WAY-165,Storage,USB Flash Drive 128GB V6,pcs,10,6,4,8,0,5,low_stock
OUT039,,Waypoint Tech,Gampaha,Peliyagoda,rear_dock,normal,,09:00,17:00,WAY-166,Storage,External SSD 1TB V6,pcs,26,0,26,15,5,6,in_stock
OUT039,,Waypoint Tech,Gampaha,Peliyagoda,rear_dock,normal,,09:00,17:00,WAY-167,Storage,MicroSD 128GB V6,pcs,19,1,18,11,5,7,in_stock
OUT039,,Waypoint Tech,Gampaha,Peliyagoda,rear_dock,normal,,09:00,17:00,WAY-168,Networking,Wi-Fi Router V6,pcs,3,0,3,9,5,9,low_stock
OUT039,,Waypoint Tech,Gampaha,Peliyagoda,rear_dock,normal,,09:00,17:00,WAY-169,Networking,Wi-Fi Extender V6,pcs,7,7,0,15,5,10,out_of_stock
OUT039,,Waypoint Tech,Gampaha,Peliyagoda,rear_dock,normal,,09:00,17:00,WAY-170,Networking,Ethernet Cable 5m V6,pcs,5,3,2,14,5,4,low_stock
OUT039,,Waypoint Tech,Gampaha,Peliyagoda,rear_dock,normal,,09:00,17:00,WAY-171,Audio,Bluetooth Earbuds V6,pcs,8,7,1,15,10,9,low_stock
OUT039,,Waypoint Tech,Gampaha,Peliyagoda,rear_dock,normal,,09:00,17:00,WAY-172,Audio,Bluetooth Headphones V6,pcs,10,7,3,15,0,10,low_stock
OUT039,,Waypoint Tech,Gampaha,Peliyagoda,rear_dock,normal,,09:00,17:00,WAY-173,Audio,Bluetooth Speaker V6,pcs,21,3,18,9,10,10,in_stock
OUT039,,Waypoint Tech,Gampaha,Peliyagoda,rear_dock,normal,,09:00,17:00,WAY-174,Accessories,Phone Charger V6,pcs,17,3,14,0,2,11,in_stock
OUT039,,Waypoint Tech,Gampaha,Peliyagoda,rear_dock,normal,,09:00,17:00,WAY-175,Accessories,USB-C Cable V6,pcs,11,6,5,6,2,6,low_stock
OUT039,,Waypoint Tech,Gampaha,Peliyagoda,rear_dock,normal,,09:00,17:00,WAY-176,Accessories,Lightning Cable V6,pcs,9,6,3,13,0,4,low_stock
OUT039,,Waypoint Tech,Gampaha,Peliyagoda,rear_dock,normal,,09:00,17:00,WAY-177,Accessories,Power Bank 10000mAh V6,pcs,18,7,11,9,0,11,low_stock
OUT039,,Waypoint Tech,Gampaha,Peliyagoda,rear_dock,normal,,09:00,17:00,WAY-178,Accessories,Power Bank 20000mAh V6,pcs,10,2,8,2,0,12,low_stock
OUT039,,Waypoint Tech,Gampaha,Peliyagoda,rear_dock,normal,,09:00,17:00,WAY-179,Accessories,Phone Case V6,pcs,7,5,2,2,0,5,low_stock
OUT039,,Waypoint Tech,Gampaha,Peliyagoda,rear_dock,normal,,09:00,17:00,WAY-180,Accessories,Screen Protector V6,pcs,6,5,1,14,0,8,low_stock
OUT039,,Waypoint Tech,Gampaha,Peliyagoda,rear_dock,normal,,09:00,17:00,WAY-181,Mobile Phones,Smartphone V7,pcs,9,0,9,15,2,11,low_stock
OUT039,,Waypoint Tech,Gampaha,Peliyagoda,rear_dock,normal,,09:00,17:00,WAY-182,Mobile Phones,Feature Phone V7,pcs,7,1,6,9,0,3,in_stock
OUT039,,Waypoint Tech,Gampaha,Peliyagoda,rear_dock,normal,,09:00,17:00,WAY-183,Tablets,Android Tablet V7,pcs,27,1,26,4,0,5,in_stock
OUT039,,Waypoint Tech,Gampaha,Peliyagoda,rear_dock,normal,,09:00,17:00,WAY-184,Laptops,Laptop V7,pcs,14,3,11,12,0,8,in_stock
OUT039,,Waypoint Tech,Gampaha,Peliyagoda,rear_dock,normal,,09:00,17:00,WAY-185,Laptops,Chromebook V7,pcs,5,2,3,3,0,8,low_stock
OUT039,,Waypoint Tech,Gampaha,Peliyagoda,rear_dock,normal,,09:00,17:00,WAY-186,Computing,Desktop PC V7,pcs,6,5,1,15,0,6,low_stock
OUT039,,Waypoint Tech,Gampaha,Peliyagoda,rear_dock,normal,,09:00,17:00,WAY-187,Computing,Monitor 24-inch V7,pcs,13,5,8,7,2,6,in_stock
OUT039,,Waypoint Tech,Gampaha,Peliyagoda,rear_dock,normal,,09:00,17:00,WAY-188,Computing,Monitor 27-inch V7,pcs,14,4,10,1,0,5,in_stock
OUT039,,Waypoint Tech,Gampaha,Peliyagoda,rear_dock,normal,,09:00,17:00,WAY-189,Computing,Keyboard V7,pcs,14,2,12,9,0,10,in_stock
OUT039,,Waypoint Tech,Gampaha,Peliyagoda,rear_dock,normal,,09:00,17:00,WAY-190,Computing,Wireless Mouse V7,pcs,2,1,1,1,10,10,low_stock
OUT039,,Waypoint Tech,Gampaha,Peliyagoda,rear_dock,normal,,09:00,17:00,WAY-191,Computing,Webcam V7,pcs,26,6,20,12,0,3,in_stock
OUT039,,Waypoint Tech,Gampaha,Peliyagoda,rear_dock,normal,,09:00,17:00,WAY-192,Computing,USB-C Hub V7,pcs,3,1,2,12,0,6,low_stock
OUT039,,Waypoint Tech,Gampaha,Peliyagoda,rear_dock,normal,,09:00,17:00,WAY-193,Computing,Laptop Stand V7,pcs,5,3,2,9,0,6,low_stock
OUT039,,Waypoint Tech,Gampaha,Peliyagoda,rear_dock,normal,,09:00,17:00,WAY-194,Storage,USB Flash Drive 64GB V7,pcs,9,7,2,6,5,6,low_stock
OUT039,,Waypoint Tech,Gampaha,Peliyagoda,rear_dock,normal,,09:00,17:00,WAY-195,Storage,USB Flash Drive 128GB V7,pcs,23,5,18,9,0,3,in_stock
OUT039,,Waypoint Tech,Gampaha,Peliyagoda,rear_dock,normal,,09:00,17:00,WAY-196,Storage,External SSD 1TB V7,pcs,26,7,19,0,0,5,in_stock
OUT039,,Waypoint Tech,Gampaha,Peliyagoda,rear_dock,normal,,09:00,17:00,WAY-197,Storage,MicroSD 128GB V7,pcs,24,7,17,12,5,7,in_stock
OUT039,,Waypoint Tech,Gampaha,Peliyagoda,rear_dock,normal,,09:00,17:00,WAY-198,Networking,Wi-Fi Router V7,pcs,8,7,1,10,2,11,low_stock
OUT039,,Waypoint Tech,Gampaha,Peliyagoda,rear_dock,normal,,09:00,17:00,WAY-199,Networking,Wi-Fi Extender V7,pcs,12,0,12,9,0,4,in_stock
OUT039,,Waypoint Tech,Gampaha,Peliyagoda,rear_dock,normal,,09:00,17:00,WAY-200,Networking,Ethernet Cable 5m V7,pcs,11,3,8,4,0,8,low_stock
OUT049,,Waypoint Tech,Kalutara,Peliyagoda,street,normal,,09:00,17:00,WAY-001,Mobile Phones,Smartphone,pcs,8,2,6,10,5,4,in_stock
OUT049,,Waypoint Tech,Kalutara,Peliyagoda,street,normal,,09:00,17:00,WAY-002,Mobile Phones,Feature Phone,pcs,23,6,17,16,2,6,in_stock
OUT049,,Waypoint Tech,Kalutara,Peliyagoda,street,normal,,09:00,17:00,WAY-003,Tablets,Android Tablet,pcs,21,4,17,1,5,4,in_stock
OUT049,,Waypoint Tech,Kalutara,Peliyagoda,street,normal,,09:00,17:00,WAY-004,Laptops,Laptop,pcs,28,4,24,12,0,7,in_stock
OUT049,,Waypoint Tech,Kalutara,Peliyagoda,street,normal,,09:00,17:00,WAY-005,Laptops,Chromebook,pcs,7,1,6,0,0,10,low_stock
OUT049,,Waypoint Tech,Kalutara,Peliyagoda,street,normal,,09:00,17:00,WAY-006,Computing,Desktop PC,pcs,8,7,1,4,0,7,low_stock
OUT049,,Waypoint Tech,Kalutara,Peliyagoda,street,normal,,09:00,17:00,WAY-007,Computing,Monitor 24-inch,pcs,3,2,1,5,0,5,low_stock
OUT049,,Waypoint Tech,Kalutara,Peliyagoda,street,normal,,09:00,17:00,WAY-008,Computing,Monitor 27-inch,pcs,20,6,14,6,2,7,in_stock
OUT049,,Waypoint Tech,Kalutara,Peliyagoda,street,normal,,09:00,17:00,WAY-009,Computing,Keyboard,pcs,23,2,21,2,0,4,in_stock
OUT049,,Waypoint Tech,Kalutara,Peliyagoda,street,normal,,09:00,17:00,WAY-010,Computing,Wireless Mouse,pcs,26,6,20,9,2,5,in_stock
OUT049,,Waypoint Tech,Kalutara,Peliyagoda,street,normal,,09:00,17:00,WAY-011,Computing,Webcam,pcs,3,0,3,9,0,8,low_stock
OUT049,,Waypoint Tech,Kalutara,Peliyagoda,street,normal,,09:00,17:00,WAY-012,Computing,USB-C Hub,pcs,17,4,13,11,0,6,in_stock
OUT049,,Waypoint Tech,Kalutara,Peliyagoda,street,normal,,09:00,17:00,WAY-013,Computing,Laptop Stand,pcs,24,5,19,8,5,12,in_stock
OUT049,,Waypoint Tech,Kalutara,Peliyagoda,street,normal,,09:00,17:00,WAY-014,Storage,USB Flash Drive 64GB,pcs,25,7,18,1,10,3,in_stock
OUT049,,Waypoint Tech,Kalutara,Peliyagoda,street,normal,,09:00,17:00,WAY-015,Storage,USB Flash Drive 128GB,pcs,18,4,14,12,0,11,in_stock
OUT049,,Waypoint Tech,Kalutara,Peliyagoda,street,normal,,09:00,17:00,WAY-016,Storage,External SSD 1TB,pcs,26,6,20,0,0,11,in_stock
OUT049,,Waypoint Tech,Kalutara,Peliyagoda,street,normal,,09:00,17:00,WAY-017,Storage,MicroSD 128GB,pcs,18,5,13,13,10,3,in_stock
OUT049,,Waypoint Tech,Kalutara,Peliyagoda,street,normal,,09:00,17:00,WAY-018,Networking,Wi-Fi Router,pcs,6,6,0,2,2,5,out_of_stock
OUT049,,Waypoint Tech,Kalutara,Peliyagoda,street,normal,,09:00,17:00,WAY-019,Networking,Wi-Fi Extender,pcs,23,6,17,1,5,12,in_stock
OUT049,,Waypoint Tech,Kalutara,Peliyagoda,street,normal,,09:00,17:00,WAY-020,Networking,Ethernet Cable 5m,pcs,7,7,0,3,10,8,out_of_stock
OUT049,,Waypoint Tech,Kalutara,Peliyagoda,street,normal,,09:00,17:00,WAY-021,Audio,Bluetooth Earbuds,pcs,7,1,6,14,0,8,low_stock
OUT049,,Waypoint Tech,Kalutara,Peliyagoda,street,normal,,09:00,17:00,WAY-022,Audio,Bluetooth Headphones,pcs,11,3,8,3,0,6,in_stock
OUT049,,Waypoint Tech,Kalutara,Peliyagoda,street,normal,,09:00,17:00,WAY-023,Audio,Bluetooth Speaker,pcs,8,0,8,9,0,11,low_stock
OUT049,,Waypoint Tech,Kalutara,Peliyagoda,street,normal,,09:00,17:00,WAY-024,Accessories,Phone Charger,pcs,13,4,9,7,2,9,low_stock
OUT049,,Waypoint Tech,Kalutara,Peliyagoda,street,normal,,09:00,17:00,WAY-025,Accessories,USB-C Cable,pcs,22,7,15,0,10,7,in_stock
OUT049,,Waypoint Tech,Kalutara,Peliyagoda,street,normal,,09:00,17:00,WAY-026,Accessories,Lightning Cable,pcs,4,4,0,14,10,11,out_of_stock
OUT049,,Waypoint Tech,Kalutara,Peliyagoda,street,normal,,09:00,17:00,WAY-027,Accessories,Power Bank 10000mAh,pcs,8,0,8,6,10,9,low_stock
OUT049,,Waypoint Tech,Kalutara,Peliyagoda,street,normal,,09:00,17:00,WAY-028,Accessories,Power Bank 20000mAh,pcs,6,0,6,10,10,9,low_stock
OUT049,,Waypoint Tech,Kalutara,Peliyagoda,street,normal,,09:00,17:00,WAY-029,Accessories,Phone Case,pcs,21,4,17,10,10,7,in_stock
OUT049,,Waypoint Tech,Kalutara,Peliyagoda,street,normal,,09:00,17:00,WAY-030,Accessories,Screen Protector,pcs,24,8,16,11,0,10,in_stock
OUT049,,Waypoint Tech,Kalutara,Peliyagoda,street,normal,,09:00,17:00,WAY-031,Mobile Phones,Smartphone V2,pcs,18,8,10,16,0,9,in_stock
OUT049,,Waypoint Tech,Kalutara,Peliyagoda,street,normal,,09:00,17:00,WAY-032,Mobile Phones,Feature Phone V2,pcs,25,3,22,13,0,12,in_stock
OUT049,,Waypoint Tech,Kalutara,Peliyagoda,street,normal,,09:00,17:00,WAY-033,Tablets,Android Tablet V2,pcs,21,4,17,15,2,7,in_stock
OUT049,,Waypoint Tech,Kalutara,Peliyagoda,street,normal,,09:00,17:00,WAY-034,Laptops,Laptop V2,pcs,20,5,15,3,0,5,in_stock
OUT049,,Waypoint Tech,Kalutara,Peliyagoda,street,normal,,09:00,17:00,WAY-035,Laptops,Chromebook V2,pcs,8,5,3,2,10,9,low_stock
OUT049,,Waypoint Tech,Kalutara,Peliyagoda,street,normal,,09:00,17:00,WAY-036,Computing,Desktop PC V2,pcs,20,4,16,13,0,7,in_stock
OUT049,,Waypoint Tech,Kalutara,Peliyagoda,street,normal,,09:00,17:00,WAY-037,Computing,Monitor 24-inch V2,pcs,8,2,6,8,0,10,low_stock
OUT049,,Waypoint Tech,Kalutara,Peliyagoda,street,normal,,09:00,17:00,WAY-038,Computing,Monitor 27-inch V2,pcs,26,8,18,8,2,9,in_stock
OUT049,,Waypoint Tech,Kalutara,Peliyagoda,street,normal,,09:00,17:00,WAY-039,Computing,Keyboard V2,pcs,12,5,7,4,0,9,low_stock
OUT049,,Waypoint Tech,Kalutara,Peliyagoda,street,normal,,09:00,17:00,WAY-040,Computing,Wireless Mouse V2,pcs,2,1,1,1,2,10,low_stock
OUT049,,Waypoint Tech,Kalutara,Peliyagoda,street,normal,,09:00,17:00,WAY-041,Computing,Webcam V2,pcs,10,8,2,1,5,9,low_stock
OUT049,,Waypoint Tech,Kalutara,Peliyagoda,street,normal,,09:00,17:00,WAY-042,Computing,USB-C Hub V2,pcs,22,2,20,14,10,11,in_stock
OUT049,,Waypoint Tech,Kalutara,Peliyagoda,street,normal,,09:00,17:00,WAY-043,Computing,Laptop Stand V2,pcs,11,4,7,11,0,9,low_stock
OUT049,,Waypoint Tech,Kalutara,Peliyagoda,street,normal,,09:00,17:00,WAY-044,Storage,USB Flash Drive 64GB V2,pcs,15,8,7,1,2,10,low_stock
OUT049,,Waypoint Tech,Kalutara,Peliyagoda,street,normal,,09:00,17:00,WAY-045,Storage,USB Flash Drive 128GB V2,pcs,18,7,11,4,10,3,in_stock
OUT049,,Waypoint Tech,Kalutara,Peliyagoda,street,normal,,09:00,17:00,WAY-046,Storage,External SSD 1TB V2,pcs,3,1,2,1,10,11,low_stock
OUT049,,Waypoint Tech,Kalutara,Peliyagoda,street,normal,,09:00,17:00,WAY-047,Storage,MicroSD 128GB V2,pcs,5,0,5,12,5,10,low_stock
OUT049,,Waypoint Tech,Kalutara,Peliyagoda,street,normal,,09:00,17:00,WAY-048,Networking,Wi-Fi Router V2,pcs,12,7,5,12,5,9,low_stock
OUT049,,Waypoint Tech,Kalutara,Peliyagoda,street,normal,,09:00,17:00,WAY-049,Networking,Wi-Fi Extender V2,pcs,23,3,20,2,10,3,in_stock
OUT049,,Waypoint Tech,Kalutara,Peliyagoda,street,normal,,09:00,17:00,WAY-050,Networking,Ethernet Cable 5m V2,pcs,9,6,3,0,0,8,low_stock
OUT049,,Waypoint Tech,Kalutara,Peliyagoda,street,normal,,09:00,17:00,WAY-051,Audio,Bluetooth Earbuds V2,pcs,15,2,13,12,10,12,in_stock
OUT049,,Waypoint Tech,Kalutara,Peliyagoda,street,normal,,09:00,17:00,WAY-052,Audio,Bluetooth Headphones V2,pcs,27,4,23,12,5,3,in_stock
OUT049,,Waypoint Tech,Kalutara,Peliyagoda,street,normal,,09:00,17:00,WAY-053,Audio,Bluetooth Speaker V2,pcs,16,5,11,11,5,6,in_stock
OUT049,,Waypoint Tech,Kalutara,Peliyagoda,street,normal,,09:00,17:00,WAY-054,Accessories,Phone Charger V2,pcs,2,1,1,5,2,9,low_stock
OUT049,,Waypoint Tech,Kalutara,Peliyagoda,street,normal,,09:00,17:00,WAY-055,Accessories,USB-C Cable V2,pcs,21,3,18,15,5,12,in_stock
OUT049,,Waypoint Tech,Kalutara,Peliyagoda,street,normal,,09:00,17:00,WAY-056,Accessories,Lightning Cable V2,pcs,26,0,26,9,0,6,in_stock
OUT049,,Waypoint Tech,Kalutara,Peliyagoda,street,normal,,09:00,17:00,WAY-057,Accessories,Power Bank 10000mAh V2,pcs,13,8,5,11,0,10,low_stock
OUT049,,Waypoint Tech,Kalutara,Peliyagoda,street,normal,,09:00,17:00,WAY-058,Accessories,Power Bank 20000mAh V2,pcs,2,0,2,9,0,10,low_stock
OUT049,,Waypoint Tech,Kalutara,Peliyagoda,street,normal,,09:00,17:00,WAY-059,Accessories,Phone Case V2,pcs,4,1,3,6,0,9,low_stock
OUT049,,Waypoint Tech,Kalutara,Peliyagoda,street,normal,,09:00,17:00,WAY-060,Accessories,Screen Protector V2,pcs,15,6,9,3,0,5,in_stock
OUT049,,Waypoint Tech,Kalutara,Peliyagoda,street,normal,,09:00,17:00,WAY-061,Mobile Phones,Smartphone V3,pcs,25,1,24,7,0,4,in_stock
OUT049,,Waypoint Tech,Kalutara,Peliyagoda,street,normal,,09:00,17:00,WAY-062,Mobile Phones,Feature Phone V3,pcs,25,0,25,14,10,3,in_stock
OUT049,,Waypoint Tech,Kalutara,Peliyagoda,street,normal,,09:00,17:00,WAY-063,Tablets,Android Tablet V3,pcs,17,8,9,4,5,10,low_stock
OUT049,,Waypoint Tech,Kalutara,Peliyagoda,street,normal,,09:00,17:00,WAY-064,Laptops,Laptop V3,pcs,12,8,4,2,5,5,low_stock
OUT049,,Waypoint Tech,Kalutara,Peliyagoda,street,normal,,09:00,17:00,WAY-065,Laptops,Chromebook V3,pcs,7,4,3,3,0,6,low_stock
OUT049,,Waypoint Tech,Kalutara,Peliyagoda,street,normal,,09:00,17:00,WAY-066,Computing,Desktop PC V3,pcs,2,0,2,0,0,10,low_stock
OUT049,,Waypoint Tech,Kalutara,Peliyagoda,street,normal,,09:00,17:00,WAY-067,Computing,Monitor 24-inch V3,pcs,4,1,3,7,0,12,low_stock
OUT049,,Waypoint Tech,Kalutara,Peliyagoda,street,normal,,09:00,17:00,WAY-068,Computing,Monitor 27-inch V3,pcs,2,0,2,9,0,9,low_stock
OUT049,,Waypoint Tech,Kalutara,Peliyagoda,street,normal,,09:00,17:00,WAY-069,Computing,Keyboard V3,pcs,15,6,9,6,10,9,low_stock
OUT049,,Waypoint Tech,Kalutara,Peliyagoda,street,normal,,09:00,17:00,WAY-070,Computing,Wireless Mouse V3,pcs,10,4,6,4,2,6,low_stock
OUT049,,Waypoint Tech,Kalutara,Peliyagoda,street,normal,,09:00,17:00,WAY-071,Computing,Webcam V3,pcs,9,4,5,0,10,11,low_stock
OUT049,,Waypoint Tech,Kalutara,Peliyagoda,street,normal,,09:00,17:00,WAY-072,Computing,USB-C Hub V3,pcs,4,4,0,7,2,6,out_of_stock
OUT049,,Waypoint Tech,Kalutara,Peliyagoda,street,normal,,09:00,17:00,WAY-073,Computing,Laptop Stand V3,pcs,26,7,19,13,5,10,in_stock
OUT049,,Waypoint Tech,Kalutara,Peliyagoda,street,normal,,09:00,17:00,WAY-074,Storage,USB Flash Drive 64GB V3,pcs,24,1,23,3,0,9,in_stock
OUT049,,Waypoint Tech,Kalutara,Peliyagoda,street,normal,,09:00,17:00,WAY-075,Storage,USB Flash Drive 128GB V3,pcs,10,1,9,10,10,4,in_stock
OUT049,,Waypoint Tech,Kalutara,Peliyagoda,street,normal,,09:00,17:00,WAY-076,Storage,External SSD 1TB V3,pcs,12,5,7,1,0,9,low_stock
OUT049,,Waypoint Tech,Kalutara,Peliyagoda,street,normal,,09:00,17:00,WAY-077,Storage,MicroSD 128GB V3,pcs,21,5,16,13,2,9,in_stock
OUT049,,Waypoint Tech,Kalutara,Peliyagoda,street,normal,,09:00,17:00,WAY-078,Networking,Wi-Fi Router V3,pcs,21,6,15,16,0,10,in_stock
OUT049,,Waypoint Tech,Kalutara,Peliyagoda,street,normal,,09:00,17:00,WAY-079,Networking,Wi-Fi Extender V3,pcs,7,2,5,5,10,11,low_stock
OUT049,,Waypoint Tech,Kalutara,Peliyagoda,street,normal,,09:00,17:00,WAY-080,Networking,Ethernet Cable 5m V3,pcs,16,0,16,12,10,10,in_stock
OUT049,,Waypoint Tech,Kalutara,Peliyagoda,street,normal,,09:00,17:00,WAY-081,Audio,Bluetooth Earbuds V3,pcs,16,5,11,14,5,10,in_stock
OUT049,,Waypoint Tech,Kalutara,Peliyagoda,street,normal,,09:00,17:00,WAY-082,Audio,Bluetooth Headphones V3,pcs,10,2,8,12,10,8,low_stock
OUT049,,Waypoint Tech,Kalutara,Peliyagoda,street,normal,,09:00,17:00,WAY-083,Audio,Bluetooth Speaker V3,pcs,16,5,11,1,5,3,in_stock
OUT049,,Waypoint Tech,Kalutara,Peliyagoda,street,normal,,09:00,17:00,WAY-084,Accessories,Phone Charger V3,pcs,4,0,4,10,0,3,in_stock
OUT049,,Waypoint Tech,Kalutara,Peliyagoda,street,normal,,09:00,17:00,WAY-085,Accessories,USB-C Cable V3,pcs,4,3,1,9,0,3,low_stock
OUT049,,Waypoint Tech,Kalutara,Peliyagoda,street,normal,,09:00,17:00,WAY-086,Accessories,Lightning Cable V3,pcs,11,0,11,5,5,4,in_stock
OUT049,,Waypoint Tech,Kalutara,Peliyagoda,street,normal,,09:00,17:00,WAY-087,Accessories,Power Bank 10000mAh V3,pcs,15,5,10,9,0,11,low_stock
OUT049,,Waypoint Tech,Kalutara,Peliyagoda,street,normal,,09:00,17:00,WAY-088,Accessories,Power Bank 20000mAh V3,pcs,12,1,11,13,2,12,low_stock
OUT049,,Waypoint Tech,Kalutara,Peliyagoda,street,normal,,09:00,17:00,WAY-089,Accessories,Phone Case V3,pcs,27,4,23,0,10,7,in_stock
OUT049,,Waypoint Tech,Kalutara,Peliyagoda,street,normal,,09:00,17:00,WAY-090,Accessories,Screen Protector V3,pcs,15,4,11,12,0,4,in_stock
OUT049,,Waypoint Tech,Kalutara,Peliyagoda,street,normal,,09:00,17:00,WAY-091,Mobile Phones,Smartphone V4,pcs,27,1,26,1,5,7,in_stock
OUT049,,Waypoint Tech,Kalutara,Peliyagoda,street,normal,,09:00,17:00,WAY-092,Mobile Phones,Feature Phone V4,pcs,26,5,21,10,5,8,in_stock
OUT049,,Waypoint Tech,Kalutara,Peliyagoda,street,normal,,09:00,17:00,WAY-093,Tablets,Android Tablet V4,pcs,11,7,4,14,10,9,low_stock
OUT049,,Waypoint Tech,Kalutara,Peliyagoda,street,normal,,09:00,17:00,WAY-094,Laptops,Laptop V4,pcs,26,2,24,3,2,10,in_stock
OUT049,,Waypoint Tech,Kalutara,Peliyagoda,street,normal,,09:00,17:00,WAY-095,Laptops,Chromebook V4,pcs,2,1,1,16,0,3,low_stock
OUT049,,Waypoint Tech,Kalutara,Peliyagoda,street,normal,,09:00,17:00,WAY-096,Computing,Desktop PC V4,pcs,21,2,19,12,2,8,in_stock
OUT049,,Waypoint Tech,Kalutara,Peliyagoda,street,normal,,09:00,17:00,WAY-097,Computing,Monitor 24-inch V4,pcs,20,3,17,9,0,6,in_stock
OUT049,,Waypoint Tech,Kalutara,Peliyagoda,street,normal,,09:00,17:00,WAY-098,Computing,Monitor 27-inch V4,pcs,13,6,7,14,0,3,in_stock
OUT049,,Waypoint Tech,Kalutara,Peliyagoda,street,normal,,09:00,17:00,WAY-099,Computing,Keyboard V4,pcs,7,6,1,1,2,7,low_stock
OUT049,,Waypoint Tech,Kalutara,Peliyagoda,street,normal,,09:00,17:00,WAY-100,Computing,Wireless Mouse V4,pcs,6,6,0,13,10,5,out_of_stock
OUT049,,Waypoint Tech,Kalutara,Peliyagoda,street,normal,,09:00,17:00,WAY-101,Computing,Webcam V4,pcs,24,3,21,15,2,6,in_stock
OUT049,,Waypoint Tech,Kalutara,Peliyagoda,street,normal,,09:00,17:00,WAY-102,Computing,USB-C Hub V4,pcs,2,2,0,8,2,12,out_of_stock
OUT049,,Waypoint Tech,Kalutara,Peliyagoda,street,normal,,09:00,17:00,WAY-103,Computing,Laptop Stand V4,pcs,4,1,3,8,0,5,low_stock
OUT049,,Waypoint Tech,Kalutara,Peliyagoda,street,normal,,09:00,17:00,WAY-104,Storage,USB Flash Drive 64GB V4,pcs,25,6,19,12,10,11,in_stock
OUT049,,Waypoint Tech,Kalutara,Peliyagoda,street,normal,,09:00,17:00,WAY-105,Storage,USB Flash Drive 128GB V4,pcs,8,7,1,10,2,10,low_stock
OUT049,,Waypoint Tech,Kalutara,Peliyagoda,street,normal,,09:00,17:00,WAY-106,Storage,External SSD 1TB V4,pcs,2,0,2,7,10,11,low_stock
OUT049,,Waypoint Tech,Kalutara,Peliyagoda,street,normal,,09:00,17:00,WAY-107,Storage,MicroSD 128GB V4,pcs,24,3,21,5,0,11,in_stock
OUT049,,Waypoint Tech,Kalutara,Peliyagoda,street,normal,,09:00,17:00,WAY-108,Networking,Wi-Fi Router V4,pcs,18,2,16,5,10,11,in_stock
OUT049,,Waypoint Tech,Kalutara,Peliyagoda,street,normal,,09:00,17:00,WAY-109,Networking,Wi-Fi Extender V4,pcs,3,1,2,10,2,12,low_stock
OUT049,,Waypoint Tech,Kalutara,Peliyagoda,street,normal,,09:00,17:00,WAY-110,Networking,Ethernet Cable 5m V4,pcs,3,2,1,5,0,7,low_stock
OUT049,,Waypoint Tech,Kalutara,Peliyagoda,street,normal,,09:00,17:00,WAY-111,Audio,Bluetooth Earbuds V4,pcs,18,7,11,15,0,9,in_stock
OUT049,,Waypoint Tech,Kalutara,Peliyagoda,street,normal,,09:00,17:00,WAY-112,Audio,Bluetooth Headphones V4,pcs,16,4,12,14,2,4,in_stock
OUT049,,Waypoint Tech,Kalutara,Peliyagoda,street,normal,,09:00,17:00,WAY-113,Audio,Bluetooth Speaker V4,pcs,23,4,19,14,0,7,in_stock
OUT049,,Waypoint Tech,Kalutara,Peliyagoda,street,normal,,09:00,17:00,WAY-114,Accessories,Phone Charger V4,pcs,12,0,12,8,0,12,low_stock
OUT049,,Waypoint Tech,Kalutara,Peliyagoda,street,normal,,09:00,17:00,WAY-115,Accessories,USB-C Cable V4,pcs,26,7,19,9,5,3,in_stock
OUT049,,Waypoint Tech,Kalutara,Peliyagoda,street,normal,,09:00,17:00,WAY-116,Accessories,Lightning Cable V4,pcs,14,1,13,4,0,9,in_stock
OUT049,,Waypoint Tech,Kalutara,Peliyagoda,street,normal,,09:00,17:00,WAY-117,Accessories,Power Bank 10000mAh V4,pcs,23,7,16,8,5,7,in_stock
OUT049,,Waypoint Tech,Kalutara,Peliyagoda,street,normal,,09:00,17:00,WAY-118,Accessories,Power Bank 20000mAh V4,pcs,2,1,1,3,10,5,low_stock
OUT049,,Waypoint Tech,Kalutara,Peliyagoda,street,normal,,09:00,17:00,WAY-119,Accessories,Phone Case V4,pcs,9,5,4,8,5,8,low_stock
OUT049,,Waypoint Tech,Kalutara,Peliyagoda,street,normal,,09:00,17:00,WAY-120,Accessories,Screen Protector V4,pcs,15,8,7,6,2,3,in_stock
OUT049,,Waypoint Tech,Kalutara,Peliyagoda,street,normal,,09:00,17:00,WAY-121,Mobile Phones,Smartphone V5,pcs,20,5,15,9,5,7,in_stock
OUT049,,Waypoint Tech,Kalutara,Peliyagoda,street,normal,,09:00,17:00,WAY-122,Mobile Phones,Feature Phone V5,pcs,23,6,17,9,2,3,in_stock
OUT049,,Waypoint Tech,Kalutara,Peliyagoda,street,normal,,09:00,17:00,WAY-123,Tablets,Android Tablet V5,pcs,27,0,27,2,2,3,in_stock
OUT049,,Waypoint Tech,Kalutara,Peliyagoda,street,normal,,09:00,17:00,WAY-124,Laptops,Laptop V5,pcs,25,5,20,0,5,3,in_stock
OUT049,,Waypoint Tech,Kalutara,Peliyagoda,street,normal,,09:00,17:00,WAY-125,Laptops,Chromebook V5,pcs,26,4,22,2,0,6,in_stock
OUT049,,Waypoint Tech,Kalutara,Peliyagoda,street,normal,,09:00,17:00,WAY-126,Computing,Desktop PC V5,pcs,8,3,5,9,5,7,low_stock
OUT049,,Waypoint Tech,Kalutara,Peliyagoda,street,normal,,09:00,17:00,WAY-127,Computing,Monitor 24-inch V5,pcs,17,1,16,12,0,3,in_stock
OUT049,,Waypoint Tech,Kalutara,Peliyagoda,street,normal,,09:00,17:00,WAY-128,Computing,Monitor 27-inch V5,pcs,14,4,10,7,0,8,in_stock
OUT049,,Waypoint Tech,Kalutara,Peliyagoda,street,normal,,09:00,17:00,WAY-129,Computing,Keyboard V5,pcs,7,2,5,11,5,9,low_stock
OUT049,,Waypoint Tech,Kalutara,Peliyagoda,street,normal,,09:00,17:00,WAY-130,Computing,Wireless Mouse V5,pcs,24,5,19,9,0,8,in_stock
OUT049,,Waypoint Tech,Kalutara,Peliyagoda,street,normal,,09:00,17:00,WAY-131,Computing,Webcam V5,pcs,20,7,13,7,0,8,in_stock
OUT049,,Waypoint Tech,Kalutara,Peliyagoda,street,normal,,09:00,17:00,WAY-132,Computing,USB-C Hub V5,pcs,2,1,1,4,0,12,low_stock
OUT049,,Waypoint Tech,Kalutara,Peliyagoda,street,normal,,09:00,17:00,WAY-133,Computing,Laptop Stand V5,pcs,19,3,16,9,2,5,in_stock
OUT049,,Waypoint Tech,Kalutara,Peliyagoda,street,normal,,09:00,17:00,WAY-134,Storage,USB Flash Drive 64GB V5,pcs,28,6,22,6,0,7,in_stock
OUT049,,Waypoint Tech,Kalutara,Peliyagoda,street,normal,,09:00,17:00,WAY-135,Storage,USB Flash Drive 128GB V5,pcs,21,1,20,0,0,8,in_stock
OUT049,,Waypoint Tech,Kalutara,Peliyagoda,street,normal,,09:00,17:00,WAY-136,Storage,External SSD 1TB V5,pcs,17,1,16,8,0,9,in_stock
OUT049,,Waypoint Tech,Kalutara,Peliyagoda,street,normal,,09:00,17:00,WAY-137,Storage,MicroSD 128GB V5,pcs,23,4,19,6,2,9,in_stock
OUT049,,Waypoint Tech,Kalutara,Peliyagoda,street,normal,,09:00,17:00,WAY-138,Networking,Wi-Fi Router V5,pcs,10,0,10,7,0,5,in_stock
OUT049,,Waypoint Tech,Kalutara,Peliyagoda,street,normal,,09:00,17:00,WAY-139,Networking,Wi-Fi Extender V5,pcs,16,2,14,4,5,4,in_stock
OUT049,,Waypoint Tech,Kalutara,Peliyagoda,street,normal,,09:00,17:00,WAY-140,Networking,Ethernet Cable 5m V5,pcs,19,1,18,16,5,9,in_stock
OUT049,,Waypoint Tech,Kalutara,Peliyagoda,street,normal,,09:00,17:00,WAY-141,Audio,Bluetooth Earbuds V5,pcs,14,6,8,9,5,9,low_stock
OUT049,,Waypoint Tech,Kalutara,Peliyagoda,street,normal,,09:00,17:00,WAY-142,Audio,Bluetooth Headphones V5,pcs,2,2,0,7,10,11,out_of_stock
OUT049,,Waypoint Tech,Kalutara,Peliyagoda,street,normal,,09:00,17:00,WAY-143,Audio,Bluetooth Speaker V5,pcs,24,0,24,4,5,7,in_stock
OUT049,,Waypoint Tech,Kalutara,Peliyagoda,street,normal,,09:00,17:00,WAY-144,Accessories,Phone Charger V5,pcs,6,0,6,15,10,6,low_stock
OUT049,,Waypoint Tech,Kalutara,Peliyagoda,street,normal,,09:00,17:00,WAY-145,Accessories,USB-C Cable V5,pcs,19,4,15,16,0,11,in_stock
OUT049,,Waypoint Tech,Kalutara,Peliyagoda,street,normal,,09:00,17:00,WAY-146,Accessories,Lightning Cable V5,pcs,2,0,2,2,5,5,low_stock
OUT049,,Waypoint Tech,Kalutara,Peliyagoda,street,normal,,09:00,17:00,WAY-147,Accessories,Power Bank 10000mAh V5,pcs,18,3,15,15,5,6,in_stock
OUT049,,Waypoint Tech,Kalutara,Peliyagoda,street,normal,,09:00,17:00,WAY-148,Accessories,Power Bank 20000mAh V5,pcs,7,1,6,0,10,12,low_stock
OUT049,,Waypoint Tech,Kalutara,Peliyagoda,street,normal,,09:00,17:00,WAY-149,Accessories,Phone Case V5,pcs,20,1,19,0,2,7,in_stock
OUT049,,Waypoint Tech,Kalutara,Peliyagoda,street,normal,,09:00,17:00,WAY-150,Accessories,Screen Protector V5,pcs,19,1,18,5,2,6,in_stock
OUT049,,Waypoint Tech,Kalutara,Peliyagoda,street,normal,,09:00,17:00,WAY-151,Mobile Phones,Smartphone V6,pcs,20,1,19,16,5,10,in_stock
OUT049,,Waypoint Tech,Kalutara,Peliyagoda,street,normal,,09:00,17:00,WAY-152,Mobile Phones,Feature Phone V6,pcs,17,7,10,6,2,5,in_stock
OUT049,,Waypoint Tech,Kalutara,Peliyagoda,street,normal,,09:00,17:00,WAY-153,Tablets,Android Tablet V6,pcs,18,1,17,5,0,7,in_stock
OUT049,,Waypoint Tech,Kalutara,Peliyagoda,street,normal,,09:00,17:00,WAY-154,Laptops,Laptop V6,pcs,7,2,5,14,10,6,low_stock
OUT049,,Waypoint Tech,Kalutara,Peliyagoda,street,normal,,09:00,17:00,WAY-155,Laptops,Chromebook V6,pcs,14,3,11,7,2,3,in_stock
OUT049,,Waypoint Tech,Kalutara,Peliyagoda,street,normal,,09:00,17:00,WAY-156,Computing,Desktop PC V6,pcs,3,3,0,16,0,10,out_of_stock
OUT049,,Waypoint Tech,Kalutara,Peliyagoda,street,normal,,09:00,17:00,WAY-157,Computing,Monitor 24-inch V6,pcs,7,5,2,12,0,7,low_stock
OUT049,,Waypoint Tech,Kalutara,Peliyagoda,street,normal,,09:00,17:00,WAY-158,Computing,Monitor 27-inch V6,pcs,4,4,0,4,0,6,out_of_stock
OUT049,,Waypoint Tech,Kalutara,Peliyagoda,street,normal,,09:00,17:00,WAY-159,Computing,Keyboard V6,pcs,6,1,5,1,10,9,low_stock
OUT049,,Waypoint Tech,Kalutara,Peliyagoda,street,normal,,09:00,17:00,WAY-160,Computing,Wireless Mouse V6,pcs,19,4,15,12,2,7,in_stock
OUT049,,Waypoint Tech,Kalutara,Peliyagoda,street,normal,,09:00,17:00,WAY-161,Computing,Webcam V6,pcs,22,1,21,2,5,11,in_stock
OUT049,,Waypoint Tech,Kalutara,Peliyagoda,street,normal,,09:00,17:00,WAY-162,Computing,USB-C Hub V6,pcs,26,8,18,1,0,11,in_stock
OUT049,,Waypoint Tech,Kalutara,Peliyagoda,street,normal,,09:00,17:00,WAY-163,Computing,Laptop Stand V6,pcs,17,4,13,13,0,9,in_stock
OUT049,,Waypoint Tech,Kalutara,Peliyagoda,street,normal,,09:00,17:00,WAY-164,Storage,USB Flash Drive 64GB V6,pcs,11,2,9,0,5,4,in_stock
OUT049,,Waypoint Tech,Kalutara,Peliyagoda,street,normal,,09:00,17:00,WAY-165,Storage,USB Flash Drive 128GB V6,pcs,22,2,20,8,0,7,in_stock
OUT049,,Waypoint Tech,Kalutara,Peliyagoda,street,normal,,09:00,17:00,WAY-166,Storage,External SSD 1TB V6,pcs,5,0,5,8,10,4,in_stock
OUT049,,Waypoint Tech,Kalutara,Peliyagoda,street,normal,,09:00,17:00,WAY-167,Storage,MicroSD 128GB V6,pcs,8,4,4,16,0,3,in_stock
OUT049,,Waypoint Tech,Kalutara,Peliyagoda,street,normal,,09:00,17:00,WAY-168,Networking,Wi-Fi Router V6,pcs,6,4,2,8,0,10,low_stock
OUT049,,Waypoint Tech,Kalutara,Peliyagoda,street,normal,,09:00,17:00,WAY-169,Networking,Wi-Fi Extender V6,pcs,16,0,16,14,2,8,in_stock
OUT049,,Waypoint Tech,Kalutara,Peliyagoda,street,normal,,09:00,17:00,WAY-170,Networking,Ethernet Cable 5m V6,pcs,8,8,0,9,0,12,out_of_stock
OUT049,,Waypoint Tech,Kalutara,Peliyagoda,street,normal,,09:00,17:00,WAY-171,Audio,Bluetooth Earbuds V6,pcs,25,5,20,11,0,4,in_stock
OUT049,,Waypoint Tech,Kalutara,Peliyagoda,street,normal,,09:00,17:00,WAY-172,Audio,Bluetooth Headphones V6,pcs,24,1,23,1,5,4,in_stock
OUT049,,Waypoint Tech,Kalutara,Peliyagoda,street,normal,,09:00,17:00,WAY-173,Audio,Bluetooth Speaker V6,pcs,5,1,4,3,10,3,in_stock
OUT049,,Waypoint Tech,Kalutara,Peliyagoda,street,normal,,09:00,17:00,WAY-174,Accessories,Phone Charger V6,pcs,2,1,1,15,2,9,low_stock
OUT049,,Waypoint Tech,Kalutara,Peliyagoda,street,normal,,09:00,17:00,WAY-175,Accessories,USB-C Cable V6,pcs,14,8,6,3,0,9,low_stock
OUT049,,Waypoint Tech,Kalutara,Peliyagoda,street,normal,,09:00,17:00,WAY-176,Accessories,Lightning Cable V6,pcs,21,1,20,6,10,8,in_stock
OUT049,,Waypoint Tech,Kalutara,Peliyagoda,street,normal,,09:00,17:00,WAY-177,Accessories,Power Bank 10000mAh V6,pcs,19,8,11,9,2,4,in_stock
OUT049,,Waypoint Tech,Kalutara,Peliyagoda,street,normal,,09:00,17:00,WAY-178,Accessories,Power Bank 20000mAh V6,pcs,12,8,4,7,10,3,in_stock
OUT049,,Waypoint Tech,Kalutara,Peliyagoda,street,normal,,09:00,17:00,WAY-179,Accessories,Phone Case V6,pcs,12,2,10,5,2,7,in_stock
OUT049,,Waypoint Tech,Kalutara,Peliyagoda,street,normal,,09:00,17:00,WAY-180,Accessories,Screen Protector V6,pcs,26,8,18,0,10,12,in_stock
OUT049,,Waypoint Tech,Kalutara,Peliyagoda,street,normal,,09:00,17:00,WAY-181,Mobile Phones,Smartphone V7,pcs,27,3,24,6,0,7,in_stock
OUT049,,Waypoint Tech,Kalutara,Peliyagoda,street,normal,,09:00,17:00,WAY-182,Mobile Phones,Feature Phone V7,pcs,22,5,17,8,0,9,in_stock
OUT049,,Waypoint Tech,Kalutara,Peliyagoda,street,normal,,09:00,17:00,WAY-183,Tablets,Android Tablet V7,pcs,19,5,14,3,0,12,in_stock
OUT049,,Waypoint Tech,Kalutara,Peliyagoda,street,normal,,09:00,17:00,WAY-184,Laptops,Laptop V7,pcs,13,8,5,13,2,10,low_stock
OUT049,,Waypoint Tech,Kalutara,Peliyagoda,street,normal,,09:00,17:00,WAY-185,Laptops,Chromebook V7,pcs,18,6,12,2,5,3,in_stock
OUT049,,Waypoint Tech,Kalutara,Peliyagoda,street,normal,,09:00,17:00,WAY-186,Computing,Desktop PC V7,pcs,6,0,6,9,2,6,low_stock
OUT049,,Waypoint Tech,Kalutara,Peliyagoda,street,normal,,09:00,17:00,WAY-187,Computing,Monitor 24-inch V7,pcs,24,0,24,4,0,10,in_stock
OUT049,,Waypoint Tech,Kalutara,Peliyagoda,street,normal,,09:00,17:00,WAY-188,Computing,Monitor 27-inch V7,pcs,7,2,5,9,2,4,in_stock
OUT049,,Waypoint Tech,Kalutara,Peliyagoda,street,normal,,09:00,17:00,WAY-189,Computing,Keyboard V7,pcs,11,5,6,9,0,4,in_stock
OUT049,,Waypoint Tech,Kalutara,Peliyagoda,street,normal,,09:00,17:00,WAY-190,Computing,Wireless Mouse V7,pcs,17,3,14,13,2,9,in_stock
OUT049,,Waypoint Tech,Kalutara,Peliyagoda,street,normal,,09:00,17:00,WAY-191,Computing,Webcam V7,pcs,26,1,25,14,10,7,in_stock
OUT049,,Waypoint Tech,Kalutara,Peliyagoda,street,normal,,09:00,17:00,WAY-192,Computing,USB-C Hub V7,pcs,13,0,13,2,0,10,in_stock
OUT049,,Waypoint Tech,Kalutara,Peliyagoda,street,normal,,09:00,17:00,WAY-193,Computing,Laptop Stand V7,pcs,28,3,25,11,0,3,in_stock
OUT049,,Waypoint Tech,Kalutara,Peliyagoda,street,normal,,09:00,17:00,WAY-194,Storage,USB Flash Drive 64GB V7,pcs,2,2,0,13,10,3,out_of_stock
OUT049,,Waypoint Tech,Kalutara,Peliyagoda,street,normal,,09:00,17:00,WAY-195,Storage,USB Flash Drive 128GB V7,pcs,3,3,0,9,2,3,out_of_stock
OUT049,,Waypoint Tech,Kalutara,Peliyagoda,street,normal,,09:00,17:00,WAY-196,Storage,External SSD 1TB V7,pcs,12,1,11,9,0,3,in_stock
OUT049,,Waypoint Tech,Kalutara,Peliyagoda,street,normal,,09:00,17:00,WAY-197,Storage,MicroSD 128GB V7,pcs,9,4,5,10,0,12,low_stock
OUT049,,Waypoint Tech,Kalutara,Peliyagoda,street,normal,,09:00,17:00,WAY-198,Networking,Wi-Fi Router V7,pcs,17,3,14,15,0,4,in_stock
OUT049,,Waypoint Tech,Kalutara,Peliyagoda,street,normal,,09:00,17:00,WAY-199,Networking,Wi-Fi Extender V7,pcs,3,3,0,12,0,5,out_of_stock
OUT049,,Waypoint Tech,Kalutara,Peliyagoda,street,normal,,09:00,17:00,WAY-200,Networking,Ethernet Cable 5m V7,pcs,22,2,20,12,5,8,in_stock
OUT058,,Waypoint Tech,Galle,Peliyagoda,rear_dock,normal,,09:00,17:00,WAY-001,Mobile Phones,Smartphone,pcs,26,7,19,4,0,9,in_stock
OUT058,,Waypoint Tech,Galle,Peliyagoda,rear_dock,normal,,09:00,17:00,WAY-002,Mobile Phones,Feature Phone,pcs,3,3,0,12,0,7,out_of_stock
OUT058,,Waypoint Tech,Galle,Peliyagoda,rear_dock,normal,,09:00,17:00,WAY-003,Tablets,Android Tablet,pcs,12,0,12,13,10,6,in_stock
OUT058,,Waypoint Tech,Galle,Peliyagoda,rear_dock,normal,,09:00,17:00,WAY-004,Laptops,Laptop,pcs,20,3,17,16,0,9,in_stock
OUT058,,Waypoint Tech,Galle,Peliyagoda,rear_dock,normal,,09:00,17:00,WAY-005,Laptops,Chromebook,pcs,12,1,11,3,0,11,low_stock
OUT058,,Waypoint Tech,Galle,Peliyagoda,rear_dock,normal,,09:00,17:00,WAY-006,Computing,Desktop PC,pcs,27,2,25,14,0,6,in_stock
OUT058,,Waypoint Tech,Galle,Peliyagoda,rear_dock,normal,,09:00,17:00,WAY-007,Computing,Monitor 24-inch,pcs,24,3,21,6,0,3,in_stock
OUT058,,Waypoint Tech,Galle,Peliyagoda,rear_dock,normal,,09:00,17:00,WAY-008,Computing,Monitor 27-inch,pcs,9,3,6,5,5,12,low_stock
OUT058,,Waypoint Tech,Galle,Peliyagoda,rear_dock,normal,,09:00,17:00,WAY-009,Computing,Keyboard,pcs,2,1,1,7,10,9,low_stock
OUT058,,Waypoint Tech,Galle,Peliyagoda,rear_dock,normal,,09:00,17:00,WAY-010,Computing,Wireless Mouse,pcs,14,5,9,1,5,3,in_stock
OUT058,,Waypoint Tech,Galle,Peliyagoda,rear_dock,normal,,09:00,17:00,WAY-011,Computing,Webcam,pcs,8,7,1,11,0,3,low_stock
OUT058,,Waypoint Tech,Galle,Peliyagoda,rear_dock,normal,,09:00,17:00,WAY-012,Computing,USB-C Hub,pcs,12,3,9,1,2,5,in_stock
OUT058,,Waypoint Tech,Galle,Peliyagoda,rear_dock,normal,,09:00,17:00,WAY-013,Computing,Laptop Stand,pcs,23,2,21,6,0,7,in_stock
OUT058,,Waypoint Tech,Galle,Peliyagoda,rear_dock,normal,,09:00,17:00,WAY-014,Storage,USB Flash Drive 64GB,pcs,10,6,4,2,10,4,low_stock
OUT058,,Waypoint Tech,Galle,Peliyagoda,rear_dock,normal,,09:00,17:00,WAY-015,Storage,USB Flash Drive 128GB,pcs,12,0,12,5,10,11,in_stock
OUT058,,Waypoint Tech,Galle,Peliyagoda,rear_dock,normal,,09:00,17:00,WAY-016,Storage,External SSD 1TB,pcs,20,4,16,12,0,5,in_stock
OUT058,,Waypoint Tech,Galle,Peliyagoda,rear_dock,normal,,09:00,17:00,WAY-017,Storage,MicroSD 128GB,pcs,22,0,22,3,0,11,in_stock
OUT058,,Waypoint Tech,Galle,Peliyagoda,rear_dock,normal,,09:00,17:00,WAY-018,Networking,Wi-Fi Router,pcs,10,5,5,7,0,12,low_stock
OUT058,,Waypoint Tech,Galle,Peliyagoda,rear_dock,normal,,09:00,17:00,WAY-019,Networking,Wi-Fi Extender,pcs,5,3,2,8,2,4,low_stock
OUT058,,Waypoint Tech,Galle,Peliyagoda,rear_dock,normal,,09:00,17:00,WAY-020,Networking,Ethernet Cable 5m,pcs,22,4,18,5,0,8,in_stock
OUT058,,Waypoint Tech,Galle,Peliyagoda,rear_dock,normal,,09:00,17:00,WAY-021,Audio,Bluetooth Earbuds,pcs,22,4,18,0,0,4,in_stock
OUT058,,Waypoint Tech,Galle,Peliyagoda,rear_dock,normal,,09:00,17:00,WAY-022,Audio,Bluetooth Headphones,pcs,28,7,21,5,10,4,in_stock
OUT058,,Waypoint Tech,Galle,Peliyagoda,rear_dock,normal,,09:00,17:00,WAY-023,Audio,Bluetooth Speaker,pcs,20,4,16,11,0,10,in_stock
OUT058,,Waypoint Tech,Galle,Peliyagoda,rear_dock,normal,,09:00,17:00,WAY-024,Accessories,Phone Charger,pcs,2,1,1,11,10,3,low_stock
OUT058,,Waypoint Tech,Galle,Peliyagoda,rear_dock,normal,,09:00,17:00,WAY-025,Accessories,USB-C Cable,pcs,5,3,2,0,0,9,low_stock
OUT058,,Waypoint Tech,Galle,Peliyagoda,rear_dock,normal,,09:00,17:00,WAY-026,Accessories,Lightning Cable,pcs,10,3,7,0,10,9,low_stock
OUT058,,Waypoint Tech,Galle,Peliyagoda,rear_dock,normal,,09:00,17:00,WAY-027,Accessories,Power Bank 10000mAh,pcs,15,1,14,0,0,9,in_stock
OUT058,,Waypoint Tech,Galle,Peliyagoda,rear_dock,normal,,09:00,17:00,WAY-028,Accessories,Power Bank 20000mAh,pcs,26,2,24,6,10,5,in_stock
OUT058,,Waypoint Tech,Galle,Peliyagoda,rear_dock,normal,,09:00,17:00,WAY-029,Accessories,Phone Case,pcs,25,8,17,12,10,7,in_stock
OUT058,,Waypoint Tech,Galle,Peliyagoda,rear_dock,normal,,09:00,17:00,WAY-030,Accessories,Screen Protector,pcs,6,3,3,15,10,4,low_stock
OUT058,,Waypoint Tech,Galle,Peliyagoda,rear_dock,normal,,09:00,17:00,WAY-031,Mobile Phones,Smartphone V2,pcs,21,3,18,6,0,11,in_stock
OUT058,,Waypoint Tech,Galle,Peliyagoda,rear_dock,normal,,09:00,17:00,WAY-032,Mobile Phones,Feature Phone V2,pcs,27,3,24,10,2,7,in_stock
OUT058,,Waypoint Tech,Galle,Peliyagoda,rear_dock,normal,,09:00,17:00,WAY-033,Tablets,Android Tablet V2,pcs,27,1,26,7,0,11,in_stock
OUT058,,Waypoint Tech,Galle,Peliyagoda,rear_dock,normal,,09:00,17:00,WAY-034,Laptops,Laptop V2,pcs,27,5,22,6,10,11,in_stock
OUT058,,Waypoint Tech,Galle,Peliyagoda,rear_dock,normal,,09:00,17:00,WAY-035,Laptops,Chromebook V2,pcs,9,0,9,11,2,8,in_stock
OUT058,,Waypoint Tech,Galle,Peliyagoda,rear_dock,normal,,09:00,17:00,WAY-036,Computing,Desktop PC V2,pcs,3,3,0,7,10,9,out_of_stock
OUT058,,Waypoint Tech,Galle,Peliyagoda,rear_dock,normal,,09:00,17:00,WAY-037,Computing,Monitor 24-inch V2,pcs,22,5,17,2,0,6,in_stock
OUT058,,Waypoint Tech,Galle,Peliyagoda,rear_dock,normal,,09:00,17:00,WAY-038,Computing,Monitor 27-inch V2,pcs,11,3,8,12,2,9,low_stock
OUT058,,Waypoint Tech,Galle,Peliyagoda,rear_dock,normal,,09:00,17:00,WAY-039,Computing,Keyboard V2,pcs,15,6,9,16,0,7,in_stock
OUT058,,Waypoint Tech,Galle,Peliyagoda,rear_dock,normal,,09:00,17:00,WAY-040,Computing,Wireless Mouse V2,pcs,12,4,8,13,5,4,in_stock
OUT058,,Waypoint Tech,Galle,Peliyagoda,rear_dock,normal,,09:00,17:00,WAY-041,Computing,Webcam V2,pcs,10,5,5,6,0,9,low_stock
OUT058,,Waypoint Tech,Galle,Peliyagoda,rear_dock,normal,,09:00,17:00,WAY-042,Computing,USB-C Hub V2,pcs,9,8,1,11,2,10,low_stock
OUT058,,Waypoint Tech,Galle,Peliyagoda,rear_dock,normal,,09:00,17:00,WAY-043,Computing,Laptop Stand V2,pcs,9,0,9,9,5,6,in_stock
OUT058,,Waypoint Tech,Galle,Peliyagoda,rear_dock,normal,,09:00,17:00,WAY-044,Storage,USB Flash Drive 64GB V2,pcs,18,6,12,0,0,8,in_stock
OUT058,,Waypoint Tech,Galle,Peliyagoda,rear_dock,normal,,09:00,17:00,WAY-045,Storage,USB Flash Drive 128GB V2,pcs,23,0,23,14,0,3,in_stock
OUT058,,Waypoint Tech,Galle,Peliyagoda,rear_dock,normal,,09:00,17:00,WAY-046,Storage,External SSD 1TB V2,pcs,5,2,3,16,2,10,low_stock
OUT058,,Waypoint Tech,Galle,Peliyagoda,rear_dock,normal,,09:00,17:00,WAY-047,Storage,MicroSD 128GB V2,pcs,16,8,8,12,5,7,in_stock
OUT058,,Waypoint Tech,Galle,Peliyagoda,rear_dock,normal,,09:00,17:00,WAY-048,Networking,Wi-Fi Router V2,pcs,17,6,11,15,0,12,low_stock
OUT058,,Waypoint Tech,Galle,Peliyagoda,rear_dock,normal,,09:00,17:00,WAY-049,Networking,Wi-Fi Extender V2,pcs,5,1,4,1,0,4,low_stock
OUT058,,Waypoint Tech,Galle,Peliyagoda,rear_dock,normal,,09:00,17:00,WAY-050,Networking,Ethernet Cable 5m V2,pcs,24,5,19,7,2,9,in_stock
OUT058,,Waypoint Tech,Galle,Peliyagoda,rear_dock,normal,,09:00,17:00,WAY-051,Audio,Bluetooth Earbuds V2,pcs,23,1,22,15,5,9,in_stock
OUT058,,Waypoint Tech,Galle,Peliyagoda,rear_dock,normal,,09:00,17:00,WAY-052,Audio,Bluetooth Headphones V2,pcs,24,5,19,11,0,6,in_stock
OUT058,,Waypoint Tech,Galle,Peliyagoda,rear_dock,normal,,09:00,17:00,WAY-053,Audio,Bluetooth Speaker V2,pcs,12,7,5,14,0,3,in_stock
OUT058,,Waypoint Tech,Galle,Peliyagoda,rear_dock,normal,,09:00,17:00,WAY-054,Accessories,Phone Charger V2,pcs,6,4,2,0,5,12,low_stock
OUT058,,Waypoint Tech,Galle,Peliyagoda,rear_dock,normal,,09:00,17:00,WAY-055,Accessories,USB-C Cable V2,pcs,16,0,16,0,5,8,in_stock
OUT058,,Waypoint Tech,Galle,Peliyagoda,rear_dock,normal,,09:00,17:00,WAY-056,Accessories,Lightning Cable V2,pcs,13,5,8,11,0,4,in_stock
OUT058,,Waypoint Tech,Galle,Peliyagoda,rear_dock,normal,,09:00,17:00,WAY-057,Accessories,Power Bank 10000mAh V2,pcs,15,5,10,0,10,12,low_stock
OUT058,,Waypoint Tech,Galle,Peliyagoda,rear_dock,normal,,09:00,17:00,WAY-058,Accessories,Power Bank 20000mAh V2,pcs,16,2,14,14,2,3,in_stock
OUT058,,Waypoint Tech,Galle,Peliyagoda,rear_dock,normal,,09:00,17:00,WAY-059,Accessories,Phone Case V2,pcs,13,2,11,7,0,9,in_stock
OUT058,,Waypoint Tech,Galle,Peliyagoda,rear_dock,normal,,09:00,17:00,WAY-060,Accessories,Screen Protector V2,pcs,12,7,5,7,5,3,in_stock
OUT058,,Waypoint Tech,Galle,Peliyagoda,rear_dock,normal,,09:00,17:00,WAY-061,Mobile Phones,Smartphone V3,pcs,15,7,8,1,2,4,in_stock
OUT058,,Waypoint Tech,Galle,Peliyagoda,rear_dock,normal,,09:00,17:00,WAY-062,Mobile Phones,Feature Phone V3,pcs,11,6,5,5,0,10,low_stock
OUT058,,Waypoint Tech,Galle,Peliyagoda,rear_dock,normal,,09:00,17:00,WAY-063,Tablets,Android Tablet V3,pcs,22,2,20,14,10,3,in_stock
OUT058,,Waypoint Tech,Galle,Peliyagoda,rear_dock,normal,,09:00,17:00,WAY-064,Laptops,Laptop V3,pcs,13,3,10,8,10,8,in_stock
OUT058,,Waypoint Tech,Galle,Peliyagoda,rear_dock,normal,,09:00,17:00,WAY-065,Laptops,Chromebook V3,pcs,9,0,9,15,2,4,in_stock
OUT058,,Waypoint Tech,Galle,Peliyagoda,rear_dock,normal,,09:00,17:00,WAY-066,Computing,Desktop PC V3,pcs,24,2,22,1,0,10,in_stock
OUT058,,Waypoint Tech,Galle,Peliyagoda,rear_dock,normal,,09:00,17:00,WAY-067,Computing,Monitor 24-inch V3,pcs,24,6,18,6,0,4,in_stock
OUT058,,Waypoint Tech,Galle,Peliyagoda,rear_dock,normal,,09:00,17:00,WAY-068,Computing,Monitor 27-inch V3,pcs,5,3,2,6,2,4,low_stock
OUT058,,Waypoint Tech,Galle,Peliyagoda,rear_dock,normal,,09:00,17:00,WAY-069,Computing,Keyboard V3,pcs,26,2,24,4,0,8,in_stock
OUT058,,Waypoint Tech,Galle,Peliyagoda,rear_dock,normal,,09:00,17:00,WAY-070,Computing,Wireless Mouse V3,pcs,28,0,28,9,10,12,in_stock
OUT058,,Waypoint Tech,Galle,Peliyagoda,rear_dock,normal,,09:00,17:00,WAY-071,Computing,Webcam V3,pcs,10,8,2,1,0,12,low_stock
OUT058,,Waypoint Tech,Galle,Peliyagoda,rear_dock,normal,,09:00,17:00,WAY-072,Computing,USB-C Hub V3,pcs,11,7,4,12,5,3,in_stock
OUT058,,Waypoint Tech,Galle,Peliyagoda,rear_dock,normal,,09:00,17:00,WAY-073,Computing,Laptop Stand V3,pcs,20,5,15,13,5,10,in_stock
OUT058,,Waypoint Tech,Galle,Peliyagoda,rear_dock,normal,,09:00,17:00,WAY-074,Storage,USB Flash Drive 64GB V3,pcs,12,8,4,11,2,6,low_stock
OUT058,,Waypoint Tech,Galle,Peliyagoda,rear_dock,normal,,09:00,17:00,WAY-075,Storage,USB Flash Drive 128GB V3,pcs,12,3,9,14,10,3,in_stock
OUT058,,Waypoint Tech,Galle,Peliyagoda,rear_dock,normal,,09:00,17:00,WAY-076,Storage,External SSD 1TB V3,pcs,17,1,16,8,5,12,in_stock
OUT058,,Waypoint Tech,Galle,Peliyagoda,rear_dock,normal,,09:00,17:00,WAY-077,Storage,MicroSD 128GB V3,pcs,15,7,8,7,0,4,in_stock
OUT058,,Waypoint Tech,Galle,Peliyagoda,rear_dock,normal,,09:00,17:00,WAY-078,Networking,Wi-Fi Router V3,pcs,3,2,1,6,10,4,low_stock
OUT058,,Waypoint Tech,Galle,Peliyagoda,rear_dock,normal,,09:00,17:00,WAY-079,Networking,Wi-Fi Extender V3,pcs,9,7,2,8,5,8,low_stock
OUT058,,Waypoint Tech,Galle,Peliyagoda,rear_dock,normal,,09:00,17:00,WAY-080,Networking,Ethernet Cable 5m V3,pcs,8,4,4,4,0,5,low_stock
OUT058,,Waypoint Tech,Galle,Peliyagoda,rear_dock,normal,,09:00,17:00,WAY-081,Audio,Bluetooth Earbuds V3,pcs,27,5,22,9,10,12,in_stock
OUT058,,Waypoint Tech,Galle,Peliyagoda,rear_dock,normal,,09:00,17:00,WAY-082,Audio,Bluetooth Headphones V3,pcs,14,5,9,2,5,11,low_stock
OUT058,,Waypoint Tech,Galle,Peliyagoda,rear_dock,normal,,09:00,17:00,WAY-083,Audio,Bluetooth Speaker V3,pcs,27,2,25,3,10,4,in_stock
OUT058,,Waypoint Tech,Galle,Peliyagoda,rear_dock,normal,,09:00,17:00,WAY-084,Accessories,Phone Charger V3,pcs,24,8,16,16,0,8,in_stock
OUT058,,Waypoint Tech,Galle,Peliyagoda,rear_dock,normal,,09:00,17:00,WAY-085,Accessories,USB-C Cable V3,pcs,24,3,21,12,0,5,in_stock
OUT058,,Waypoint Tech,Galle,Peliyagoda,rear_dock,normal,,09:00,17:00,WAY-086,Accessories,Lightning Cable V3,pcs,28,5,23,5,0,11,in_stock
OUT058,,Waypoint Tech,Galle,Peliyagoda,rear_dock,normal,,09:00,17:00,WAY-087,Accessories,Power Bank 10000mAh V3,pcs,12,0,12,0,0,4,in_stock
OUT058,,Waypoint Tech,Galle,Peliyagoda,rear_dock,normal,,09:00,17:00,WAY-088,Accessories,Power Bank 20000mAh V3,pcs,9,1,8,4,10,8,low_stock
OUT058,,Waypoint Tech,Galle,Peliyagoda,rear_dock,normal,,09:00,17:00,WAY-089,Accessories,Phone Case V3,pcs,6,1,5,6,2,11,low_stock
OUT058,,Waypoint Tech,Galle,Peliyagoda,rear_dock,normal,,09:00,17:00,WAY-090,Accessories,Screen Protector V3,pcs,5,5,0,3,0,3,out_of_stock
OUT058,,Waypoint Tech,Galle,Peliyagoda,rear_dock,normal,,09:00,17:00,WAY-091,Mobile Phones,Smartphone V4,pcs,13,3,10,7,2,7,in_stock
OUT058,,Waypoint Tech,Galle,Peliyagoda,rear_dock,normal,,09:00,17:00,WAY-092,Mobile Phones,Feature Phone V4,pcs,10,6,4,4,5,6,low_stock
OUT058,,Waypoint Tech,Galle,Peliyagoda,rear_dock,normal,,09:00,17:00,WAY-093,Tablets,Android Tablet V4,pcs,7,6,1,5,0,12,low_stock
OUT058,,Waypoint Tech,Galle,Peliyagoda,rear_dock,normal,,09:00,17:00,WAY-094,Laptops,Laptop V4,pcs,27,5,22,13,0,3,in_stock
OUT058,,Waypoint Tech,Galle,Peliyagoda,rear_dock,normal,,09:00,17:00,WAY-095,Laptops,Chromebook V4,pcs,22,6,16,9,0,9,in_stock
OUT058,,Waypoint Tech,Galle,Peliyagoda,rear_dock,normal,,09:00,17:00,WAY-096,Computing,Desktop PC V4,pcs,8,3,5,8,5,6,low_stock
OUT058,,Waypoint Tech,Galle,Peliyagoda,rear_dock,normal,,09:00,17:00,WAY-097,Computing,Monitor 24-inch V4,pcs,27,5,22,6,2,8,in_stock
OUT058,,Waypoint Tech,Galle,Peliyagoda,rear_dock,normal,,09:00,17:00,WAY-098,Computing,Monitor 27-inch V4,pcs,5,2,3,4,10,6,low_stock
OUT058,,Waypoint Tech,Galle,Peliyagoda,rear_dock,normal,,09:00,17:00,WAY-099,Computing,Keyboard V4,pcs,14,2,12,12,5,5,in_stock
OUT058,,Waypoint Tech,Galle,Peliyagoda,rear_dock,normal,,09:00,17:00,WAY-100,Computing,Wireless Mouse V4,pcs,26,4,22,9,2,10,in_stock
OUT058,,Waypoint Tech,Galle,Peliyagoda,rear_dock,normal,,09:00,17:00,WAY-101,Computing,Webcam V4,pcs,7,2,5,9,0,4,in_stock
OUT058,,Waypoint Tech,Galle,Peliyagoda,rear_dock,normal,,09:00,17:00,WAY-102,Computing,USB-C Hub V4,pcs,4,2,2,0,2,9,low_stock
OUT058,,Waypoint Tech,Galle,Peliyagoda,rear_dock,normal,,09:00,17:00,WAY-103,Computing,Laptop Stand V4,pcs,21,0,21,12,0,4,in_stock
OUT058,,Waypoint Tech,Galle,Peliyagoda,rear_dock,normal,,09:00,17:00,WAY-104,Storage,USB Flash Drive 64GB V4,pcs,6,0,6,1,5,11,low_stock
OUT058,,Waypoint Tech,Galle,Peliyagoda,rear_dock,normal,,09:00,17:00,WAY-105,Storage,USB Flash Drive 128GB V4,pcs,6,2,4,6,0,4,low_stock
OUT058,,Waypoint Tech,Galle,Peliyagoda,rear_dock,normal,,09:00,17:00,WAY-106,Storage,External SSD 1TB V4,pcs,16,6,10,7,0,9,in_stock
OUT058,,Waypoint Tech,Galle,Peliyagoda,rear_dock,normal,,09:00,17:00,WAY-107,Storage,MicroSD 128GB V4,pcs,25,0,25,10,2,3,in_stock
OUT058,,Waypoint Tech,Galle,Peliyagoda,rear_dock,normal,,09:00,17:00,WAY-108,Networking,Wi-Fi Router V4,pcs,15,4,11,11,2,7,in_stock
OUT058,,Waypoint Tech,Galle,Peliyagoda,rear_dock,normal,,09:00,17:00,WAY-109,Networking,Wi-Fi Extender V4,pcs,8,0,8,4,5,6,in_stock
OUT058,,Waypoint Tech,Galle,Peliyagoda,rear_dock,normal,,09:00,17:00,WAY-110,Networking,Ethernet Cable 5m V4,pcs,3,2,1,5,0,3,low_stock
OUT058,,Waypoint Tech,Galle,Peliyagoda,rear_dock,normal,,09:00,17:00,WAY-111,Audio,Bluetooth Earbuds V4,pcs,9,7,2,16,2,9,low_stock
OUT058,,Waypoint Tech,Galle,Peliyagoda,rear_dock,normal,,09:00,17:00,WAY-112,Audio,Bluetooth Headphones V4,pcs,22,0,22,10,2,4,in_stock
OUT058,,Waypoint Tech,Galle,Peliyagoda,rear_dock,normal,,09:00,17:00,WAY-113,Audio,Bluetooth Speaker V4,pcs,12,4,8,4,0,8,low_stock
OUT058,,Waypoint Tech,Galle,Peliyagoda,rear_dock,normal,,09:00,17:00,WAY-114,Accessories,Phone Charger V4,pcs,23,3,20,7,5,5,in_stock
OUT058,,Waypoint Tech,Galle,Peliyagoda,rear_dock,normal,,09:00,17:00,WAY-115,Accessories,USB-C Cable V4,pcs,9,0,9,9,5,4,in_stock
OUT058,,Waypoint Tech,Galle,Peliyagoda,rear_dock,normal,,09:00,17:00,WAY-116,Accessories,Lightning Cable V4,pcs,10,8,2,6,2,10,low_stock
OUT058,,Waypoint Tech,Galle,Peliyagoda,rear_dock,normal,,09:00,17:00,WAY-117,Accessories,Power Bank 10000mAh V4,pcs,8,1,7,15,0,7,low_stock
OUT058,,Waypoint Tech,Galle,Peliyagoda,rear_dock,normal,,09:00,17:00,WAY-118,Accessories,Power Bank 20000mAh V4,pcs,26,5,21,5,2,10,in_stock
OUT058,,Waypoint Tech,Galle,Peliyagoda,rear_dock,normal,,09:00,17:00,WAY-119,Accessories,Phone Case V4,pcs,22,0,22,13,0,5,in_stock
OUT058,,Waypoint Tech,Galle,Peliyagoda,rear_dock,normal,,09:00,17:00,WAY-120,Accessories,Screen Protector V4,pcs,5,3,2,11,5,5,low_stock
OUT058,,Waypoint Tech,Galle,Peliyagoda,rear_dock,normal,,09:00,17:00,WAY-121,Mobile Phones,Smartphone V5,pcs,9,5,4,9,2,12,low_stock
OUT058,,Waypoint Tech,Galle,Peliyagoda,rear_dock,normal,,09:00,17:00,WAY-122,Mobile Phones,Feature Phone V5,pcs,14,2,12,2,10,4,in_stock
OUT058,,Waypoint Tech,Galle,Peliyagoda,rear_dock,normal,,09:00,17:00,WAY-123,Tablets,Android Tablet V5,pcs,26,0,26,15,0,11,in_stock
OUT058,,Waypoint Tech,Galle,Peliyagoda,rear_dock,normal,,09:00,17:00,WAY-124,Laptops,Laptop V5,pcs,24,4,20,11,0,11,in_stock
OUT058,,Waypoint Tech,Galle,Peliyagoda,rear_dock,normal,,09:00,17:00,WAY-125,Laptops,Chromebook V5,pcs,2,1,1,0,0,4,low_stock
OUT058,,Waypoint Tech,Galle,Peliyagoda,rear_dock,normal,,09:00,17:00,WAY-126,Computing,Desktop PC V5,pcs,5,3,2,13,0,5,low_stock
OUT058,,Waypoint Tech,Galle,Peliyagoda,rear_dock,normal,,09:00,17:00,WAY-127,Computing,Monitor 24-inch V5,pcs,14,3,11,3,0,5,in_stock
OUT058,,Waypoint Tech,Galle,Peliyagoda,rear_dock,normal,,09:00,17:00,WAY-128,Computing,Monitor 27-inch V5,pcs,13,0,13,16,0,4,in_stock
OUT058,,Waypoint Tech,Galle,Peliyagoda,rear_dock,normal,,09:00,17:00,WAY-129,Computing,Keyboard V5,pcs,7,3,4,11,0,5,low_stock
OUT058,,Waypoint Tech,Galle,Peliyagoda,rear_dock,normal,,09:00,17:00,WAY-130,Computing,Wireless Mouse V5,pcs,10,5,5,11,5,9,low_stock
OUT058,,Waypoint Tech,Galle,Peliyagoda,rear_dock,normal,,09:00,17:00,WAY-131,Computing,Webcam V5,pcs,6,5,1,9,5,11,low_stock
OUT058,,Waypoint Tech,Galle,Peliyagoda,rear_dock,normal,,09:00,17:00,WAY-132,Computing,USB-C Hub V5,pcs,8,4,4,13,10,9,low_stock
OUT058,,Waypoint Tech,Galle,Peliyagoda,rear_dock,normal,,09:00,17:00,WAY-133,Computing,Laptop Stand V5,pcs,14,3,11,4,2,7,in_stock
OUT058,,Waypoint Tech,Galle,Peliyagoda,rear_dock,normal,,09:00,17:00,WAY-134,Storage,USB Flash Drive 64GB V5,pcs,10,5,5,8,5,6,low_stock
OUT058,,Waypoint Tech,Galle,Peliyagoda,rear_dock,normal,,09:00,17:00,WAY-135,Storage,USB Flash Drive 128GB V5,pcs,9,4,5,12,0,8,low_stock
OUT058,,Waypoint Tech,Galle,Peliyagoda,rear_dock,normal,,09:00,17:00,WAY-136,Storage,External SSD 1TB V5,pcs,21,8,13,10,2,11,in_stock
OUT058,,Waypoint Tech,Galle,Peliyagoda,rear_dock,normal,,09:00,17:00,WAY-137,Storage,MicroSD 128GB V5,pcs,11,8,3,13,0,5,low_stock
OUT058,,Waypoint Tech,Galle,Peliyagoda,rear_dock,normal,,09:00,17:00,WAY-138,Networking,Wi-Fi Router V5,pcs,3,1,2,15,10,11,low_stock
OUT058,,Waypoint Tech,Galle,Peliyagoda,rear_dock,normal,,09:00,17:00,WAY-139,Networking,Wi-Fi Extender V5,pcs,9,6,3,14,0,3,low_stock
OUT058,,Waypoint Tech,Galle,Peliyagoda,rear_dock,normal,,09:00,17:00,WAY-140,Networking,Ethernet Cable 5m V5,pcs,24,0,24,6,2,4,in_stock
OUT058,,Waypoint Tech,Galle,Peliyagoda,rear_dock,normal,,09:00,17:00,WAY-141,Audio,Bluetooth Earbuds V5,pcs,21,6,15,4,0,10,in_stock
OUT058,,Waypoint Tech,Galle,Peliyagoda,rear_dock,normal,,09:00,17:00,WAY-142,Audio,Bluetooth Headphones V5,pcs,3,3,0,2,10,12,out_of_stock
OUT058,,Waypoint Tech,Galle,Peliyagoda,rear_dock,normal,,09:00,17:00,WAY-143,Audio,Bluetooth Speaker V5,pcs,12,8,4,9,0,3,in_stock
OUT058,,Waypoint Tech,Galle,Peliyagoda,rear_dock,normal,,09:00,17:00,WAY-144,Accessories,Phone Charger V5,pcs,17,7,10,5,0,3,in_stock
OUT058,,Waypoint Tech,Galle,Peliyagoda,rear_dock,normal,,09:00,17:00,WAY-145,Accessories,USB-C Cable V5,pcs,5,3,2,0,2,6,low_stock
OUT058,,Waypoint Tech,Galle,Peliyagoda,rear_dock,normal,,09:00,17:00,WAY-146,Accessories,Lightning Cable V5,pcs,10,1,9,5,0,8,in_stock
OUT058,,Waypoint Tech,Galle,Peliyagoda,rear_dock,normal,,09:00,17:00,WAY-147,Accessories,Power Bank 10000mAh V5,pcs,19,1,18,15,2,8,in_stock
OUT058,,Waypoint Tech,Galle,Peliyagoda,rear_dock,normal,,09:00,17:00,WAY-148,Accessories,Power Bank 20000mAh V5,pcs,8,5,3,15,5,3,low_stock
OUT058,,Waypoint Tech,Galle,Peliyagoda,rear_dock,normal,,09:00,17:00,WAY-149,Accessories,Phone Case V5,pcs,14,3,11,8,2,11,low_stock
OUT058,,Waypoint Tech,Galle,Peliyagoda,rear_dock,normal,,09:00,17:00,WAY-150,Accessories,Screen Protector V5,pcs,27,5,22,0,0,7,in_stock
OUT058,,Waypoint Tech,Galle,Peliyagoda,rear_dock,normal,,09:00,17:00,WAY-151,Mobile Phones,Smartphone V6,pcs,17,6,11,10,0,5,in_stock
OUT058,,Waypoint Tech,Galle,Peliyagoda,rear_dock,normal,,09:00,17:00,WAY-152,Mobile Phones,Feature Phone V6,pcs,24,3,21,10,10,12,in_stock
OUT058,,Waypoint Tech,Galle,Peliyagoda,rear_dock,normal,,09:00,17:00,WAY-153,Tablets,Android Tablet V6,pcs,18,2,16,9,0,3,in_stock
OUT058,,Waypoint Tech,Galle,Peliyagoda,rear_dock,normal,,09:00,17:00,WAY-154,Laptops,Laptop V6,pcs,24,6,18,3,0,10,in_stock
OUT058,,Waypoint Tech,Galle,Peliyagoda,rear_dock,normal,,09:00,17:00,WAY-155,Laptops,Chromebook V6,pcs,12,2,10,8,0,6,in_stock
OUT058,,Waypoint Tech,Galle,Peliyagoda,rear_dock,normal,,09:00,17:00,WAY-156,Computing,Desktop PC V6,pcs,25,2,23,6,10,5,in_stock
OUT058,,Waypoint Tech,Galle,Peliyagoda,rear_dock,normal,,09:00,17:00,WAY-157,Computing,Monitor 24-inch V6,pcs,17,8,9,13,5,3,in_stock
OUT058,,Waypoint Tech,Galle,Peliyagoda,rear_dock,normal,,09:00,17:00,WAY-158,Computing,Monitor 27-inch V6,pcs,22,0,22,13,2,11,in_stock
OUT058,,Waypoint Tech,Galle,Peliyagoda,rear_dock,normal,,09:00,17:00,WAY-159,Computing,Keyboard V6,pcs,7,2,5,15,0,12,low_stock
OUT058,,Waypoint Tech,Galle,Peliyagoda,rear_dock,normal,,09:00,17:00,WAY-160,Computing,Wireless Mouse V6,pcs,10,2,8,7,0,5,in_stock
OUT058,,Waypoint Tech,Galle,Peliyagoda,rear_dock,normal,,09:00,17:00,WAY-161,Computing,Webcam V6,pcs,13,6,7,4,2,7,low_stock
OUT058,,Waypoint Tech,Galle,Peliyagoda,rear_dock,normal,,09:00,17:00,WAY-162,Computing,USB-C Hub V6,pcs,24,3,21,5,5,5,in_stock
OUT058,,Waypoint Tech,Galle,Peliyagoda,rear_dock,normal,,09:00,17:00,WAY-163,Computing,Laptop Stand V6,pcs,22,1,21,1,0,6,in_stock
OUT058,,Waypoint Tech,Galle,Peliyagoda,rear_dock,normal,,09:00,17:00,WAY-164,Storage,USB Flash Drive 64GB V6,pcs,25,6,19,0,0,8,in_stock
OUT058,,Waypoint Tech,Galle,Peliyagoda,rear_dock,normal,,09:00,17:00,WAY-165,Storage,USB Flash Drive 128GB V6,pcs,22,8,14,15,0,6,in_stock
OUT058,,Waypoint Tech,Galle,Peliyagoda,rear_dock,normal,,09:00,17:00,WAY-166,Storage,External SSD 1TB V6,pcs,5,1,4,4,2,10,low_stock
OUT058,,Waypoint Tech,Galle,Peliyagoda,rear_dock,normal,,09:00,17:00,WAY-167,Storage,MicroSD 128GB V6,pcs,22,3,19,13,10,12,in_stock
OUT058,,Waypoint Tech,Galle,Peliyagoda,rear_dock,normal,,09:00,17:00,WAY-168,Networking,Wi-Fi Router V6,pcs,8,5,3,14,0,3,low_stock
OUT058,,Waypoint Tech,Galle,Peliyagoda,rear_dock,normal,,09:00,17:00,WAY-169,Networking,Wi-Fi Extender V6,pcs,24,5,19,6,0,4,in_stock
OUT058,,Waypoint Tech,Galle,Peliyagoda,rear_dock,normal,,09:00,17:00,WAY-170,Networking,Ethernet Cable 5m V6,pcs,4,2,2,12,0,9,low_stock
OUT058,,Waypoint Tech,Galle,Peliyagoda,rear_dock,normal,,09:00,17:00,WAY-171,Audio,Bluetooth Earbuds V6,pcs,3,2,1,5,2,10,low_stock
OUT058,,Waypoint Tech,Galle,Peliyagoda,rear_dock,normal,,09:00,17:00,WAY-172,Audio,Bluetooth Headphones V6,pcs,10,4,6,13,10,7,low_stock
OUT058,,Waypoint Tech,Galle,Peliyagoda,rear_dock,normal,,09:00,17:00,WAY-173,Audio,Bluetooth Speaker V6,pcs,19,2,17,5,0,11,in_stock
OUT058,,Waypoint Tech,Galle,Peliyagoda,rear_dock,normal,,09:00,17:00,WAY-174,Accessories,Phone Charger V6,pcs,26,1,25,2,0,9,in_stock
OUT058,,Waypoint Tech,Galle,Peliyagoda,rear_dock,normal,,09:00,17:00,WAY-175,Accessories,USB-C Cable V6,pcs,26,3,23,3,0,12,in_stock
OUT058,,Waypoint Tech,Galle,Peliyagoda,rear_dock,normal,,09:00,17:00,WAY-176,Accessories,Lightning Cable V6,pcs,25,2,23,7,0,3,in_stock
OUT058,,Waypoint Tech,Galle,Peliyagoda,rear_dock,normal,,09:00,17:00,WAY-177,Accessories,Power Bank 10000mAh V6,pcs,9,1,8,12,0,7,in_stock
OUT058,,Waypoint Tech,Galle,Peliyagoda,rear_dock,normal,,09:00,17:00,WAY-178,Accessories,Power Bank 20000mAh V6,pcs,19,8,11,12,5,5,in_stock
OUT058,,Waypoint Tech,Galle,Peliyagoda,rear_dock,normal,,09:00,17:00,WAY-179,Accessories,Phone Case V6,pcs,9,3,6,7,0,10,low_stock
OUT058,,Waypoint Tech,Galle,Peliyagoda,rear_dock,normal,,09:00,17:00,WAY-180,Accessories,Screen Protector V6,pcs,4,3,1,13,10,5,low_stock
OUT058,,Waypoint Tech,Galle,Peliyagoda,rear_dock,normal,,09:00,17:00,WAY-181,Mobile Phones,Smartphone V7,pcs,13,3,10,16,0,12,low_stock
OUT058,,Waypoint Tech,Galle,Peliyagoda,rear_dock,normal,,09:00,17:00,WAY-182,Mobile Phones,Feature Phone V7,pcs,21,2,19,10,2,3,in_stock
OUT058,,Waypoint Tech,Galle,Peliyagoda,rear_dock,normal,,09:00,17:00,WAY-183,Tablets,Android Tablet V7,pcs,12,0,12,6,5,9,in_stock
OUT058,,Waypoint Tech,Galle,Peliyagoda,rear_dock,normal,,09:00,17:00,WAY-184,Laptops,Laptop V7,pcs,2,0,2,6,0,5,low_stock
OUT058,,Waypoint Tech,Galle,Peliyagoda,rear_dock,normal,,09:00,17:00,WAY-185,Laptops,Chromebook V7,pcs,23,8,15,11,0,9,in_stock
OUT058,,Waypoint Tech,Galle,Peliyagoda,rear_dock,normal,,09:00,17:00,WAY-186,Computing,Desktop PC V7,pcs,5,0,5,3,2,4,in_stock
OUT058,,Waypoint Tech,Galle,Peliyagoda,rear_dock,normal,,09:00,17:00,WAY-187,Computing,Monitor 24-inch V7,pcs,25,3,22,10,2,8,in_stock
OUT058,,Waypoint Tech,Galle,Peliyagoda,rear_dock,normal,,09:00,17:00,WAY-188,Computing,Monitor 27-inch V7,pcs,8,6,2,2,0,8,low_stock
OUT058,,Waypoint Tech,Galle,Peliyagoda,rear_dock,normal,,09:00,17:00,WAY-189,Computing,Keyboard V7,pcs,15,2,13,9,0,7,in_stock
OUT058,,Waypoint Tech,Galle,Peliyagoda,rear_dock,normal,,09:00,17:00,WAY-190,Computing,Wireless Mouse V7,pcs,5,3,2,15,0,7,low_stock
OUT058,,Waypoint Tech,Galle,Peliyagoda,rear_dock,normal,,09:00,17:00,WAY-191,Computing,Webcam V7,pcs,11,6,5,2,0,6,low_stock
OUT058,,Waypoint Tech,Galle,Peliyagoda,rear_dock,normal,,09:00,17:00,WAY-192,Computing,USB-C Hub V7,pcs,23,4,19,14,0,9,in_stock
OUT058,,Waypoint Tech,Galle,Peliyagoda,rear_dock,normal,,09:00,17:00,WAY-193,Computing,Laptop Stand V7,pcs,19,7,12,14,2,7,in_stock
OUT058,,Waypoint Tech,Galle,Peliyagoda,rear_dock,normal,,09:00,17:00,WAY-194,Storage,USB Flash Drive 64GB V7,pcs,12,5,7,15,0,3,in_stock
OUT058,,Waypoint Tech,Galle,Peliyagoda,rear_dock,normal,,09:00,17:00,WAY-195,Storage,USB Flash Drive 128GB V7,pcs,10,5,5,1,0,12,low_stock
OUT058,,Waypoint Tech,Galle,Peliyagoda,rear_dock,normal,,09:00,17:00,WAY-196,Storage,External SSD 1TB V7,pcs,25,6,19,5,0,8,in_stock
OUT058,,Waypoint Tech,Galle,Peliyagoda,rear_dock,normal,,09:00,17:00,WAY-197,Storage,MicroSD 128GB V7,pcs,16,5,11,6,5,7,in_stock
OUT058,,Waypoint Tech,Galle,Peliyagoda,rear_dock,normal,,09:00,17:00,WAY-198,Networking,Wi-Fi Router V7,pcs,18,7,11,3,0,9,in_stock
OUT058,,Waypoint Tech,Galle,Peliyagoda,rear_dock,normal,,09:00,17:00,WAY-199,Networking,Wi-Fi Extender V7,pcs,4,3,1,10,10,6,low_stock
OUT058,,Waypoint Tech,Galle,Peliyagoda,rear_dock,normal,,09:00,17:00,WAY-200,Networking,Ethernet Cable 5m V7,pcs,24,3,21,0,2,7,in_stock
OUT064,,Waypoint Tech,Matara,Peliyagoda,rear_dock,normal,,09:00,17:00,WAY-001,Mobile Phones,Smartphone,pcs,19,5,14,0,10,12,in_stock
OUT064,,Waypoint Tech,Matara,Peliyagoda,rear_dock,normal,,09:00,17:00,WAY-002,Mobile Phones,Feature Phone,pcs,23,5,18,12,10,6,in_stock
OUT064,,Waypoint Tech,Matara,Peliyagoda,rear_dock,normal,,09:00,17:00,WAY-003,Tablets,Android Tablet,pcs,6,4,2,9,10,7,low_stock
OUT064,,Waypoint Tech,Matara,Peliyagoda,rear_dock,normal,,09:00,17:00,WAY-004,Laptops,Laptop,pcs,19,2,17,7,0,8,in_stock
OUT064,,Waypoint Tech,Matara,Peliyagoda,rear_dock,normal,,09:00,17:00,WAY-005,Laptops,Chromebook,pcs,24,0,24,3,0,5,in_stock
OUT064,,Waypoint Tech,Matara,Peliyagoda,rear_dock,normal,,09:00,17:00,WAY-006,Computing,Desktop PC,pcs,2,2,0,0,10,7,out_of_stock
OUT064,,Waypoint Tech,Matara,Peliyagoda,rear_dock,normal,,09:00,17:00,WAY-007,Computing,Monitor 24-inch,pcs,18,0,18,11,0,5,in_stock
OUT064,,Waypoint Tech,Matara,Peliyagoda,rear_dock,normal,,09:00,17:00,WAY-008,Computing,Monitor 27-inch,pcs,9,5,4,11,0,10,low_stock
OUT064,,Waypoint Tech,Matara,Peliyagoda,rear_dock,normal,,09:00,17:00,WAY-009,Computing,Keyboard,pcs,28,1,27,8,10,7,in_stock
OUT064,,Waypoint Tech,Matara,Peliyagoda,rear_dock,normal,,09:00,17:00,WAY-010,Computing,Wireless Mouse,pcs,21,2,19,14,10,7,in_stock
OUT064,,Waypoint Tech,Matara,Peliyagoda,rear_dock,normal,,09:00,17:00,WAY-011,Computing,Webcam,pcs,7,0,7,4,2,11,low_stock
OUT064,,Waypoint Tech,Matara,Peliyagoda,rear_dock,normal,,09:00,17:00,WAY-012,Computing,USB-C Hub,pcs,16,1,15,15,0,7,in_stock
OUT064,,Waypoint Tech,Matara,Peliyagoda,rear_dock,normal,,09:00,17:00,WAY-013,Computing,Laptop Stand,pcs,12,5,7,9,0,9,low_stock
OUT064,,Waypoint Tech,Matara,Peliyagoda,rear_dock,normal,,09:00,17:00,WAY-014,Storage,USB Flash Drive 64GB,pcs,26,8,18,16,2,9,in_stock
OUT064,,Waypoint Tech,Matara,Peliyagoda,rear_dock,normal,,09:00,17:00,WAY-015,Storage,USB Flash Drive 128GB,pcs,8,4,4,2,0,12,low_stock
OUT064,,Waypoint Tech,Matara,Peliyagoda,rear_dock,normal,,09:00,17:00,WAY-016,Storage,External SSD 1TB,pcs,9,2,7,6,5,10,low_stock
OUT064,,Waypoint Tech,Matara,Peliyagoda,rear_dock,normal,,09:00,17:00,WAY-017,Storage,MicroSD 128GB,pcs,4,1,3,16,0,8,low_stock
OUT064,,Waypoint Tech,Matara,Peliyagoda,rear_dock,normal,,09:00,17:00,WAY-018,Networking,Wi-Fi Router,pcs,23,8,15,16,2,12,in_stock
OUT064,,Waypoint Tech,Matara,Peliyagoda,rear_dock,normal,,09:00,17:00,WAY-019,Networking,Wi-Fi Extender,pcs,19,6,13,9,0,12,in_stock
OUT064,,Waypoint Tech,Matara,Peliyagoda,rear_dock,normal,,09:00,17:00,WAY-020,Networking,Ethernet Cable 5m,pcs,24,7,17,2,2,10,in_stock
OUT064,,Waypoint Tech,Matara,Peliyagoda,rear_dock,normal,,09:00,17:00,WAY-021,Audio,Bluetooth Earbuds,pcs,20,6,14,16,2,6,in_stock
OUT064,,Waypoint Tech,Matara,Peliyagoda,rear_dock,normal,,09:00,17:00,WAY-022,Audio,Bluetooth Headphones,pcs,24,3,21,1,0,4,in_stock
OUT064,,Waypoint Tech,Matara,Peliyagoda,rear_dock,normal,,09:00,17:00,WAY-023,Audio,Bluetooth Speaker,pcs,3,1,2,13,0,9,low_stock
OUT064,,Waypoint Tech,Matara,Peliyagoda,rear_dock,normal,,09:00,17:00,WAY-024,Accessories,Phone Charger,pcs,6,3,3,9,2,11,low_stock
OUT064,,Waypoint Tech,Matara,Peliyagoda,rear_dock,normal,,09:00,17:00,WAY-025,Accessories,USB-C Cable,pcs,19,4,15,6,0,6,in_stock
OUT064,,Waypoint Tech,Matara,Peliyagoda,rear_dock,normal,,09:00,17:00,WAY-026,Accessories,Lightning Cable,pcs,25,4,21,6,0,7,in_stock
OUT064,,Waypoint Tech,Matara,Peliyagoda,rear_dock,normal,,09:00,17:00,WAY-027,Accessories,Power Bank 10000mAh,pcs,7,4,3,15,10,4,low_stock
OUT064,,Waypoint Tech,Matara,Peliyagoda,rear_dock,normal,,09:00,17:00,WAY-028,Accessories,Power Bank 20000mAh,pcs,2,0,2,11,5,4,low_stock
OUT064,,Waypoint Tech,Matara,Peliyagoda,rear_dock,normal,,09:00,17:00,WAY-029,Accessories,Phone Case,pcs,23,1,22,5,0,5,in_stock
OUT064,,Waypoint Tech,Matara,Peliyagoda,rear_dock,normal,,09:00,17:00,WAY-030,Accessories,Screen Protector,pcs,5,3,2,3,2,8,low_stock
OUT064,,Waypoint Tech,Matara,Peliyagoda,rear_dock,normal,,09:00,17:00,WAY-031,Mobile Phones,Smartphone V2,pcs,3,2,1,10,10,9,low_stock
OUT064,,Waypoint Tech,Matara,Peliyagoda,rear_dock,normal,,09:00,17:00,WAY-032,Mobile Phones,Feature Phone V2,pcs,21,6,15,11,0,9,in_stock
OUT064,,Waypoint Tech,Matara,Peliyagoda,rear_dock,normal,,09:00,17:00,WAY-033,Tablets,Android Tablet V2,pcs,11,5,6,9,5,6,low_stock
OUT064,,Waypoint Tech,Matara,Peliyagoda,rear_dock,normal,,09:00,17:00,WAY-034,Laptops,Laptop V2,pcs,10,1,9,7,10,5,in_stock
OUT064,,Waypoint Tech,Matara,Peliyagoda,rear_dock,normal,,09:00,17:00,WAY-035,Laptops,Chromebook V2,pcs,27,2,25,9,2,3,in_stock
OUT064,,Waypoint Tech,Matara,Peliyagoda,rear_dock,normal,,09:00,17:00,WAY-036,Computing,Desktop PC V2,pcs,23,6,17,15,0,4,in_stock
OUT064,,Waypoint Tech,Matara,Peliyagoda,rear_dock,normal,,09:00,17:00,WAY-037,Computing,Monitor 24-inch V2,pcs,7,7,0,16,0,3,out_of_stock
OUT064,,Waypoint Tech,Matara,Peliyagoda,rear_dock,normal,,09:00,17:00,WAY-038,Computing,Monitor 27-inch V2,pcs,20,8,12,4,0,3,in_stock
OUT064,,Waypoint Tech,Matara,Peliyagoda,rear_dock,normal,,09:00,17:00,WAY-039,Computing,Keyboard V2,pcs,9,4,5,11,10,4,in_stock
OUT064,,Waypoint Tech,Matara,Peliyagoda,rear_dock,normal,,09:00,17:00,WAY-040,Computing,Wireless Mouse V2,pcs,3,1,2,6,10,6,low_stock
OUT064,,Waypoint Tech,Matara,Peliyagoda,rear_dock,normal,,09:00,17:00,WAY-041,Computing,Webcam V2,pcs,10,5,5,3,10,6,low_stock
OUT064,,Waypoint Tech,Matara,Peliyagoda,rear_dock,normal,,09:00,17:00,WAY-042,Computing,USB-C Hub V2,pcs,17,3,14,9,0,8,in_stock
OUT064,,Waypoint Tech,Matara,Peliyagoda,rear_dock,normal,,09:00,17:00,WAY-043,Computing,Laptop Stand V2,pcs,23,2,21,2,10,7,in_stock
OUT064,,Waypoint Tech,Matara,Peliyagoda,rear_dock,normal,,09:00,17:00,WAY-044,Storage,USB Flash Drive 64GB V2,pcs,5,3,2,10,0,4,low_stock
OUT064,,Waypoint Tech,Matara,Peliyagoda,rear_dock,normal,,09:00,17:00,WAY-045,Storage,USB Flash Drive 128GB V2,pcs,24,3,21,15,10,11,in_stock
OUT064,,Waypoint Tech,Matara,Peliyagoda,rear_dock,normal,,09:00,17:00,WAY-046,Storage,External SSD 1TB V2,pcs,3,2,1,3,0,9,low_stock
OUT064,,Waypoint Tech,Matara,Peliyagoda,rear_dock,normal,,09:00,17:00,WAY-047,Storage,MicroSD 128GB V2,pcs,13,8,5,6,0,10,low_stock
OUT064,,Waypoint Tech,Matara,Peliyagoda,rear_dock,normal,,09:00,17:00,WAY-048,Networking,Wi-Fi Router V2,pcs,16,0,16,9,0,7,in_stock
OUT064,,Waypoint Tech,Matara,Peliyagoda,rear_dock,normal,,09:00,17:00,WAY-049,Networking,Wi-Fi Extender V2,pcs,14,2,12,9,0,9,in_stock
OUT064,,Waypoint Tech,Matara,Peliyagoda,rear_dock,normal,,09:00,17:00,WAY-050,Networking,Ethernet Cable 5m V2,pcs,3,1,2,5,10,6,low_stock
OUT064,,Waypoint Tech,Matara,Peliyagoda,rear_dock,normal,,09:00,17:00,WAY-051,Audio,Bluetooth Earbuds V2,pcs,27,3,24,6,2,4,in_stock
OUT064,,Waypoint Tech,Matara,Peliyagoda,rear_dock,normal,,09:00,17:00,WAY-052,Audio,Bluetooth Headphones V2,pcs,26,0,26,9,10,9,in_stock
OUT064,,Waypoint Tech,Matara,Peliyagoda,rear_dock,normal,,09:00,17:00,WAY-053,Audio,Bluetooth Speaker V2,pcs,7,6,1,3,0,12,low_stock
OUT064,,Waypoint Tech,Matara,Peliyagoda,rear_dock,normal,,09:00,17:00,WAY-054,Accessories,Phone Charger V2,pcs,4,3,1,16,5,6,low_stock
OUT064,,Waypoint Tech,Matara,Peliyagoda,rear_dock,normal,,09:00,17:00,WAY-055,Accessories,USB-C Cable V2,pcs,5,3,2,2,0,7,low_stock
OUT064,,Waypoint Tech,Matara,Peliyagoda,rear_dock,normal,,09:00,17:00,WAY-056,Accessories,Lightning Cable V2,pcs,12,1,11,1,0,9,in_stock
OUT064,,Waypoint Tech,Matara,Peliyagoda,rear_dock,normal,,09:00,17:00,WAY-057,Accessories,Power Bank 10000mAh V2,pcs,5,1,4,15,2,8,low_stock
OUT064,,Waypoint Tech,Matara,Peliyagoda,rear_dock,normal,,09:00,17:00,WAY-058,Accessories,Power Bank 20000mAh V2,pcs,26,7,19,13,0,8,in_stock
OUT064,,Waypoint Tech,Matara,Peliyagoda,rear_dock,normal,,09:00,17:00,WAY-059,Accessories,Phone Case V2,pcs,4,2,2,8,2,10,low_stock
OUT064,,Waypoint Tech,Matara,Peliyagoda,rear_dock,normal,,09:00,17:00,WAY-060,Accessories,Screen Protector V2,pcs,23,1,22,0,2,9,in_stock
OUT064,,Waypoint Tech,Matara,Peliyagoda,rear_dock,normal,,09:00,17:00,WAY-061,Mobile Phones,Smartphone V3,pcs,28,5,23,8,10,3,in_stock
OUT064,,Waypoint Tech,Matara,Peliyagoda,rear_dock,normal,,09:00,17:00,WAY-062,Mobile Phones,Feature Phone V3,pcs,6,5,1,16,0,8,low_stock
OUT064,,Waypoint Tech,Matara,Peliyagoda,rear_dock,normal,,09:00,17:00,WAY-063,Tablets,Android Tablet V3,pcs,27,0,27,8,2,5,in_stock
OUT064,,Waypoint Tech,Matara,Peliyagoda,rear_dock,normal,,09:00,17:00,WAY-064,Laptops,Laptop V3,pcs,3,0,3,9,10,6,low_stock
OUT064,,Waypoint Tech,Matara,Peliyagoda,rear_dock,normal,,09:00,17:00,WAY-065,Laptops,Chromebook V3,pcs,4,2,2,7,0,12,low_stock
OUT064,,Waypoint Tech,Matara,Peliyagoda,rear_dock,normal,,09:00,17:00,WAY-066,Computing,Desktop PC V3,pcs,22,8,14,2,5,9,in_stock
OUT064,,Waypoint Tech,Matara,Peliyagoda,rear_dock,normal,,09:00,17:00,WAY-067,Computing,Monitor 24-inch V3,pcs,21,5,16,9,0,7,in_stock
OUT064,,Waypoint Tech,Matara,Peliyagoda,rear_dock,normal,,09:00,17:00,WAY-068,Computing,Monitor 27-inch V3,pcs,7,4,3,6,0,9,low_stock
OUT064,,Waypoint Tech,Matara,Peliyagoda,rear_dock,normal,,09:00,17:00,WAY-069,Computing,Keyboard V3,pcs,9,7,2,15,5,7,low_stock
OUT064,,Waypoint Tech,Matara,Peliyagoda,rear_dock,normal,,09:00,17:00,WAY-070,Computing,Wireless Mouse V3,pcs,9,7,2,9,0,7,low_stock
OUT064,,Waypoint Tech,Matara,Peliyagoda,rear_dock,normal,,09:00,17:00,WAY-071,Computing,Webcam V3,pcs,23,0,23,9,5,12,in_stock
OUT064,,Waypoint Tech,Matara,Peliyagoda,rear_dock,normal,,09:00,17:00,WAY-072,Computing,USB-C Hub V3,pcs,15,1,14,9,0,5,in_stock
OUT064,,Waypoint Tech,Matara,Peliyagoda,rear_dock,normal,,09:00,17:00,WAY-073,Computing,Laptop Stand V3,pcs,4,3,1,4,0,5,low_stock
OUT064,,Waypoint Tech,Matara,Peliyagoda,rear_dock,normal,,09:00,17:00,WAY-074,Storage,USB Flash Drive 64GB V3,pcs,21,7,14,15,0,4,in_stock
OUT064,,Waypoint Tech,Matara,Peliyagoda,rear_dock,normal,,09:00,17:00,WAY-075,Storage,USB Flash Drive 128GB V3,pcs,16,7,9,7,0,3,in_stock
OUT064,,Waypoint Tech,Matara,Peliyagoda,rear_dock,normal,,09:00,17:00,WAY-076,Storage,External SSD 1TB V3,pcs,7,2,5,5,2,8,low_stock
OUT064,,Waypoint Tech,Matara,Peliyagoda,rear_dock,normal,,09:00,17:00,WAY-077,Storage,MicroSD 128GB V3,pcs,19,4,15,5,10,9,in_stock
OUT064,,Waypoint Tech,Matara,Peliyagoda,rear_dock,normal,,09:00,17:00,WAY-078,Networking,Wi-Fi Router V3,pcs,11,4,7,2,2,3,in_stock
OUT064,,Waypoint Tech,Matara,Peliyagoda,rear_dock,normal,,09:00,17:00,WAY-079,Networking,Wi-Fi Extender V3,pcs,27,0,27,8,5,5,in_stock
OUT064,,Waypoint Tech,Matara,Peliyagoda,rear_dock,normal,,09:00,17:00,WAY-080,Networking,Ethernet Cable 5m V3,pcs,12,7,5,11,0,12,low_stock
OUT064,,Waypoint Tech,Matara,Peliyagoda,rear_dock,normal,,09:00,17:00,WAY-081,Audio,Bluetooth Earbuds V3,pcs,9,3,6,0,5,9,low_stock
OUT064,,Waypoint Tech,Matara,Peliyagoda,rear_dock,normal,,09:00,17:00,WAY-082,Audio,Bluetooth Headphones V3,pcs,17,7,10,16,0,12,low_stock
OUT064,,Waypoint Tech,Matara,Peliyagoda,rear_dock,normal,,09:00,17:00,WAY-083,Audio,Bluetooth Speaker V3,pcs,10,5,5,14,10,7,low_stock
OUT064,,Waypoint Tech,Matara,Peliyagoda,rear_dock,normal,,09:00,17:00,WAY-084,Accessories,Phone Charger V3,pcs,24,3,21,2,0,12,in_stock
OUT064,,Waypoint Tech,Matara,Peliyagoda,rear_dock,normal,,09:00,17:00,WAY-085,Accessories,USB-C Cable V3,pcs,14,2,12,9,5,9,in_stock
OUT064,,Waypoint Tech,Matara,Peliyagoda,rear_dock,normal,,09:00,17:00,WAY-086,Accessories,Lightning Cable V3,pcs,24,4,20,5,0,12,in_stock
OUT064,,Waypoint Tech,Matara,Peliyagoda,rear_dock,normal,,09:00,17:00,WAY-087,Accessories,Power Bank 10000mAh V3,pcs,12,5,7,5,0,4,in_stock
OUT064,,Waypoint Tech,Matara,Peliyagoda,rear_dock,normal,,09:00,17:00,WAY-088,Accessories,Power Bank 20000mAh V3,pcs,25,6,19,14,0,8,in_stock
OUT064,,Waypoint Tech,Matara,Peliyagoda,rear_dock,normal,,09:00,17:00,WAY-089,Accessories,Phone Case V3,pcs,22,8,14,3,0,7,in_stock
OUT064,,Waypoint Tech,Matara,Peliyagoda,rear_dock,normal,,09:00,17:00,WAY-090,Accessories,Screen Protector V3,pcs,18,8,10,16,0,8,in_stock
OUT064,,Waypoint Tech,Matara,Peliyagoda,rear_dock,normal,,09:00,17:00,WAY-091,Mobile Phones,Smartphone V4,pcs,24,8,16,3,0,12,in_stock
OUT064,,Waypoint Tech,Matara,Peliyagoda,rear_dock,normal,,09:00,17:00,WAY-092,Mobile Phones,Feature Phone V4,pcs,5,2,3,2,0,3,low_stock
OUT064,,Waypoint Tech,Matara,Peliyagoda,rear_dock,normal,,09:00,17:00,WAY-093,Tablets,Android Tablet V4,pcs,10,5,5,12,10,3,in_stock
OUT064,,Waypoint Tech,Matara,Peliyagoda,rear_dock,normal,,09:00,17:00,WAY-094,Laptops,Laptop V4,pcs,6,6,0,7,0,11,out_of_stock
OUT064,,Waypoint Tech,Matara,Peliyagoda,rear_dock,normal,,09:00,17:00,WAY-095,Laptops,Chromebook V4,pcs,12,2,10,9,10,10,low_stock
OUT064,,Waypoint Tech,Matara,Peliyagoda,rear_dock,normal,,09:00,17:00,WAY-096,Computing,Desktop PC V4,pcs,15,0,15,13,0,7,in_stock
OUT064,,Waypoint Tech,Matara,Peliyagoda,rear_dock,normal,,09:00,17:00,WAY-097,Computing,Monitor 24-inch V4,pcs,24,3,21,14,10,9,in_stock
OUT064,,Waypoint Tech,Matara,Peliyagoda,rear_dock,normal,,09:00,17:00,WAY-098,Computing,Monitor 27-inch V4,pcs,9,5,4,9,10,6,low_stock
OUT064,,Waypoint Tech,Matara,Peliyagoda,rear_dock,normal,,09:00,17:00,WAY-099,Computing,Keyboard V4,pcs,13,8,5,9,10,5,low_stock
OUT064,,Waypoint Tech,Matara,Peliyagoda,rear_dock,normal,,09:00,17:00,WAY-100,Computing,Wireless Mouse V4,pcs,3,2,1,9,0,12,low_stock
OUT064,,Waypoint Tech,Matara,Peliyagoda,rear_dock,normal,,09:00,17:00,WAY-101,Computing,Webcam V4,pcs,4,0,4,15,2,3,in_stock
OUT064,,Waypoint Tech,Matara,Peliyagoda,rear_dock,normal,,09:00,17:00,WAY-102,Computing,USB-C Hub V4,pcs,22,8,14,16,0,9,in_stock
OUT064,,Waypoint Tech,Matara,Peliyagoda,rear_dock,normal,,09:00,17:00,WAY-103,Computing,Laptop Stand V4,pcs,21,8,13,4,0,4,in_stock
OUT064,,Waypoint Tech,Matara,Peliyagoda,rear_dock,normal,,09:00,17:00,WAY-104,Storage,USB Flash Drive 64GB V4,pcs,20,0,20,8,2,4,in_stock
OUT064,,Waypoint Tech,Matara,Peliyagoda,rear_dock,normal,,09:00,17:00,WAY-105,Storage,USB Flash Drive 128GB V4,pcs,18,3,15,2,0,10,in_stock
OUT064,,Waypoint Tech,Matara,Peliyagoda,rear_dock,normal,,09:00,17:00,WAY-106,Storage,External SSD 1TB V4,pcs,23,2,21,2,10,10,in_stock
OUT064,,Waypoint Tech,Matara,Peliyagoda,rear_dock,normal,,09:00,17:00,WAY-107,Storage,MicroSD 128GB V4,pcs,3,0,3,6,0,5,low_stock
OUT064,,Waypoint Tech,Matara,Peliyagoda,rear_dock,normal,,09:00,17:00,WAY-108,Networking,Wi-Fi Router V4,pcs,2,0,2,6,5,6,low_stock
OUT064,,Waypoint Tech,Matara,Peliyagoda,rear_dock,normal,,09:00,17:00,WAY-109,Networking,Wi-Fi Extender V4,pcs,9,7,2,15,0,4,low_stock
OUT064,,Waypoint Tech,Matara,Peliyagoda,rear_dock,normal,,09:00,17:00,WAY-110,Networking,Ethernet Cable 5m V4,pcs,6,3,3,4,2,3,low_stock
OUT064,,Waypoint Tech,Matara,Peliyagoda,rear_dock,normal,,09:00,17:00,WAY-111,Audio,Bluetooth Earbuds V4,pcs,3,0,3,9,5,6,low_stock
OUT064,,Waypoint Tech,Matara,Peliyagoda,rear_dock,normal,,09:00,17:00,WAY-112,Audio,Bluetooth Headphones V4,pcs,3,0,3,8,0,10,low_stock
OUT064,,Waypoint Tech,Matara,Peliyagoda,rear_dock,normal,,09:00,17:00,WAY-113,Audio,Bluetooth Speaker V4,pcs,5,5,0,4,0,8,out_of_stock
OUT064,,Waypoint Tech,Matara,Peliyagoda,rear_dock,normal,,09:00,17:00,WAY-114,Accessories,Phone Charger V4,pcs,6,1,5,7,0,11,low_stock
OUT064,,Waypoint Tech,Matara,Peliyagoda,rear_dock,normal,,09:00,17:00,WAY-115,Accessories,USB-C Cable V4,pcs,6,4,2,14,10,9,low_stock
OUT064,,Waypoint Tech,Matara,Peliyagoda,rear_dock,normal,,09:00,17:00,WAY-116,Accessories,Lightning Cable V4,pcs,20,3,17,10,0,8,in_stock
OUT064,,Waypoint Tech,Matara,Peliyagoda,rear_dock,normal,,09:00,17:00,WAY-117,Accessories,Power Bank 10000mAh V4,pcs,26,6,20,15,0,9,in_stock
OUT064,,Waypoint Tech,Matara,Peliyagoda,rear_dock,normal,,09:00,17:00,WAY-118,Accessories,Power Bank 20000mAh V4,pcs,18,5,13,14,0,11,in_stock
OUT064,,Waypoint Tech,Matara,Peliyagoda,rear_dock,normal,,09:00,17:00,WAY-119,Accessories,Phone Case V4,pcs,5,3,2,8,0,10,low_stock
OUT064,,Waypoint Tech,Matara,Peliyagoda,rear_dock,normal,,09:00,17:00,WAY-120,Accessories,Screen Protector V4,pcs,3,1,2,7,0,6,low_stock
OUT064,,Waypoint Tech,Matara,Peliyagoda,rear_dock,normal,,09:00,17:00,WAY-121,Mobile Phones,Smartphone V5,pcs,22,8,14,3,0,4,in_stock
OUT064,,Waypoint Tech,Matara,Peliyagoda,rear_dock,normal,,09:00,17:00,WAY-122,Mobile Phones,Feature Phone V5,pcs,4,1,3,5,0,8,low_stock
OUT064,,Waypoint Tech,Matara,Peliyagoda,rear_dock,normal,,09:00,17:00,WAY-123,Tablets,Android Tablet V5,pcs,4,0,4,4,2,12,low_stock
OUT064,,Waypoint Tech,Matara,Peliyagoda,rear_dock,normal,,09:00,17:00,WAY-124,Laptops,Laptop V5,pcs,24,8,16,11,0,7,in_stock
OUT064,,Waypoint Tech,Matara,Peliyagoda,rear_dock,normal,,09:00,17:00,WAY-125,Laptops,Chromebook V5,pcs,4,4,0,8,0,7,out_of_stock
OUT064,,Waypoint Tech,Matara,Peliyagoda,rear_dock,normal,,09:00,17:00,WAY-126,Computing,Desktop PC V5,pcs,17,0,17,13,5,6,in_stock
OUT064,,Waypoint Tech,Matara,Peliyagoda,rear_dock,normal,,09:00,17:00,WAY-127,Computing,Monitor 24-inch V5,pcs,18,1,17,3,0,9,in_stock
OUT064,,Waypoint Tech,Matara,Peliyagoda,rear_dock,normal,,09:00,17:00,WAY-128,Computing,Monitor 27-inch V5,pcs,12,5,7,10,2,3,in_stock
OUT064,,Waypoint Tech,Matara,Peliyagoda,rear_dock,normal,,09:00,17:00,WAY-129,Computing,Keyboard V5,pcs,18,0,18,9,2,6,in_stock
OUT064,,Waypoint Tech,Matara,Peliyagoda,rear_dock,normal,,09:00,17:00,WAY-130,Computing,Wireless Mouse V5,pcs,15,7,8,2,0,6,in_stock
OUT064,,Waypoint Tech,Matara,Peliyagoda,rear_dock,normal,,09:00,17:00,WAY-131,Computing,Webcam V5,pcs,27,3,24,4,2,5,in_stock
OUT064,,Waypoint Tech,Matara,Peliyagoda,rear_dock,normal,,09:00,17:00,WAY-132,Computing,USB-C Hub V5,pcs,13,2,11,6,0,5,in_stock
OUT064,,Waypoint Tech,Matara,Peliyagoda,rear_dock,normal,,09:00,17:00,WAY-133,Computing,Laptop Stand V5,pcs,27,5,22,1,2,5,in_stock
OUT064,,Waypoint Tech,Matara,Peliyagoda,rear_dock,normal,,09:00,17:00,WAY-134,Storage,USB Flash Drive 64GB V5,pcs,8,5,3,4,10,11,low_stock
OUT064,,Waypoint Tech,Matara,Peliyagoda,rear_dock,normal,,09:00,17:00,WAY-135,Storage,USB Flash Drive 128GB V5,pcs,16,2,14,4,2,6,in_stock
OUT064,,Waypoint Tech,Matara,Peliyagoda,rear_dock,normal,,09:00,17:00,WAY-136,Storage,External SSD 1TB V5,pcs,5,5,0,11,0,8,out_of_stock
OUT064,,Waypoint Tech,Matara,Peliyagoda,rear_dock,normal,,09:00,17:00,WAY-137,Storage,MicroSD 128GB V5,pcs,19,5,14,13,0,3,in_stock
OUT064,,Waypoint Tech,Matara,Peliyagoda,rear_dock,normal,,09:00,17:00,WAY-138,Networking,Wi-Fi Router V5,pcs,15,7,8,9,10,6,in_stock
OUT064,,Waypoint Tech,Matara,Peliyagoda,rear_dock,normal,,09:00,17:00,WAY-139,Networking,Wi-Fi Extender V5,pcs,8,4,4,16,10,12,low_stock
OUT064,,Waypoint Tech,Matara,Peliyagoda,rear_dock,normal,,09:00,17:00,WAY-140,Networking,Ethernet Cable 5m V5,pcs,2,1,1,9,0,3,low_stock
OUT064,,Waypoint Tech,Matara,Peliyagoda,rear_dock,normal,,09:00,17:00,WAY-141,Audio,Bluetooth Earbuds V5,pcs,28,2,26,14,2,10,in_stock
OUT064,,Waypoint Tech,Matara,Peliyagoda,rear_dock,normal,,09:00,17:00,WAY-142,Audio,Bluetooth Headphones V5,pcs,5,5,0,7,5,5,out_of_stock
OUT064,,Waypoint Tech,Matara,Peliyagoda,rear_dock,normal,,09:00,17:00,WAY-143,Audio,Bluetooth Speaker V5,pcs,25,8,17,10,5,8,in_stock
OUT064,,Waypoint Tech,Matara,Peliyagoda,rear_dock,normal,,09:00,17:00,WAY-144,Accessories,Phone Charger V5,pcs,13,2,11,9,0,10,in_stock
OUT064,,Waypoint Tech,Matara,Peliyagoda,rear_dock,normal,,09:00,17:00,WAY-145,Accessories,USB-C Cable V5,pcs,23,6,17,3,5,9,in_stock
OUT064,,Waypoint Tech,Matara,Peliyagoda,rear_dock,normal,,09:00,17:00,WAY-146,Accessories,Lightning Cable V5,pcs,15,7,8,9,5,4,in_stock
OUT064,,Waypoint Tech,Matara,Peliyagoda,rear_dock,normal,,09:00,17:00,WAY-147,Accessories,Power Bank 10000mAh V5,pcs,10,2,8,15,0,7,in_stock
OUT064,,Waypoint Tech,Matara,Peliyagoda,rear_dock,normal,,09:00,17:00,WAY-148,Accessories,Power Bank 20000mAh V5,pcs,23,8,15,7,10,6,in_stock
OUT064,,Waypoint Tech,Matara,Peliyagoda,rear_dock,normal,,09:00,17:00,WAY-149,Accessories,Phone Case V5,pcs,25,6,19,8,5,3,in_stock
OUT064,,Waypoint Tech,Matara,Peliyagoda,rear_dock,normal,,09:00,17:00,WAY-150,Accessories,Screen Protector V5,pcs,15,8,7,9,0,8,low_stock
OUT064,,Waypoint Tech,Matara,Peliyagoda,rear_dock,normal,,09:00,17:00,WAY-151,Mobile Phones,Smartphone V6,pcs,24,8,16,10,0,3,in_stock
OUT064,,Waypoint Tech,Matara,Peliyagoda,rear_dock,normal,,09:00,17:00,WAY-152,Mobile Phones,Feature Phone V6,pcs,16,4,12,8,10,9,in_stock
OUT064,,Waypoint Tech,Matara,Peliyagoda,rear_dock,normal,,09:00,17:00,WAY-153,Tablets,Android Tablet V6,pcs,23,5,18,7,5,12,in_stock
OUT064,,Waypoint Tech,Matara,Peliyagoda,rear_dock,normal,,09:00,17:00,WAY-154,Laptops,Laptop V6,pcs,14,1,13,15,0,5,in_stock
OUT064,,Waypoint Tech,Matara,Peliyagoda,rear_dock,normal,,09:00,17:00,WAY-155,Laptops,Chromebook V6,pcs,8,1,7,9,5,7,low_stock
OUT064,,Waypoint Tech,Matara,Peliyagoda,rear_dock,normal,,09:00,17:00,WAY-156,Computing,Desktop PC V6,pcs,21,0,21,6,0,11,in_stock
OUT064,,Waypoint Tech,Matara,Peliyagoda,rear_dock,normal,,09:00,17:00,WAY-157,Computing,Monitor 24-inch V6,pcs,20,7,13,14,5,12,in_stock
OUT064,,Waypoint Tech,Matara,Peliyagoda,rear_dock,normal,,09:00,17:00,WAY-158,Computing,Monitor 27-inch V6,pcs,10,6,4,3,0,11,low_stock
OUT064,,Waypoint Tech,Matara,Peliyagoda,rear_dock,normal,,09:00,17:00,WAY-159,Computing,Keyboard V6,pcs,12,2,10,14,10,3,in_stock
OUT064,,Waypoint Tech,Matara,Peliyagoda,rear_dock,normal,,09:00,17:00,WAY-160,Computing,Wireless Mouse V6,pcs,27,5,22,5,10,7,in_stock
OUT064,,Waypoint Tech,Matara,Peliyagoda,rear_dock,normal,,09:00,17:00,WAY-161,Computing,Webcam V6,pcs,28,8,20,9,0,12,in_stock
OUT064,,Waypoint Tech,Matara,Peliyagoda,rear_dock,normal,,09:00,17:00,WAY-162,Computing,USB-C Hub V6,pcs,14,1,13,2,0,9,in_stock
OUT064,,Waypoint Tech,Matara,Peliyagoda,rear_dock,normal,,09:00,17:00,WAY-163,Computing,Laptop Stand V6,pcs,10,4,6,9,0,6,low_stock
OUT064,,Waypoint Tech,Matara,Peliyagoda,rear_dock,normal,,09:00,17:00,WAY-164,Storage,USB Flash Drive 64GB V6,pcs,17,2,15,8,5,11,in_stock
OUT064,,Waypoint Tech,Matara,Peliyagoda,rear_dock,normal,,09:00,17:00,WAY-165,Storage,USB Flash Drive 128GB V6,pcs,4,4,0,14,0,5,out_of_stock
OUT064,,Waypoint Tech,Matara,Peliyagoda,rear_dock,normal,,09:00,17:00,WAY-166,Storage,External SSD 1TB V6,pcs,16,7,9,9,0,7,in_stock
OUT064,,Waypoint Tech,Matara,Peliyagoda,rear_dock,normal,,09:00,17:00,WAY-167,Storage,MicroSD 128GB V6,pcs,14,8,6,2,0,9,low_stock
OUT064,,Waypoint Tech,Matara,Peliyagoda,rear_dock,normal,,09:00,17:00,WAY-168,Networking,Wi-Fi Router V6,pcs,22,5,17,11,0,7,in_stock
OUT064,,Waypoint Tech,Matara,Peliyagoda,rear_dock,normal,,09:00,17:00,WAY-169,Networking,Wi-Fi Extender V6,pcs,16,4,12,9,10,11,in_stock
OUT064,,Waypoint Tech,Matara,Peliyagoda,rear_dock,normal,,09:00,17:00,WAY-170,Networking,Ethernet Cable 5m V6,pcs,26,7,19,10,0,9,in_stock
OUT064,,Waypoint Tech,Matara,Peliyagoda,rear_dock,normal,,09:00,17:00,WAY-171,Audio,Bluetooth Earbuds V6,pcs,18,2,16,6,0,8,in_stock
OUT064,,Waypoint Tech,Matara,Peliyagoda,rear_dock,normal,,09:00,17:00,WAY-172,Audio,Bluetooth Headphones V6,pcs,25,4,21,9,0,3,in_stock
OUT064,,Waypoint Tech,Matara,Peliyagoda,rear_dock,normal,,09:00,17:00,WAY-173,Audio,Bluetooth Speaker V6,pcs,23,8,15,10,10,4,in_stock
OUT064,,Waypoint Tech,Matara,Peliyagoda,rear_dock,normal,,09:00,17:00,WAY-174,Accessories,Phone Charger V6,pcs,27,4,23,9,0,4,in_stock
OUT064,,Waypoint Tech,Matara,Peliyagoda,rear_dock,normal,,09:00,17:00,WAY-175,Accessories,USB-C Cable V6,pcs,2,0,2,9,0,12,low_stock
OUT064,,Waypoint Tech,Matara,Peliyagoda,rear_dock,normal,,09:00,17:00,WAY-176,Accessories,Lightning Cable V6,pcs,8,6,2,16,2,3,low_stock
OUT064,,Waypoint Tech,Matara,Peliyagoda,rear_dock,normal,,09:00,17:00,WAY-177,Accessories,Power Bank 10000mAh V6,pcs,15,6,9,1,10,6,in_stock
OUT064,,Waypoint Tech,Matara,Peliyagoda,rear_dock,normal,,09:00,17:00,WAY-178,Accessories,Power Bank 20000mAh V6,pcs,7,3,4,5,2,3,in_stock
OUT064,,Waypoint Tech,Matara,Peliyagoda,rear_dock,normal,,09:00,17:00,WAY-179,Accessories,Phone Case V6,pcs,17,7,10,10,0,6,in_stock
OUT064,,Waypoint Tech,Matara,Peliyagoda,rear_dock,normal,,09:00,17:00,WAY-180,Accessories,Screen Protector V6,pcs,24,3,21,10,5,7,in_stock
OUT064,,Waypoint Tech,Matara,Peliyagoda,rear_dock,normal,,09:00,17:00,WAY-181,Mobile Phones,Smartphone V7,pcs,26,4,22,3,10,4,in_stock
OUT064,,Waypoint Tech,Matara,Peliyagoda,rear_dock,normal,,09:00,17:00,WAY-182,Mobile Phones,Feature Phone V7,pcs,4,2,2,16,0,6,low_stock
OUT064,,Waypoint Tech,Matara,Peliyagoda,rear_dock,normal,,09:00,17:00,WAY-183,Tablets,Android Tablet V7,pcs,8,8,0,0,0,5,out_of_stock
OUT064,,Waypoint Tech,Matara,Peliyagoda,rear_dock,normal,,09:00,17:00,WAY-184,Laptops,Laptop V7,pcs,9,7,2,15,0,10,low_stock
OUT064,,Waypoint Tech,Matara,Peliyagoda,rear_dock,normal,,09:00,17:00,WAY-185,Laptops,Chromebook V7,pcs,16,8,8,15,0,4,in_stock
OUT064,,Waypoint Tech,Matara,Peliyagoda,rear_dock,normal,,09:00,17:00,WAY-186,Computing,Desktop PC V7,pcs,19,8,11,9,5,10,in_stock
OUT064,,Waypoint Tech,Matara,Peliyagoda,rear_dock,normal,,09:00,17:00,WAY-187,Computing,Monitor 24-inch V7,pcs,24,7,17,2,0,10,in_stock
OUT064,,Waypoint Tech,Matara,Peliyagoda,rear_dock,normal,,09:00,17:00,WAY-188,Computing,Monitor 27-inch V7,pcs,18,7,11,2,0,12,low_stock
OUT064,,Waypoint Tech,Matara,Peliyagoda,rear_dock,normal,,09:00,17:00,WAY-189,Computing,Keyboard V7,pcs,21,2,19,9,0,5,in_stock
OUT064,,Waypoint Tech,Matara,Peliyagoda,rear_dock,normal,,09:00,17:00,WAY-190,Computing,Wireless Mouse V7,pcs,17,8,9,6,0,6,in_stock
OUT064,,Waypoint Tech,Matara,Peliyagoda,rear_dock,normal,,09:00,17:00,WAY-191,Computing,Webcam V7,pcs,25,3,22,13,2,12,in_stock
OUT064,,Waypoint Tech,Matara,Peliyagoda,rear_dock,normal,,09:00,17:00,WAY-192,Computing,USB-C Hub V7,pcs,10,7,3,9,0,3,low_stock
OUT064,,Waypoint Tech,Matara,Peliyagoda,rear_dock,normal,,09:00,17:00,WAY-193,Computing,Laptop Stand V7,pcs,20,6,14,6,10,12,in_stock
OUT064,,Waypoint Tech,Matara,Peliyagoda,rear_dock,normal,,09:00,17:00,WAY-194,Storage,USB Flash Drive 64GB V7,pcs,25,6,19,14,0,3,in_stock
OUT064,,Waypoint Tech,Matara,Peliyagoda,rear_dock,normal,,09:00,17:00,WAY-195,Storage,USB Flash Drive 128GB V7,pcs,7,1,6,0,2,5,in_stock
OUT064,,Waypoint Tech,Matara,Peliyagoda,rear_dock,normal,,09:00,17:00,WAY-196,Storage,External SSD 1TB V7,pcs,9,3,6,3,0,6,low_stock
OUT064,,Waypoint Tech,Matara,Peliyagoda,rear_dock,normal,,09:00,17:00,WAY-197,Storage,MicroSD 128GB V7,pcs,21,6,15,10,0,12,in_stock
OUT064,,Waypoint Tech,Matara,Peliyagoda,rear_dock,normal,,09:00,17:00,WAY-198,Networking,Wi-Fi Router V7,pcs,7,4,3,16,10,12,low_stock
OUT064,,Waypoint Tech,Matara,Peliyagoda,rear_dock,normal,,09:00,17:00,WAY-199,Networking,Wi-Fi Extender V7,pcs,18,4,14,11,0,9,in_stock
OUT064,,Waypoint Tech,Matara,Peliyagoda,rear_dock,normal,,09:00,17:00,WAY-200,Networking,Ethernet Cable 5m V7,pcs,11,0,11,14,2,4,in_stock
OUT072,,Waypoint Tech,Kurunegala,Peliyagoda,rear_dock,normal,,09:00,17:00,WAY-001,Mobile Phones,Smartphone,pcs,27,7,20,12,5,10,in_stock
OUT072,,Waypoint Tech,Kurunegala,Peliyagoda,rear_dock,normal,,09:00,17:00,WAY-002,Mobile Phones,Feature Phone,pcs,13,8,5,5,0,11,low_stock
OUT072,,Waypoint Tech,Kurunegala,Peliyagoda,rear_dock,normal,,09:00,17:00,WAY-003,Tablets,Android Tablet,pcs,3,0,3,2,0,10,low_stock
OUT072,,Waypoint Tech,Kurunegala,Peliyagoda,rear_dock,normal,,09:00,17:00,WAY-004,Laptops,Laptop,pcs,20,8,12,10,0,12,low_stock
OUT072,,Waypoint Tech,Kurunegala,Peliyagoda,rear_dock,normal,,09:00,17:00,WAY-005,Laptops,Chromebook,pcs,17,8,9,7,0,10,low_stock
OUT072,,Waypoint Tech,Kurunegala,Peliyagoda,rear_dock,normal,,09:00,17:00,WAY-006,Computing,Desktop PC,pcs,9,2,7,6,5,7,low_stock
OUT072,,Waypoint Tech,Kurunegala,Peliyagoda,rear_dock,normal,,09:00,17:00,WAY-007,Computing,Monitor 24-inch,pcs,28,2,26,1,2,6,in_stock
OUT072,,Waypoint Tech,Kurunegala,Peliyagoda,rear_dock,normal,,09:00,17:00,WAY-008,Computing,Monitor 27-inch,pcs,15,5,10,2,2,8,in_stock
OUT072,,Waypoint Tech,Kurunegala,Peliyagoda,rear_dock,normal,,09:00,17:00,WAY-009,Computing,Keyboard,pcs,14,4,10,9,0,8,in_stock
OUT072,,Waypoint Tech,Kurunegala,Peliyagoda,rear_dock,normal,,09:00,17:00,WAY-010,Computing,Wireless Mouse,pcs,26,6,20,3,0,5,in_stock
OUT072,,Waypoint Tech,Kurunegala,Peliyagoda,rear_dock,normal,,09:00,17:00,WAY-011,Computing,Webcam,pcs,21,4,17,11,2,11,in_stock
OUT072,,Waypoint Tech,Kurunegala,Peliyagoda,rear_dock,normal,,09:00,17:00,WAY-012,Computing,USB-C Hub,pcs,23,0,23,13,2,3,in_stock
OUT072,,Waypoint Tech,Kurunegala,Peliyagoda,rear_dock,normal,,09:00,17:00,WAY-013,Computing,Laptop Stand,pcs,16,3,13,11,0,6,in_stock
OUT072,,Waypoint Tech,Kurunegala,Peliyagoda,rear_dock,normal,,09:00,17:00,WAY-014,Storage,USB Flash Drive 64GB,pcs,25,4,21,4,0,5,in_stock
OUT072,,Waypoint Tech,Kurunegala,Peliyagoda,rear_dock,normal,,09:00,17:00,WAY-015,Storage,USB Flash Drive 128GB,pcs,25,1,24,9,0,7,in_stock
OUT072,,Waypoint Tech,Kurunegala,Peliyagoda,rear_dock,normal,,09:00,17:00,WAY-016,Storage,External SSD 1TB,pcs,19,6,13,1,0,7,in_stock
OUT072,,Waypoint Tech,Kurunegala,Peliyagoda,rear_dock,normal,,09:00,17:00,WAY-017,Storage,MicroSD 128GB,pcs,19,7,12,6,5,5,in_stock
OUT072,,Waypoint Tech,Kurunegala,Peliyagoda,rear_dock,normal,,09:00,17:00,WAY-018,Networking,Wi-Fi Router,pcs,12,4,8,16,10,9,low_stock
OUT072,,Waypoint Tech,Kurunegala,Peliyagoda,rear_dock,normal,,09:00,17:00,WAY-019,Networking,Wi-Fi Extender,pcs,19,5,14,10,0,12,in_stock
OUT072,,Waypoint Tech,Kurunegala,Peliyagoda,rear_dock,normal,,09:00,17:00,WAY-020,Networking,Ethernet Cable 5m,pcs,21,4,17,8,0,4,in_stock
OUT072,,Waypoint Tech,Kurunegala,Peliyagoda,rear_dock,normal,,09:00,17:00,WAY-021,Audio,Bluetooth Earbuds,pcs,14,3,11,10,0,12,low_stock
OUT072,,Waypoint Tech,Kurunegala,Peliyagoda,rear_dock,normal,,09:00,17:00,WAY-022,Audio,Bluetooth Headphones,pcs,13,5,8,10,5,9,low_stock
OUT072,,Waypoint Tech,Kurunegala,Peliyagoda,rear_dock,normal,,09:00,17:00,WAY-023,Audio,Bluetooth Speaker,pcs,22,0,22,2,0,9,in_stock
OUT072,,Waypoint Tech,Kurunegala,Peliyagoda,rear_dock,normal,,09:00,17:00,WAY-024,Accessories,Phone Charger,pcs,21,6,15,1,10,4,in_stock
OUT072,,Waypoint Tech,Kurunegala,Peliyagoda,rear_dock,normal,,09:00,17:00,WAY-025,Accessories,USB-C Cable,pcs,21,1,20,1,5,12,in_stock
OUT072,,Waypoint Tech,Kurunegala,Peliyagoda,rear_dock,normal,,09:00,17:00,WAY-026,Accessories,Lightning Cable,pcs,11,2,9,10,2,12,low_stock
OUT072,,Waypoint Tech,Kurunegala,Peliyagoda,rear_dock,normal,,09:00,17:00,WAY-027,Accessories,Power Bank 10000mAh,pcs,24,4,20,8,0,4,in_stock
OUT072,,Waypoint Tech,Kurunegala,Peliyagoda,rear_dock,normal,,09:00,17:00,WAY-028,Accessories,Power Bank 20000mAh,pcs,5,4,1,6,0,5,low_stock
OUT072,,Waypoint Tech,Kurunegala,Peliyagoda,rear_dock,normal,,09:00,17:00,WAY-029,Accessories,Phone Case,pcs,24,1,23,7,0,5,in_stock
OUT072,,Waypoint Tech,Kurunegala,Peliyagoda,rear_dock,normal,,09:00,17:00,WAY-030,Accessories,Screen Protector,pcs,16,2,14,10,2,8,in_stock
OUT072,,Waypoint Tech,Kurunegala,Peliyagoda,rear_dock,normal,,09:00,17:00,WAY-031,Mobile Phones,Smartphone V2,pcs,17,1,16,16,0,5,in_stock
OUT072,,Waypoint Tech,Kurunegala,Peliyagoda,rear_dock,normal,,09:00,17:00,WAY-032,Mobile Phones,Feature Phone V2,pcs,14,2,12,15,0,6,in_stock
OUT072,,Waypoint Tech,Kurunegala,Peliyagoda,rear_dock,normal,,09:00,17:00,WAY-033,Tablets,Android Tablet V2,pcs,27,6,21,4,0,4,in_stock
OUT072,,Waypoint Tech,Kurunegala,Peliyagoda,rear_dock,normal,,09:00,17:00,WAY-034,Laptops,Laptop V2,pcs,24,7,17,5,0,6,in_stock
OUT072,,Waypoint Tech,Kurunegala,Peliyagoda,rear_dock,normal,,09:00,17:00,WAY-035,Laptops,Chromebook V2,pcs,24,4,20,13,0,10,in_stock
OUT072,,Waypoint Tech,Kurunegala,Peliyagoda,rear_dock,normal,,09:00,17:00,WAY-036,Computing,Desktop PC V2,pcs,5,1,4,9,2,12,low_stock
OUT072,,Waypoint Tech,Kurunegala,Peliyagoda,rear_dock,normal,,09:00,17:00,WAY-037,Computing,Monitor 24-inch V2,pcs,5,1,4,1,5,3,in_stock
OUT072,,Waypoint Tech,Kurunegala,Peliyagoda,rear_dock,normal,,09:00,17:00,WAY-038,Computing,Monitor 27-inch V2,pcs,6,6,0,1,2,8,out_of_stock
OUT072,,Waypoint Tech,Kurunegala,Peliyagoda,rear_dock,normal,,09:00,17:00,WAY-039,Computing,Keyboard V2,pcs,14,2,12,13,5,12,low_stock
OUT072,,Waypoint Tech,Kurunegala,Peliyagoda,rear_dock,normal,,09:00,17:00,WAY-040,Computing,Wireless Mouse V2,pcs,28,1,27,3,10,4,in_stock
OUT072,,Waypoint Tech,Kurunegala,Peliyagoda,rear_dock,normal,,09:00,17:00,WAY-041,Computing,Webcam V2,pcs,20,7,13,7,10,9,in_stock
OUT072,,Waypoint Tech,Kurunegala,Peliyagoda,rear_dock,normal,,09:00,17:00,WAY-042,Computing,USB-C Hub V2,pcs,10,7,3,4,0,9,low_stock
OUT072,,Waypoint Tech,Kurunegala,Peliyagoda,rear_dock,normal,,09:00,17:00,WAY-043,Computing,Laptop Stand V2,pcs,26,0,26,16,2,11,in_stock
OUT072,,Waypoint Tech,Kurunegala,Peliyagoda,rear_dock,normal,,09:00,17:00,WAY-044,Storage,USB Flash Drive 64GB V2,pcs,3,0,3,13,0,3,low_stock
OUT072,,Waypoint Tech,Kurunegala,Peliyagoda,rear_dock,normal,,09:00,17:00,WAY-045,Storage,USB Flash Drive 128GB V2,pcs,25,4,21,9,10,6,in_stock
OUT072,,Waypoint Tech,Kurunegala,Peliyagoda,rear_dock,normal,,09:00,17:00,WAY-046,Storage,External SSD 1TB V2,pcs,22,0,22,3,0,7,in_stock
OUT072,,Waypoint Tech,Kurunegala,Peliyagoda,rear_dock,normal,,09:00,17:00,WAY-047,Storage,MicroSD 128GB V2,pcs,5,2,3,10,0,10,low_stock
OUT072,,Waypoint Tech,Kurunegala,Peliyagoda,rear_dock,normal,,09:00,17:00,WAY-048,Networking,Wi-Fi Router V2,pcs,6,5,1,11,0,10,low_stock
OUT072,,Waypoint Tech,Kurunegala,Peliyagoda,rear_dock,normal,,09:00,17:00,WAY-049,Networking,Wi-Fi Extender V2,pcs,27,5,22,3,0,5,in_stock
OUT072,,Waypoint Tech,Kurunegala,Peliyagoda,rear_dock,normal,,09:00,17:00,WAY-050,Networking,Ethernet Cable 5m V2,pcs,21,0,21,14,0,4,in_stock
OUT072,,Waypoint Tech,Kurunegala,Peliyagoda,rear_dock,normal,,09:00,17:00,WAY-051,Audio,Bluetooth Earbuds V2,pcs,8,8,0,7,5,5,out_of_stock
OUT072,,Waypoint Tech,Kurunegala,Peliyagoda,rear_dock,normal,,09:00,17:00,WAY-052,Audio,Bluetooth Headphones V2,pcs,13,6,7,4,0,11,low_stock
OUT072,,Waypoint Tech,Kurunegala,Peliyagoda,rear_dock,normal,,09:00,17:00,WAY-053,Audio,Bluetooth Speaker V2,pcs,27,8,19,7,0,12,in_stock
OUT072,,Waypoint Tech,Kurunegala,Peliyagoda,rear_dock,normal,,09:00,17:00,WAY-054,Accessories,Phone Charger V2,pcs,8,8,0,9,5,6,out_of_stock
OUT072,,Waypoint Tech,Kurunegala,Peliyagoda,rear_dock,normal,,09:00,17:00,WAY-055,Accessories,USB-C Cable V2,pcs,3,2,1,5,0,4,low_stock
OUT072,,Waypoint Tech,Kurunegala,Peliyagoda,rear_dock,normal,,09:00,17:00,WAY-056,Accessories,Lightning Cable V2,pcs,16,3,13,15,2,9,in_stock
OUT072,,Waypoint Tech,Kurunegala,Peliyagoda,rear_dock,normal,,09:00,17:00,WAY-057,Accessories,Power Bank 10000mAh V2,pcs,2,0,2,0,5,11,low_stock
OUT072,,Waypoint Tech,Kurunegala,Peliyagoda,rear_dock,normal,,09:00,17:00,WAY-058,Accessories,Power Bank 20000mAh V2,pcs,22,6,16,9,0,7,in_stock
OUT072,,Waypoint Tech,Kurunegala,Peliyagoda,rear_dock,normal,,09:00,17:00,WAY-059,Accessories,Phone Case V2,pcs,13,5,8,15,0,6,in_stock
OUT072,,Waypoint Tech,Kurunegala,Peliyagoda,rear_dock,normal,,09:00,17:00,WAY-060,Accessories,Screen Protector V2,pcs,17,5,12,13,0,8,in_stock
OUT072,,Waypoint Tech,Kurunegala,Peliyagoda,rear_dock,normal,,09:00,17:00,WAY-061,Mobile Phones,Smartphone V3,pcs,4,0,4,7,10,4,low_stock
OUT072,,Waypoint Tech,Kurunegala,Peliyagoda,rear_dock,normal,,09:00,17:00,WAY-062,Mobile Phones,Feature Phone V3,pcs,16,2,14,13,2,3,in_stock
OUT072,,Waypoint Tech,Kurunegala,Peliyagoda,rear_dock,normal,,09:00,17:00,WAY-063,Tablets,Android Tablet V3,pcs,20,1,19,3,5,5,in_stock
OUT072,,Waypoint Tech,Kurunegala,Peliyagoda,rear_dock,normal,,09:00,17:00,WAY-064,Laptops,Laptop V3,pcs,5,5,0,11,0,10,out_of_stock
OUT072,,Waypoint Tech,Kurunegala,Peliyagoda,rear_dock,normal,,09:00,17:00,WAY-065,Laptops,Chromebook V3,pcs,9,7,2,10,0,11,low_stock
OUT072,,Waypoint Tech,Kurunegala,Peliyagoda,rear_dock,normal,,09:00,17:00,WAY-066,Computing,Desktop PC V3,pcs,21,8,13,7,0,11,in_stock
OUT072,,Waypoint Tech,Kurunegala,Peliyagoda,rear_dock,normal,,09:00,17:00,WAY-067,Computing,Monitor 24-inch V3,pcs,10,2,8,2,5,12,low_stock
OUT072,,Waypoint Tech,Kurunegala,Peliyagoda,rear_dock,normal,,09:00,17:00,WAY-068,Computing,Monitor 27-inch V3,pcs,17,7,10,8,0,12,low_stock
OUT072,,Waypoint Tech,Kurunegala,Peliyagoda,rear_dock,normal,,09:00,17:00,WAY-069,Computing,Keyboard V3,pcs,17,7,10,10,10,6,in_stock
OUT072,,Waypoint Tech,Kurunegala,Peliyagoda,rear_dock,normal,,09:00,17:00,WAY-070,Computing,Wireless Mouse V3,pcs,6,2,4,14,10,8,low_stock
OUT072,,Waypoint Tech,Kurunegala,Peliyagoda,rear_dock,normal,,09:00,17:00,WAY-071,Computing,Webcam V3,pcs,12,8,4,8,2,9,low_stock
OUT072,,Waypoint Tech,Kurunegala,Peliyagoda,rear_dock,normal,,09:00,17:00,WAY-072,Computing,USB-C Hub V3,pcs,25,3,22,5,0,9,in_stock
OUT072,,Waypoint Tech,Kurunegala,Peliyagoda,rear_dock,normal,,09:00,17:00,WAY-073,Computing,Laptop Stand V3,pcs,8,4,4,0,0,3,in_stock
OUT072,,Waypoint Tech,Kurunegala,Peliyagoda,rear_dock,normal,,09:00,17:00,WAY-074,Storage,USB Flash Drive 64GB V3,pcs,14,1,13,2,0,6,in_stock
OUT072,,Waypoint Tech,Kurunegala,Peliyagoda,rear_dock,normal,,09:00,17:00,WAY-075,Storage,USB Flash Drive 128GB V3,pcs,18,6,12,7,0,12,low_stock
OUT072,,Waypoint Tech,Kurunegala,Peliyagoda,rear_dock,normal,,09:00,17:00,WAY-076,Storage,External SSD 1TB V3,pcs,27,5,22,15,0,3,in_stock
OUT072,,Waypoint Tech,Kurunegala,Peliyagoda,rear_dock,normal,,09:00,17:00,WAY-077,Storage,MicroSD 128GB V3,pcs,26,8,18,9,0,3,in_stock
OUT072,,Waypoint Tech,Kurunegala,Peliyagoda,rear_dock,normal,,09:00,17:00,WAY-078,Networking,Wi-Fi Router V3,pcs,26,0,26,3,2,12,in_stock
OUT072,,Waypoint Tech,Kurunegala,Peliyagoda,rear_dock,normal,,09:00,17:00,WAY-079,Networking,Wi-Fi Extender V3,pcs,27,3,24,1,0,3,in_stock
OUT072,,Waypoint Tech,Kurunegala,Peliyagoda,rear_dock,normal,,09:00,17:00,WAY-080,Networking,Ethernet Cable 5m V3,pcs,25,1,24,13,2,4,in_stock
OUT072,,Waypoint Tech,Kurunegala,Peliyagoda,rear_dock,normal,,09:00,17:00,WAY-081,Audio,Bluetooth Earbuds V3,pcs,13,5,8,12,0,9,low_stock
OUT072,,Waypoint Tech,Kurunegala,Peliyagoda,rear_dock,normal,,09:00,17:00,WAY-082,Audio,Bluetooth Headphones V3,pcs,25,1,24,16,5,3,in_stock
OUT072,,Waypoint Tech,Kurunegala,Peliyagoda,rear_dock,normal,,09:00,17:00,WAY-083,Audio,Bluetooth Speaker V3,pcs,27,3,24,9,2,10,in_stock
OUT072,,Waypoint Tech,Kurunegala,Peliyagoda,rear_dock,normal,,09:00,17:00,WAY-084,Accessories,Phone Charger V3,pcs,6,2,4,3,0,10,low_stock
OUT072,,Waypoint Tech,Kurunegala,Peliyagoda,rear_dock,normal,,09:00,17:00,WAY-085,Accessories,USB-C Cable V3,pcs,10,2,8,6,10,5,in_stock
OUT072,,Waypoint Tech,Kurunegala,Peliyagoda,rear_dock,normal,,09:00,17:00,WAY-086,Accessories,Lightning Cable V3,pcs,10,0,10,16,0,10,low_stock
OUT072,,Waypoint Tech,Kurunegala,Peliyagoda,rear_dock,normal,,09:00,17:00,WAY-087,Accessories,Power Bank 10000mAh V3,pcs,5,4,1,15,0,6,low_stock
OUT072,,Waypoint Tech,Kurunegala,Peliyagoda,rear_dock,normal,,09:00,17:00,WAY-088,Accessories,Power Bank 20000mAh V3,pcs,16,2,14,15,10,8,in_stock
OUT072,,Waypoint Tech,Kurunegala,Peliyagoda,rear_dock,normal,,09:00,17:00,WAY-089,Accessories,Phone Case V3,pcs,27,0,27,16,2,3,in_stock
OUT072,,Waypoint Tech,Kurunegala,Peliyagoda,rear_dock,normal,,09:00,17:00,WAY-090,Accessories,Screen Protector V3,pcs,7,2,5,0,5,12,low_stock
OUT072,,Waypoint Tech,Kurunegala,Peliyagoda,rear_dock,normal,,09:00,17:00,WAY-091,Mobile Phones,Smartphone V4,pcs,25,1,24,0,5,3,in_stock
OUT072,,Waypoint Tech,Kurunegala,Peliyagoda,rear_dock,normal,,09:00,17:00,WAY-092,Mobile Phones,Feature Phone V4,pcs,25,1,24,14,5,6,in_stock
OUT072,,Waypoint Tech,Kurunegala,Peliyagoda,rear_dock,normal,,09:00,17:00,WAY-093,Tablets,Android Tablet V4,pcs,27,6,21,15,10,10,in_stock
OUT072,,Waypoint Tech,Kurunegala,Peliyagoda,rear_dock,normal,,09:00,17:00,WAY-094,Laptops,Laptop V4,pcs,28,8,20,0,0,9,in_stock
OUT072,,Waypoint Tech,Kurunegala,Peliyagoda,rear_dock,normal,,09:00,17:00,WAY-095,Laptops,Chromebook V4,pcs,19,5,14,15,2,4,in_stock
OUT072,,Waypoint Tech,Kurunegala,Peliyagoda,rear_dock,normal,,09:00,17:00,WAY-096,Computing,Desktop PC V4,pcs,19,8,11,15,5,6,in_stock
OUT072,,Waypoint Tech,Kurunegala,Peliyagoda,rear_dock,normal,,09:00,17:00,WAY-097,Computing,Monitor 24-inch V4,pcs,23,5,18,10,5,11,in_stock
OUT072,,Waypoint Tech,Kurunegala,Peliyagoda,rear_dock,normal,,09:00,17:00,WAY-098,Computing,Monitor 27-inch V4,pcs,16,5,11,1,10,12,low_stock
OUT072,,Waypoint Tech,Kurunegala,Peliyagoda,rear_dock,normal,,09:00,17:00,WAY-099,Computing,Keyboard V4,pcs,7,4,3,3,0,12,low_stock
OUT072,,Waypoint Tech,Kurunegala,Peliyagoda,rear_dock,normal,,09:00,17:00,WAY-100,Computing,Wireless Mouse V4,pcs,5,4,1,11,0,8,low_stock
OUT072,,Waypoint Tech,Kurunegala,Peliyagoda,rear_dock,normal,,09:00,17:00,WAY-101,Computing,Webcam V4,pcs,9,4,5,7,0,12,low_stock
OUT072,,Waypoint Tech,Kurunegala,Peliyagoda,rear_dock,normal,,09:00,17:00,WAY-102,Computing,USB-C Hub V4,pcs,22,6,16,9,5,5,in_stock
OUT072,,Waypoint Tech,Kurunegala,Peliyagoda,rear_dock,normal,,09:00,17:00,WAY-103,Computing,Laptop Stand V4,pcs,8,0,8,14,2,4,in_stock
OUT072,,Waypoint Tech,Kurunegala,Peliyagoda,rear_dock,normal,,09:00,17:00,WAY-104,Storage,USB Flash Drive 64GB V4,pcs,4,1,3,12,0,11,low_stock
OUT072,,Waypoint Tech,Kurunegala,Peliyagoda,rear_dock,normal,,09:00,17:00,WAY-105,Storage,USB Flash Drive 128GB V4,pcs,22,4,18,7,10,8,in_stock
OUT072,,Waypoint Tech,Kurunegala,Peliyagoda,rear_dock,normal,,09:00,17:00,WAY-106,Storage,External SSD 1TB V4,pcs,15,1,14,11,10,8,in_stock
OUT072,,Waypoint Tech,Kurunegala,Peliyagoda,rear_dock,normal,,09:00,17:00,WAY-107,Storage,MicroSD 128GB V4,pcs,6,1,5,1,5,12,low_stock
OUT072,,Waypoint Tech,Kurunegala,Peliyagoda,rear_dock,normal,,09:00,17:00,WAY-108,Networking,Wi-Fi Router V4,pcs,6,3,3,9,0,4,low_stock
OUT072,,Waypoint Tech,Kurunegala,Peliyagoda,rear_dock,normal,,09:00,17:00,WAY-109,Networking,Wi-Fi Extender V4,pcs,3,2,1,4,10,8,low_stock
OUT072,,Waypoint Tech,Kurunegala,Peliyagoda,rear_dock,normal,,09:00,17:00,WAY-110,Networking,Ethernet Cable 5m V4,pcs,25,1,24,4,10,10,in_stock
OUT072,,Waypoint Tech,Kurunegala,Peliyagoda,rear_dock,normal,,09:00,17:00,WAY-111,Audio,Bluetooth Earbuds V4,pcs,17,5,12,11,0,7,in_stock
OUT072,,Waypoint Tech,Kurunegala,Peliyagoda,rear_dock,normal,,09:00,17:00,WAY-112,Audio,Bluetooth Headphones V4,pcs,26,6,20,2,2,6,in_stock
OUT072,,Waypoint Tech,Kurunegala,Peliyagoda,rear_dock,normal,,09:00,17:00,WAY-113,Audio,Bluetooth Speaker V4,pcs,2,0,2,14,10,4,low_stock
OUT072,,Waypoint Tech,Kurunegala,Peliyagoda,rear_dock,normal,,09:00,17:00,WAY-114,Accessories,Phone Charger V4,pcs,8,1,7,15,10,9,low_stock
OUT072,,Waypoint Tech,Kurunegala,Peliyagoda,rear_dock,normal,,09:00,17:00,WAY-115,Accessories,USB-C Cable V4,pcs,17,6,11,9,0,4,in_stock
OUT072,,Waypoint Tech,Kurunegala,Peliyagoda,rear_dock,normal,,09:00,17:00,WAY-116,Accessories,Lightning Cable V4,pcs,24,8,16,15,0,6,in_stock
OUT072,,Waypoint Tech,Kurunegala,Peliyagoda,rear_dock,normal,,09:00,17:00,WAY-117,Accessories,Power Bank 10000mAh V4,pcs,16,0,16,1,2,10,in_stock
OUT072,,Waypoint Tech,Kurunegala,Peliyagoda,rear_dock,normal,,09:00,17:00,WAY-118,Accessories,Power Bank 20000mAh V4,pcs,20,3,17,9,0,5,in_stock
OUT072,,Waypoint Tech,Kurunegala,Peliyagoda,rear_dock,normal,,09:00,17:00,WAY-119,Accessories,Phone Case V4,pcs,3,0,3,15,0,7,low_stock
OUT072,,Waypoint Tech,Kurunegala,Peliyagoda,rear_dock,normal,,09:00,17:00,WAY-120,Accessories,Screen Protector V4,pcs,22,0,22,16,10,6,in_stock
OUT072,,Waypoint Tech,Kurunegala,Peliyagoda,rear_dock,normal,,09:00,17:00,WAY-121,Mobile Phones,Smartphone V5,pcs,8,5,3,5,0,7,low_stock
OUT072,,Waypoint Tech,Kurunegala,Peliyagoda,rear_dock,normal,,09:00,17:00,WAY-122,Mobile Phones,Feature Phone V5,pcs,9,2,7,7,10,10,low_stock
OUT072,,Waypoint Tech,Kurunegala,Peliyagoda,rear_dock,normal,,09:00,17:00,WAY-123,Tablets,Android Tablet V5,pcs,21,8,13,6,0,11,in_stock
OUT072,,Waypoint Tech,Kurunegala,Peliyagoda,rear_dock,normal,,09:00,17:00,WAY-124,Laptops,Laptop V5,pcs,13,3,10,6,2,11,low_stock
OUT072,,Waypoint Tech,Kurunegala,Peliyagoda,rear_dock,normal,,09:00,17:00,WAY-125,Laptops,Chromebook V5,pcs,3,3,0,5,5,6,out_of_stock
OUT072,,Waypoint Tech,Kurunegala,Peliyagoda,rear_dock,normal,,09:00,17:00,WAY-126,Computing,Desktop PC V5,pcs,3,1,2,9,0,12,low_stock
OUT072,,Waypoint Tech,Kurunegala,Peliyagoda,rear_dock,normal,,09:00,17:00,WAY-127,Computing,Monitor 24-inch V5,pcs,19,3,16,8,0,7,in_stock
OUT072,,Waypoint Tech,Kurunegala,Peliyagoda,rear_dock,normal,,09:00,17:00,WAY-128,Computing,Monitor 27-inch V5,pcs,19,5,14,10,0,4,in_stock
OUT072,,Waypoint Tech,Kurunegala,Peliyagoda,rear_dock,normal,,09:00,17:00,WAY-129,Computing,Keyboard V5,pcs,11,2,9,16,5,3,in_stock
OUT072,,Waypoint Tech,Kurunegala,Peliyagoda,rear_dock,normal,,09:00,17:00,WAY-130,Computing,Wireless Mouse V5,pcs,15,3,12,9,5,11,in_stock
OUT072,,Waypoint Tech,Kurunegala,Peliyagoda,rear_dock,normal,,09:00,17:00,WAY-131,Computing,Webcam V5,pcs,5,2,3,7,2,11,low_stock
OUT072,,Waypoint Tech,Kurunegala,Peliyagoda,rear_dock,normal,,09:00,17:00,WAY-132,Computing,USB-C Hub V5,pcs,12,1,11,7,2,3,in_stock
OUT072,,Waypoint Tech,Kurunegala,Peliyagoda,rear_dock,normal,,09:00,17:00,WAY-133,Computing,Laptop Stand V5,pcs,19,0,19,14,0,6,in_stock
OUT072,,Waypoint Tech,Kurunegala,Peliyagoda,rear_dock,normal,,09:00,17:00,WAY-134,Storage,USB Flash Drive 64GB V5,pcs,6,4,2,4,0,7,low_stock
OUT072,,Waypoint Tech,Kurunegala,Peliyagoda,rear_dock,normal,,09:00,17:00,WAY-135,Storage,USB Flash Drive 128GB V5,pcs,6,1,5,15,0,8,low_stock
OUT072,,Waypoint Tech,Kurunegala,Peliyagoda,rear_dock,normal,,09:00,17:00,WAY-136,Storage,External SSD 1TB V5,pcs,14,3,11,2,5,10,in_stock
OUT072,,Waypoint Tech,Kurunegala,Peliyagoda,rear_dock,normal,,09:00,17:00,WAY-137,Storage,MicroSD 128GB V5,pcs,13,1,12,2,0,10,in_stock
OUT072,,Waypoint Tech,Kurunegala,Peliyagoda,rear_dock,normal,,09:00,17:00,WAY-138,Networking,Wi-Fi Router V5,pcs,24,0,24,11,0,7,in_stock
OUT072,,Waypoint Tech,Kurunegala,Peliyagoda,rear_dock,normal,,09:00,17:00,WAY-139,Networking,Wi-Fi Extender V5,pcs,12,1,11,10,10,6,in_stock
OUT072,,Waypoint Tech,Kurunegala,Peliyagoda,rear_dock,normal,,09:00,17:00,WAY-140,Networking,Ethernet Cable 5m V5,pcs,5,3,2,11,2,11,low_stock
OUT072,,Waypoint Tech,Kurunegala,Peliyagoda,rear_dock,normal,,09:00,17:00,WAY-141,Audio,Bluetooth Earbuds V5,pcs,4,1,3,8,10,7,low_stock
OUT072,,Waypoint Tech,Kurunegala,Peliyagoda,rear_dock,normal,,09:00,17:00,WAY-142,Audio,Bluetooth Headphones V5,pcs,26,2,24,7,2,8,in_stock
OUT072,,Waypoint Tech,Kurunegala,Peliyagoda,rear_dock,normal,,09:00,17:00,WAY-143,Audio,Bluetooth Speaker V5,pcs,19,1,18,15,2,9,in_stock
OUT072,,Waypoint Tech,Kurunegala,Peliyagoda,rear_dock,normal,,09:00,17:00,WAY-144,Accessories,Phone Charger V5,pcs,16,2,14,15,2,11,in_stock
OUT072,,Waypoint Tech,Kurunegala,Peliyagoda,rear_dock,normal,,09:00,17:00,WAY-145,Accessories,USB-C Cable V5,pcs,26,7,19,11,5,11,in_stock
OUT072,,Waypoint Tech,Kurunegala,Peliyagoda,rear_dock,normal,,09:00,17:00,WAY-146,Accessories,Lightning Cable V5,pcs,5,1,4,7,0,8,low_stock
OUT072,,Waypoint Tech,Kurunegala,Peliyagoda,rear_dock,normal,,09:00,17:00,WAY-147,Accessories,Power Bank 10000mAh V5,pcs,10,8,2,9,10,6,low_stock
OUT072,,Waypoint Tech,Kurunegala,Peliyagoda,rear_dock,normal,,09:00,17:00,WAY-148,Accessories,Power Bank 20000mAh V5,pcs,26,6,20,12,0,10,in_stock
OUT072,,Waypoint Tech,Kurunegala,Peliyagoda,rear_dock,normal,,09:00,17:00,WAY-149,Accessories,Phone Case V5,pcs,16,0,16,12,0,9,in_stock
OUT072,,Waypoint Tech,Kurunegala,Peliyagoda,rear_dock,normal,,09:00,17:00,WAY-150,Accessories,Screen Protector V5,pcs,13,3,10,1,2,5,in_stock
OUT072,,Waypoint Tech,Kurunegala,Peliyagoda,rear_dock,normal,,09:00,17:00,WAY-151,Mobile Phones,Smartphone V6,pcs,15,5,10,3,5,7,in_stock
OUT072,,Waypoint Tech,Kurunegala,Peliyagoda,rear_dock,normal,,09:00,17:00,WAY-152,Mobile Phones,Feature Phone V6,pcs,7,7,0,8,0,8,out_of_stock
OUT072,,Waypoint Tech,Kurunegala,Peliyagoda,rear_dock,normal,,09:00,17:00,WAY-153,Tablets,Android Tablet V6,pcs,4,2,2,9,0,4,low_stock
OUT072,,Waypoint Tech,Kurunegala,Peliyagoda,rear_dock,normal,,09:00,17:00,WAY-154,Laptops,Laptop V6,pcs,12,3,9,3,0,6,in_stock
OUT072,,Waypoint Tech,Kurunegala,Peliyagoda,rear_dock,normal,,09:00,17:00,WAY-155,Laptops,Chromebook V6,pcs,12,8,4,9,5,12,low_stock
OUT072,,Waypoint Tech,Kurunegala,Peliyagoda,rear_dock,normal,,09:00,17:00,WAY-156,Computing,Desktop PC V6,pcs,11,5,6,10,5,6,low_stock
OUT072,,Waypoint Tech,Kurunegala,Peliyagoda,rear_dock,normal,,09:00,17:00,WAY-157,Computing,Monitor 24-inch V6,pcs,23,1,22,2,0,8,in_stock
OUT072,,Waypoint Tech,Kurunegala,Peliyagoda,rear_dock,normal,,09:00,17:00,WAY-158,Computing,Monitor 27-inch V6,pcs,27,7,20,5,2,11,in_stock
OUT072,,Waypoint Tech,Kurunegala,Peliyagoda,rear_dock,normal,,09:00,17:00,WAY-159,Computing,Keyboard V6,pcs,24,3,21,8,0,4,in_stock
OUT072,,Waypoint Tech,Kurunegala,Peliyagoda,rear_dock,normal,,09:00,17:00,WAY-160,Computing,Wireless Mouse V6,pcs,12,8,4,11,5,12,low_stock
OUT072,,Waypoint Tech,Kurunegala,Peliyagoda,rear_dock,normal,,09:00,17:00,WAY-161,Computing,Webcam V6,pcs,8,0,8,11,5,4,in_stock
OUT072,,Waypoint Tech,Kurunegala,Peliyagoda,rear_dock,normal,,09:00,17:00,WAY-162,Computing,USB-C Hub V6,pcs,5,2,3,8,0,3,low_stock
OUT072,,Waypoint Tech,Kurunegala,Peliyagoda,rear_dock,normal,,09:00,17:00,WAY-163,Computing,Laptop Stand V6,pcs,16,1,15,5,0,9,in_stock
OUT072,,Waypoint Tech,Kurunegala,Peliyagoda,rear_dock,normal,,09:00,17:00,WAY-164,Storage,USB Flash Drive 64GB V6,pcs,15,0,15,13,0,11,in_stock
OUT072,,Waypoint Tech,Kurunegala,Peliyagoda,rear_dock,normal,,09:00,17:00,WAY-165,Storage,USB Flash Drive 128GB V6,pcs,18,3,15,14,0,12,in_stock
OUT072,,Waypoint Tech,Kurunegala,Peliyagoda,rear_dock,normal,,09:00,17:00,WAY-166,Storage,External SSD 1TB V6,pcs,2,2,0,14,2,4,out_of_stock
OUT072,,Waypoint Tech,Kurunegala,Peliyagoda,rear_dock,normal,,09:00,17:00,WAY-167,Storage,MicroSD 128GB V6,pcs,11,8,3,10,0,9,low_stock
OUT072,,Waypoint Tech,Kurunegala,Peliyagoda,rear_dock,normal,,09:00,17:00,WAY-168,Networking,Wi-Fi Router V6,pcs,11,4,7,10,0,10,low_stock
OUT072,,Waypoint Tech,Kurunegala,Peliyagoda,rear_dock,normal,,09:00,17:00,WAY-169,Networking,Wi-Fi Extender V6,pcs,9,1,8,4,0,12,low_stock
OUT072,,Waypoint Tech,Kurunegala,Peliyagoda,rear_dock,normal,,09:00,17:00,WAY-170,Networking,Ethernet Cable 5m V6,pcs,26,0,26,9,0,10,in_stock
OUT072,,Waypoint Tech,Kurunegala,Peliyagoda,rear_dock,normal,,09:00,17:00,WAY-171,Audio,Bluetooth Earbuds V6,pcs,15,0,15,6,2,4,in_stock
OUT072,,Waypoint Tech,Kurunegala,Peliyagoda,rear_dock,normal,,09:00,17:00,WAY-172,Audio,Bluetooth Headphones V6,pcs,5,2,3,0,0,12,low_stock
OUT072,,Waypoint Tech,Kurunegala,Peliyagoda,rear_dock,normal,,09:00,17:00,WAY-173,Audio,Bluetooth Speaker V6,pcs,26,1,25,8,0,4,in_stock
OUT072,,Waypoint Tech,Kurunegala,Peliyagoda,rear_dock,normal,,09:00,17:00,WAY-174,Accessories,Phone Charger V6,pcs,17,3,14,10,0,8,in_stock
OUT072,,Waypoint Tech,Kurunegala,Peliyagoda,rear_dock,normal,,09:00,17:00,WAY-175,Accessories,USB-C Cable V6,pcs,11,5,6,2,0,3,in_stock
OUT072,,Waypoint Tech,Kurunegala,Peliyagoda,rear_dock,normal,,09:00,17:00,WAY-176,Accessories,Lightning Cable V6,pcs,11,0,11,9,2,12,low_stock
OUT072,,Waypoint Tech,Kurunegala,Peliyagoda,rear_dock,normal,,09:00,17:00,WAY-177,Accessories,Power Bank 10000mAh V6,pcs,2,2,0,10,0,5,out_of_stock
OUT072,,Waypoint Tech,Kurunegala,Peliyagoda,rear_dock,normal,,09:00,17:00,WAY-178,Accessories,Power Bank 20000mAh V6,pcs,20,6,14,5,0,8,in_stock
OUT072,,Waypoint Tech,Kurunegala,Peliyagoda,rear_dock,normal,,09:00,17:00,WAY-179,Accessories,Phone Case V6,pcs,22,5,17,13,0,6,in_stock
OUT072,,Waypoint Tech,Kurunegala,Peliyagoda,rear_dock,normal,,09:00,17:00,WAY-180,Accessories,Screen Protector V6,pcs,4,3,1,5,2,9,low_stock
OUT072,,Waypoint Tech,Kurunegala,Peliyagoda,rear_dock,normal,,09:00,17:00,WAY-181,Mobile Phones,Smartphone V7,pcs,16,1,15,7,2,7,in_stock
OUT072,,Waypoint Tech,Kurunegala,Peliyagoda,rear_dock,normal,,09:00,17:00,WAY-182,Mobile Phones,Feature Phone V7,pcs,13,2,11,2,2,3,in_stock
OUT072,,Waypoint Tech,Kurunegala,Peliyagoda,rear_dock,normal,,09:00,17:00,WAY-183,Tablets,Android Tablet V7,pcs,25,3,22,11,2,5,in_stock
OUT072,,Waypoint Tech,Kurunegala,Peliyagoda,rear_dock,normal,,09:00,17:00,WAY-184,Laptops,Laptop V7,pcs,8,4,4,0,2,6,low_stock
OUT072,,Waypoint Tech,Kurunegala,Peliyagoda,rear_dock,normal,,09:00,17:00,WAY-185,Laptops,Chromebook V7,pcs,16,8,8,0,2,7,in_stock
OUT072,,Waypoint Tech,Kurunegala,Peliyagoda,rear_dock,normal,,09:00,17:00,WAY-186,Computing,Desktop PC V7,pcs,26,3,23,15,0,9,in_stock
OUT072,,Waypoint Tech,Kurunegala,Peliyagoda,rear_dock,normal,,09:00,17:00,WAY-187,Computing,Monitor 24-inch V7,pcs,17,8,9,8,0,12,low_stock
OUT072,,Waypoint Tech,Kurunegala,Peliyagoda,rear_dock,normal,,09:00,17:00,WAY-188,Computing,Monitor 27-inch V7,pcs,23,1,22,9,5,3,in_stock
OUT072,,Waypoint Tech,Kurunegala,Peliyagoda,rear_dock,normal,,09:00,17:00,WAY-189,Computing,Keyboard V7,pcs,14,6,8,9,2,11,low_stock
OUT072,,Waypoint Tech,Kurunegala,Peliyagoda,rear_dock,normal,,09:00,17:00,WAY-190,Computing,Wireless Mouse V7,pcs,2,2,0,13,2,12,out_of_stock
OUT072,,Waypoint Tech,Kurunegala,Peliyagoda,rear_dock,normal,,09:00,17:00,WAY-191,Computing,Webcam V7,pcs,12,4,8,4,0,6,in_stock
OUT072,,Waypoint Tech,Kurunegala,Peliyagoda,rear_dock,normal,,09:00,17:00,WAY-192,Computing,USB-C Hub V7,pcs,20,7,13,5,0,6,in_stock
OUT072,,Waypoint Tech,Kurunegala,Peliyagoda,rear_dock,normal,,09:00,17:00,WAY-193,Computing,Laptop Stand V7,pcs,17,1,16,2,0,4,in_stock
OUT072,,Waypoint Tech,Kurunegala,Peliyagoda,rear_dock,normal,,09:00,17:00,WAY-194,Storage,USB Flash Drive 64GB V7,pcs,3,0,3,12,5,10,low_stock
OUT072,,Waypoint Tech,Kurunegala,Peliyagoda,rear_dock,normal,,09:00,17:00,WAY-195,Storage,USB Flash Drive 128GB V7,pcs,7,7,0,9,0,4,out_of_stock
OUT072,,Waypoint Tech,Kurunegala,Peliyagoda,rear_dock,normal,,09:00,17:00,WAY-196,Storage,External SSD 1TB V7,pcs,5,3,2,0,2,9,low_stock
OUT072,,Waypoint Tech,Kurunegala,Peliyagoda,rear_dock,normal,,09:00,17:00,WAY-197,Storage,MicroSD 128GB V7,pcs,11,5,6,13,0,5,in_stock
OUT072,,Waypoint Tech,Kurunegala,Peliyagoda,rear_dock,normal,,09:00,17:00,WAY-198,Networking,Wi-Fi Router V7,pcs,4,3,1,6,5,6,low_stock
OUT072,,Waypoint Tech,Kurunegala,Peliyagoda,rear_dock,normal,,09:00,17:00,WAY-199,Networking,Wi-Fi Extender V7,pcs,6,6,0,3,0,4,out_of_stock
OUT072,,Waypoint Tech,Kurunegala,Peliyagoda,rear_dock,normal,,09:00,17:00,WAY-200,Networking,Ethernet Cable 5m V7,pcs,11,3,8,0,5,9,low_stock
OUT093,,Waypoint Tech,Kandy,Kandy,street,van_only,,09:00,17:00,WAY-001,Mobile Phones,Smartphone,pcs,6,6,0,11,10,4,out_of_stock
OUT093,,Waypoint Tech,Kandy,Kandy,street,van_only,,09:00,17:00,WAY-002,Mobile Phones,Feature Phone,pcs,8,0,8,10,0,12,low_stock
OUT093,,Waypoint Tech,Kandy,Kandy,street,van_only,,09:00,17:00,WAY-003,Tablets,Android Tablet,pcs,21,5,16,15,10,7,in_stock
OUT093,,Waypoint Tech,Kandy,Kandy,street,van_only,,09:00,17:00,WAY-004,Laptops,Laptop,pcs,21,1,20,9,0,9,in_stock
OUT093,,Waypoint Tech,Kandy,Kandy,street,van_only,,09:00,17:00,WAY-005,Laptops,Chromebook,pcs,11,3,8,6,10,9,low_stock
OUT093,,Waypoint Tech,Kandy,Kandy,street,van_only,,09:00,17:00,WAY-006,Computing,Desktop PC,pcs,19,2,17,16,0,10,in_stock
OUT093,,Waypoint Tech,Kandy,Kandy,street,van_only,,09:00,17:00,WAY-007,Computing,Monitor 24-inch,pcs,13,1,12,13,5,5,in_stock
OUT093,,Waypoint Tech,Kandy,Kandy,street,van_only,,09:00,17:00,WAY-008,Computing,Monitor 27-inch,pcs,4,0,4,12,0,6,low_stock
OUT093,,Waypoint Tech,Kandy,Kandy,street,van_only,,09:00,17:00,WAY-009,Computing,Keyboard,pcs,14,2,12,7,10,9,in_stock
OUT093,,Waypoint Tech,Kandy,Kandy,street,van_only,,09:00,17:00,WAY-010,Computing,Wireless Mouse,pcs,7,2,5,15,5,11,low_stock
OUT093,,Waypoint Tech,Kandy,Kandy,street,van_only,,09:00,17:00,WAY-011,Computing,Webcam,pcs,17,5,12,9,0,3,in_stock
OUT093,,Waypoint Tech,Kandy,Kandy,street,van_only,,09:00,17:00,WAY-012,Computing,USB-C Hub,pcs,10,2,8,2,0,11,low_stock
OUT093,,Waypoint Tech,Kandy,Kandy,street,van_only,,09:00,17:00,WAY-013,Computing,Laptop Stand,pcs,16,7,9,4,0,6,in_stock
OUT093,,Waypoint Tech,Kandy,Kandy,street,van_only,,09:00,17:00,WAY-014,Storage,USB Flash Drive 64GB,pcs,14,3,11,5,0,10,in_stock
OUT093,,Waypoint Tech,Kandy,Kandy,street,van_only,,09:00,17:00,WAY-015,Storage,USB Flash Drive 128GB,pcs,11,5,6,2,0,5,in_stock
OUT093,,Waypoint Tech,Kandy,Kandy,street,van_only,,09:00,17:00,WAY-016,Storage,External SSD 1TB,pcs,13,4,9,8,2,10,low_stock
OUT093,,Waypoint Tech,Kandy,Kandy,street,van_only,,09:00,17:00,WAY-017,Storage,MicroSD 128GB,pcs,17,7,10,7,0,7,in_stock
OUT093,,Waypoint Tech,Kandy,Kandy,street,van_only,,09:00,17:00,WAY-018,Networking,Wi-Fi Router,pcs,23,3,20,12,5,12,in_stock
OUT093,,Waypoint Tech,Kandy,Kandy,street,van_only,,09:00,17:00,WAY-019,Networking,Wi-Fi Extender,pcs,27,8,19,10,2,11,in_stock
OUT093,,Waypoint Tech,Kandy,Kandy,street,van_only,,09:00,17:00,WAY-020,Networking,Ethernet Cable 5m,pcs,19,4,15,9,0,10,in_stock
OUT093,,Waypoint Tech,Kandy,Kandy,street,van_only,,09:00,17:00,WAY-021,Audio,Bluetooth Earbuds,pcs,10,3,7,1,2,6,in_stock
OUT093,,Waypoint Tech,Kandy,Kandy,street,van_only,,09:00,17:00,WAY-022,Audio,Bluetooth Headphones,pcs,21,4,17,9,2,9,in_stock
OUT093,,Waypoint Tech,Kandy,Kandy,street,van_only,,09:00,17:00,WAY-023,Audio,Bluetooth Speaker,pcs,9,7,2,12,0,11,low_stock
OUT093,,Waypoint Tech,Kandy,Kandy,street,van_only,,09:00,17:00,WAY-024,Accessories,Phone Charger,pcs,11,6,5,15,10,9,low_stock
OUT093,,Waypoint Tech,Kandy,Kandy,street,van_only,,09:00,17:00,WAY-025,Accessories,USB-C Cable,pcs,14,6,8,9,5,8,low_stock
OUT093,,Waypoint Tech,Kandy,Kandy,street,van_only,,09:00,17:00,WAY-026,Accessories,Lightning Cable,pcs,13,5,8,7,2,7,in_stock
OUT093,,Waypoint Tech,Kandy,Kandy,street,van_only,,09:00,17:00,WAY-027,Accessories,Power Bank 10000mAh,pcs,11,8,3,5,5,4,low_stock
OUT093,,Waypoint Tech,Kandy,Kandy,street,van_only,,09:00,17:00,WAY-028,Accessories,Power Bank 20000mAh,pcs,19,4,15,1,2,11,in_stock
OUT093,,Waypoint Tech,Kandy,Kandy,street,van_only,,09:00,17:00,WAY-029,Accessories,Phone Case,pcs,20,6,14,2,0,9,in_stock
OUT093,,Waypoint Tech,Kandy,Kandy,street,van_only,,09:00,17:00,WAY-030,Accessories,Screen Protector,pcs,14,6,8,5,0,4,in_stock
OUT093,,Waypoint Tech,Kandy,Kandy,street,van_only,,09:00,17:00,WAY-031,Mobile Phones,Smartphone V2,pcs,3,2,1,12,10,4,low_stock
OUT093,,Waypoint Tech,Kandy,Kandy,street,van_only,,09:00,17:00,WAY-032,Mobile Phones,Feature Phone V2,pcs,17,5,12,15,5,10,in_stock
OUT093,,Waypoint Tech,Kandy,Kandy,street,van_only,,09:00,17:00,WAY-033,Tablets,Android Tablet V2,pcs,7,7,0,11,0,4,out_of_stock
OUT093,,Waypoint Tech,Kandy,Kandy,street,van_only,,09:00,17:00,WAY-034,Laptops,Laptop V2,pcs,17,3,14,11,0,12,in_stock
OUT093,,Waypoint Tech,Kandy,Kandy,street,van_only,,09:00,17:00,WAY-035,Laptops,Chromebook V2,pcs,20,7,13,7,0,7,in_stock
OUT093,,Waypoint Tech,Kandy,Kandy,street,van_only,,09:00,17:00,WAY-036,Computing,Desktop PC V2,pcs,25,4,21,9,5,10,in_stock
OUT093,,Waypoint Tech,Kandy,Kandy,street,van_only,,09:00,17:00,WAY-037,Computing,Monitor 24-inch V2,pcs,11,7,4,5,5,10,low_stock
OUT093,,Waypoint Tech,Kandy,Kandy,street,van_only,,09:00,17:00,WAY-038,Computing,Monitor 27-inch V2,pcs,9,1,8,10,0,4,in_stock
OUT093,,Waypoint Tech,Kandy,Kandy,street,van_only,,09:00,17:00,WAY-039,Computing,Keyboard V2,pcs,4,0,4,10,0,7,low_stock
OUT093,,Waypoint Tech,Kandy,Kandy,street,van_only,,09:00,17:00,WAY-040,Computing,Wireless Mouse V2,pcs,14,3,11,9,10,6,in_stock
OUT093,,Waypoint Tech,Kandy,Kandy,street,van_only,,09:00,17:00,WAY-041,Computing,Webcam V2,pcs,7,2,5,6,0,6,low_stock
OUT093,,Waypoint Tech,Kandy,Kandy,street,van_only,,09:00,17:00,WAY-042,Computing,USB-C Hub V2,pcs,2,0,2,5,2,3,low_stock
OUT093,,Waypoint Tech,Kandy,Kandy,street,van_only,,09:00,17:00,WAY-043,Computing,Laptop Stand V2,pcs,13,4,9,16,10,9,low_stock
OUT093,,Waypoint Tech,Kandy,Kandy,street,van_only,,09:00,17:00,WAY-044,Storage,USB Flash Drive 64GB V2,pcs,23,3,20,16,0,5,in_stock
OUT093,,Waypoint Tech,Kandy,Kandy,street,van_only,,09:00,17:00,WAY-045,Storage,USB Flash Drive 128GB V2,pcs,3,1,2,15,0,3,low_stock
OUT093,,Waypoint Tech,Kandy,Kandy,street,van_only,,09:00,17:00,WAY-046,Storage,External SSD 1TB V2,pcs,19,6,13,15,0,6,in_stock
OUT093,,Waypoint Tech,Kandy,Kandy,street,van_only,,09:00,17:00,WAY-047,Storage,MicroSD 128GB V2,pcs,26,5,21,15,0,4,in_stock
OUT093,,Waypoint Tech,Kandy,Kandy,street,van_only,,09:00,17:00,WAY-048,Networking,Wi-Fi Router V2,pcs,4,0,4,4,2,9,low_stock
OUT093,,Waypoint Tech,Kandy,Kandy,street,van_only,,09:00,17:00,WAY-049,Networking,Wi-Fi Extender V2,pcs,7,2,5,2,0,8,low_stock
OUT093,,Waypoint Tech,Kandy,Kandy,street,van_only,,09:00,17:00,WAY-050,Networking,Ethernet Cable 5m V2,pcs,3,0,3,12,0,8,low_stock
OUT093,,Waypoint Tech,Kandy,Kandy,street,van_only,,09:00,17:00,WAY-051,Audio,Bluetooth Earbuds V2,pcs,15,5,10,4,5,5,in_stock
OUT093,,Waypoint Tech,Kandy,Kandy,street,van_only,,09:00,17:00,WAY-052,Audio,Bluetooth Headphones V2,pcs,20,4,16,12,5,9,in_stock
OUT093,,Waypoint Tech,Kandy,Kandy,street,van_only,,09:00,17:00,WAY-053,Audio,Bluetooth Speaker V2,pcs,4,3,1,10,0,9,low_stock
OUT093,,Waypoint Tech,Kandy,Kandy,street,van_only,,09:00,17:00,WAY-054,Accessories,Phone Charger V2,pcs,8,7,1,13,0,8,low_stock
OUT093,,Waypoint Tech,Kandy,Kandy,street,van_only,,09:00,17:00,WAY-055,Accessories,USB-C Cable V2,pcs,10,4,6,13,0,11,low_stock
OUT093,,Waypoint Tech,Kandy,Kandy,street,van_only,,09:00,17:00,WAY-056,Accessories,Lightning Cable V2,pcs,23,8,15,5,0,3,in_stock
OUT093,,Waypoint Tech,Kandy,Kandy,street,van_only,,09:00,17:00,WAY-057,Accessories,Power Bank 10000mAh V2,pcs,5,0,5,11,2,3,in_stock
OUT093,,Waypoint Tech,Kandy,Kandy,street,van_only,,09:00,17:00,WAY-058,Accessories,Power Bank 20000mAh V2,pcs,13,2,11,6,2,3,in_stock
OUT093,,Waypoint Tech,Kandy,Kandy,street,van_only,,09:00,17:00,WAY-059,Accessories,Phone Case V2,pcs,12,1,11,7,5,11,low_stock
OUT093,,Waypoint Tech,Kandy,Kandy,street,van_only,,09:00,17:00,WAY-060,Accessories,Screen Protector V2,pcs,2,2,0,12,0,11,out_of_stock
OUT093,,Waypoint Tech,Kandy,Kandy,street,van_only,,09:00,17:00,WAY-061,Mobile Phones,Smartphone V3,pcs,23,7,16,16,10,12,in_stock
OUT093,,Waypoint Tech,Kandy,Kandy,street,van_only,,09:00,17:00,WAY-062,Mobile Phones,Feature Phone V3,pcs,19,2,17,2,0,7,in_stock
OUT093,,Waypoint Tech,Kandy,Kandy,street,van_only,,09:00,17:00,WAY-063,Tablets,Android Tablet V3,pcs,14,6,8,13,10,12,low_stock
OUT093,,Waypoint Tech,Kandy,Kandy,street,van_only,,09:00,17:00,WAY-064,Laptops,Laptop V3,pcs,14,3,11,1,0,3,in_stock
OUT093,,Waypoint Tech,Kandy,Kandy,street,van_only,,09:00,17:00,WAY-065,Laptops,Chromebook V3,pcs,20,2,18,11,10,8,in_stock
OUT093,,Waypoint Tech,Kandy,Kandy,street,van_only,,09:00,17:00,WAY-066,Computing,Desktop PC V3,pcs,17,6,11,14,0,7,in_stock
OUT093,,Waypoint Tech,Kandy,Kandy,street,van_only,,09:00,17:00,WAY-067,Computing,Monitor 24-inch V3,pcs,19,0,19,2,5,4,in_stock
OUT093,,Waypoint Tech,Kandy,Kandy,street,van_only,,09:00,17:00,WAY-068,Computing,Monitor 27-inch V3,pcs,5,0,5,3,2,5,low_stock
OUT093,,Waypoint Tech,Kandy,Kandy,street,van_only,,09:00,17:00,WAY-069,Computing,Keyboard V3,pcs,18,2,16,9,5,4,in_stock
OUT093,,Waypoint Tech,Kandy,Kandy,street,van_only,,09:00,17:00,WAY-070,Computing,Wireless Mouse V3,pcs,6,4,2,9,5,9,low_stock
OUT093,,Waypoint Tech,Kandy,Kandy,street,van_only,,09:00,17:00,WAY-071,Computing,Webcam V3,pcs,15,3,12,2,0,4,in_stock
OUT093,,Waypoint Tech,Kandy,Kandy,street,van_only,,09:00,17:00,WAY-072,Computing,USB-C Hub V3,pcs,22,3,19,15,0,5,in_stock
OUT093,,Waypoint Tech,Kandy,Kandy,street,van_only,,09:00,17:00,WAY-073,Computing,Laptop Stand V3,pcs,2,0,2,5,0,6,low_stock
OUT093,,Waypoint Tech,Kandy,Kandy,street,van_only,,09:00,17:00,WAY-074,Storage,USB Flash Drive 64GB V3,pcs,26,6,20,2,10,4,in_stock
OUT093,,Waypoint Tech,Kandy,Kandy,street,van_only,,09:00,17:00,WAY-075,Storage,USB Flash Drive 128GB V3,pcs,22,3,19,13,5,12,in_stock
OUT093,,Waypoint Tech,Kandy,Kandy,street,van_only,,09:00,17:00,WAY-076,Storage,External SSD 1TB V3,pcs,2,0,2,16,5,3,low_stock
OUT093,,Waypoint Tech,Kandy,Kandy,street,van_only,,09:00,17:00,WAY-077,Storage,MicroSD 128GB V3,pcs,18,2,16,9,10,4,in_stock
OUT093,,Waypoint Tech,Kandy,Kandy,street,van_only,,09:00,17:00,WAY-078,Networking,Wi-Fi Router V3,pcs,23,6,17,5,0,12,in_stock
OUT093,,Waypoint Tech,Kandy,Kandy,street,van_only,,09:00,17:00,WAY-079,Networking,Wi-Fi Extender V3,pcs,7,3,4,13,0,12,low_stock
OUT093,,Waypoint Tech,Kandy,Kandy,street,van_only,,09:00,17:00,WAY-080,Networking,Ethernet Cable 5m V3,pcs,10,3,7,6,10,11,low_stock
OUT093,,Waypoint Tech,Kandy,Kandy,street,van_only,,09:00,17:00,WAY-081,Audio,Bluetooth Earbuds V3,pcs,8,5,3,13,0,11,low_stock
OUT093,,Waypoint Tech,Kandy,Kandy,street,van_only,,09:00,17:00,WAY-082,Audio,Bluetooth Headphones V3,pcs,21,3,18,4,0,8,in_stock
OUT093,,Waypoint Tech,Kandy,Kandy,street,van_only,,09:00,17:00,WAY-083,Audio,Bluetooth Speaker V3,pcs,18,6,12,5,10,3,in_stock
OUT093,,Waypoint Tech,Kandy,Kandy,street,van_only,,09:00,17:00,WAY-084,Accessories,Phone Charger V3,pcs,25,0,25,9,0,12,in_stock
OUT093,,Waypoint Tech,Kandy,Kandy,street,van_only,,09:00,17:00,WAY-085,Accessories,USB-C Cable V3,pcs,20,4,16,9,10,5,in_stock
OUT093,,Waypoint Tech,Kandy,Kandy,street,van_only,,09:00,17:00,WAY-086,Accessories,Lightning Cable V3,pcs,25,3,22,9,5,12,in_stock
OUT093,,Waypoint Tech,Kandy,Kandy,street,van_only,,09:00,17:00,WAY-087,Accessories,Power Bank 10000mAh V3,pcs,5,2,3,6,10,6,low_stock
OUT093,,Waypoint Tech,Kandy,Kandy,street,van_only,,09:00,17:00,WAY-088,Accessories,Power Bank 20000mAh V3,pcs,16,2,14,9,2,10,in_stock
OUT093,,Waypoint Tech,Kandy,Kandy,street,van_only,,09:00,17:00,WAY-089,Accessories,Phone Case V3,pcs,7,1,6,6,0,10,low_stock
OUT093,,Waypoint Tech,Kandy,Kandy,street,van_only,,09:00,17:00,WAY-090,Accessories,Screen Protector V3,pcs,11,5,6,9,0,12,low_stock
OUT093,,Waypoint Tech,Kandy,Kandy,street,van_only,,09:00,17:00,WAY-091,Mobile Phones,Smartphone V4,pcs,9,3,6,4,0,4,in_stock
OUT093,,Waypoint Tech,Kandy,Kandy,street,van_only,,09:00,17:00,WAY-092,Mobile Phones,Feature Phone V4,pcs,19,1,18,11,0,3,in_stock
OUT093,,Waypoint Tech,Kandy,Kandy,street,van_only,,09:00,17:00,WAY-093,Tablets,Android Tablet V4,pcs,13,8,5,14,0,3,in_stock
OUT093,,Waypoint Tech,Kandy,Kandy,street,van_only,,09:00,17:00,WAY-094,Laptops,Laptop V4,pcs,10,1,9,3,5,12,low_stock
OUT093,,Waypoint Tech,Kandy,Kandy,street,van_only,,09:00,17:00,WAY-095,Laptops,Chromebook V4,pcs,2,2,0,13,0,6,out_of_stock
OUT093,,Waypoint Tech,Kandy,Kandy,street,van_only,,09:00,17:00,WAY-096,Computing,Desktop PC V4,pcs,12,3,9,16,5,7,in_stock
OUT093,,Waypoint Tech,Kandy,Kandy,street,van_only,,09:00,17:00,WAY-097,Computing,Monitor 24-inch V4,pcs,15,1,14,16,5,6,in_stock
OUT093,,Waypoint Tech,Kandy,Kandy,street,van_only,,09:00,17:00,WAY-098,Computing,Monitor 27-inch V4,pcs,13,8,5,9,10,5,low_stock
OUT093,,Waypoint Tech,Kandy,Kandy,street,van_only,,09:00,17:00,WAY-099,Computing,Keyboard V4,pcs,13,3,10,3,10,8,in_stock
OUT093,,Waypoint Tech,Kandy,Kandy,street,van_only,,09:00,17:00,WAY-100,Computing,Wireless Mouse V4,pcs,15,3,12,5,0,3,in_stock
OUT093,,Waypoint Tech,Kandy,Kandy,street,van_only,,09:00,17:00,WAY-101,Computing,Webcam V4,pcs,25,5,20,11,10,11,in_stock
OUT093,,Waypoint Tech,Kandy,Kandy,street,van_only,,09:00,17:00,WAY-102,Computing,USB-C Hub V4,pcs,6,0,6,9,0,9,low_stock
OUT093,,Waypoint Tech,Kandy,Kandy,street,van_only,,09:00,17:00,WAY-103,Computing,Laptop Stand V4,pcs,16,4,12,7,0,3,in_stock
OUT093,,Waypoint Tech,Kandy,Kandy,street,van_only,,09:00,17:00,WAY-104,Storage,USB Flash Drive 64GB V4,pcs,27,0,27,7,5,4,in_stock
OUT093,,Waypoint Tech,Kandy,Kandy,street,van_only,,09:00,17:00,WAY-105,Storage,USB Flash Drive 128GB V4,pcs,20,2,18,14,0,11,in_stock
OUT093,,Waypoint Tech,Kandy,Kandy,street,van_only,,09:00,17:00,WAY-106,Storage,External SSD 1TB V4,pcs,13,1,12,6,10,10,in_stock
OUT093,,Waypoint Tech,Kandy,Kandy,street,van_only,,09:00,17:00,WAY-107,Storage,MicroSD 128GB V4,pcs,18,0,18,3,0,6,in_stock
OUT093,,Waypoint Tech,Kandy,Kandy,street,van_only,,09:00,17:00,WAY-108,Networking,Wi-Fi Router V4,pcs,11,2,9,10,0,3,in_stock
OUT093,,Waypoint Tech,Kandy,Kandy,street,van_only,,09:00,17:00,WAY-109,Networking,Wi-Fi Extender V4,pcs,3,2,1,9,2,12,low_stock
OUT093,,Waypoint Tech,Kandy,Kandy,street,van_only,,09:00,17:00,WAY-110,Networking,Ethernet Cable 5m V4,pcs,11,2,9,1,0,10,low_stock
OUT093,,Waypoint Tech,Kandy,Kandy,street,van_only,,09:00,17:00,WAY-111,Audio,Bluetooth Earbuds V4,pcs,25,4,21,13,0,6,in_stock
OUT093,,Waypoint Tech,Kandy,Kandy,street,van_only,,09:00,17:00,WAY-112,Audio,Bluetooth Headphones V4,pcs,8,0,8,3,5,8,low_stock
OUT093,,Waypoint Tech,Kandy,Kandy,street,van_only,,09:00,17:00,WAY-113,Audio,Bluetooth Speaker V4,pcs,11,5,6,9,0,3,in_stock
OUT093,,Waypoint Tech,Kandy,Kandy,street,van_only,,09:00,17:00,WAY-114,Accessories,Phone Charger V4,pcs,24,1,23,14,0,11,in_stock
OUT093,,Waypoint Tech,Kandy,Kandy,street,van_only,,09:00,17:00,WAY-115,Accessories,USB-C Cable V4,pcs,15,8,7,3,5,8,low_stock
OUT093,,Waypoint Tech,Kandy,Kandy,street,van_only,,09:00,17:00,WAY-116,Accessories,Lightning Cable V4,pcs,14,3,11,13,2,7,in_stock
OUT093,,Waypoint Tech,Kandy,Kandy,street,van_only,,09:00,17:00,WAY-117,Accessories,Power Bank 10000mAh V4,pcs,21,3,18,8,0,3,in_stock
OUT093,,Waypoint Tech,Kandy,Kandy,street,van_only,,09:00,17:00,WAY-118,Accessories,Power Bank 20000mAh V4,pcs,12,8,4,9,5,8,low_stock
OUT093,,Waypoint Tech,Kandy,Kandy,street,van_only,,09:00,17:00,WAY-119,Accessories,Phone Case V4,pcs,18,5,13,4,0,3,in_stock
OUT093,,Waypoint Tech,Kandy,Kandy,street,van_only,,09:00,17:00,WAY-120,Accessories,Screen Protector V4,pcs,28,3,25,3,2,5,in_stock
OUT093,,Waypoint Tech,Kandy,Kandy,street,van_only,,09:00,17:00,WAY-121,Mobile Phones,Smartphone V5,pcs,28,4,24,4,0,4,in_stock
OUT093,,Waypoint Tech,Kandy,Kandy,street,van_only,,09:00,17:00,WAY-122,Mobile Phones,Feature Phone V5,pcs,18,3,15,16,0,4,in_stock
OUT093,,Waypoint Tech,Kandy,Kandy,street,van_only,,09:00,17:00,WAY-123,Tablets,Android Tablet V5,pcs,3,3,0,15,0,8,out_of_stock
OUT093,,Waypoint Tech,Kandy,Kandy,street,van_only,,09:00,17:00,WAY-124,Laptops,Laptop V5,pcs,11,5,6,2,0,10,low_stock
OUT093,,Waypoint Tech,Kandy,Kandy,street,van_only,,09:00,17:00,WAY-125,Laptops,Chromebook V5,pcs,6,1,5,4,0,6,low_stock
OUT093,,Waypoint Tech,Kandy,Kandy,street,van_only,,09:00,17:00,WAY-126,Computing,Desktop PC V5,pcs,22,8,14,16,0,11,in_stock
OUT093,,Waypoint Tech,Kandy,Kandy,street,van_only,,09:00,17:00,WAY-127,Computing,Monitor 24-inch V5,pcs,15,3,12,1,0,3,in_stock
OUT093,,Waypoint Tech,Kandy,Kandy,street,van_only,,09:00,17:00,WAY-128,Computing,Monitor 27-inch V5,pcs,9,5,4,5,0,7,low_stock
OUT093,,Waypoint Tech,Kandy,Kandy,street,van_only,,09:00,17:00,WAY-129,Computing,Keyboard V5,pcs,18,2,16,12,5,11,in_stock
OUT093,,Waypoint Tech,Kandy,Kandy,street,van_only,,09:00,17:00,WAY-130,Computing,Wireless Mouse V5,pcs,20,4,16,4,5,10,in_stock
OUT093,,Waypoint Tech,Kandy,Kandy,street,van_only,,09:00,17:00,WAY-131,Computing,Webcam V5,pcs,26,8,18,1,2,11,in_stock
OUT093,,Waypoint Tech,Kandy,Kandy,street,van_only,,09:00,17:00,WAY-132,Computing,USB-C Hub V5,pcs,4,0,4,16,10,3,in_stock
OUT093,,Waypoint Tech,Kandy,Kandy,street,van_only,,09:00,17:00,WAY-133,Computing,Laptop Stand V5,pcs,21,7,14,15,5,6,in_stock
OUT093,,Waypoint Tech,Kandy,Kandy,street,van_only,,09:00,17:00,WAY-134,Storage,USB Flash Drive 64GB V5,pcs,22,2,20,13,10,10,in_stock
OUT093,,Waypoint Tech,Kandy,Kandy,street,van_only,,09:00,17:00,WAY-135,Storage,USB Flash Drive 128GB V5,pcs,22,6,16,3,0,7,in_stock
OUT093,,Waypoint Tech,Kandy,Kandy,street,van_only,,09:00,17:00,WAY-136,Storage,External SSD 1TB V5,pcs,22,4,18,0,5,3,in_stock
OUT093,,Waypoint Tech,Kandy,Kandy,street,van_only,,09:00,17:00,WAY-137,Storage,MicroSD 128GB V5,pcs,10,7,3,16,0,12,low_stock
OUT093,,Waypoint Tech,Kandy,Kandy,street,van_only,,09:00,17:00,WAY-138,Networking,Wi-Fi Router V5,pcs,7,1,6,6,0,6,low_stock
OUT093,,Waypoint Tech,Kandy,Kandy,street,van_only,,09:00,17:00,WAY-139,Networking,Wi-Fi Extender V5,pcs,9,0,9,8,2,6,in_stock
OUT093,,Waypoint Tech,Kandy,Kandy,street,van_only,,09:00,17:00,WAY-140,Networking,Ethernet Cable 5m V5,pcs,23,7,16,9,10,6,in_stock
OUT093,,Waypoint Tech,Kandy,Kandy,street,van_only,,09:00,17:00,WAY-141,Audio,Bluetooth Earbuds V5,pcs,15,0,15,10,5,12,in_stock
OUT093,,Waypoint Tech,Kandy,Kandy,street,van_only,,09:00,17:00,WAY-142,Audio,Bluetooth Headphones V5,pcs,2,2,0,2,0,6,out_of_stock
OUT093,,Waypoint Tech,Kandy,Kandy,street,van_only,,09:00,17:00,WAY-143,Audio,Bluetooth Speaker V5,pcs,25,4,21,12,10,8,in_stock
OUT093,,Waypoint Tech,Kandy,Kandy,street,van_only,,09:00,17:00,WAY-144,Accessories,Phone Charger V5,pcs,21,5,16,1,0,11,in_stock
OUT093,,Waypoint Tech,Kandy,Kandy,street,van_only,,09:00,17:00,WAY-145,Accessories,USB-C Cable V5,pcs,16,3,13,4,2,11,in_stock
OUT093,,Waypoint Tech,Kandy,Kandy,street,van_only,,09:00,17:00,WAY-146,Accessories,Lightning Cable V5,pcs,3,0,3,10,0,12,low_stock
OUT093,,Waypoint Tech,Kandy,Kandy,street,van_only,,09:00,17:00,WAY-147,Accessories,Power Bank 10000mAh V5,pcs,8,6,2,4,10,11,low_stock
OUT093,,Waypoint Tech,Kandy,Kandy,street,van_only,,09:00,17:00,WAY-148,Accessories,Power Bank 20000mAh V5,pcs,24,3,21,11,2,9,in_stock
OUT093,,Waypoint Tech,Kandy,Kandy,street,van_only,,09:00,17:00,WAY-149,Accessories,Phone Case V5,pcs,17,2,15,9,0,8,in_stock
OUT093,,Waypoint Tech,Kandy,Kandy,street,van_only,,09:00,17:00,WAY-150,Accessories,Screen Protector V5,pcs,4,1,3,7,0,6,low_stock
OUT093,,Waypoint Tech,Kandy,Kandy,street,van_only,,09:00,17:00,WAY-151,Mobile Phones,Smartphone V6,pcs,4,0,4,13,0,6,low_stock
OUT093,,Waypoint Tech,Kandy,Kandy,street,van_only,,09:00,17:00,WAY-152,Mobile Phones,Feature Phone V6,pcs,4,1,3,6,0,6,low_stock
OUT093,,Waypoint Tech,Kandy,Kandy,street,van_only,,09:00,17:00,WAY-153,Tablets,Android Tablet V6,pcs,22,1,21,3,10,11,in_stock
OUT093,,Waypoint Tech,Kandy,Kandy,street,van_only,,09:00,17:00,WAY-154,Laptops,Laptop V6,pcs,17,4,13,15,0,5,in_stock
OUT093,,Waypoint Tech,Kandy,Kandy,street,van_only,,09:00,17:00,WAY-155,Laptops,Chromebook V6,pcs,18,8,10,12,0,11,low_stock
OUT093,,Waypoint Tech,Kandy,Kandy,street,van_only,,09:00,17:00,WAY-156,Computing,Desktop PC V6,pcs,2,2,0,3,5,8,out_of_stock
OUT093,,Waypoint Tech,Kandy,Kandy,street,van_only,,09:00,17:00,WAY-157,Computing,Monitor 24-inch V6,pcs,12,1,11,12,0,4,in_stock
OUT093,,Waypoint Tech,Kandy,Kandy,street,van_only,,09:00,17:00,WAY-158,Computing,Monitor 27-inch V6,pcs,5,4,1,16,5,8,low_stock
OUT093,,Waypoint Tech,Kandy,Kandy,street,van_only,,09:00,17:00,WAY-159,Computing,Keyboard V6,pcs,19,2,17,15,0,12,in_stock
OUT093,,Waypoint Tech,Kandy,Kandy,street,van_only,,09:00,17:00,WAY-160,Computing,Wireless Mouse V6,pcs,15,4,11,12,2,12,low_stock
OUT093,,Waypoint Tech,Kandy,Kandy,street,van_only,,09:00,17:00,WAY-161,Computing,Webcam V6,pcs,14,2,12,1,0,7,in_stock
OUT093,,Waypoint Tech,Kandy,Kandy,street,van_only,,09:00,17:00,WAY-162,Computing,USB-C Hub V6,pcs,24,5,19,13,10,11,in_stock
OUT093,,Waypoint Tech,Kandy,Kandy,street,van_only,,09:00,17:00,WAY-163,Computing,Laptop Stand V6,pcs,8,7,1,7,2,5,low_stock
OUT093,,Waypoint Tech,Kandy,Kandy,street,van_only,,09:00,17:00,WAY-164,Storage,USB Flash Drive 64GB V6,pcs,22,3,19,12,2,5,in_stock
OUT093,,Waypoint Tech,Kandy,Kandy,street,van_only,,09:00,17:00,WAY-165,Storage,USB Flash Drive 128GB V6,pcs,9,1,8,9,2,3,in_stock
OUT093,,Waypoint Tech,Kandy,Kandy,street,van_only,,09:00,17:00,WAY-166,Storage,External SSD 1TB V6,pcs,6,2,4,0,0,10,low_stock
OUT093,,Waypoint Tech,Kandy,Kandy,street,van_only,,09:00,17:00,WAY-167,Storage,MicroSD 128GB V6,pcs,2,1,1,14,10,7,low_stock
OUT093,,Waypoint Tech,Kandy,Kandy,street,van_only,,09:00,17:00,WAY-168,Networking,Wi-Fi Router V6,pcs,19,6,13,10,2,6,in_stock
OUT093,,Waypoint Tech,Kandy,Kandy,street,van_only,,09:00,17:00,WAY-169,Networking,Wi-Fi Extender V6,pcs,28,7,21,8,10,9,in_stock
OUT093,,Waypoint Tech,Kandy,Kandy,street,van_only,,09:00,17:00,WAY-170,Networking,Ethernet Cable 5m V6,pcs,3,3,0,2,5,8,out_of_stock
OUT093,,Waypoint Tech,Kandy,Kandy,street,van_only,,09:00,17:00,WAY-171,Audio,Bluetooth Earbuds V6,pcs,24,7,17,13,2,8,in_stock
OUT093,,Waypoint Tech,Kandy,Kandy,street,van_only,,09:00,17:00,WAY-172,Audio,Bluetooth Headphones V6,pcs,17,8,9,4,2,8,in_stock
OUT093,,Waypoint Tech,Kandy,Kandy,street,van_only,,09:00,17:00,WAY-173,Audio,Bluetooth Speaker V6,pcs,20,5,15,1,0,9,in_stock
OUT093,,Waypoint Tech,Kandy,Kandy,street,van_only,,09:00,17:00,WAY-174,Accessories,Phone Charger V6,pcs,27,3,24,9,2,6,in_stock
OUT093,,Waypoint Tech,Kandy,Kandy,street,van_only,,09:00,17:00,WAY-175,Accessories,USB-C Cable V6,pcs,10,5,5,6,0,4,in_stock
OUT093,,Waypoint Tech,Kandy,Kandy,street,van_only,,09:00,17:00,WAY-176,Accessories,Lightning Cable V6,pcs,26,0,26,7,5,7,in_stock
OUT093,,Waypoint Tech,Kandy,Kandy,street,van_only,,09:00,17:00,WAY-177,Accessories,Power Bank 10000mAh V6,pcs,20,1,19,10,0,11,in_stock
OUT093,,Waypoint Tech,Kandy,Kandy,street,van_only,,09:00,17:00,WAY-178,Accessories,Power Bank 20000mAh V6,pcs,17,4,13,9,10,5,in_stock
OUT093,,Waypoint Tech,Kandy,Kandy,street,van_only,,09:00,17:00,WAY-179,Accessories,Phone Case V6,pcs,4,2,2,13,2,6,low_stock
OUT093,,Waypoint Tech,Kandy,Kandy,street,van_only,,09:00,17:00,WAY-180,Accessories,Screen Protector V6,pcs,18,7,11,10,10,3,in_stock
OUT093,,Waypoint Tech,Kandy,Kandy,street,van_only,,09:00,17:00,WAY-181,Mobile Phones,Smartphone V7,pcs,2,2,0,9,0,3,out_of_stock
OUT093,,Waypoint Tech,Kandy,Kandy,street,van_only,,09:00,17:00,WAY-182,Mobile Phones,Feature Phone V7,pcs,13,5,8,9,5,7,in_stock
OUT093,,Waypoint Tech,Kandy,Kandy,street,van_only,,09:00,17:00,WAY-183,Tablets,Android Tablet V7,pcs,3,3,0,9,10,3,out_of_stock
OUT093,,Waypoint Tech,Kandy,Kandy,street,van_only,,09:00,17:00,WAY-184,Laptops,Laptop V7,pcs,2,1,1,5,2,5,low_stock
OUT093,,Waypoint Tech,Kandy,Kandy,street,van_only,,09:00,17:00,WAY-185,Laptops,Chromebook V7,pcs,28,0,28,15,0,11,in_stock
OUT093,,Waypoint Tech,Kandy,Kandy,street,van_only,,09:00,17:00,WAY-186,Computing,Desktop PC V7,pcs,23,1,22,11,5,11,in_stock
OUT093,,Waypoint Tech,Kandy,Kandy,street,van_only,,09:00,17:00,WAY-187,Computing,Monitor 24-inch V7,pcs,27,3,24,6,0,6,in_stock
OUT093,,Waypoint Tech,Kandy,Kandy,street,van_only,,09:00,17:00,WAY-188,Computing,Monitor 27-inch V7,pcs,4,2,2,0,0,3,low_stock
OUT093,,Waypoint Tech,Kandy,Kandy,street,van_only,,09:00,17:00,WAY-189,Computing,Keyboard V7,pcs,13,0,13,8,2,9,in_stock
OUT093,,Waypoint Tech,Kandy,Kandy,street,van_only,,09:00,17:00,WAY-190,Computing,Wireless Mouse V7,pcs,6,6,0,1,0,3,out_of_stock
OUT093,,Waypoint Tech,Kandy,Kandy,street,van_only,,09:00,17:00,WAY-191,Computing,Webcam V7,pcs,28,6,22,15,2,9,in_stock
OUT093,,Waypoint Tech,Kandy,Kandy,street,van_only,,09:00,17:00,WAY-192,Computing,USB-C Hub V7,pcs,17,5,12,1,0,10,in_stock
OUT093,,Waypoint Tech,Kandy,Kandy,street,van_only,,09:00,17:00,WAY-193,Computing,Laptop Stand V7,pcs,19,5,14,10,5,6,in_stock
OUT093,,Waypoint Tech,Kandy,Kandy,street,van_only,,09:00,17:00,WAY-194,Storage,USB Flash Drive 64GB V7,pcs,26,3,23,5,2,3,in_stock
OUT093,,Waypoint Tech,Kandy,Kandy,street,van_only,,09:00,17:00,WAY-195,Storage,USB Flash Drive 128GB V7,pcs,11,7,4,11,0,8,low_stock
OUT093,,Waypoint Tech,Kandy,Kandy,street,van_only,,09:00,17:00,WAY-196,Storage,External SSD 1TB V7,pcs,25,0,25,10,10,5,in_stock
OUT093,,Waypoint Tech,Kandy,Kandy,street,van_only,,09:00,17:00,WAY-197,Storage,MicroSD 128GB V7,pcs,9,3,6,6,10,3,in_stock
OUT093,,Waypoint Tech,Kandy,Kandy,street,van_only,,09:00,17:00,WAY-198,Networking,Wi-Fi Router V7,pcs,16,4,12,10,0,11,in_stock
OUT093,,Waypoint Tech,Kandy,Kandy,street,van_only,,09:00,17:00,WAY-199,Networking,Wi-Fi Extender V7,pcs,10,8,2,2,5,8,low_stock
OUT093,,Waypoint Tech,Kandy,Kandy,street,van_only,,09:00,17:00,WAY-200,Networking,Ethernet Cable 5m V7,pcs,8,3,5,9,2,6,low_stock
OUT094,,Waypoint Tech,Kandy,Kandy,mall_bay,mall_dock,09:00-11:00,09:00,11:00,WAY-001,Mobile Phones,Smartphone,pcs,23,7,16,6,0,6,in_stock
OUT094,,Waypoint Tech,Kandy,Kandy,mall_bay,mall_dock,09:00-11:00,09:00,11:00,WAY-002,Mobile Phones,Feature Phone,pcs,25,6,19,6,0,6,in_stock
OUT094,,Waypoint Tech,Kandy,Kandy,mall_bay,mall_dock,09:00-11:00,09:00,11:00,WAY-003,Tablets,Android Tablet,pcs,8,1,7,10,0,11,low_stock
OUT094,,Waypoint Tech,Kandy,Kandy,mall_bay,mall_dock,09:00-11:00,09:00,11:00,WAY-004,Laptops,Laptop,pcs,23,7,16,4,2,11,in_stock
OUT094,,Waypoint Tech,Kandy,Kandy,mall_bay,mall_dock,09:00-11:00,09:00,11:00,WAY-005,Laptops,Chromebook,pcs,2,0,2,6,0,6,low_stock
OUT094,,Waypoint Tech,Kandy,Kandy,mall_bay,mall_dock,09:00-11:00,09:00,11:00,WAY-006,Computing,Desktop PC,pcs,27,4,23,9,5,6,in_stock
OUT094,,Waypoint Tech,Kandy,Kandy,mall_bay,mall_dock,09:00-11:00,09:00,11:00,WAY-007,Computing,Monitor 24-inch,pcs,8,5,3,9,0,8,low_stock
OUT094,,Waypoint Tech,Kandy,Kandy,mall_bay,mall_dock,09:00-11:00,09:00,11:00,WAY-008,Computing,Monitor 27-inch,pcs,7,5,2,6,0,11,low_stock
OUT094,,Waypoint Tech,Kandy,Kandy,mall_bay,mall_dock,09:00-11:00,09:00,11:00,WAY-009,Computing,Keyboard,pcs,5,2,3,14,2,10,low_stock
OUT094,,Waypoint Tech,Kandy,Kandy,mall_bay,mall_dock,09:00-11:00,09:00,11:00,WAY-010,Computing,Wireless Mouse,pcs,2,0,2,9,5,10,low_stock
OUT094,,Waypoint Tech,Kandy,Kandy,mall_bay,mall_dock,09:00-11:00,09:00,11:00,WAY-011,Computing,Webcam,pcs,22,3,19,15,0,11,in_stock
OUT094,,Waypoint Tech,Kandy,Kandy,mall_bay,mall_dock,09:00-11:00,09:00,11:00,WAY-012,Computing,USB-C Hub,pcs,19,0,19,7,5,4,in_stock
OUT094,,Waypoint Tech,Kandy,Kandy,mall_bay,mall_dock,09:00-11:00,09:00,11:00,WAY-013,Computing,Laptop Stand,pcs,17,4,13,15,0,3,in_stock
OUT094,,Waypoint Tech,Kandy,Kandy,mall_bay,mall_dock,09:00-11:00,09:00,11:00,WAY-014,Storage,USB Flash Drive 64GB,pcs,28,1,27,9,0,8,in_stock
OUT094,,Waypoint Tech,Kandy,Kandy,mall_bay,mall_dock,09:00-11:00,09:00,11:00,WAY-015,Storage,USB Flash Drive 128GB,pcs,16,7,9,8,0,8,in_stock
OUT094,,Waypoint Tech,Kandy,Kandy,mall_bay,mall_dock,09:00-11:00,09:00,11:00,WAY-016,Storage,External SSD 1TB,pcs,25,2,23,9,2,7,in_stock
OUT094,,Waypoint Tech,Kandy,Kandy,mall_bay,mall_dock,09:00-11:00,09:00,11:00,WAY-017,Storage,MicroSD 128GB,pcs,9,2,7,12,2,8,low_stock
OUT094,,Waypoint Tech,Kandy,Kandy,mall_bay,mall_dock,09:00-11:00,09:00,11:00,WAY-018,Networking,Wi-Fi Router,pcs,18,1,17,9,0,9,in_stock
OUT094,,Waypoint Tech,Kandy,Kandy,mall_bay,mall_dock,09:00-11:00,09:00,11:00,WAY-019,Networking,Wi-Fi Extender,pcs,12,5,7,1,0,10,low_stock
OUT094,,Waypoint Tech,Kandy,Kandy,mall_bay,mall_dock,09:00-11:00,09:00,11:00,WAY-020,Networking,Ethernet Cable 5m,pcs,27,6,21,9,2,4,in_stock
OUT094,,Waypoint Tech,Kandy,Kandy,mall_bay,mall_dock,09:00-11:00,09:00,11:00,WAY-021,Audio,Bluetooth Earbuds,pcs,3,2,1,9,0,6,low_stock
OUT094,,Waypoint Tech,Kandy,Kandy,mall_bay,mall_dock,09:00-11:00,09:00,11:00,WAY-022,Audio,Bluetooth Headphones,pcs,19,5,14,9,0,4,in_stock
OUT094,,Waypoint Tech,Kandy,Kandy,mall_bay,mall_dock,09:00-11:00,09:00,11:00,WAY-023,Audio,Bluetooth Speaker,pcs,5,5,0,6,10,4,out_of_stock
OUT094,,Waypoint Tech,Kandy,Kandy,mall_bay,mall_dock,09:00-11:00,09:00,11:00,WAY-024,Accessories,Phone Charger,pcs,25,6,19,5,0,10,in_stock
OUT094,,Waypoint Tech,Kandy,Kandy,mall_bay,mall_dock,09:00-11:00,09:00,11:00,WAY-025,Accessories,USB-C Cable,pcs,5,4,1,16,0,11,low_stock
OUT094,,Waypoint Tech,Kandy,Kandy,mall_bay,mall_dock,09:00-11:00,09:00,11:00,WAY-026,Accessories,Lightning Cable,pcs,3,3,0,13,5,11,out_of_stock
OUT094,,Waypoint Tech,Kandy,Kandy,mall_bay,mall_dock,09:00-11:00,09:00,11:00,WAY-027,Accessories,Power Bank 10000mAh,pcs,10,5,5,7,0,7,low_stock
OUT094,,Waypoint Tech,Kandy,Kandy,mall_bay,mall_dock,09:00-11:00,09:00,11:00,WAY-028,Accessories,Power Bank 20000mAh,pcs,27,7,20,7,10,7,in_stock
OUT094,,Waypoint Tech,Kandy,Kandy,mall_bay,mall_dock,09:00-11:00,09:00,11:00,WAY-029,Accessories,Phone Case,pcs,27,6,21,16,0,11,in_stock
OUT094,,Waypoint Tech,Kandy,Kandy,mall_bay,mall_dock,09:00-11:00,09:00,11:00,WAY-030,Accessories,Screen Protector,pcs,22,7,15,11,2,3,in_stock
OUT094,,Waypoint Tech,Kandy,Kandy,mall_bay,mall_dock,09:00-11:00,09:00,11:00,WAY-031,Mobile Phones,Smartphone V2,pcs,6,1,5,3,0,5,low_stock
OUT094,,Waypoint Tech,Kandy,Kandy,mall_bay,mall_dock,09:00-11:00,09:00,11:00,WAY-032,Mobile Phones,Feature Phone V2,pcs,28,6,22,12,0,5,in_stock
OUT094,,Waypoint Tech,Kandy,Kandy,mall_bay,mall_dock,09:00-11:00,09:00,11:00,WAY-033,Tablets,Android Tablet V2,pcs,23,4,19,1,0,7,in_stock
OUT094,,Waypoint Tech,Kandy,Kandy,mall_bay,mall_dock,09:00-11:00,09:00,11:00,WAY-034,Laptops,Laptop V2,pcs,17,7,10,8,2,5,in_stock
OUT094,,Waypoint Tech,Kandy,Kandy,mall_bay,mall_dock,09:00-11:00,09:00,11:00,WAY-035,Laptops,Chromebook V2,pcs,3,1,2,5,0,10,low_stock
OUT094,,Waypoint Tech,Kandy,Kandy,mall_bay,mall_dock,09:00-11:00,09:00,11:00,WAY-036,Computing,Desktop PC V2,pcs,23,5,18,10,2,6,in_stock
OUT094,,Waypoint Tech,Kandy,Kandy,mall_bay,mall_dock,09:00-11:00,09:00,11:00,WAY-037,Computing,Monitor 24-inch V2,pcs,12,2,10,7,0,5,in_stock
OUT094,,Waypoint Tech,Kandy,Kandy,mall_bay,mall_dock,09:00-11:00,09:00,11:00,WAY-038,Computing,Monitor 27-inch V2,pcs,13,7,6,2,0,10,low_stock
OUT094,,Waypoint Tech,Kandy,Kandy,mall_bay,mall_dock,09:00-11:00,09:00,11:00,WAY-039,Computing,Keyboard V2,pcs,11,0,11,15,0,7,in_stock
OUT094,,Waypoint Tech,Kandy,Kandy,mall_bay,mall_dock,09:00-11:00,09:00,11:00,WAY-040,Computing,Wireless Mouse V2,pcs,28,8,20,6,0,8,in_stock
OUT094,,Waypoint Tech,Kandy,Kandy,mall_bay,mall_dock,09:00-11:00,09:00,11:00,WAY-041,Computing,Webcam V2,pcs,11,4,7,6,0,8,low_stock
OUT094,,Waypoint Tech,Kandy,Kandy,mall_bay,mall_dock,09:00-11:00,09:00,11:00,WAY-042,Computing,USB-C Hub V2,pcs,15,6,9,6,0,5,in_stock
OUT094,,Waypoint Tech,Kandy,Kandy,mall_bay,mall_dock,09:00-11:00,09:00,11:00,WAY-043,Computing,Laptop Stand V2,pcs,24,5,19,9,5,10,in_stock
OUT094,,Waypoint Tech,Kandy,Kandy,mall_bay,mall_dock,09:00-11:00,09:00,11:00,WAY-044,Storage,USB Flash Drive 64GB V2,pcs,22,0,22,7,0,3,in_stock
OUT094,,Waypoint Tech,Kandy,Kandy,mall_bay,mall_dock,09:00-11:00,09:00,11:00,WAY-045,Storage,USB Flash Drive 128GB V2,pcs,22,0,22,16,10,9,in_stock
OUT094,,Waypoint Tech,Kandy,Kandy,mall_bay,mall_dock,09:00-11:00,09:00,11:00,WAY-046,Storage,External SSD 1TB V2,pcs,12,7,5,16,10,12,low_stock
OUT094,,Waypoint Tech,Kandy,Kandy,mall_bay,mall_dock,09:00-11:00,09:00,11:00,WAY-047,Storage,MicroSD 128GB V2,pcs,9,3,6,12,0,4,in_stock
OUT094,,Waypoint Tech,Kandy,Kandy,mall_bay,mall_dock,09:00-11:00,09:00,11:00,WAY-048,Networking,Wi-Fi Router V2,pcs,27,0,27,15,10,4,in_stock
OUT094,,Waypoint Tech,Kandy,Kandy,mall_bay,mall_dock,09:00-11:00,09:00,11:00,WAY-049,Networking,Wi-Fi Extender V2,pcs,7,6,1,5,10,6,low_stock
OUT094,,Waypoint Tech,Kandy,Kandy,mall_bay,mall_dock,09:00-11:00,09:00,11:00,WAY-050,Networking,Ethernet Cable 5m V2,pcs,21,1,20,1,0,6,in_stock
OUT094,,Waypoint Tech,Kandy,Kandy,mall_bay,mall_dock,09:00-11:00,09:00,11:00,WAY-051,Audio,Bluetooth Earbuds V2,pcs,28,4,24,13,0,3,in_stock
OUT094,,Waypoint Tech,Kandy,Kandy,mall_bay,mall_dock,09:00-11:00,09:00,11:00,WAY-052,Audio,Bluetooth Headphones V2,pcs,12,5,7,5,10,5,in_stock
OUT094,,Waypoint Tech,Kandy,Kandy,mall_bay,mall_dock,09:00-11:00,09:00,11:00,WAY-053,Audio,Bluetooth Speaker V2,pcs,7,3,4,16,2,6,low_stock
OUT094,,Waypoint Tech,Kandy,Kandy,mall_bay,mall_dock,09:00-11:00,09:00,11:00,WAY-054,Accessories,Phone Charger V2,pcs,26,1,25,11,0,6,in_stock
OUT094,,Waypoint Tech,Kandy,Kandy,mall_bay,mall_dock,09:00-11:00,09:00,11:00,WAY-055,Accessories,USB-C Cable V2,pcs,14,2,12,8,10,8,in_stock
OUT094,,Waypoint Tech,Kandy,Kandy,mall_bay,mall_dock,09:00-11:00,09:00,11:00,WAY-056,Accessories,Lightning Cable V2,pcs,18,7,11,9,2,10,in_stock
OUT094,,Waypoint Tech,Kandy,Kandy,mall_bay,mall_dock,09:00-11:00,09:00,11:00,WAY-057,Accessories,Power Bank 10000mAh V2,pcs,13,2,11,2,0,10,in_stock
OUT094,,Waypoint Tech,Kandy,Kandy,mall_bay,mall_dock,09:00-11:00,09:00,11:00,WAY-058,Accessories,Power Bank 20000mAh V2,pcs,5,2,3,8,0,8,low_stock
OUT094,,Waypoint Tech,Kandy,Kandy,mall_bay,mall_dock,09:00-11:00,09:00,11:00,WAY-059,Accessories,Phone Case V2,pcs,12,5,7,13,2,8,low_stock
OUT094,,Waypoint Tech,Kandy,Kandy,mall_bay,mall_dock,09:00-11:00,09:00,11:00,WAY-060,Accessories,Screen Protector V2,pcs,2,2,0,9,0,12,out_of_stock
OUT094,,Waypoint Tech,Kandy,Kandy,mall_bay,mall_dock,09:00-11:00,09:00,11:00,WAY-061,Mobile Phones,Smartphone V3,pcs,17,3,14,13,0,5,in_stock
OUT094,,Waypoint Tech,Kandy,Kandy,mall_bay,mall_dock,09:00-11:00,09:00,11:00,WAY-062,Mobile Phones,Feature Phone V3,pcs,9,3,6,9,2,10,low_stock
OUT094,,Waypoint Tech,Kandy,Kandy,mall_bay,mall_dock,09:00-11:00,09:00,11:00,WAY-063,Tablets,Android Tablet V3,pcs,22,5,17,4,0,4,in_stock
OUT094,,Waypoint Tech,Kandy,Kandy,mall_bay,mall_dock,09:00-11:00,09:00,11:00,WAY-064,Laptops,Laptop V3,pcs,9,5,4,15,5,8,low_stock
OUT094,,Waypoint Tech,Kandy,Kandy,mall_bay,mall_dock,09:00-11:00,09:00,11:00,WAY-065,Laptops,Chromebook V3,pcs,13,8,5,10,5,8,low_stock
OUT094,,Waypoint Tech,Kandy,Kandy,mall_bay,mall_dock,09:00-11:00,09:00,11:00,WAY-066,Computing,Desktop PC V3,pcs,16,1,15,0,10,3,in_stock
OUT094,,Waypoint Tech,Kandy,Kandy,mall_bay,mall_dock,09:00-11:00,09:00,11:00,WAY-067,Computing,Monitor 24-inch V3,pcs,11,8,3,4,2,8,low_stock
OUT094,,Waypoint Tech,Kandy,Kandy,mall_bay,mall_dock,09:00-11:00,09:00,11:00,WAY-068,Computing,Monitor 27-inch V3,pcs,10,2,8,5,0,3,in_stock
OUT094,,Waypoint Tech,Kandy,Kandy,mall_bay,mall_dock,09:00-11:00,09:00,11:00,WAY-069,Computing,Keyboard V3,pcs,12,5,7,16,0,5,in_stock
OUT094,,Waypoint Tech,Kandy,Kandy,mall_bay,mall_dock,09:00-11:00,09:00,11:00,WAY-070,Computing,Wireless Mouse V3,pcs,12,3,9,9,10,6,in_stock
OUT094,,Waypoint Tech,Kandy,Kandy,mall_bay,mall_dock,09:00-11:00,09:00,11:00,WAY-071,Computing,Webcam V3,pcs,3,3,0,1,0,5,out_of_stock
OUT094,,Waypoint Tech,Kandy,Kandy,mall_bay,mall_dock,09:00-11:00,09:00,11:00,WAY-072,Computing,USB-C Hub V3,pcs,27,2,25,10,0,12,in_stock
OUT094,,Waypoint Tech,Kandy,Kandy,mall_bay,mall_dock,09:00-11:00,09:00,11:00,WAY-073,Computing,Laptop Stand V3,pcs,6,1,5,10,0,7,low_stock
OUT094,,Waypoint Tech,Kandy,Kandy,mall_bay,mall_dock,09:00-11:00,09:00,11:00,WAY-074,Storage,USB Flash Drive 64GB V3,pcs,12,6,6,12,0,8,low_stock
OUT094,,Waypoint Tech,Kandy,Kandy,mall_bay,mall_dock,09:00-11:00,09:00,11:00,WAY-075,Storage,USB Flash Drive 128GB V3,pcs,3,3,0,7,10,3,out_of_stock
OUT094,,Waypoint Tech,Kandy,Kandy,mall_bay,mall_dock,09:00-11:00,09:00,11:00,WAY-076,Storage,External SSD 1TB V3,pcs,22,1,21,6,0,3,in_stock
OUT094,,Waypoint Tech,Kandy,Kandy,mall_bay,mall_dock,09:00-11:00,09:00,11:00,WAY-077,Storage,MicroSD 128GB V3,pcs,28,8,20,3,10,9,in_stock
OUT094,,Waypoint Tech,Kandy,Kandy,mall_bay,mall_dock,09:00-11:00,09:00,11:00,WAY-078,Networking,Wi-Fi Router V3,pcs,3,0,3,8,0,12,low_stock
OUT094,,Waypoint Tech,Kandy,Kandy,mall_bay,mall_dock,09:00-11:00,09:00,11:00,WAY-079,Networking,Wi-Fi Extender V3,pcs,24,1,23,4,10,8,in_stock
OUT094,,Waypoint Tech,Kandy,Kandy,mall_bay,mall_dock,09:00-11:00,09:00,11:00,WAY-080,Networking,Ethernet Cable 5m V3,pcs,3,3,0,5,2,6,out_of_stock
OUT094,,Waypoint Tech,Kandy,Kandy,mall_bay,mall_dock,09:00-11:00,09:00,11:00,WAY-081,Audio,Bluetooth Earbuds V3,pcs,22,4,18,15,5,6,in_stock
OUT094,,Waypoint Tech,Kandy,Kandy,mall_bay,mall_dock,09:00-11:00,09:00,11:00,WAY-082,Audio,Bluetooth Headphones V3,pcs,21,1,20,10,10,10,in_stock
OUT094,,Waypoint Tech,Kandy,Kandy,mall_bay,mall_dock,09:00-11:00,09:00,11:00,WAY-083,Audio,Bluetooth Speaker V3,pcs,21,8,13,9,0,9,in_stock
OUT094,,Waypoint Tech,Kandy,Kandy,mall_bay,mall_dock,09:00-11:00,09:00,11:00,WAY-084,Accessories,Phone Charger V3,pcs,21,8,13,0,5,10,in_stock
OUT094,,Waypoint Tech,Kandy,Kandy,mall_bay,mall_dock,09:00-11:00,09:00,11:00,WAY-085,Accessories,USB-C Cable V3,pcs,7,4,3,16,10,3,low_stock
OUT094,,Waypoint Tech,Kandy,Kandy,mall_bay,mall_dock,09:00-11:00,09:00,11:00,WAY-086,Accessories,Lightning Cable V3,pcs,6,5,1,9,5,5,low_stock
OUT094,,Waypoint Tech,Kandy,Kandy,mall_bay,mall_dock,09:00-11:00,09:00,11:00,WAY-087,Accessories,Power Bank 10000mAh V3,pcs,22,1,21,13,0,4,in_stock
OUT094,,Waypoint Tech,Kandy,Kandy,mall_bay,mall_dock,09:00-11:00,09:00,11:00,WAY-088,Accessories,Power Bank 20000mAh V3,pcs,23,0,23,9,5,4,in_stock
OUT094,,Waypoint Tech,Kandy,Kandy,mall_bay,mall_dock,09:00-11:00,09:00,11:00,WAY-089,Accessories,Phone Case V3,pcs,9,3,6,0,5,9,low_stock
OUT094,,Waypoint Tech,Kandy,Kandy,mall_bay,mall_dock,09:00-11:00,09:00,11:00,WAY-090,Accessories,Screen Protector V3,pcs,17,4,13,10,2,6,in_stock
OUT094,,Waypoint Tech,Kandy,Kandy,mall_bay,mall_dock,09:00-11:00,09:00,11:00,WAY-091,Mobile Phones,Smartphone V4,pcs,10,0,10,6,0,5,in_stock
OUT094,,Waypoint Tech,Kandy,Kandy,mall_bay,mall_dock,09:00-11:00,09:00,11:00,WAY-092,Mobile Phones,Feature Phone V4,pcs,28,4,24,11,0,6,in_stock
OUT094,,Waypoint Tech,Kandy,Kandy,mall_bay,mall_dock,09:00-11:00,09:00,11:00,WAY-093,Tablets,Android Tablet V4,pcs,17,2,15,11,0,3,in_stock
OUT094,,Waypoint Tech,Kandy,Kandy,mall_bay,mall_dock,09:00-11:00,09:00,11:00,WAY-094,Laptops,Laptop V4,pcs,24,6,18,1,10,8,in_stock
OUT094,,Waypoint Tech,Kandy,Kandy,mall_bay,mall_dock,09:00-11:00,09:00,11:00,WAY-095,Laptops,Chromebook V4,pcs,10,4,6,11,10,9,low_stock
OUT094,,Waypoint Tech,Kandy,Kandy,mall_bay,mall_dock,09:00-11:00,09:00,11:00,WAY-096,Computing,Desktop PC V4,pcs,27,1,26,16,0,7,in_stock
OUT094,,Waypoint Tech,Kandy,Kandy,mall_bay,mall_dock,09:00-11:00,09:00,11:00,WAY-097,Computing,Monitor 24-inch V4,pcs,20,1,19,2,2,5,in_stock
OUT094,,Waypoint Tech,Kandy,Kandy,mall_bay,mall_dock,09:00-11:00,09:00,11:00,WAY-098,Computing,Monitor 27-inch V4,pcs,21,8,13,7,0,9,in_stock
OUT094,,Waypoint Tech,Kandy,Kandy,mall_bay,mall_dock,09:00-11:00,09:00,11:00,WAY-099,Computing,Keyboard V4,pcs,14,2,12,1,2,6,in_stock
OUT094,,Waypoint Tech,Kandy,Kandy,mall_bay,mall_dock,09:00-11:00,09:00,11:00,WAY-100,Computing,Wireless Mouse V4,pcs,24,2,22,14,0,3,in_stock
OUT094,,Waypoint Tech,Kandy,Kandy,mall_bay,mall_dock,09:00-11:00,09:00,11:00,WAY-101,Computing,Webcam V4,pcs,27,1,26,7,0,9,in_stock
OUT094,,Waypoint Tech,Kandy,Kandy,mall_bay,mall_dock,09:00-11:00,09:00,11:00,WAY-102,Computing,USB-C Hub V4,pcs,26,1,25,9,0,6,in_stock
OUT094,,Waypoint Tech,Kandy,Kandy,mall_bay,mall_dock,09:00-11:00,09:00,11:00,WAY-103,Computing,Laptop Stand V4,pcs,16,0,16,10,2,4,in_stock
OUT094,,Waypoint Tech,Kandy,Kandy,mall_bay,mall_dock,09:00-11:00,09:00,11:00,WAY-104,Storage,USB Flash Drive 64GB V4,pcs,15,2,13,15,10,5,in_stock
OUT094,,Waypoint Tech,Kandy,Kandy,mall_bay,mall_dock,09:00-11:00,09:00,11:00,WAY-105,Storage,USB Flash Drive 128GB V4,pcs,28,8,20,5,2,7,in_stock
OUT094,,Waypoint Tech,Kandy,Kandy,mall_bay,mall_dock,09:00-11:00,09:00,11:00,WAY-106,Storage,External SSD 1TB V4,pcs,26,5,21,15,0,12,in_stock
OUT094,,Waypoint Tech,Kandy,Kandy,mall_bay,mall_dock,09:00-11:00,09:00,11:00,WAY-107,Storage,MicroSD 128GB V4,pcs,7,7,0,6,2,5,out_of_stock
OUT094,,Waypoint Tech,Kandy,Kandy,mall_bay,mall_dock,09:00-11:00,09:00,11:00,WAY-108,Networking,Wi-Fi Router V4,pcs,22,3,19,10,0,5,in_stock
OUT094,,Waypoint Tech,Kandy,Kandy,mall_bay,mall_dock,09:00-11:00,09:00,11:00,WAY-109,Networking,Wi-Fi Extender V4,pcs,21,7,14,9,2,5,in_stock
OUT094,,Waypoint Tech,Kandy,Kandy,mall_bay,mall_dock,09:00-11:00,09:00,11:00,WAY-110,Networking,Ethernet Cable 5m V4,pcs,4,0,4,10,0,12,low_stock
OUT094,,Waypoint Tech,Kandy,Kandy,mall_bay,mall_dock,09:00-11:00,09:00,11:00,WAY-111,Audio,Bluetooth Earbuds V4,pcs,2,1,1,5,2,8,low_stock
OUT094,,Waypoint Tech,Kandy,Kandy,mall_bay,mall_dock,09:00-11:00,09:00,11:00,WAY-112,Audio,Bluetooth Headphones V4,pcs,26,1,25,12,0,10,in_stock
OUT094,,Waypoint Tech,Kandy,Kandy,mall_bay,mall_dock,09:00-11:00,09:00,11:00,WAY-113,Audio,Bluetooth Speaker V4,pcs,10,3,7,1,2,3,in_stock
OUT094,,Waypoint Tech,Kandy,Kandy,mall_bay,mall_dock,09:00-11:00,09:00,11:00,WAY-114,Accessories,Phone Charger V4,pcs,7,7,0,9,0,11,out_of_stock
OUT094,,Waypoint Tech,Kandy,Kandy,mall_bay,mall_dock,09:00-11:00,09:00,11:00,WAY-115,Accessories,USB-C Cable V4,pcs,7,1,6,7,10,10,low_stock
OUT094,,Waypoint Tech,Kandy,Kandy,mall_bay,mall_dock,09:00-11:00,09:00,11:00,WAY-116,Accessories,Lightning Cable V4,pcs,15,7,8,10,0,9,low_stock
OUT094,,Waypoint Tech,Kandy,Kandy,mall_bay,mall_dock,09:00-11:00,09:00,11:00,WAY-117,Accessories,Power Bank 10000mAh V4,pcs,4,3,1,5,2,5,low_stock
OUT094,,Waypoint Tech,Kandy,Kandy,mall_bay,mall_dock,09:00-11:00,09:00,11:00,WAY-118,Accessories,Power Bank 20000mAh V4,pcs,21,6,15,5,2,10,in_stock
OUT094,,Waypoint Tech,Kandy,Kandy,mall_bay,mall_dock,09:00-11:00,09:00,11:00,WAY-119,Accessories,Phone Case V4,pcs,20,8,12,15,2,9,in_stock
OUT094,,Waypoint Tech,Kandy,Kandy,mall_bay,mall_dock,09:00-11:00,09:00,11:00,WAY-120,Accessories,Screen Protector V4,pcs,2,2,0,8,2,3,out_of_stock
OUT094,,Waypoint Tech,Kandy,Kandy,mall_bay,mall_dock,09:00-11:00,09:00,11:00,WAY-121,Mobile Phones,Smartphone V5,pcs,2,0,2,12,5,12,low_stock
OUT094,,Waypoint Tech,Kandy,Kandy,mall_bay,mall_dock,09:00-11:00,09:00,11:00,WAY-122,Mobile Phones,Feature Phone V5,pcs,16,3,13,9,10,3,in_stock
OUT094,,Waypoint Tech,Kandy,Kandy,mall_bay,mall_dock,09:00-11:00,09:00,11:00,WAY-123,Tablets,Android Tablet V5,pcs,9,8,1,3,0,11,low_stock
OUT094,,Waypoint Tech,Kandy,Kandy,mall_bay,mall_dock,09:00-11:00,09:00,11:00,WAY-124,Laptops,Laptop V5,pcs,7,3,4,8,5,10,low_stock
OUT094,,Waypoint Tech,Kandy,Kandy,mall_bay,mall_dock,09:00-11:00,09:00,11:00,WAY-125,Laptops,Chromebook V5,pcs,2,1,1,14,0,4,low_stock
OUT094,,Waypoint Tech,Kandy,Kandy,mall_bay,mall_dock,09:00-11:00,09:00,11:00,WAY-126,Computing,Desktop PC V5,pcs,28,8,20,13,0,5,in_stock
OUT094,,Waypoint Tech,Kandy,Kandy,mall_bay,mall_dock,09:00-11:00,09:00,11:00,WAY-127,Computing,Monitor 24-inch V5,pcs,20,4,16,15,2,4,in_stock
OUT094,,Waypoint Tech,Kandy,Kandy,mall_bay,mall_dock,09:00-11:00,09:00,11:00,WAY-128,Computing,Monitor 27-inch V5,pcs,23,2,21,11,10,4,in_stock
OUT094,,Waypoint Tech,Kandy,Kandy,mall_bay,mall_dock,09:00-11:00,09:00,11:00,WAY-129,Computing,Keyboard V5,pcs,10,8,2,2,0,5,low_stock
OUT094,,Waypoint Tech,Kandy,Kandy,mall_bay,mall_dock,09:00-11:00,09:00,11:00,WAY-130,Computing,Wireless Mouse V5,pcs,15,5,10,2,0,8,in_stock
OUT094,,Waypoint Tech,Kandy,Kandy,mall_bay,mall_dock,09:00-11:00,09:00,11:00,WAY-131,Computing,Webcam V5,pcs,9,2,7,13,2,7,low_stock
OUT094,,Waypoint Tech,Kandy,Kandy,mall_bay,mall_dock,09:00-11:00,09:00,11:00,WAY-132,Computing,USB-C Hub V5,pcs,15,2,13,1,5,9,in_stock
OUT094,,Waypoint Tech,Kandy,Kandy,mall_bay,mall_dock,09:00-11:00,09:00,11:00,WAY-133,Computing,Laptop Stand V5,pcs,21,4,17,12,0,3,in_stock
OUT094,,Waypoint Tech,Kandy,Kandy,mall_bay,mall_dock,09:00-11:00,09:00,11:00,WAY-134,Storage,USB Flash Drive 64GB V5,pcs,12,5,7,0,0,6,in_stock
OUT094,,Waypoint Tech,Kandy,Kandy,mall_bay,mall_dock,09:00-11:00,09:00,11:00,WAY-135,Storage,USB Flash Drive 128GB V5,pcs,9,1,8,15,10,4,in_stock
OUT094,,Waypoint Tech,Kandy,Kandy,mall_bay,mall_dock,09:00-11:00,09:00,11:00,WAY-136,Storage,External SSD 1TB V5,pcs,2,2,0,0,0,5,out_of_stock
OUT094,,Waypoint Tech,Kandy,Kandy,mall_bay,mall_dock,09:00-11:00,09:00,11:00,WAY-137,Storage,MicroSD 128GB V5,pcs,15,7,8,16,10,6,in_stock
OUT094,,Waypoint Tech,Kandy,Kandy,mall_bay,mall_dock,09:00-11:00,09:00,11:00,WAY-138,Networking,Wi-Fi Router V5,pcs,19,3,16,7,2,5,in_stock
OUT094,,Waypoint Tech,Kandy,Kandy,mall_bay,mall_dock,09:00-11:00,09:00,11:00,WAY-139,Networking,Wi-Fi Extender V5,pcs,21,5,16,10,5,6,in_stock
OUT094,,Waypoint Tech,Kandy,Kandy,mall_bay,mall_dock,09:00-11:00,09:00,11:00,WAY-140,Networking,Ethernet Cable 5m V5,pcs,22,8,14,7,10,4,in_stock
OUT094,,Waypoint Tech,Kandy,Kandy,mall_bay,mall_dock,09:00-11:00,09:00,11:00,WAY-141,Audio,Bluetooth Earbuds V5,pcs,15,2,13,3,10,7,in_stock
OUT094,,Waypoint Tech,Kandy,Kandy,mall_bay,mall_dock,09:00-11:00,09:00,11:00,WAY-142,Audio,Bluetooth Headphones V5,pcs,12,1,11,5,0,5,in_stock
OUT094,,Waypoint Tech,Kandy,Kandy,mall_bay,mall_dock,09:00-11:00,09:00,11:00,WAY-143,Audio,Bluetooth Speaker V5,pcs,18,1,17,7,0,11,in_stock
OUT094,,Waypoint Tech,Kandy,Kandy,mall_bay,mall_dock,09:00-11:00,09:00,11:00,WAY-144,Accessories,Phone Charger V5,pcs,27,8,19,5,10,8,in_stock
OUT094,,Waypoint Tech,Kandy,Kandy,mall_bay,mall_dock,09:00-11:00,09:00,11:00,WAY-145,Accessories,USB-C Cable V5,pcs,12,1,11,1,0,7,in_stock
OUT094,,Waypoint Tech,Kandy,Kandy,mall_bay,mall_dock,09:00-11:00,09:00,11:00,WAY-146,Accessories,Lightning Cable V5,pcs,18,6,12,2,0,8,in_stock
OUT094,,Waypoint Tech,Kandy,Kandy,mall_bay,mall_dock,09:00-11:00,09:00,11:00,WAY-147,Accessories,Power Bank 10000mAh V5,pcs,10,4,6,13,0,5,in_stock
OUT094,,Waypoint Tech,Kandy,Kandy,mall_bay,mall_dock,09:00-11:00,09:00,11:00,WAY-148,Accessories,Power Bank 20000mAh V5,pcs,3,0,3,6,0,8,low_stock
OUT094,,Waypoint Tech,Kandy,Kandy,mall_bay,mall_dock,09:00-11:00,09:00,11:00,WAY-149,Accessories,Phone Case V5,pcs,2,1,1,10,0,7,low_stock
OUT094,,Waypoint Tech,Kandy,Kandy,mall_bay,mall_dock,09:00-11:00,09:00,11:00,WAY-150,Accessories,Screen Protector V5,pcs,21,6,15,16,0,7,in_stock
OUT094,,Waypoint Tech,Kandy,Kandy,mall_bay,mall_dock,09:00-11:00,09:00,11:00,WAY-151,Mobile Phones,Smartphone V6,pcs,28,6,22,12,2,9,in_stock
OUT094,,Waypoint Tech,Kandy,Kandy,mall_bay,mall_dock,09:00-11:00,09:00,11:00,WAY-152,Mobile Phones,Feature Phone V6,pcs,12,4,8,9,10,11,low_stock
OUT094,,Waypoint Tech,Kandy,Kandy,mall_bay,mall_dock,09:00-11:00,09:00,11:00,WAY-153,Tablets,Android Tablet V6,pcs,9,5,4,14,0,10,low_stock
OUT094,,Waypoint Tech,Kandy,Kandy,mall_bay,mall_dock,09:00-11:00,09:00,11:00,WAY-154,Laptops,Laptop V6,pcs,11,5,6,4,10,4,in_stock
OUT094,,Waypoint Tech,Kandy,Kandy,mall_bay,mall_dock,09:00-11:00,09:00,11:00,WAY-155,Laptops,Chromebook V6,pcs,6,2,4,16,0,11,low_stock
OUT094,,Waypoint Tech,Kandy,Kandy,mall_bay,mall_dock,09:00-11:00,09:00,11:00,WAY-156,Computing,Desktop PC V6,pcs,15,8,7,12,0,9,low_stock
OUT094,,Waypoint Tech,Kandy,Kandy,mall_bay,mall_dock,09:00-11:00,09:00,11:00,WAY-157,Computing,Monitor 24-inch V6,pcs,5,0,5,15,0,4,in_stock
OUT094,,Waypoint Tech,Kandy,Kandy,mall_bay,mall_dock,09:00-11:00,09:00,11:00,WAY-158,Computing,Monitor 27-inch V6,pcs,4,2,2,12,0,10,low_stock
OUT094,,Waypoint Tech,Kandy,Kandy,mall_bay,mall_dock,09:00-11:00,09:00,11:00,WAY-159,Computing,Keyboard V6,pcs,3,2,1,9,2,11,low_stock
OUT094,,Waypoint Tech,Kandy,Kandy,mall_bay,mall_dock,09:00-11:00,09:00,11:00,WAY-160,Computing,Wireless Mouse V6,pcs,8,8,0,3,0,6,out_of_stock
OUT094,,Waypoint Tech,Kandy,Kandy,mall_bay,mall_dock,09:00-11:00,09:00,11:00,WAY-161,Computing,Webcam V6,pcs,3,1,2,5,10,4,low_stock
OUT094,,Waypoint Tech,Kandy,Kandy,mall_bay,mall_dock,09:00-11:00,09:00,11:00,WAY-162,Computing,USB-C Hub V6,pcs,28,3,25,9,10,9,in_stock
OUT094,,Waypoint Tech,Kandy,Kandy,mall_bay,mall_dock,09:00-11:00,09:00,11:00,WAY-163,Computing,Laptop Stand V6,pcs,5,5,0,10,0,10,out_of_stock
OUT094,,Waypoint Tech,Kandy,Kandy,mall_bay,mall_dock,09:00-11:00,09:00,11:00,WAY-164,Storage,USB Flash Drive 64GB V6,pcs,24,7,17,10,0,11,in_stock
OUT094,,Waypoint Tech,Kandy,Kandy,mall_bay,mall_dock,09:00-11:00,09:00,11:00,WAY-165,Storage,USB Flash Drive 128GB V6,pcs,4,2,2,8,0,9,low_stock
OUT094,,Waypoint Tech,Kandy,Kandy,mall_bay,mall_dock,09:00-11:00,09:00,11:00,WAY-166,Storage,External SSD 1TB V6,pcs,15,5,10,11,5,10,low_stock
OUT094,,Waypoint Tech,Kandy,Kandy,mall_bay,mall_dock,09:00-11:00,09:00,11:00,WAY-167,Storage,MicroSD 128GB V6,pcs,9,3,6,11,10,5,in_stock
OUT094,,Waypoint Tech,Kandy,Kandy,mall_bay,mall_dock,09:00-11:00,09:00,11:00,WAY-168,Networking,Wi-Fi Router V6,pcs,13,4,9,9,2,10,low_stock
OUT094,,Waypoint Tech,Kandy,Kandy,mall_bay,mall_dock,09:00-11:00,09:00,11:00,WAY-169,Networking,Wi-Fi Extender V6,pcs,14,1,13,9,0,7,in_stock
OUT094,,Waypoint Tech,Kandy,Kandy,mall_bay,mall_dock,09:00-11:00,09:00,11:00,WAY-170,Networking,Ethernet Cable 5m V6,pcs,17,5,12,9,0,8,in_stock
OUT094,,Waypoint Tech,Kandy,Kandy,mall_bay,mall_dock,09:00-11:00,09:00,11:00,WAY-171,Audio,Bluetooth Earbuds V6,pcs,27,4,23,11,2,8,in_stock
OUT094,,Waypoint Tech,Kandy,Kandy,mall_bay,mall_dock,09:00-11:00,09:00,11:00,WAY-172,Audio,Bluetooth Headphones V6,pcs,6,4,2,6,0,9,low_stock
OUT094,,Waypoint Tech,Kandy,Kandy,mall_bay,mall_dock,09:00-11:00,09:00,11:00,WAY-173,Audio,Bluetooth Speaker V6,pcs,24,7,17,4,0,10,in_stock
OUT094,,Waypoint Tech,Kandy,Kandy,mall_bay,mall_dock,09:00-11:00,09:00,11:00,WAY-174,Accessories,Phone Charger V6,pcs,9,1,8,4,0,9,low_stock
OUT094,,Waypoint Tech,Kandy,Kandy,mall_bay,mall_dock,09:00-11:00,09:00,11:00,WAY-175,Accessories,USB-C Cable V6,pcs,10,5,5,14,2,12,low_stock
OUT094,,Waypoint Tech,Kandy,Kandy,mall_bay,mall_dock,09:00-11:00,09:00,11:00,WAY-176,Accessories,Lightning Cable V6,pcs,15,2,13,12,5,6,in_stock
OUT094,,Waypoint Tech,Kandy,Kandy,mall_bay,mall_dock,09:00-11:00,09:00,11:00,WAY-177,Accessories,Power Bank 10000mAh V6,pcs,2,1,1,11,2,5,low_stock
OUT094,,Waypoint Tech,Kandy,Kandy,mall_bay,mall_dock,09:00-11:00,09:00,11:00,WAY-178,Accessories,Power Bank 20000mAh V6,pcs,7,1,6,5,0,8,low_stock
OUT094,,Waypoint Tech,Kandy,Kandy,mall_bay,mall_dock,09:00-11:00,09:00,11:00,WAY-179,Accessories,Phone Case V6,pcs,23,5,18,0,5,10,in_stock
OUT094,,Waypoint Tech,Kandy,Kandy,mall_bay,mall_dock,09:00-11:00,09:00,11:00,WAY-180,Accessories,Screen Protector V6,pcs,23,3,20,10,0,4,in_stock
OUT094,,Waypoint Tech,Kandy,Kandy,mall_bay,mall_dock,09:00-11:00,09:00,11:00,WAY-181,Mobile Phones,Smartphone V7,pcs,21,0,21,12,5,7,in_stock
OUT094,,Waypoint Tech,Kandy,Kandy,mall_bay,mall_dock,09:00-11:00,09:00,11:00,WAY-182,Mobile Phones,Feature Phone V7,pcs,12,4,8,1,5,7,in_stock
OUT094,,Waypoint Tech,Kandy,Kandy,mall_bay,mall_dock,09:00-11:00,09:00,11:00,WAY-183,Tablets,Android Tablet V7,pcs,2,1,1,1,0,9,low_stock
OUT094,,Waypoint Tech,Kandy,Kandy,mall_bay,mall_dock,09:00-11:00,09:00,11:00,WAY-184,Laptops,Laptop V7,pcs,4,0,4,9,5,10,low_stock
OUT094,,Waypoint Tech,Kandy,Kandy,mall_bay,mall_dock,09:00-11:00,09:00,11:00,WAY-185,Laptops,Chromebook V7,pcs,22,0,22,0,5,11,in_stock
OUT094,,Waypoint Tech,Kandy,Kandy,mall_bay,mall_dock,09:00-11:00,09:00,11:00,WAY-186,Computing,Desktop PC V7,pcs,12,8,4,12,2,12,low_stock
OUT094,,Waypoint Tech,Kandy,Kandy,mall_bay,mall_dock,09:00-11:00,09:00,11:00,WAY-187,Computing,Monitor 24-inch V7,pcs,18,1,17,6,0,7,in_stock
OUT094,,Waypoint Tech,Kandy,Kandy,mall_bay,mall_dock,09:00-11:00,09:00,11:00,WAY-188,Computing,Monitor 27-inch V7,pcs,7,3,4,8,10,4,low_stock
OUT094,,Waypoint Tech,Kandy,Kandy,mall_bay,mall_dock,09:00-11:00,09:00,11:00,WAY-189,Computing,Keyboard V7,pcs,3,0,3,12,10,7,low_stock
OUT094,,Waypoint Tech,Kandy,Kandy,mall_bay,mall_dock,09:00-11:00,09:00,11:00,WAY-190,Computing,Wireless Mouse V7,pcs,26,8,18,13,5,11,in_stock
OUT094,,Waypoint Tech,Kandy,Kandy,mall_bay,mall_dock,09:00-11:00,09:00,11:00,WAY-191,Computing,Webcam V7,pcs,27,1,26,11,0,3,in_stock
OUT094,,Waypoint Tech,Kandy,Kandy,mall_bay,mall_dock,09:00-11:00,09:00,11:00,WAY-192,Computing,USB-C Hub V7,pcs,27,3,24,9,2,4,in_stock
OUT094,,Waypoint Tech,Kandy,Kandy,mall_bay,mall_dock,09:00-11:00,09:00,11:00,WAY-193,Computing,Laptop Stand V7,pcs,8,5,3,11,5,5,low_stock
OUT094,,Waypoint Tech,Kandy,Kandy,mall_bay,mall_dock,09:00-11:00,09:00,11:00,WAY-194,Storage,USB Flash Drive 64GB V7,pcs,20,3,17,1,2,10,in_stock
OUT094,,Waypoint Tech,Kandy,Kandy,mall_bay,mall_dock,09:00-11:00,09:00,11:00,WAY-195,Storage,USB Flash Drive 128GB V7,pcs,27,1,26,16,0,4,in_stock
OUT094,,Waypoint Tech,Kandy,Kandy,mall_bay,mall_dock,09:00-11:00,09:00,11:00,WAY-196,Storage,External SSD 1TB V7,pcs,6,4,2,15,0,10,low_stock
OUT094,,Waypoint Tech,Kandy,Kandy,mall_bay,mall_dock,09:00-11:00,09:00,11:00,WAY-197,Storage,MicroSD 128GB V7,pcs,25,3,22,8,0,8,in_stock
OUT094,,Waypoint Tech,Kandy,Kandy,mall_bay,mall_dock,09:00-11:00,09:00,11:00,WAY-198,Networking,Wi-Fi Router V7,pcs,3,1,2,10,0,5,low_stock
OUT094,,Waypoint Tech,Kandy,Kandy,mall_bay,mall_dock,09:00-11:00,09:00,11:00,WAY-199,Networking,Wi-Fi Extender V7,pcs,3,0,3,2,5,7,low_stock
OUT094,,Waypoint Tech,Kandy,Kandy,mall_bay,mall_dock,09:00-11:00,09:00,11:00,WAY-200,Networking,Ethernet Cable 5m V7,pcs,5,4,1,4,10,10,low_stock
OUT095,,Waypoint Tech,Kandy,Kandy,rear_dock,normal,,09:00,17:00,WAY-001,Mobile Phones,Smartphone,pcs,20,2,18,8,0,11,in_stock
OUT095,,Waypoint Tech,Kandy,Kandy,rear_dock,normal,,09:00,17:00,WAY-002,Mobile Phones,Feature Phone,pcs,8,6,2,10,0,8,low_stock
OUT095,,Waypoint Tech,Kandy,Kandy,rear_dock,normal,,09:00,17:00,WAY-003,Tablets,Android Tablet,pcs,24,4,20,10,2,12,in_stock
OUT095,,Waypoint Tech,Kandy,Kandy,rear_dock,normal,,09:00,17:00,WAY-004,Laptops,Laptop,pcs,28,0,28,14,0,7,in_stock
OUT095,,Waypoint Tech,Kandy,Kandy,rear_dock,normal,,09:00,17:00,WAY-005,Laptops,Chromebook,pcs,3,3,0,12,0,10,out_of_stock
OUT095,,Waypoint Tech,Kandy,Kandy,rear_dock,normal,,09:00,17:00,WAY-006,Computing,Desktop PC,pcs,9,2,7,10,0,9,low_stock
OUT095,,Waypoint Tech,Kandy,Kandy,rear_dock,normal,,09:00,17:00,WAY-007,Computing,Monitor 24-inch,pcs,28,5,23,0,0,9,in_stock
OUT095,,Waypoint Tech,Kandy,Kandy,rear_dock,normal,,09:00,17:00,WAY-008,Computing,Monitor 27-inch,pcs,23,6,17,1,0,8,in_stock
OUT095,,Waypoint Tech,Kandy,Kandy,rear_dock,normal,,09:00,17:00,WAY-009,Computing,Keyboard,pcs,4,0,4,2,10,8,low_stock
OUT095,,Waypoint Tech,Kandy,Kandy,rear_dock,normal,,09:00,17:00,WAY-010,Computing,Wireless Mouse,pcs,4,0,4,1,2,5,low_stock
OUT095,,Waypoint Tech,Kandy,Kandy,rear_dock,normal,,09:00,17:00,WAY-011,Computing,Webcam,pcs,18,6,12,2,5,7,in_stock
OUT095,,Waypoint Tech,Kandy,Kandy,rear_dock,normal,,09:00,17:00,WAY-012,Computing,USB-C Hub,pcs,26,8,18,11,0,4,in_stock
OUT095,,Waypoint Tech,Kandy,Kandy,rear_dock,normal,,09:00,17:00,WAY-013,Computing,Laptop Stand,pcs,23,0,23,12,2,9,in_stock
OUT095,,Waypoint Tech,Kandy,Kandy,rear_dock,normal,,09:00,17:00,WAY-014,Storage,USB Flash Drive 64GB,pcs,11,4,7,16,0,6,in_stock
OUT095,,Waypoint Tech,Kandy,Kandy,rear_dock,normal,,09:00,17:00,WAY-015,Storage,USB Flash Drive 128GB,pcs,21,6,15,16,5,10,in_stock
OUT095,,Waypoint Tech,Kandy,Kandy,rear_dock,normal,,09:00,17:00,WAY-016,Storage,External SSD 1TB,pcs,11,0,11,1,5,9,in_stock
OUT095,,Waypoint Tech,Kandy,Kandy,rear_dock,normal,,09:00,17:00,WAY-017,Storage,MicroSD 128GB,pcs,9,4,5,1,0,10,low_stock
OUT095,,Waypoint Tech,Kandy,Kandy,rear_dock,normal,,09:00,17:00,WAY-018,Networking,Wi-Fi Router,pcs,25,3,22,14,0,4,in_stock
OUT095,,Waypoint Tech,Kandy,Kandy,rear_dock,normal,,09:00,17:00,WAY-019,Networking,Wi-Fi Extender,pcs,7,6,1,14,0,7,low_stock
OUT095,,Waypoint Tech,Kandy,Kandy,rear_dock,normal,,09:00,17:00,WAY-020,Networking,Ethernet Cable 5m,pcs,20,7,13,15,0,6,in_stock
OUT095,,Waypoint Tech,Kandy,Kandy,rear_dock,normal,,09:00,17:00,WAY-021,Audio,Bluetooth Earbuds,pcs,23,3,20,1,0,10,in_stock
OUT095,,Waypoint Tech,Kandy,Kandy,rear_dock,normal,,09:00,17:00,WAY-022,Audio,Bluetooth Headphones,pcs,17,1,16,15,0,10,in_stock
OUT095,,Waypoint Tech,Kandy,Kandy,rear_dock,normal,,09:00,17:00,WAY-023,Audio,Bluetooth Speaker,pcs,11,4,7,14,0,11,low_stock
OUT095,,Waypoint Tech,Kandy,Kandy,rear_dock,normal,,09:00,17:00,WAY-024,Accessories,Phone Charger,pcs,22,7,15,11,5,4,in_stock
OUT095,,Waypoint Tech,Kandy,Kandy,rear_dock,normal,,09:00,17:00,WAY-025,Accessories,USB-C Cable,pcs,8,0,8,2,10,4,in_stock
OUT095,,Waypoint Tech,Kandy,Kandy,rear_dock,normal,,09:00,17:00,WAY-026,Accessories,Lightning Cable,pcs,28,0,28,9,0,11,in_stock
OUT095,,Waypoint Tech,Kandy,Kandy,rear_dock,normal,,09:00,17:00,WAY-027,Accessories,Power Bank 10000mAh,pcs,22,4,18,13,0,11,in_stock
OUT095,,Waypoint Tech,Kandy,Kandy,rear_dock,normal,,09:00,17:00,WAY-028,Accessories,Power Bank 20000mAh,pcs,5,3,2,10,0,12,low_stock
OUT095,,Waypoint Tech,Kandy,Kandy,rear_dock,normal,,09:00,17:00,WAY-029,Accessories,Phone Case,pcs,18,6,12,12,0,11,in_stock
OUT095,,Waypoint Tech,Kandy,Kandy,rear_dock,normal,,09:00,17:00,WAY-030,Accessories,Screen Protector,pcs,6,0,6,14,0,8,low_stock
OUT095,,Waypoint Tech,Kandy,Kandy,rear_dock,normal,,09:00,17:00,WAY-031,Mobile Phones,Smartphone V2,pcs,9,0,9,5,0,8,in_stock
OUT095,,Waypoint Tech,Kandy,Kandy,rear_dock,normal,,09:00,17:00,WAY-032,Mobile Phones,Feature Phone V2,pcs,16,0,16,3,5,8,in_stock
OUT095,,Waypoint Tech,Kandy,Kandy,rear_dock,normal,,09:00,17:00,WAY-033,Tablets,Android Tablet V2,pcs,5,0,5,9,2,4,in_stock
OUT095,,Waypoint Tech,Kandy,Kandy,rear_dock,normal,,09:00,17:00,WAY-034,Laptops,Laptop V2,pcs,14,2,12,3,5,3,in_stock
OUT095,,Waypoint Tech,Kandy,Kandy,rear_dock,normal,,09:00,17:00,WAY-035,Laptops,Chromebook V2,pcs,15,3,12,0,0,12,low_stock
OUT095,,Waypoint Tech,Kandy,Kandy,rear_dock,normal,,09:00,17:00,WAY-036,Computing,Desktop PC V2,pcs,19,6,13,4,10,11,in_stock
OUT095,,Waypoint Tech,Kandy,Kandy,rear_dock,normal,,09:00,17:00,WAY-037,Computing,Monitor 24-inch V2,pcs,25,7,18,16,0,5,in_stock
OUT095,,Waypoint Tech,Kandy,Kandy,rear_dock,normal,,09:00,17:00,WAY-038,Computing,Monitor 27-inch V2,pcs,26,3,23,6,2,4,in_stock
OUT095,,Waypoint Tech,Kandy,Kandy,rear_dock,normal,,09:00,17:00,WAY-039,Computing,Keyboard V2,pcs,22,7,15,1,0,11,in_stock
OUT095,,Waypoint Tech,Kandy,Kandy,rear_dock,normal,,09:00,17:00,WAY-040,Computing,Wireless Mouse V2,pcs,5,4,1,10,10,10,low_stock
OUT095,,Waypoint Tech,Kandy,Kandy,rear_dock,normal,,09:00,17:00,WAY-041,Computing,Webcam V2,pcs,4,2,2,3,0,3,low_stock
OUT095,,Waypoint Tech,Kandy,Kandy,rear_dock,normal,,09:00,17:00,WAY-042,Computing,USB-C Hub V2,pcs,21,2,19,4,0,12,in_stock
OUT095,,Waypoint Tech,Kandy,Kandy,rear_dock,normal,,09:00,17:00,WAY-043,Computing,Laptop Stand V2,pcs,13,7,6,14,5,7,low_stock
OUT095,,Waypoint Tech,Kandy,Kandy,rear_dock,normal,,09:00,17:00,WAY-044,Storage,USB Flash Drive 64GB V2,pcs,8,7,1,14,2,6,low_stock
OUT095,,Waypoint Tech,Kandy,Kandy,rear_dock,normal,,09:00,17:00,WAY-045,Storage,USB Flash Drive 128GB V2,pcs,24,8,16,0,0,8,in_stock
OUT095,,Waypoint Tech,Kandy,Kandy,rear_dock,normal,,09:00,17:00,WAY-046,Storage,External SSD 1TB V2,pcs,7,0,7,0,5,10,low_stock
OUT095,,Waypoint Tech,Kandy,Kandy,rear_dock,normal,,09:00,17:00,WAY-047,Storage,MicroSD 128GB V2,pcs,17,5,12,4,0,9,in_stock
OUT095,,Waypoint Tech,Kandy,Kandy,rear_dock,normal,,09:00,17:00,WAY-048,Networking,Wi-Fi Router V2,pcs,10,6,4,7,10,8,low_stock
OUT095,,Waypoint Tech,Kandy,Kandy,rear_dock,normal,,09:00,17:00,WAY-049,Networking,Wi-Fi Extender V2,pcs,26,0,26,8,10,12,in_stock
OUT095,,Waypoint Tech,Kandy,Kandy,rear_dock,normal,,09:00,17:00,WAY-050,Networking,Ethernet Cable 5m V2,pcs,19,2,17,2,5,3,in_stock
OUT095,,Waypoint Tech,Kandy,Kandy,rear_dock,normal,,09:00,17:00,WAY-051,Audio,Bluetooth Earbuds V2,pcs,27,4,23,5,0,9,in_stock
OUT095,,Waypoint Tech,Kandy,Kandy,rear_dock,normal,,09:00,17:00,WAY-052,Audio,Bluetooth Headphones V2,pcs,24,0,24,14,0,7,in_stock
OUT095,,Waypoint Tech,Kandy,Kandy,rear_dock,normal,,09:00,17:00,WAY-053,Audio,Bluetooth Speaker V2,pcs,27,7,20,3,0,4,in_stock
OUT095,,Waypoint Tech,Kandy,Kandy,rear_dock,normal,,09:00,17:00,WAY-054,Accessories,Phone Charger V2,pcs,28,8,20,15,2,10,in_stock
OUT095,,Waypoint Tech,Kandy,Kandy,rear_dock,normal,,09:00,17:00,WAY-055,Accessories,USB-C Cable V2,pcs,26,6,20,12,0,7,in_stock
OUT095,,Waypoint Tech,Kandy,Kandy,rear_dock,normal,,09:00,17:00,WAY-056,Accessories,Lightning Cable V2,pcs,8,8,0,8,2,6,out_of_stock
OUT095,,Waypoint Tech,Kandy,Kandy,rear_dock,normal,,09:00,17:00,WAY-057,Accessories,Power Bank 10000mAh V2,pcs,14,7,7,4,0,9,low_stock
OUT095,,Waypoint Tech,Kandy,Kandy,rear_dock,normal,,09:00,17:00,WAY-058,Accessories,Power Bank 20000mAh V2,pcs,12,7,5,12,0,9,low_stock
OUT095,,Waypoint Tech,Kandy,Kandy,rear_dock,normal,,09:00,17:00,WAY-059,Accessories,Phone Case V2,pcs,2,1,1,9,2,5,low_stock
OUT095,,Waypoint Tech,Kandy,Kandy,rear_dock,normal,,09:00,17:00,WAY-060,Accessories,Screen Protector V2,pcs,7,5,2,12,2,4,low_stock
OUT095,,Waypoint Tech,Kandy,Kandy,rear_dock,normal,,09:00,17:00,WAY-061,Mobile Phones,Smartphone V3,pcs,9,6,3,5,10,10,low_stock
OUT095,,Waypoint Tech,Kandy,Kandy,rear_dock,normal,,09:00,17:00,WAY-062,Mobile Phones,Feature Phone V3,pcs,6,3,3,0,0,12,low_stock
OUT095,,Waypoint Tech,Kandy,Kandy,rear_dock,normal,,09:00,17:00,WAY-063,Tablets,Android Tablet V3,pcs,2,2,0,3,10,4,out_of_stock
OUT095,,Waypoint Tech,Kandy,Kandy,rear_dock,normal,,09:00,17:00,WAY-064,Laptops,Laptop V3,pcs,26,1,25,15,0,4,in_stock
OUT095,,Waypoint Tech,Kandy,Kandy,rear_dock,normal,,09:00,17:00,WAY-065,Laptops,Chromebook V3,pcs,26,6,20,16,10,3,in_stock
OUT095,,Waypoint Tech,Kandy,Kandy,rear_dock,normal,,09:00,17:00,WAY-066,Computing,Desktop PC V3,pcs,18,1,17,5,2,7,in_stock
OUT095,,Waypoint Tech,Kandy,Kandy,rear_dock,normal,,09:00,17:00,WAY-067,Computing,Monitor 24-inch V3,pcs,10,2,8,4,10,8,low_stock
OUT095,,Waypoint Tech,Kandy,Kandy,rear_dock,normal,,09:00,17:00,WAY-068,Computing,Monitor 27-inch V3,pcs,17,4,13,10,0,3,in_stock
OUT095,,Waypoint Tech,Kandy,Kandy,rear_dock,normal,,09:00,17:00,WAY-069,Computing,Keyboard V3,pcs,3,2,1,14,0,4,low_stock
OUT095,,Waypoint Tech,Kandy,Kandy,rear_dock,normal,,09:00,17:00,WAY-070,Computing,Wireless Mouse V3,pcs,22,7,15,8,2,9,in_stock
OUT095,,Waypoint Tech,Kandy,Kandy,rear_dock,normal,,09:00,17:00,WAY-071,Computing,Webcam V3,pcs,21,8,13,3,0,9,in_stock
OUT095,,Waypoint Tech,Kandy,Kandy,rear_dock,normal,,09:00,17:00,WAY-072,Computing,USB-C Hub V3,pcs,24,6,18,9,5,5,in_stock
OUT095,,Waypoint Tech,Kandy,Kandy,rear_dock,normal,,09:00,17:00,WAY-073,Computing,Laptop Stand V3,pcs,24,7,17,4,5,10,in_stock
OUT095,,Waypoint Tech,Kandy,Kandy,rear_dock,normal,,09:00,17:00,WAY-074,Storage,USB Flash Drive 64GB V3,pcs,14,2,12,10,0,9,in_stock
OUT095,,Waypoint Tech,Kandy,Kandy,rear_dock,normal,,09:00,17:00,WAY-075,Storage,USB Flash Drive 128GB V3,pcs,16,1,15,9,5,11,in_stock
OUT095,,Waypoint Tech,Kandy,Kandy,rear_dock,normal,,09:00,17:00,WAY-076,Storage,External SSD 1TB V3,pcs,24,4,20,5,10,5,in_stock
OUT095,,Waypoint Tech,Kandy,Kandy,rear_dock,normal,,09:00,17:00,WAY-077,Storage,MicroSD 128GB V3,pcs,16,7,9,14,0,5,in_stock
OUT095,,Waypoint Tech,Kandy,Kandy,rear_dock,normal,,09:00,17:00,WAY-078,Networking,Wi-Fi Router V3,pcs,17,1,16,9,0,3,in_stock
OUT095,,Waypoint Tech,Kandy,Kandy,rear_dock,normal,,09:00,17:00,WAY-079,Networking,Wi-Fi Extender V3,pcs,20,8,12,15,0,5,in_stock
OUT095,,Waypoint Tech,Kandy,Kandy,rear_dock,normal,,09:00,17:00,WAY-080,Networking,Ethernet Cable 5m V3,pcs,9,7,2,7,0,9,low_stock
OUT095,,Waypoint Tech,Kandy,Kandy,rear_dock,normal,,09:00,17:00,WAY-081,Audio,Bluetooth Earbuds V3,pcs,21,8,13,12,5,10,in_stock
OUT095,,Waypoint Tech,Kandy,Kandy,rear_dock,normal,,09:00,17:00,WAY-082,Audio,Bluetooth Headphones V3,pcs,18,1,17,9,0,12,in_stock
OUT095,,Waypoint Tech,Kandy,Kandy,rear_dock,normal,,09:00,17:00,WAY-083,Audio,Bluetooth Speaker V3,pcs,25,0,25,5,10,7,in_stock
OUT095,,Waypoint Tech,Kandy,Kandy,rear_dock,normal,,09:00,17:00,WAY-084,Accessories,Phone Charger V3,pcs,16,7,9,6,5,10,low_stock
OUT095,,Waypoint Tech,Kandy,Kandy,rear_dock,normal,,09:00,17:00,WAY-085,Accessories,USB-C Cable V3,pcs,21,0,21,15,0,8,in_stock
OUT095,,Waypoint Tech,Kandy,Kandy,rear_dock,normal,,09:00,17:00,WAY-086,Accessories,Lightning Cable V3,pcs,8,3,5,3,0,3,in_stock
OUT095,,Waypoint Tech,Kandy,Kandy,rear_dock,normal,,09:00,17:00,WAY-087,Accessories,Power Bank 10000mAh V3,pcs,10,2,8,15,10,11,low_stock
OUT095,,Waypoint Tech,Kandy,Kandy,rear_dock,normal,,09:00,17:00,WAY-088,Accessories,Power Bank 20000mAh V3,pcs,4,1,3,10,0,4,low_stock
OUT095,,Waypoint Tech,Kandy,Kandy,rear_dock,normal,,09:00,17:00,WAY-089,Accessories,Phone Case V3,pcs,24,6,18,4,0,12,in_stock
OUT095,,Waypoint Tech,Kandy,Kandy,rear_dock,normal,,09:00,17:00,WAY-090,Accessories,Screen Protector V3,pcs,20,6,14,4,0,9,in_stock
OUT095,,Waypoint Tech,Kandy,Kandy,rear_dock,normal,,09:00,17:00,WAY-091,Mobile Phones,Smartphone V4,pcs,12,6,6,13,2,12,low_stock
OUT095,,Waypoint Tech,Kandy,Kandy,rear_dock,normal,,09:00,17:00,WAY-092,Mobile Phones,Feature Phone V4,pcs,17,2,15,9,5,10,in_stock
OUT095,,Waypoint Tech,Kandy,Kandy,rear_dock,normal,,09:00,17:00,WAY-093,Tablets,Android Tablet V4,pcs,24,0,24,13,0,7,in_stock
OUT095,,Waypoint Tech,Kandy,Kandy,rear_dock,normal,,09:00,17:00,WAY-094,Laptops,Laptop V4,pcs,5,5,0,7,0,12,out_of_stock
OUT095,,Waypoint Tech,Kandy,Kandy,rear_dock,normal,,09:00,17:00,WAY-095,Laptops,Chromebook V4,pcs,7,5,2,10,0,7,low_stock
OUT095,,Waypoint Tech,Kandy,Kandy,rear_dock,normal,,09:00,17:00,WAY-096,Computing,Desktop PC V4,pcs,16,3,13,9,0,8,in_stock
OUT095,,Waypoint Tech,Kandy,Kandy,rear_dock,normal,,09:00,17:00,WAY-097,Computing,Monitor 24-inch V4,pcs,10,5,5,9,5,10,low_stock
OUT095,,Waypoint Tech,Kandy,Kandy,rear_dock,normal,,09:00,17:00,WAY-098,Computing,Monitor 27-inch V4,pcs,22,8,14,12,10,10,in_stock
OUT095,,Waypoint Tech,Kandy,Kandy,rear_dock,normal,,09:00,17:00,WAY-099,Computing,Keyboard V4,pcs,17,5,12,9,0,9,in_stock
OUT095,,Waypoint Tech,Kandy,Kandy,rear_dock,normal,,09:00,17:00,WAY-100,Computing,Wireless Mouse V4,pcs,25,8,17,15,10,10,in_stock
OUT095,,Waypoint Tech,Kandy,Kandy,rear_dock,normal,,09:00,17:00,WAY-101,Computing,Webcam V4,pcs,19,7,12,11,0,4,in_stock
OUT095,,Waypoint Tech,Kandy,Kandy,rear_dock,normal,,09:00,17:00,WAY-102,Computing,USB-C Hub V4,pcs,14,1,13,16,5,6,in_stock
OUT095,,Waypoint Tech,Kandy,Kandy,rear_dock,normal,,09:00,17:00,WAY-103,Computing,Laptop Stand V4,pcs,11,0,11,5,0,9,in_stock
OUT095,,Waypoint Tech,Kandy,Kandy,rear_dock,normal,,09:00,17:00,WAY-104,Storage,USB Flash Drive 64GB V4,pcs,28,0,28,11,0,11,in_stock
OUT095,,Waypoint Tech,Kandy,Kandy,rear_dock,normal,,09:00,17:00,WAY-105,Storage,USB Flash Drive 128GB V4,pcs,26,8,18,14,0,7,in_stock
OUT095,,Waypoint Tech,Kandy,Kandy,rear_dock,normal,,09:00,17:00,WAY-106,Storage,External SSD 1TB V4,pcs,12,0,12,8,5,12,low_stock
OUT095,,Waypoint Tech,Kandy,Kandy,rear_dock,normal,,09:00,17:00,WAY-107,Storage,MicroSD 128GB V4,pcs,7,6,1,16,5,5,low_stock
OUT095,,Waypoint Tech,Kandy,Kandy,rear_dock,normal,,09:00,17:00,WAY-108,Networking,Wi-Fi Router V4,pcs,9,3,6,4,10,4,in_stock
OUT095,,Waypoint Tech,Kandy,Kandy,rear_dock,normal,,09:00,17:00,WAY-109,Networking,Wi-Fi Extender V4,pcs,5,0,5,15,10,7,low_stock
OUT095,,Waypoint Tech,Kandy,Kandy,rear_dock,normal,,09:00,17:00,WAY-110,Networking,Ethernet Cable 5m V4,pcs,2,1,1,6,10,7,low_stock
OUT095,,Waypoint Tech,Kandy,Kandy,rear_dock,normal,,09:00,17:00,WAY-111,Audio,Bluetooth Earbuds V4,pcs,20,0,20,6,0,5,in_stock
OUT095,,Waypoint Tech,Kandy,Kandy,rear_dock,normal,,09:00,17:00,WAY-112,Audio,Bluetooth Headphones V4,pcs,19,1,18,6,5,9,in_stock
OUT095,,Waypoint Tech,Kandy,Kandy,rear_dock,normal,,09:00,17:00,WAY-113,Audio,Bluetooth Speaker V4,pcs,16,2,14,7,0,10,in_stock
OUT095,,Waypoint Tech,Kandy,Kandy,rear_dock,normal,,09:00,17:00,WAY-114,Accessories,Phone Charger V4,pcs,10,2,8,9,2,5,in_stock
OUT095,,Waypoint Tech,Kandy,Kandy,rear_dock,normal,,09:00,17:00,WAY-115,Accessories,USB-C Cable V4,pcs,26,2,24,6,5,12,in_stock
OUT095,,Waypoint Tech,Kandy,Kandy,rear_dock,normal,,09:00,17:00,WAY-116,Accessories,Lightning Cable V4,pcs,4,0,4,3,5,9,low_stock
OUT095,,Waypoint Tech,Kandy,Kandy,rear_dock,normal,,09:00,17:00,WAY-117,Accessories,Power Bank 10000mAh V4,pcs,13,2,11,13,0,3,in_stock
OUT095,,Waypoint Tech,Kandy,Kandy,rear_dock,normal,,09:00,17:00,WAY-118,Accessories,Power Bank 20000mAh V4,pcs,28,0,28,0,5,7,in_stock
OUT095,,Waypoint Tech,Kandy,Kandy,rear_dock,normal,,09:00,17:00,WAY-119,Accessories,Phone Case V4,pcs,25,6,19,7,5,6,in_stock
OUT095,,Waypoint Tech,Kandy,Kandy,rear_dock,normal,,09:00,17:00,WAY-120,Accessories,Screen Protector V4,pcs,19,5,14,15,2,9,in_stock
OUT095,,Waypoint Tech,Kandy,Kandy,rear_dock,normal,,09:00,17:00,WAY-121,Mobile Phones,Smartphone V5,pcs,7,4,3,9,0,9,low_stock
OUT095,,Waypoint Tech,Kandy,Kandy,rear_dock,normal,,09:00,17:00,WAY-122,Mobile Phones,Feature Phone V5,pcs,4,4,0,8,5,5,out_of_stock
OUT095,,Waypoint Tech,Kandy,Kandy,rear_dock,normal,,09:00,17:00,WAY-123,Tablets,Android Tablet V5,pcs,9,0,9,14,0,8,in_stock
OUT095,,Waypoint Tech,Kandy,Kandy,rear_dock,normal,,09:00,17:00,WAY-124,Laptops,Laptop V5,pcs,23,4,19,14,0,4,in_stock
OUT095,,Waypoint Tech,Kandy,Kandy,rear_dock,normal,,09:00,17:00,WAY-125,Laptops,Chromebook V5,pcs,3,2,1,0,0,3,low_stock
OUT095,,Waypoint Tech,Kandy,Kandy,rear_dock,normal,,09:00,17:00,WAY-126,Computing,Desktop PC V5,pcs,6,4,2,0,0,7,low_stock
OUT095,,Waypoint Tech,Kandy,Kandy,rear_dock,normal,,09:00,17:00,WAY-127,Computing,Monitor 24-inch V5,pcs,17,7,10,15,0,11,low_stock
OUT095,,Waypoint Tech,Kandy,Kandy,rear_dock,normal,,09:00,17:00,WAY-128,Computing,Monitor 27-inch V5,pcs,21,0,21,13,0,12,in_stock
OUT095,,Waypoint Tech,Kandy,Kandy,rear_dock,normal,,09:00,17:00,WAY-129,Computing,Keyboard V5,pcs,13,3,10,2,10,4,in_stock
OUT095,,Waypoint Tech,Kandy,Kandy,rear_dock,normal,,09:00,17:00,WAY-130,Computing,Wireless Mouse V5,pcs,11,8,3,3,10,11,low_stock
OUT095,,Waypoint Tech,Kandy,Kandy,rear_dock,normal,,09:00,17:00,WAY-131,Computing,Webcam V5,pcs,3,2,1,0,5,8,low_stock
OUT095,,Waypoint Tech,Kandy,Kandy,rear_dock,normal,,09:00,17:00,WAY-132,Computing,USB-C Hub V5,pcs,9,4,5,9,0,5,low_stock
OUT095,,Waypoint Tech,Kandy,Kandy,rear_dock,normal,,09:00,17:00,WAY-133,Computing,Laptop Stand V5,pcs,28,5,23,16,0,7,in_stock
OUT095,,Waypoint Tech,Kandy,Kandy,rear_dock,normal,,09:00,17:00,WAY-134,Storage,USB Flash Drive 64GB V5,pcs,25,2,23,3,10,8,in_stock
OUT095,,Waypoint Tech,Kandy,Kandy,rear_dock,normal,,09:00,17:00,WAY-135,Storage,USB Flash Drive 128GB V5,pcs,17,3,14,8,10,9,in_stock
OUT095,,Waypoint Tech,Kandy,Kandy,rear_dock,normal,,09:00,17:00,WAY-136,Storage,External SSD 1TB V5,pcs,6,5,1,13,10,6,low_stock
OUT095,,Waypoint Tech,Kandy,Kandy,rear_dock,normal,,09:00,17:00,WAY-137,Storage,MicroSD 128GB V5,pcs,19,7,12,9,5,12,low_stock
OUT095,,Waypoint Tech,Kandy,Kandy,rear_dock,normal,,09:00,17:00,WAY-138,Networking,Wi-Fi Router V5,pcs,10,0,10,3,2,3,in_stock
OUT095,,Waypoint Tech,Kandy,Kandy,rear_dock,normal,,09:00,17:00,WAY-139,Networking,Wi-Fi Extender V5,pcs,5,4,1,7,5,12,low_stock
OUT095,,Waypoint Tech,Kandy,Kandy,rear_dock,normal,,09:00,17:00,WAY-140,Networking,Ethernet Cable 5m V5,pcs,11,4,7,15,10,3,in_stock
OUT095,,Waypoint Tech,Kandy,Kandy,rear_dock,normal,,09:00,17:00,WAY-141,Audio,Bluetooth Earbuds V5,pcs,14,2,12,3,0,10,in_stock
OUT095,,Waypoint Tech,Kandy,Kandy,rear_dock,normal,,09:00,17:00,WAY-142,Audio,Bluetooth Headphones V5,pcs,28,6,22,13,0,11,in_stock
OUT095,,Waypoint Tech,Kandy,Kandy,rear_dock,normal,,09:00,17:00,WAY-143,Audio,Bluetooth Speaker V5,pcs,17,6,11,11,5,10,in_stock
OUT095,,Waypoint Tech,Kandy,Kandy,rear_dock,normal,,09:00,17:00,WAY-144,Accessories,Phone Charger V5,pcs,18,7,11,14,0,4,in_stock
OUT095,,Waypoint Tech,Kandy,Kandy,rear_dock,normal,,09:00,17:00,WAY-145,Accessories,USB-C Cable V5,pcs,16,6,10,10,0,6,in_stock
OUT095,,Waypoint Tech,Kandy,Kandy,rear_dock,normal,,09:00,17:00,WAY-146,Accessories,Lightning Cable V5,pcs,21,5,16,7,0,10,in_stock
OUT095,,Waypoint Tech,Kandy,Kandy,rear_dock,normal,,09:00,17:00,WAY-147,Accessories,Power Bank 10000mAh V5,pcs,25,8,17,5,10,4,in_stock
OUT095,,Waypoint Tech,Kandy,Kandy,rear_dock,normal,,09:00,17:00,WAY-148,Accessories,Power Bank 20000mAh V5,pcs,16,1,15,12,0,4,in_stock
OUT095,,Waypoint Tech,Kandy,Kandy,rear_dock,normal,,09:00,17:00,WAY-149,Accessories,Phone Case V5,pcs,16,6,10,11,0,6,in_stock
OUT095,,Waypoint Tech,Kandy,Kandy,rear_dock,normal,,09:00,17:00,WAY-150,Accessories,Screen Protector V5,pcs,15,3,12,15,5,7,in_stock
OUT095,,Waypoint Tech,Kandy,Kandy,rear_dock,normal,,09:00,17:00,WAY-151,Mobile Phones,Smartphone V6,pcs,16,7,9,7,0,3,in_stock
OUT095,,Waypoint Tech,Kandy,Kandy,rear_dock,normal,,09:00,17:00,WAY-152,Mobile Phones,Feature Phone V6,pcs,15,7,8,2,10,8,low_stock
OUT095,,Waypoint Tech,Kandy,Kandy,rear_dock,normal,,09:00,17:00,WAY-153,Tablets,Android Tablet V6,pcs,16,6,10,14,5,11,low_stock
OUT095,,Waypoint Tech,Kandy,Kandy,rear_dock,normal,,09:00,17:00,WAY-154,Laptops,Laptop V6,pcs,24,7,17,16,0,8,in_stock
OUT095,,Waypoint Tech,Kandy,Kandy,rear_dock,normal,,09:00,17:00,WAY-155,Laptops,Chromebook V6,pcs,11,1,10,13,2,11,low_stock
OUT095,,Waypoint Tech,Kandy,Kandy,rear_dock,normal,,09:00,17:00,WAY-156,Computing,Desktop PC V6,pcs,14,0,14,6,0,3,in_stock
OUT095,,Waypoint Tech,Kandy,Kandy,rear_dock,normal,,09:00,17:00,WAY-157,Computing,Monitor 24-inch V6,pcs,24,6,18,5,0,8,in_stock
OUT095,,Waypoint Tech,Kandy,Kandy,rear_dock,normal,,09:00,17:00,WAY-158,Computing,Monitor 27-inch V6,pcs,20,1,19,10,5,6,in_stock
OUT095,,Waypoint Tech,Kandy,Kandy,rear_dock,normal,,09:00,17:00,WAY-159,Computing,Keyboard V6,pcs,2,0,2,8,0,3,low_stock
OUT095,,Waypoint Tech,Kandy,Kandy,rear_dock,normal,,09:00,17:00,WAY-160,Computing,Wireless Mouse V6,pcs,4,0,4,6,0,6,low_stock
OUT095,,Waypoint Tech,Kandy,Kandy,rear_dock,normal,,09:00,17:00,WAY-161,Computing,Webcam V6,pcs,24,3,21,1,5,11,in_stock
OUT095,,Waypoint Tech,Kandy,Kandy,rear_dock,normal,,09:00,17:00,WAY-162,Computing,USB-C Hub V6,pcs,25,5,20,13,0,3,in_stock
OUT095,,Waypoint Tech,Kandy,Kandy,rear_dock,normal,,09:00,17:00,WAY-163,Computing,Laptop Stand V6,pcs,12,4,8,3,0,11,low_stock
OUT095,,Waypoint Tech,Kandy,Kandy,rear_dock,normal,,09:00,17:00,WAY-164,Storage,USB Flash Drive 64GB V6,pcs,25,3,22,4,10,5,in_stock
OUT095,,Waypoint Tech,Kandy,Kandy,rear_dock,normal,,09:00,17:00,WAY-165,Storage,USB Flash Drive 128GB V6,pcs,11,6,5,6,5,12,low_stock
OUT095,,Waypoint Tech,Kandy,Kandy,rear_dock,normal,,09:00,17:00,WAY-166,Storage,External SSD 1TB V6,pcs,12,0,12,8,5,6,in_stock
OUT095,,Waypoint Tech,Kandy,Kandy,rear_dock,normal,,09:00,17:00,WAY-167,Storage,MicroSD 128GB V6,pcs,17,4,13,6,0,6,in_stock
OUT095,,Waypoint Tech,Kandy,Kandy,rear_dock,normal,,09:00,17:00,WAY-168,Networking,Wi-Fi Router V6,pcs,12,5,7,16,0,4,in_stock
OUT095,,Waypoint Tech,Kandy,Kandy,rear_dock,normal,,09:00,17:00,WAY-169,Networking,Wi-Fi Extender V6,pcs,15,5,10,2,2,8,in_stock
OUT095,,Waypoint Tech,Kandy,Kandy,rear_dock,normal,,09:00,17:00,WAY-170,Networking,Ethernet Cable 5m V6,pcs,18,0,18,2,0,8,in_stock
OUT095,,Waypoint Tech,Kandy,Kandy,rear_dock,normal,,09:00,17:00,WAY-171,Audio,Bluetooth Earbuds V6,pcs,6,6,0,16,0,10,out_of_stock
OUT095,,Waypoint Tech,Kandy,Kandy,rear_dock,normal,,09:00,17:00,WAY-172,Audio,Bluetooth Headphones V6,pcs,12,5,7,2,0,5,in_stock
OUT095,,Waypoint Tech,Kandy,Kandy,rear_dock,normal,,09:00,17:00,WAY-173,Audio,Bluetooth Speaker V6,pcs,23,0,23,11,10,10,in_stock
OUT095,,Waypoint Tech,Kandy,Kandy,rear_dock,normal,,09:00,17:00,WAY-174,Accessories,Phone Charger V6,pcs,15,0,15,6,2,7,in_stock
OUT095,,Waypoint Tech,Kandy,Kandy,rear_dock,normal,,09:00,17:00,WAY-175,Accessories,USB-C Cable V6,pcs,22,4,18,3,0,3,in_stock
OUT095,,Waypoint Tech,Kandy,Kandy,rear_dock,normal,,09:00,17:00,WAY-176,Accessories,Lightning Cable V6,pcs,24,2,22,1,10,9,in_stock
OUT095,,Waypoint Tech,Kandy,Kandy,rear_dock,normal,,09:00,17:00,WAY-177,Accessories,Power Bank 10000mAh V6,pcs,11,7,4,7,2,12,low_stock
OUT095,,Waypoint Tech,Kandy,Kandy,rear_dock,normal,,09:00,17:00,WAY-178,Accessories,Power Bank 20000mAh V6,pcs,24,8,16,15,2,12,in_stock
OUT095,,Waypoint Tech,Kandy,Kandy,rear_dock,normal,,09:00,17:00,WAY-179,Accessories,Phone Case V6,pcs,8,7,1,3,0,7,low_stock
OUT095,,Waypoint Tech,Kandy,Kandy,rear_dock,normal,,09:00,17:00,WAY-180,Accessories,Screen Protector V6,pcs,2,0,2,16,0,8,low_stock
OUT095,,Waypoint Tech,Kandy,Kandy,rear_dock,normal,,09:00,17:00,WAY-181,Mobile Phones,Smartphone V7,pcs,22,8,14,1,0,5,in_stock
OUT095,,Waypoint Tech,Kandy,Kandy,rear_dock,normal,,09:00,17:00,WAY-182,Mobile Phones,Feature Phone V7,pcs,23,2,21,16,10,3,in_stock
OUT095,,Waypoint Tech,Kandy,Kandy,rear_dock,normal,,09:00,17:00,WAY-183,Tablets,Android Tablet V7,pcs,3,3,0,7,5,8,out_of_stock
OUT095,,Waypoint Tech,Kandy,Kandy,rear_dock,normal,,09:00,17:00,WAY-184,Laptops,Laptop V7,pcs,2,1,1,7,10,9,low_stock
OUT095,,Waypoint Tech,Kandy,Kandy,rear_dock,normal,,09:00,17:00,WAY-185,Laptops,Chromebook V7,pcs,19,3,16,10,0,11,in_stock
OUT095,,Waypoint Tech,Kandy,Kandy,rear_dock,normal,,09:00,17:00,WAY-186,Computing,Desktop PC V7,pcs,9,2,7,1,0,3,in_stock
OUT095,,Waypoint Tech,Kandy,Kandy,rear_dock,normal,,09:00,17:00,WAY-187,Computing,Monitor 24-inch V7,pcs,15,0,15,3,10,4,in_stock
OUT095,,Waypoint Tech,Kandy,Kandy,rear_dock,normal,,09:00,17:00,WAY-188,Computing,Monitor 27-inch V7,pcs,16,1,15,10,0,5,in_stock
OUT095,,Waypoint Tech,Kandy,Kandy,rear_dock,normal,,09:00,17:00,WAY-189,Computing,Keyboard V7,pcs,4,3,1,13,0,8,low_stock
OUT095,,Waypoint Tech,Kandy,Kandy,rear_dock,normal,,09:00,17:00,WAY-190,Computing,Wireless Mouse V7,pcs,23,6,17,0,0,4,in_stock
OUT095,,Waypoint Tech,Kandy,Kandy,rear_dock,normal,,09:00,17:00,WAY-191,Computing,Webcam V7,pcs,20,0,20,0,0,8,in_stock
OUT095,,Waypoint Tech,Kandy,Kandy,rear_dock,normal,,09:00,17:00,WAY-192,Computing,USB-C Hub V7,pcs,24,0,24,9,0,6,in_stock
OUT095,,Waypoint Tech,Kandy,Kandy,rear_dock,normal,,09:00,17:00,WAY-193,Computing,Laptop Stand V7,pcs,19,8,11,7,5,9,in_stock
OUT095,,Waypoint Tech,Kandy,Kandy,rear_dock,normal,,09:00,17:00,WAY-194,Storage,USB Flash Drive 64GB V7,pcs,11,0,11,10,10,10,in_stock
OUT095,,Waypoint Tech,Kandy,Kandy,rear_dock,normal,,09:00,17:00,WAY-195,Storage,USB Flash Drive 128GB V7,pcs,12,3,9,6,0,7,in_stock
OUT095,,Waypoint Tech,Kandy,Kandy,rear_dock,normal,,09:00,17:00,WAY-196,Storage,External SSD 1TB V7,pcs,21,5,16,5,0,10,in_stock
OUT095,,Waypoint Tech,Kandy,Kandy,rear_dock,normal,,09:00,17:00,WAY-197,Storage,MicroSD 128GB V7,pcs,24,1,23,2,0,10,in_stock
OUT095,,Waypoint Tech,Kandy,Kandy,rear_dock,normal,,09:00,17:00,WAY-198,Networking,Wi-Fi Router V7,pcs,6,3,3,2,2,6,low_stock
OUT095,,Waypoint Tech,Kandy,Kandy,rear_dock,normal,,09:00,17:00,WAY-199,Networking,Wi-Fi Extender V7,pcs,26,7,19,0,10,6,in_stock
OUT095,,Waypoint Tech,Kandy,Kandy,rear_dock,normal,,09:00,17:00,WAY-200,Networking,Ethernet Cable 5m V7,pcs,20,5,15,5,0,3,in_stock
OUT103,,Waypoint Tech,Matale,Kandy,rear_dock,normal,,09:00,17:00,WAY-001,Mobile Phones,Smartphone,pcs,25,1,24,4,0,10,in_stock
OUT103,,Waypoint Tech,Matale,Kandy,rear_dock,normal,,09:00,17:00,WAY-002,Mobile Phones,Feature Phone,pcs,2,2,0,11,0,9,out_of_stock
OUT103,,Waypoint Tech,Matale,Kandy,rear_dock,normal,,09:00,17:00,WAY-003,Tablets,Android Tablet,pcs,7,6,1,16,5,4,low_stock
OUT103,,Waypoint Tech,Matale,Kandy,rear_dock,normal,,09:00,17:00,WAY-004,Laptops,Laptop,pcs,22,1,21,9,0,9,in_stock
OUT103,,Waypoint Tech,Matale,Kandy,rear_dock,normal,,09:00,17:00,WAY-005,Laptops,Chromebook,pcs,8,7,1,13,0,4,low_stock
OUT103,,Waypoint Tech,Matale,Kandy,rear_dock,normal,,09:00,17:00,WAY-006,Computing,Desktop PC,pcs,15,4,11,9,10,6,in_stock
OUT103,,Waypoint Tech,Matale,Kandy,rear_dock,normal,,09:00,17:00,WAY-007,Computing,Monitor 24-inch,pcs,23,6,17,7,5,6,in_stock
OUT103,,Waypoint Tech,Matale,Kandy,rear_dock,normal,,09:00,17:00,WAY-008,Computing,Monitor 27-inch,pcs,26,1,25,1,5,7,in_stock
OUT103,,Waypoint Tech,Matale,Kandy,rear_dock,normal,,09:00,17:00,WAY-009,Computing,Keyboard,pcs,21,2,19,11,10,9,in_stock
OUT103,,Waypoint Tech,Matale,Kandy,rear_dock,normal,,09:00,17:00,WAY-010,Computing,Wireless Mouse,pcs,14,5,9,8,0,10,low_stock
OUT103,,Waypoint Tech,Matale,Kandy,rear_dock,normal,,09:00,17:00,WAY-011,Computing,Webcam,pcs,7,2,5,8,2,10,low_stock
OUT103,,Waypoint Tech,Matale,Kandy,rear_dock,normal,,09:00,17:00,WAY-012,Computing,USB-C Hub,pcs,13,8,5,2,0,5,low_stock
OUT103,,Waypoint Tech,Matale,Kandy,rear_dock,normal,,09:00,17:00,WAY-013,Computing,Laptop Stand,pcs,5,1,4,5,10,10,low_stock
OUT103,,Waypoint Tech,Matale,Kandy,rear_dock,normal,,09:00,17:00,WAY-014,Storage,USB Flash Drive 64GB,pcs,5,1,4,15,10,12,low_stock
OUT103,,Waypoint Tech,Matale,Kandy,rear_dock,normal,,09:00,17:00,WAY-015,Storage,USB Flash Drive 128GB,pcs,20,7,13,16,5,6,in_stock
OUT103,,Waypoint Tech,Matale,Kandy,rear_dock,normal,,09:00,17:00,WAY-016,Storage,External SSD 1TB,pcs,8,1,7,3,5,10,low_stock
OUT103,,Waypoint Tech,Matale,Kandy,rear_dock,normal,,09:00,17:00,WAY-017,Storage,MicroSD 128GB,pcs,8,2,6,1,0,12,low_stock
OUT103,,Waypoint Tech,Matale,Kandy,rear_dock,normal,,09:00,17:00,WAY-018,Networking,Wi-Fi Router,pcs,12,1,11,13,0,4,in_stock
OUT103,,Waypoint Tech,Matale,Kandy,rear_dock,normal,,09:00,17:00,WAY-019,Networking,Wi-Fi Extender,pcs,12,6,6,7,0,3,in_stock
OUT103,,Waypoint Tech,Matale,Kandy,rear_dock,normal,,09:00,17:00,WAY-020,Networking,Ethernet Cable 5m,pcs,23,0,23,9,2,5,in_stock
OUT103,,Waypoint Tech,Matale,Kandy,rear_dock,normal,,09:00,17:00,WAY-021,Audio,Bluetooth Earbuds,pcs,9,0,9,13,0,12,low_stock
OUT103,,Waypoint Tech,Matale,Kandy,rear_dock,normal,,09:00,17:00,WAY-022,Audio,Bluetooth Headphones,pcs,11,0,11,13,5,8,in_stock
OUT103,,Waypoint Tech,Matale,Kandy,rear_dock,normal,,09:00,17:00,WAY-023,Audio,Bluetooth Speaker,pcs,7,4,3,2,0,6,low_stock
OUT103,,Waypoint Tech,Matale,Kandy,rear_dock,normal,,09:00,17:00,WAY-024,Accessories,Phone Charger,pcs,18,0,18,10,0,5,in_stock
OUT103,,Waypoint Tech,Matale,Kandy,rear_dock,normal,,09:00,17:00,WAY-025,Accessories,USB-C Cable,pcs,8,0,8,15,0,9,low_stock
OUT103,,Waypoint Tech,Matale,Kandy,rear_dock,normal,,09:00,17:00,WAY-026,Accessories,Lightning Cable,pcs,25,2,23,4,5,10,in_stock
OUT103,,Waypoint Tech,Matale,Kandy,rear_dock,normal,,09:00,17:00,WAY-027,Accessories,Power Bank 10000mAh,pcs,21,8,13,16,0,11,in_stock
OUT103,,Waypoint Tech,Matale,Kandy,rear_dock,normal,,09:00,17:00,WAY-028,Accessories,Power Bank 20000mAh,pcs,11,6,5,3,0,4,in_stock
OUT103,,Waypoint Tech,Matale,Kandy,rear_dock,normal,,09:00,17:00,WAY-029,Accessories,Phone Case,pcs,20,6,14,5,0,5,in_stock
OUT103,,Waypoint Tech,Matale,Kandy,rear_dock,normal,,09:00,17:00,WAY-030,Accessories,Screen Protector,pcs,7,0,7,8,0,9,low_stock
OUT103,,Waypoint Tech,Matale,Kandy,rear_dock,normal,,09:00,17:00,WAY-031,Mobile Phones,Smartphone V2,pcs,24,4,20,4,10,5,in_stock
OUT103,,Waypoint Tech,Matale,Kandy,rear_dock,normal,,09:00,17:00,WAY-032,Mobile Phones,Feature Phone V2,pcs,13,0,13,2,0,6,in_stock
OUT103,,Waypoint Tech,Matale,Kandy,rear_dock,normal,,09:00,17:00,WAY-033,Tablets,Android Tablet V2,pcs,10,6,4,8,5,4,low_stock
OUT103,,Waypoint Tech,Matale,Kandy,rear_dock,normal,,09:00,17:00,WAY-034,Laptops,Laptop V2,pcs,21,6,15,7,0,4,in_stock
OUT103,,Waypoint Tech,Matale,Kandy,rear_dock,normal,,09:00,17:00,WAY-035,Laptops,Chromebook V2,pcs,24,8,16,3,5,3,in_stock
OUT103,,Waypoint Tech,Matale,Kandy,rear_dock,normal,,09:00,17:00,WAY-036,Computing,Desktop PC V2,pcs,18,1,17,9,5,12,in_stock
OUT103,,Waypoint Tech,Matale,Kandy,rear_dock,normal,,09:00,17:00,WAY-037,Computing,Monitor 24-inch V2,pcs,26,7,19,12,0,3,in_stock
OUT103,,Waypoint Tech,Matale,Kandy,rear_dock,normal,,09:00,17:00,WAY-038,Computing,Monitor 27-inch V2,pcs,12,1,11,12,0,7,in_stock
OUT103,,Waypoint Tech,Matale,Kandy,rear_dock,normal,,09:00,17:00,WAY-039,Computing,Keyboard V2,pcs,9,0,9,3,10,6,in_stock
OUT103,,Waypoint Tech,Matale,Kandy,rear_dock,normal,,09:00,17:00,WAY-040,Computing,Wireless Mouse V2,pcs,24,8,16,6,2,9,in_stock
OUT103,,Waypoint Tech,Matale,Kandy,rear_dock,normal,,09:00,17:00,WAY-041,Computing,Webcam V2,pcs,11,1,10,2,0,11,low_stock
OUT103,,Waypoint Tech,Matale,Kandy,rear_dock,normal,,09:00,17:00,WAY-042,Computing,USB-C Hub V2,pcs,9,8,1,9,0,4,low_stock
OUT103,,Waypoint Tech,Matale,Kandy,rear_dock,normal,,09:00,17:00,WAY-043,Computing,Laptop Stand V2,pcs,10,0,10,9,0,6,in_stock
OUT103,,Waypoint Tech,Matale,Kandy,rear_dock,normal,,09:00,17:00,WAY-044,Storage,USB Flash Drive 64GB V2,pcs,25,0,25,14,0,3,in_stock
OUT103,,Waypoint Tech,Matale,Kandy,rear_dock,normal,,09:00,17:00,WAY-045,Storage,USB Flash Drive 128GB V2,pcs,23,0,23,9,10,5,in_stock
OUT103,,Waypoint Tech,Matale,Kandy,rear_dock,normal,,09:00,17:00,WAY-046,Storage,External SSD 1TB V2,pcs,21,1,20,15,0,12,in_stock
OUT103,,Waypoint Tech,Matale,Kandy,rear_dock,normal,,09:00,17:00,WAY-047,Storage,MicroSD 128GB V2,pcs,23,1,22,13,5,9,in_stock
OUT103,,Waypoint Tech,Matale,Kandy,rear_dock,normal,,09:00,17:00,WAY-048,Networking,Wi-Fi Router V2,pcs,12,3,9,14,0,12,low_stock
OUT103,,Waypoint Tech,Matale,Kandy,rear_dock,normal,,09:00,17:00,WAY-049,Networking,Wi-Fi Extender V2,pcs,25,0,25,16,10,10,in_stock
OUT103,,Waypoint Tech,Matale,Kandy,rear_dock,normal,,09:00,17:00,WAY-050,Networking,Ethernet Cable 5m V2,pcs,16,7,9,13,0,5,in_stock
OUT103,,Waypoint Tech,Matale,Kandy,rear_dock,normal,,09:00,17:00,WAY-051,Audio,Bluetooth Earbuds V2,pcs,21,3,18,2,0,8,in_stock
OUT103,,Waypoint Tech,Matale,Kandy,rear_dock,normal,,09:00,17:00,WAY-052,Audio,Bluetooth Headphones V2,pcs,2,0,2,9,0,5,low_stock
OUT103,,Waypoint Tech,Matale,Kandy,rear_dock,normal,,09:00,17:00,WAY-053,Audio,Bluetooth Speaker V2,pcs,12,8,4,12,0,7,low_stock
OUT103,,Waypoint Tech,Matale,Kandy,rear_dock,normal,,09:00,17:00,WAY-054,Accessories,Phone Charger V2,pcs,22,4,18,6,2,9,in_stock
OUT103,,Waypoint Tech,Matale,Kandy,rear_dock,normal,,09:00,17:00,WAY-055,Accessories,USB-C Cable V2,pcs,4,1,3,12,5,10,low_stock
OUT103,,Waypoint Tech,Matale,Kandy,rear_dock,normal,,09:00,17:00,WAY-056,Accessories,Lightning Cable V2,pcs,22,7,15,0,5,8,in_stock
OUT103,,Waypoint Tech,Matale,Kandy,rear_dock,normal,,09:00,17:00,WAY-057,Accessories,Power Bank 10000mAh V2,pcs,6,4,2,7,2,12,low_stock
OUT103,,Waypoint Tech,Matale,Kandy,rear_dock,normal,,09:00,17:00,WAY-058,Accessories,Power Bank 20000mAh V2,pcs,3,1,2,11,0,8,low_stock
OUT103,,Waypoint Tech,Matale,Kandy,rear_dock,normal,,09:00,17:00,WAY-059,Accessories,Phone Case V2,pcs,23,4,19,13,5,11,in_stock
OUT103,,Waypoint Tech,Matale,Kandy,rear_dock,normal,,09:00,17:00,WAY-060,Accessories,Screen Protector V2,pcs,23,4,19,12,5,10,in_stock
OUT103,,Waypoint Tech,Matale,Kandy,rear_dock,normal,,09:00,17:00,WAY-061,Mobile Phones,Smartphone V3,pcs,25,0,25,8,0,7,in_stock
OUT103,,Waypoint Tech,Matale,Kandy,rear_dock,normal,,09:00,17:00,WAY-062,Mobile Phones,Feature Phone V3,pcs,17,0,17,14,0,3,in_stock
OUT103,,Waypoint Tech,Matale,Kandy,rear_dock,normal,,09:00,17:00,WAY-063,Tablets,Android Tablet V3,pcs,28,4,24,12,2,11,in_stock
OUT103,,Waypoint Tech,Matale,Kandy,rear_dock,normal,,09:00,17:00,WAY-064,Laptops,Laptop V3,pcs,2,1,1,5,0,12,low_stock
OUT103,,Waypoint Tech,Matale,Kandy,rear_dock,normal,,09:00,17:00,WAY-065,Laptops,Chromebook V3,pcs,8,2,6,12,2,9,low_stock
OUT103,,Waypoint Tech,Matale,Kandy,rear_dock,normal,,09:00,17:00,WAY-066,Computing,Desktop PC V3,pcs,16,3,13,0,0,9,in_stock
OUT103,,Waypoint Tech,Matale,Kandy,rear_dock,normal,,09:00,17:00,WAY-067,Computing,Monitor 24-inch V3,pcs,27,4,23,5,0,5,in_stock
OUT103,,Waypoint Tech,Matale,Kandy,rear_dock,normal,,09:00,17:00,WAY-068,Computing,Monitor 27-inch V3,pcs,3,2,1,9,5,5,low_stock
OUT103,,Waypoint Tech,Matale,Kandy,rear_dock,normal,,09:00,17:00,WAY-069,Computing,Keyboard V3,pcs,13,1,12,5,0,8,in_stock
OUT103,,Waypoint Tech,Matale,Kandy,rear_dock,normal,,09:00,17:00,WAY-070,Computing,Wireless Mouse V3,pcs,13,0,13,9,10,3,in_stock
OUT103,,Waypoint Tech,Matale,Kandy,rear_dock,normal,,09:00,17:00,WAY-071,Computing,Webcam V3,pcs,3,3,0,7,2,6,out_of_stock
OUT103,,Waypoint Tech,Matale,Kandy,rear_dock,normal,,09:00,17:00,WAY-072,Computing,USB-C Hub V3,pcs,13,3,10,7,0,4,in_stock
OUT103,,Waypoint Tech,Matale,Kandy,rear_dock,normal,,09:00,17:00,WAY-073,Computing,Laptop Stand V3,pcs,16,6,10,9,10,10,low_stock
OUT103,,Waypoint Tech,Matale,Kandy,rear_dock,normal,,09:00,17:00,WAY-074,Storage,USB Flash Drive 64GB V3,pcs,25,8,17,5,0,5,in_stock
OUT103,,Waypoint Tech,Matale,Kandy,rear_dock,normal,,09:00,17:00,WAY-075,Storage,USB Flash Drive 128GB V3,pcs,18,1,17,15,10,8,in_stock
OUT103,,Waypoint Tech,Matale,Kandy,rear_dock,normal,,09:00,17:00,WAY-076,Storage,External SSD 1TB V3,pcs,10,0,10,15,0,3,in_stock
OUT103,,Waypoint Tech,Matale,Kandy,rear_dock,normal,,09:00,17:00,WAY-077,Storage,MicroSD 128GB V3,pcs,5,3,2,4,0,7,low_stock
OUT103,,Waypoint Tech,Matale,Kandy,rear_dock,normal,,09:00,17:00,WAY-078,Networking,Wi-Fi Router V3,pcs,4,2,2,7,0,4,low_stock
OUT103,,Waypoint Tech,Matale,Kandy,rear_dock,normal,,09:00,17:00,WAY-079,Networking,Wi-Fi Extender V3,pcs,18,1,17,6,10,5,in_stock
OUT103,,Waypoint Tech,Matale,Kandy,rear_dock,normal,,09:00,17:00,WAY-080,Networking,Ethernet Cable 5m V3,pcs,22,1,21,8,5,8,in_stock
OUT103,,Waypoint Tech,Matale,Kandy,rear_dock,normal,,09:00,17:00,WAY-081,Audio,Bluetooth Earbuds V3,pcs,12,1,11,15,2,11,low_stock
OUT103,,Waypoint Tech,Matale,Kandy,rear_dock,normal,,09:00,17:00,WAY-082,Audio,Bluetooth Headphones V3,pcs,22,4,18,10,0,8,in_stock
OUT103,,Waypoint Tech,Matale,Kandy,rear_dock,normal,,09:00,17:00,WAY-083,Audio,Bluetooth Speaker V3,pcs,24,1,23,9,0,10,in_stock
OUT103,,Waypoint Tech,Matale,Kandy,rear_dock,normal,,09:00,17:00,WAY-084,Accessories,Phone Charger V3,pcs,21,8,13,13,0,6,in_stock
OUT103,,Waypoint Tech,Matale,Kandy,rear_dock,normal,,09:00,17:00,WAY-085,Accessories,USB-C Cable V3,pcs,2,0,2,3,0,8,low_stock
OUT103,,Waypoint Tech,Matale,Kandy,rear_dock,normal,,09:00,17:00,WAY-086,Accessories,Lightning Cable V3,pcs,20,3,17,10,0,8,in_stock
OUT103,,Waypoint Tech,Matale,Kandy,rear_dock,normal,,09:00,17:00,WAY-087,Accessories,Power Bank 10000mAh V3,pcs,5,4,1,11,0,4,low_stock
OUT103,,Waypoint Tech,Matale,Kandy,rear_dock,normal,,09:00,17:00,WAY-088,Accessories,Power Bank 20000mAh V3,pcs,8,1,7,3,0,11,low_stock
OUT103,,Waypoint Tech,Matale,Kandy,rear_dock,normal,,09:00,17:00,WAY-089,Accessories,Phone Case V3,pcs,27,0,27,3,0,7,in_stock
OUT103,,Waypoint Tech,Matale,Kandy,rear_dock,normal,,09:00,17:00,WAY-090,Accessories,Screen Protector V3,pcs,3,3,0,0,0,4,out_of_stock
OUT103,,Waypoint Tech,Matale,Kandy,rear_dock,normal,,09:00,17:00,WAY-091,Mobile Phones,Smartphone V4,pcs,24,1,23,3,10,8,in_stock
OUT103,,Waypoint Tech,Matale,Kandy,rear_dock,normal,,09:00,17:00,WAY-092,Mobile Phones,Feature Phone V4,pcs,10,4,6,10,0,10,low_stock
OUT103,,Waypoint Tech,Matale,Kandy,rear_dock,normal,,09:00,17:00,WAY-093,Tablets,Android Tablet V4,pcs,17,7,10,9,10,9,in_stock
OUT103,,Waypoint Tech,Matale,Kandy,rear_dock,normal,,09:00,17:00,WAY-094,Laptops,Laptop V4,pcs,3,0,3,3,0,7,low_stock
OUT103,,Waypoint Tech,Matale,Kandy,rear_dock,normal,,09:00,17:00,WAY-095,Laptops,Chromebook V4,pcs,3,1,2,2,0,4,low_stock
OUT103,,Waypoint Tech,Matale,Kandy,rear_dock,normal,,09:00,17:00,WAY-096,Computing,Desktop PC V4,pcs,27,5,22,5,10,11,in_stock
OUT103,,Waypoint Tech,Matale,Kandy,rear_dock,normal,,09:00,17:00,WAY-097,Computing,Monitor 24-inch V4,pcs,25,6,19,6,0,5,in_stock
OUT103,,Waypoint Tech,Matale,Kandy,rear_dock,normal,,09:00,17:00,WAY-098,Computing,Monitor 27-inch V4,pcs,21,8,13,0,5,3,in_stock
OUT103,,Waypoint Tech,Matale,Kandy,rear_dock,normal,,09:00,17:00,WAY-099,Computing,Keyboard V4,pcs,21,0,21,1,0,5,in_stock
OUT103,,Waypoint Tech,Matale,Kandy,rear_dock,normal,,09:00,17:00,WAY-100,Computing,Wireless Mouse V4,pcs,18,1,17,4,0,6,in_stock
OUT103,,Waypoint Tech,Matale,Kandy,rear_dock,normal,,09:00,17:00,WAY-101,Computing,Webcam V4,pcs,13,4,9,6,0,11,low_stock
OUT103,,Waypoint Tech,Matale,Kandy,rear_dock,normal,,09:00,17:00,WAY-102,Computing,USB-C Hub V4,pcs,27,4,23,7,10,10,in_stock
OUT103,,Waypoint Tech,Matale,Kandy,rear_dock,normal,,09:00,17:00,WAY-103,Computing,Laptop Stand V4,pcs,3,1,2,14,2,11,low_stock
OUT103,,Waypoint Tech,Matale,Kandy,rear_dock,normal,,09:00,17:00,WAY-104,Storage,USB Flash Drive 64GB V4,pcs,3,0,3,14,2,4,low_stock
OUT103,,Waypoint Tech,Matale,Kandy,rear_dock,normal,,09:00,17:00,WAY-105,Storage,USB Flash Drive 128GB V4,pcs,25,3,22,7,2,6,in_stock
OUT103,,Waypoint Tech,Matale,Kandy,rear_dock,normal,,09:00,17:00,WAY-106,Storage,External SSD 1TB V4,pcs,24,1,23,16,0,8,in_stock
OUT103,,Waypoint Tech,Matale,Kandy,rear_dock,normal,,09:00,17:00,WAY-107,Storage,MicroSD 128GB V4,pcs,5,2,3,16,2,9,low_stock
OUT103,,Waypoint Tech,Matale,Kandy,rear_dock,normal,,09:00,17:00,WAY-108,Networking,Wi-Fi Router V4,pcs,15,7,8,7,0,10,low_stock
OUT103,,Waypoint Tech,Matale,Kandy,rear_dock,normal,,09:00,17:00,WAY-109,Networking,Wi-Fi Extender V4,pcs,18,0,18,9,10,7,in_stock
OUT103,,Waypoint Tech,Matale,Kandy,rear_dock,normal,,09:00,17:00,WAY-110,Networking,Ethernet Cable 5m V4,pcs,10,7,3,7,0,7,low_stock
OUT103,,Waypoint Tech,Matale,Kandy,rear_dock,normal,,09:00,17:00,WAY-111,Audio,Bluetooth Earbuds V4,pcs,2,1,1,15,0,8,low_stock
OUT103,,Waypoint Tech,Matale,Kandy,rear_dock,normal,,09:00,17:00,WAY-112,Audio,Bluetooth Headphones V4,pcs,19,1,18,16,0,4,in_stock
OUT103,,Waypoint Tech,Matale,Kandy,rear_dock,normal,,09:00,17:00,WAY-113,Audio,Bluetooth Speaker V4,pcs,19,8,11,11,0,6,in_stock
OUT103,,Waypoint Tech,Matale,Kandy,rear_dock,normal,,09:00,17:00,WAY-114,Accessories,Phone Charger V4,pcs,14,7,7,12,10,3,in_stock
OUT103,,Waypoint Tech,Matale,Kandy,rear_dock,normal,,09:00,17:00,WAY-115,Accessories,USB-C Cable V4,pcs,25,4,21,12,0,5,in_stock
OUT103,,Waypoint Tech,Matale,Kandy,rear_dock,normal,,09:00,17:00,WAY-116,Accessories,Lightning Cable V4,pcs,3,0,3,5,0,4,low_stock
OUT103,,Waypoint Tech,Matale,Kandy,rear_dock,normal,,09:00,17:00,WAY-117,Accessories,Power Bank 10000mAh V4,pcs,23,8,15,9,0,12,in_stock
OUT103,,Waypoint Tech,Matale,Kandy,rear_dock,normal,,09:00,17:00,WAY-118,Accessories,Power Bank 20000mAh V4,pcs,22,0,22,3,0,10,in_stock
OUT103,,Waypoint Tech,Matale,Kandy,rear_dock,normal,,09:00,17:00,WAY-119,Accessories,Phone Case V4,pcs,12,5,7,0,0,3,in_stock
OUT103,,Waypoint Tech,Matale,Kandy,rear_dock,normal,,09:00,17:00,WAY-120,Accessories,Screen Protector V4,pcs,22,8,14,15,10,6,in_stock
OUT103,,Waypoint Tech,Matale,Kandy,rear_dock,normal,,09:00,17:00,WAY-121,Mobile Phones,Smartphone V5,pcs,26,2,24,16,5,7,in_stock
OUT103,,Waypoint Tech,Matale,Kandy,rear_dock,normal,,09:00,17:00,WAY-122,Mobile Phones,Feature Phone V5,pcs,21,5,16,13,0,8,in_stock
OUT103,,Waypoint Tech,Matale,Kandy,rear_dock,normal,,09:00,17:00,WAY-123,Tablets,Android Tablet V5,pcs,17,5,12,1,5,10,in_stock
OUT103,,Waypoint Tech,Matale,Kandy,rear_dock,normal,,09:00,17:00,WAY-124,Laptops,Laptop V5,pcs,8,0,8,4,0,7,in_stock
OUT103,,Waypoint Tech,Matale,Kandy,rear_dock,normal,,09:00,17:00,WAY-125,Laptops,Chromebook V5,pcs,28,7,21,13,0,11,in_stock
OUT103,,Waypoint Tech,Matale,Kandy,rear_dock,normal,,09:00,17:00,WAY-126,Computing,Desktop PC V5,pcs,24,7,17,6,0,5,in_stock
OUT103,,Waypoint Tech,Matale,Kandy,rear_dock,normal,,09:00,17:00,WAY-127,Computing,Monitor 24-inch V5,pcs,4,1,3,2,0,3,low_stock
OUT103,,Waypoint Tech,Matale,Kandy,rear_dock,normal,,09:00,17:00,WAY-128,Computing,Monitor 27-inch V5,pcs,20,8,12,6,0,11,in_stock
OUT103,,Waypoint Tech,Matale,Kandy,rear_dock,normal,,09:00,17:00,WAY-129,Computing,Keyboard V5,pcs,16,4,12,10,2,12,low_stock
OUT103,,Waypoint Tech,Matale,Kandy,rear_dock,normal,,09:00,17:00,WAY-130,Computing,Wireless Mouse V5,pcs,14,7,7,7,0,3,in_stock
OUT103,,Waypoint Tech,Matale,Kandy,rear_dock,normal,,09:00,17:00,WAY-131,Computing,Webcam V5,pcs,10,7,3,16,0,9,low_stock
OUT103,,Waypoint Tech,Matale,Kandy,rear_dock,normal,,09:00,17:00,WAY-132,Computing,USB-C Hub V5,pcs,10,1,9,2,0,6,in_stock
OUT103,,Waypoint Tech,Matale,Kandy,rear_dock,normal,,09:00,17:00,WAY-133,Computing,Laptop Stand V5,pcs,8,5,3,9,0,10,low_stock
OUT103,,Waypoint Tech,Matale,Kandy,rear_dock,normal,,09:00,17:00,WAY-134,Storage,USB Flash Drive 64GB V5,pcs,4,0,4,1,0,12,low_stock
OUT103,,Waypoint Tech,Matale,Kandy,rear_dock,normal,,09:00,17:00,WAY-135,Storage,USB Flash Drive 128GB V5,pcs,20,8,12,8,0,12,low_stock
OUT103,,Waypoint Tech,Matale,Kandy,rear_dock,normal,,09:00,17:00,WAY-136,Storage,External SSD 1TB V5,pcs,19,4,15,1,0,3,in_stock
OUT103,,Waypoint Tech,Matale,Kandy,rear_dock,normal,,09:00,17:00,WAY-137,Storage,MicroSD 128GB V5,pcs,19,5,14,5,2,5,in_stock
OUT103,,Waypoint Tech,Matale,Kandy,rear_dock,normal,,09:00,17:00,WAY-138,Networking,Wi-Fi Router V5,pcs,21,5,16,13,5,11,in_stock
OUT103,,Waypoint Tech,Matale,Kandy,rear_dock,normal,,09:00,17:00,WAY-139,Networking,Wi-Fi Extender V5,pcs,20,1,19,4,0,9,in_stock
OUT103,,Waypoint Tech,Matale,Kandy,rear_dock,normal,,09:00,17:00,WAY-140,Networking,Ethernet Cable 5m V5,pcs,3,0,3,6,5,12,low_stock
OUT103,,Waypoint Tech,Matale,Kandy,rear_dock,normal,,09:00,17:00,WAY-141,Audio,Bluetooth Earbuds V5,pcs,9,3,6,3,0,3,in_stock
OUT103,,Waypoint Tech,Matale,Kandy,rear_dock,normal,,09:00,17:00,WAY-142,Audio,Bluetooth Headphones V5,pcs,26,0,26,6,0,5,in_stock
OUT103,,Waypoint Tech,Matale,Kandy,rear_dock,normal,,09:00,17:00,WAY-143,Audio,Bluetooth Speaker V5,pcs,22,0,22,9,2,6,in_stock
OUT103,,Waypoint Tech,Matale,Kandy,rear_dock,normal,,09:00,17:00,WAY-144,Accessories,Phone Charger V5,pcs,8,8,0,5,2,10,out_of_stock
OUT103,,Waypoint Tech,Matale,Kandy,rear_dock,normal,,09:00,17:00,WAY-145,Accessories,USB-C Cable V5,pcs,3,3,0,12,0,11,out_of_stock
OUT103,,Waypoint Tech,Matale,Kandy,rear_dock,normal,,09:00,17:00,WAY-146,Accessories,Lightning Cable V5,pcs,25,6,19,10,0,4,in_stock
OUT103,,Waypoint Tech,Matale,Kandy,rear_dock,normal,,09:00,17:00,WAY-147,Accessories,Power Bank 10000mAh V5,pcs,2,0,2,13,0,11,low_stock
OUT103,,Waypoint Tech,Matale,Kandy,rear_dock,normal,,09:00,17:00,WAY-148,Accessories,Power Bank 20000mAh V5,pcs,19,1,18,9,0,7,in_stock
OUT103,,Waypoint Tech,Matale,Kandy,rear_dock,normal,,09:00,17:00,WAY-149,Accessories,Phone Case V5,pcs,16,5,11,0,0,8,in_stock
OUT103,,Waypoint Tech,Matale,Kandy,rear_dock,normal,,09:00,17:00,WAY-150,Accessories,Screen Protector V5,pcs,15,8,7,0,0,3,in_stock
OUT103,,Waypoint Tech,Matale,Kandy,rear_dock,normal,,09:00,17:00,WAY-151,Mobile Phones,Smartphone V6,pcs,5,4,1,5,5,12,low_stock
OUT103,,Waypoint Tech,Matale,Kandy,rear_dock,normal,,09:00,17:00,WAY-152,Mobile Phones,Feature Phone V6,pcs,6,2,4,10,5,5,low_stock
OUT103,,Waypoint Tech,Matale,Kandy,rear_dock,normal,,09:00,17:00,WAY-153,Tablets,Android Tablet V6,pcs,15,3,12,5,0,11,in_stock
OUT103,,Waypoint Tech,Matale,Kandy,rear_dock,normal,,09:00,17:00,WAY-154,Laptops,Laptop V6,pcs,17,2,15,7,0,11,in_stock
OUT103,,Waypoint Tech,Matale,Kandy,rear_dock,normal,,09:00,17:00,WAY-155,Laptops,Chromebook V6,pcs,8,2,6,5,10,6,low_stock
OUT103,,Waypoint Tech,Matale,Kandy,rear_dock,normal,,09:00,17:00,WAY-156,Computing,Desktop PC V6,pcs,8,7,1,2,0,5,low_stock
OUT103,,Waypoint Tech,Matale,Kandy,rear_dock,normal,,09:00,17:00,WAY-157,Computing,Monitor 24-inch V6,pcs,6,6,0,7,2,3,out_of_stock
OUT103,,Waypoint Tech,Matale,Kandy,rear_dock,normal,,09:00,17:00,WAY-158,Computing,Monitor 27-inch V6,pcs,6,1,5,13,0,7,low_stock
OUT103,,Waypoint Tech,Matale,Kandy,rear_dock,normal,,09:00,17:00,WAY-159,Computing,Keyboard V6,pcs,12,4,8,6,0,8,low_stock
OUT103,,Waypoint Tech,Matale,Kandy,rear_dock,normal,,09:00,17:00,WAY-160,Computing,Wireless Mouse V6,pcs,27,5,22,2,0,5,in_stock
OUT103,,Waypoint Tech,Matale,Kandy,rear_dock,normal,,09:00,17:00,WAY-161,Computing,Webcam V6,pcs,24,7,17,6,0,6,in_stock
OUT103,,Waypoint Tech,Matale,Kandy,rear_dock,normal,,09:00,17:00,WAY-162,Computing,USB-C Hub V6,pcs,19,6,13,1,10,3,in_stock
OUT103,,Waypoint Tech,Matale,Kandy,rear_dock,normal,,09:00,17:00,WAY-163,Computing,Laptop Stand V6,pcs,5,0,5,13,0,8,low_stock
OUT103,,Waypoint Tech,Matale,Kandy,rear_dock,normal,,09:00,17:00,WAY-164,Storage,USB Flash Drive 64GB V6,pcs,20,4,16,6,10,3,in_stock
OUT103,,Waypoint Tech,Matale,Kandy,rear_dock,normal,,09:00,17:00,WAY-165,Storage,USB Flash Drive 128GB V6,pcs,20,8,12,2,0,5,in_stock
OUT103,,Waypoint Tech,Matale,Kandy,rear_dock,normal,,09:00,17:00,WAY-166,Storage,External SSD 1TB V6,pcs,24,0,24,16,10,7,in_stock
OUT103,,Waypoint Tech,Matale,Kandy,rear_dock,normal,,09:00,17:00,WAY-167,Storage,MicroSD 128GB V6,pcs,20,6,14,7,0,11,in_stock
OUT103,,Waypoint Tech,Matale,Kandy,rear_dock,normal,,09:00,17:00,WAY-168,Networking,Wi-Fi Router V6,pcs,26,7,19,4,2,9,in_stock
OUT103,,Waypoint Tech,Matale,Kandy,rear_dock,normal,,09:00,17:00,WAY-169,Networking,Wi-Fi Extender V6,pcs,10,2,8,4,0,11,low_stock
OUT103,,Waypoint Tech,Matale,Kandy,rear_dock,normal,,09:00,17:00,WAY-170,Networking,Ethernet Cable 5m V6,pcs,18,5,13,7,10,11,in_stock
OUT103,,Waypoint Tech,Matale,Kandy,rear_dock,normal,,09:00,17:00,WAY-171,Audio,Bluetooth Earbuds V6,pcs,3,2,1,9,0,10,low_stock
OUT103,,Waypoint Tech,Matale,Kandy,rear_dock,normal,,09:00,17:00,WAY-172,Audio,Bluetooth Headphones V6,pcs,26,1,25,15,0,6,in_stock
OUT103,,Waypoint Tech,Matale,Kandy,rear_dock,normal,,09:00,17:00,WAY-173,Audio,Bluetooth Speaker V6,pcs,22,3,19,0,10,12,in_stock
OUT103,,Waypoint Tech,Matale,Kandy,rear_dock,normal,,09:00,17:00,WAY-174,Accessories,Phone Charger V6,pcs,17,1,16,10,10,3,in_stock
OUT103,,Waypoint Tech,Matale,Kandy,rear_dock,normal,,09:00,17:00,WAY-175,Accessories,USB-C Cable V6,pcs,12,5,7,6,0,10,low_stock
OUT103,,Waypoint Tech,Matale,Kandy,rear_dock,normal,,09:00,17:00,WAY-176,Accessories,Lightning Cable V6,pcs,8,2,6,11,5,4,in_stock
OUT103,,Waypoint Tech,Matale,Kandy,rear_dock,normal,,09:00,17:00,WAY-177,Accessories,Power Bank 10000mAh V6,pcs,11,4,7,9,0,7,low_stock
OUT103,,Waypoint Tech,Matale,Kandy,rear_dock,normal,,09:00,17:00,WAY-178,Accessories,Power Bank 20000mAh V6,pcs,8,3,5,15,0,6,low_stock
OUT103,,Waypoint Tech,Matale,Kandy,rear_dock,normal,,09:00,17:00,WAY-179,Accessories,Phone Case V6,pcs,9,3,6,13,10,4,in_stock
OUT103,,Waypoint Tech,Matale,Kandy,rear_dock,normal,,09:00,17:00,WAY-180,Accessories,Screen Protector V6,pcs,7,5,2,1,5,8,low_stock
OUT103,,Waypoint Tech,Matale,Kandy,rear_dock,normal,,09:00,17:00,WAY-181,Mobile Phones,Smartphone V7,pcs,6,4,2,11,5,10,low_stock
OUT103,,Waypoint Tech,Matale,Kandy,rear_dock,normal,,09:00,17:00,WAY-182,Mobile Phones,Feature Phone V7,pcs,13,3,10,3,10,11,low_stock
OUT103,,Waypoint Tech,Matale,Kandy,rear_dock,normal,,09:00,17:00,WAY-183,Tablets,Android Tablet V7,pcs,9,8,1,9,0,6,low_stock
OUT103,,Waypoint Tech,Matale,Kandy,rear_dock,normal,,09:00,17:00,WAY-184,Laptops,Laptop V7,pcs,13,4,9,2,10,10,low_stock
OUT103,,Waypoint Tech,Matale,Kandy,rear_dock,normal,,09:00,17:00,WAY-185,Laptops,Chromebook V7,pcs,28,8,20,15,0,10,in_stock
OUT103,,Waypoint Tech,Matale,Kandy,rear_dock,normal,,09:00,17:00,WAY-186,Computing,Desktop PC V7,pcs,25,7,18,7,0,5,in_stock
OUT103,,Waypoint Tech,Matale,Kandy,rear_dock,normal,,09:00,17:00,WAY-187,Computing,Monitor 24-inch V7,pcs,17,0,17,7,2,7,in_stock
OUT103,,Waypoint Tech,Matale,Kandy,rear_dock,normal,,09:00,17:00,WAY-188,Computing,Monitor 27-inch V7,pcs,21,3,18,5,0,4,in_stock
OUT103,,Waypoint Tech,Matale,Kandy,rear_dock,normal,,09:00,17:00,WAY-189,Computing,Keyboard V7,pcs,26,5,21,8,5,9,in_stock
OUT103,,Waypoint Tech,Matale,Kandy,rear_dock,normal,,09:00,17:00,WAY-190,Computing,Wireless Mouse V7,pcs,14,3,11,12,2,4,in_stock
OUT103,,Waypoint Tech,Matale,Kandy,rear_dock,normal,,09:00,17:00,WAY-191,Computing,Webcam V7,pcs,27,6,21,13,0,11,in_stock
OUT103,,Waypoint Tech,Matale,Kandy,rear_dock,normal,,09:00,17:00,WAY-192,Computing,USB-C Hub V7,pcs,18,3,15,9,0,7,in_stock
OUT103,,Waypoint Tech,Matale,Kandy,rear_dock,normal,,09:00,17:00,WAY-193,Computing,Laptop Stand V7,pcs,4,4,0,8,0,12,out_of_stock
OUT103,,Waypoint Tech,Matale,Kandy,rear_dock,normal,,09:00,17:00,WAY-194,Storage,USB Flash Drive 64GB V7,pcs,13,2,11,4,2,4,in_stock
OUT103,,Waypoint Tech,Matale,Kandy,rear_dock,normal,,09:00,17:00,WAY-195,Storage,USB Flash Drive 128GB V7,pcs,9,2,7,8,2,7,low_stock
OUT103,,Waypoint Tech,Matale,Kandy,rear_dock,normal,,09:00,17:00,WAY-196,Storage,External SSD 1TB V7,pcs,2,1,1,5,5,4,low_stock
OUT103,,Waypoint Tech,Matale,Kandy,rear_dock,normal,,09:00,17:00,WAY-197,Storage,MicroSD 128GB V7,pcs,19,7,12,2,0,11,in_stock
OUT103,,Waypoint Tech,Matale,Kandy,rear_dock,normal,,09:00,17:00,WAY-198,Networking,Wi-Fi Router V7,pcs,5,3,2,9,0,6,low_stock
OUT103,,Waypoint Tech,Matale,Kandy,rear_dock,normal,,09:00,17:00,WAY-199,Networking,Wi-Fi Extender V7,pcs,11,2,9,13,0,9,low_stock
OUT103,,Waypoint Tech,Matale,Kandy,rear_dock,normal,,09:00,17:00,WAY-200,Networking,Ethernet Cable 5m V7,pcs,11,0,11,4,2,8,in_stock
OUT115,,Waypoint Tech,Badulla,Kandy,street,normal,,09:00,17:00,WAY-001,Mobile Phones,Smartphone,pcs,24,2,22,6,0,11,in_stock
OUT115,,Waypoint Tech,Badulla,Kandy,street,normal,,09:00,17:00,WAY-002,Mobile Phones,Feature Phone,pcs,4,0,4,10,0,6,low_stock
OUT115,,Waypoint Tech,Badulla,Kandy,street,normal,,09:00,17:00,WAY-003,Tablets,Android Tablet,pcs,3,1,2,9,0,9,low_stock
OUT115,,Waypoint Tech,Badulla,Kandy,street,normal,,09:00,17:00,WAY-004,Laptops,Laptop,pcs,8,5,3,6,2,12,low_stock
OUT115,,Waypoint Tech,Badulla,Kandy,street,normal,,09:00,17:00,WAY-005,Laptops,Chromebook,pcs,15,5,10,9,0,9,in_stock
OUT115,,Waypoint Tech,Badulla,Kandy,street,normal,,09:00,17:00,WAY-006,Computing,Desktop PC,pcs,9,5,4,0,10,12,low_stock
OUT115,,Waypoint Tech,Badulla,Kandy,street,normal,,09:00,17:00,WAY-007,Computing,Monitor 24-inch,pcs,18,1,17,9,10,9,in_stock
OUT115,,Waypoint Tech,Badulla,Kandy,street,normal,,09:00,17:00,WAY-008,Computing,Monitor 27-inch,pcs,17,4,13,4,10,5,in_stock
OUT115,,Waypoint Tech,Badulla,Kandy,street,normal,,09:00,17:00,WAY-009,Computing,Keyboard,pcs,3,1,2,8,5,9,low_stock
OUT115,,Waypoint Tech,Badulla,Kandy,street,normal,,09:00,17:00,WAY-010,Computing,Wireless Mouse,pcs,5,3,2,11,0,5,low_stock
OUT115,,Waypoint Tech,Badulla,Kandy,street,normal,,09:00,17:00,WAY-011,Computing,Webcam,pcs,24,6,18,1,0,10,in_stock
OUT115,,Waypoint Tech,Badulla,Kandy,street,normal,,09:00,17:00,WAY-012,Computing,USB-C Hub,pcs,18,8,10,6,0,11,low_stock
OUT115,,Waypoint Tech,Badulla,Kandy,street,normal,,09:00,17:00,WAY-013,Computing,Laptop Stand,pcs,5,1,4,14,10,11,low_stock
OUT115,,Waypoint Tech,Badulla,Kandy,street,normal,,09:00,17:00,WAY-014,Storage,USB Flash Drive 64GB,pcs,16,0,16,2,5,6,in_stock
OUT115,,Waypoint Tech,Badulla,Kandy,street,normal,,09:00,17:00,WAY-015,Storage,USB Flash Drive 128GB,pcs,10,1,9,5,0,10,low_stock
OUT115,,Waypoint Tech,Badulla,Kandy,street,normal,,09:00,17:00,WAY-016,Storage,External SSD 1TB,pcs,12,0,12,9,0,7,in_stock
OUT115,,Waypoint Tech,Badulla,Kandy,street,normal,,09:00,17:00,WAY-017,Storage,MicroSD 128GB,pcs,17,1,16,6,5,10,in_stock
OUT115,,Waypoint Tech,Badulla,Kandy,street,normal,,09:00,17:00,WAY-018,Networking,Wi-Fi Router,pcs,16,3,13,10,2,10,in_stock
OUT115,,Waypoint Tech,Badulla,Kandy,street,normal,,09:00,17:00,WAY-019,Networking,Wi-Fi Extender,pcs,23,8,15,5,0,3,in_stock
OUT115,,Waypoint Tech,Badulla,Kandy,street,normal,,09:00,17:00,WAY-020,Networking,Ethernet Cable 5m,pcs,2,0,2,11,0,3,low_stock
OUT115,,Waypoint Tech,Badulla,Kandy,street,normal,,09:00,17:00,WAY-021,Audio,Bluetooth Earbuds,pcs,25,5,20,3,10,4,in_stock
OUT115,,Waypoint Tech,Badulla,Kandy,street,normal,,09:00,17:00,WAY-022,Audio,Bluetooth Headphones,pcs,27,1,26,4,2,6,in_stock
OUT115,,Waypoint Tech,Badulla,Kandy,street,normal,,09:00,17:00,WAY-023,Audio,Bluetooth Speaker,pcs,23,2,21,3,0,6,in_stock
OUT115,,Waypoint Tech,Badulla,Kandy,street,normal,,09:00,17:00,WAY-024,Accessories,Phone Charger,pcs,9,6,3,5,0,4,low_stock
OUT115,,Waypoint Tech,Badulla,Kandy,street,normal,,09:00,17:00,WAY-025,Accessories,USB-C Cable,pcs,18,4,14,5,0,7,in_stock
OUT115,,Waypoint Tech,Badulla,Kandy,street,normal,,09:00,17:00,WAY-026,Accessories,Lightning Cable,pcs,12,8,4,8,0,3,in_stock
OUT115,,Waypoint Tech,Badulla,Kandy,street,normal,,09:00,17:00,WAY-027,Accessories,Power Bank 10000mAh,pcs,21,4,17,11,0,7,in_stock
OUT115,,Waypoint Tech,Badulla,Kandy,street,normal,,09:00,17:00,WAY-028,Accessories,Power Bank 20000mAh,pcs,27,2,25,5,10,5,in_stock
OUT115,,Waypoint Tech,Badulla,Kandy,street,normal,,09:00,17:00,WAY-029,Accessories,Phone Case,pcs,25,3,22,7,10,7,in_stock
OUT115,,Waypoint Tech,Badulla,Kandy,street,normal,,09:00,17:00,WAY-030,Accessories,Screen Protector,pcs,18,0,18,10,10,9,in_stock
OUT115,,Waypoint Tech,Badulla,Kandy,street,normal,,09:00,17:00,WAY-031,Mobile Phones,Smartphone V2,pcs,4,3,1,8,0,7,low_stock
OUT115,,Waypoint Tech,Badulla,Kandy,street,normal,,09:00,17:00,WAY-032,Mobile Phones,Feature Phone V2,pcs,19,6,13,4,2,9,in_stock
OUT115,,Waypoint Tech,Badulla,Kandy,street,normal,,09:00,17:00,WAY-033,Tablets,Android Tablet V2,pcs,12,1,11,14,0,6,in_stock
OUT115,,Waypoint Tech,Badulla,Kandy,street,normal,,09:00,17:00,WAY-034,Laptops,Laptop V2,pcs,18,2,16,2,10,4,in_stock
OUT115,,Waypoint Tech,Badulla,Kandy,street,normal,,09:00,17:00,WAY-035,Laptops,Chromebook V2,pcs,8,7,1,6,0,4,low_stock
OUT115,,Waypoint Tech,Badulla,Kandy,street,normal,,09:00,17:00,WAY-036,Computing,Desktop PC V2,pcs,17,6,11,13,10,8,in_stock
OUT115,,Waypoint Tech,Badulla,Kandy,street,normal,,09:00,17:00,WAY-037,Computing,Monitor 24-inch V2,pcs,13,7,6,13,0,9,low_stock
OUT115,,Waypoint Tech,Badulla,Kandy,street,normal,,09:00,17:00,WAY-038,Computing,Monitor 27-inch V2,pcs,23,6,17,9,2,8,in_stock
OUT115,,Waypoint Tech,Badulla,Kandy,street,normal,,09:00,17:00,WAY-039,Computing,Keyboard V2,pcs,22,2,20,5,0,4,in_stock
OUT115,,Waypoint Tech,Badulla,Kandy,street,normal,,09:00,17:00,WAY-040,Computing,Wireless Mouse V2,pcs,11,7,4,8,0,6,low_stock
OUT115,,Waypoint Tech,Badulla,Kandy,street,normal,,09:00,17:00,WAY-041,Computing,Webcam V2,pcs,28,0,28,0,5,4,in_stock
OUT115,,Waypoint Tech,Badulla,Kandy,street,normal,,09:00,17:00,WAY-042,Computing,USB-C Hub V2,pcs,27,6,21,1,0,3,in_stock
OUT115,,Waypoint Tech,Badulla,Kandy,street,normal,,09:00,17:00,WAY-043,Computing,Laptop Stand V2,pcs,21,1,20,0,0,12,in_stock
OUT115,,Waypoint Tech,Badulla,Kandy,street,normal,,09:00,17:00,WAY-044,Storage,USB Flash Drive 64GB V2,pcs,6,3,3,3,0,4,low_stock
OUT115,,Waypoint Tech,Badulla,Kandy,street,normal,,09:00,17:00,WAY-045,Storage,USB Flash Drive 128GB V2,pcs,22,2,20,9,0,7,in_stock
OUT115,,Waypoint Tech,Badulla,Kandy,street,normal,,09:00,17:00,WAY-046,Storage,External SSD 1TB V2,pcs,11,7,4,10,2,11,low_stock
OUT115,,Waypoint Tech,Badulla,Kandy,street,normal,,09:00,17:00,WAY-047,Storage,MicroSD 128GB V2,pcs,8,6,2,0,0,12,low_stock
OUT115,,Waypoint Tech,Badulla,Kandy,street,normal,,09:00,17:00,WAY-048,Networking,Wi-Fi Router V2,pcs,2,1,1,6,0,11,low_stock
OUT115,,Waypoint Tech,Badulla,Kandy,street,normal,,09:00,17:00,WAY-049,Networking,Wi-Fi Extender V2,pcs,6,4,2,15,10,10,low_stock
OUT115,,Waypoint Tech,Badulla,Kandy,street,normal,,09:00,17:00,WAY-050,Networking,Ethernet Cable 5m V2,pcs,16,5,11,10,2,7,in_stock
OUT115,,Waypoint Tech,Badulla,Kandy,street,normal,,09:00,17:00,WAY-051,Audio,Bluetooth Earbuds V2,pcs,14,1,13,1,10,5,in_stock
OUT115,,Waypoint Tech,Badulla,Kandy,street,normal,,09:00,17:00,WAY-052,Audio,Bluetooth Headphones V2,pcs,16,1,15,2,2,10,in_stock
OUT115,,Waypoint Tech,Badulla,Kandy,street,normal,,09:00,17:00,WAY-053,Audio,Bluetooth Speaker V2,pcs,15,7,8,16,10,7,in_stock
OUT115,,Waypoint Tech,Badulla,Kandy,street,normal,,09:00,17:00,WAY-054,Accessories,Phone Charger V2,pcs,7,3,4,1,0,5,low_stock
OUT115,,Waypoint Tech,Badulla,Kandy,street,normal,,09:00,17:00,WAY-055,Accessories,USB-C Cable V2,pcs,3,3,0,10,2,7,out_of_stock
OUT115,,Waypoint Tech,Badulla,Kandy,street,normal,,09:00,17:00,WAY-056,Accessories,Lightning Cable V2,pcs,20,3,17,12,10,8,in_stock
OUT115,,Waypoint Tech,Badulla,Kandy,street,normal,,09:00,17:00,WAY-057,Accessories,Power Bank 10000mAh V2,pcs,9,8,1,7,5,9,low_stock
OUT115,,Waypoint Tech,Badulla,Kandy,street,normal,,09:00,17:00,WAY-058,Accessories,Power Bank 20000mAh V2,pcs,24,7,17,11,5,10,in_stock
OUT115,,Waypoint Tech,Badulla,Kandy,street,normal,,09:00,17:00,WAY-059,Accessories,Phone Case V2,pcs,17,2,15,7,5,8,in_stock
OUT115,,Waypoint Tech,Badulla,Kandy,street,normal,,09:00,17:00,WAY-060,Accessories,Screen Protector V2,pcs,4,4,0,7,10,5,out_of_stock
OUT115,,Waypoint Tech,Badulla,Kandy,street,normal,,09:00,17:00,WAY-061,Mobile Phones,Smartphone V3,pcs,8,5,3,2,10,6,low_stock
OUT115,,Waypoint Tech,Badulla,Kandy,street,normal,,09:00,17:00,WAY-062,Mobile Phones,Feature Phone V3,pcs,27,0,27,3,0,3,in_stock
OUT115,,Waypoint Tech,Badulla,Kandy,street,normal,,09:00,17:00,WAY-063,Tablets,Android Tablet V3,pcs,8,3,5,14,5,6,low_stock
OUT115,,Waypoint Tech,Badulla,Kandy,street,normal,,09:00,17:00,WAY-064,Laptops,Laptop V3,pcs,16,0,16,13,5,12,in_stock
OUT115,,Waypoint Tech,Badulla,Kandy,street,normal,,09:00,17:00,WAY-065,Laptops,Chromebook V3,pcs,23,6,17,13,10,10,in_stock
OUT115,,Waypoint Tech,Badulla,Kandy,street,normal,,09:00,17:00,WAY-066,Computing,Desktop PC V3,pcs,18,2,16,8,0,6,in_stock
OUT115,,Waypoint Tech,Badulla,Kandy,street,normal,,09:00,17:00,WAY-067,Computing,Monitor 24-inch V3,pcs,18,8,10,11,0,5,in_stock
OUT115,,Waypoint Tech,Badulla,Kandy,street,normal,,09:00,17:00,WAY-068,Computing,Monitor 27-inch V3,pcs,6,3,3,9,0,7,low_stock
OUT115,,Waypoint Tech,Badulla,Kandy,street,normal,,09:00,17:00,WAY-069,Computing,Keyboard V3,pcs,13,8,5,0,10,3,in_stock
OUT115,,Waypoint Tech,Badulla,Kandy,street,normal,,09:00,17:00,WAY-070,Computing,Wireless Mouse V3,pcs,24,5,19,8,0,11,in_stock
OUT115,,Waypoint Tech,Badulla,Kandy,street,normal,,09:00,17:00,WAY-071,Computing,Webcam V3,pcs,21,2,19,9,0,8,in_stock
OUT115,,Waypoint Tech,Badulla,Kandy,street,normal,,09:00,17:00,WAY-072,Computing,USB-C Hub V3,pcs,17,8,9,16,0,9,low_stock
OUT115,,Waypoint Tech,Badulla,Kandy,street,normal,,09:00,17:00,WAY-073,Computing,Laptop Stand V3,pcs,17,1,16,0,2,5,in_stock
OUT115,,Waypoint Tech,Badulla,Kandy,street,normal,,09:00,17:00,WAY-074,Storage,USB Flash Drive 64GB V3,pcs,21,8,13,4,0,12,in_stock
OUT115,,Waypoint Tech,Badulla,Kandy,street,normal,,09:00,17:00,WAY-075,Storage,USB Flash Drive 128GB V3,pcs,6,5,1,8,2,7,low_stock
OUT115,,Waypoint Tech,Badulla,Kandy,street,normal,,09:00,17:00,WAY-076,Storage,External SSD 1TB V3,pcs,28,1,27,14,0,9,in_stock
OUT115,,Waypoint Tech,Badulla,Kandy,street,normal,,09:00,17:00,WAY-077,Storage,MicroSD 128GB V3,pcs,8,4,4,13,0,4,low_stock
OUT115,,Waypoint Tech,Badulla,Kandy,street,normal,,09:00,17:00,WAY-078,Networking,Wi-Fi Router V3,pcs,18,1,17,8,0,4,in_stock
OUT115,,Waypoint Tech,Badulla,Kandy,street,normal,,09:00,17:00,WAY-079,Networking,Wi-Fi Extender V3,pcs,20,7,13,3,0,5,in_stock
OUT115,,Waypoint Tech,Badulla,Kandy,street,normal,,09:00,17:00,WAY-080,Networking,Ethernet Cable 5m V3,pcs,6,5,1,5,2,6,low_stock
OUT115,,Waypoint Tech,Badulla,Kandy,street,normal,,09:00,17:00,WAY-081,Audio,Bluetooth Earbuds V3,pcs,2,1,1,3,0,3,low_stock
OUT115,,Waypoint Tech,Badulla,Kandy,street,normal,,09:00,17:00,WAY-082,Audio,Bluetooth Headphones V3,pcs,10,1,9,0,5,3,in_stock
OUT115,,Waypoint Tech,Badulla,Kandy,street,normal,,09:00,17:00,WAY-083,Audio,Bluetooth Speaker V3,pcs,4,0,4,6,5,3,in_stock
OUT115,,Waypoint Tech,Badulla,Kandy,street,normal,,09:00,17:00,WAY-084,Accessories,Phone Charger V3,pcs,27,8,19,9,0,12,in_stock
OUT115,,Waypoint Tech,Badulla,Kandy,street,normal,,09:00,17:00,WAY-085,Accessories,USB-C Cable V3,pcs,27,1,26,5,2,4,in_stock
OUT115,,Waypoint Tech,Badulla,Kandy,street,normal,,09:00,17:00,WAY-086,Accessories,Lightning Cable V3,pcs,20,4,16,3,0,12,in_stock
OUT115,,Waypoint Tech,Badulla,Kandy,street,normal,,09:00,17:00,WAY-087,Accessories,Power Bank 10000mAh V3,pcs,22,8,14,9,0,10,in_stock
OUT115,,Waypoint Tech,Badulla,Kandy,street,normal,,09:00,17:00,WAY-088,Accessories,Power Bank 20000mAh V3,pcs,13,6,7,5,0,7,low_stock
OUT115,,Waypoint Tech,Badulla,Kandy,street,normal,,09:00,17:00,WAY-089,Accessories,Phone Case V3,pcs,2,0,2,13,10,8,low_stock
OUT115,,Waypoint Tech,Badulla,Kandy,street,normal,,09:00,17:00,WAY-090,Accessories,Screen Protector V3,pcs,7,4,3,11,2,3,low_stock
OUT115,,Waypoint Tech,Badulla,Kandy,street,normal,,09:00,17:00,WAY-091,Mobile Phones,Smartphone V4,pcs,22,3,19,4,0,8,in_stock
OUT115,,Waypoint Tech,Badulla,Kandy,street,normal,,09:00,17:00,WAY-092,Mobile Phones,Feature Phone V4,pcs,18,5,13,3,0,12,in_stock
OUT115,,Waypoint Tech,Badulla,Kandy,street,normal,,09:00,17:00,WAY-093,Tablets,Android Tablet V4,pcs,11,5,6,2,0,5,in_stock
OUT115,,Waypoint Tech,Badulla,Kandy,street,normal,,09:00,17:00,WAY-094,Laptops,Laptop V4,pcs,12,2,10,3,0,10,low_stock
OUT115,,Waypoint Tech,Badulla,Kandy,street,normal,,09:00,17:00,WAY-095,Laptops,Chromebook V4,pcs,21,7,14,4,10,12,in_stock
OUT115,,Waypoint Tech,Badulla,Kandy,street,normal,,09:00,17:00,WAY-096,Computing,Desktop PC V4,pcs,8,5,3,14,5,9,low_stock
OUT115,,Waypoint Tech,Badulla,Kandy,street,normal,,09:00,17:00,WAY-097,Computing,Monitor 24-inch V4,pcs,26,8,18,2,0,9,in_stock
OUT115,,Waypoint Tech,Badulla,Kandy,street,normal,,09:00,17:00,WAY-098,Computing,Monitor 27-inch V4,pcs,17,4,13,13,5,7,in_stock
OUT115,,Waypoint Tech,Badulla,Kandy,street,normal,,09:00,17:00,WAY-099,Computing,Keyboard V4,pcs,16,6,10,1,2,11,low_stock
OUT115,,Waypoint Tech,Badulla,Kandy,street,normal,,09:00,17:00,WAY-100,Computing,Wireless Mouse V4,pcs,24,5,19,2,0,6,in_stock
OUT115,,Waypoint Tech,Badulla,Kandy,street,normal,,09:00,17:00,WAY-101,Computing,Webcam V4,pcs,8,3,5,9,10,8,low_stock
OUT115,,Waypoint Tech,Badulla,Kandy,street,normal,,09:00,17:00,WAY-102,Computing,USB-C Hub V4,pcs,28,5,23,11,0,6,in_stock
OUT115,,Waypoint Tech,Badulla,Kandy,street,normal,,09:00,17:00,WAY-103,Computing,Laptop Stand V4,pcs,18,7,11,7,0,4,in_stock
OUT115,,Waypoint Tech,Badulla,Kandy,street,normal,,09:00,17:00,WAY-104,Storage,USB Flash Drive 64GB V4,pcs,5,5,0,6,5,7,out_of_stock
OUT115,,Waypoint Tech,Badulla,Kandy,street,normal,,09:00,17:00,WAY-105,Storage,USB Flash Drive 128GB V4,pcs,3,3,0,11,0,6,out_of_stock
OUT115,,Waypoint Tech,Badulla,Kandy,street,normal,,09:00,17:00,WAY-106,Storage,External SSD 1TB V4,pcs,25,3,22,8,0,5,in_stock
OUT115,,Waypoint Tech,Badulla,Kandy,street,normal,,09:00,17:00,WAY-107,Storage,MicroSD 128GB V4,pcs,13,1,12,9,0,4,in_stock
OUT115,,Waypoint Tech,Badulla,Kandy,street,normal,,09:00,17:00,WAY-108,Networking,Wi-Fi Router V4,pcs,22,1,21,3,0,7,in_stock
OUT115,,Waypoint Tech,Badulla,Kandy,street,normal,,09:00,17:00,WAY-109,Networking,Wi-Fi Extender V4,pcs,20,1,19,2,2,10,in_stock
OUT115,,Waypoint Tech,Badulla,Kandy,street,normal,,09:00,17:00,WAY-110,Networking,Ethernet Cable 5m V4,pcs,15,4,11,3,2,9,in_stock
OUT115,,Waypoint Tech,Badulla,Kandy,street,normal,,09:00,17:00,WAY-111,Audio,Bluetooth Earbuds V4,pcs,27,1,26,9,0,12,in_stock
OUT115,,Waypoint Tech,Badulla,Kandy,street,normal,,09:00,17:00,WAY-112,Audio,Bluetooth Headphones V4,pcs,8,1,7,13,2,12,low_stock
OUT115,,Waypoint Tech,Badulla,Kandy,street,normal,,09:00,17:00,WAY-113,Audio,Bluetooth Speaker V4,pcs,13,4,9,1,5,10,low_stock
OUT115,,Waypoint Tech,Badulla,Kandy,street,normal,,09:00,17:00,WAY-114,Accessories,Phone Charger V4,pcs,3,2,1,6,0,10,low_stock
OUT115,,Waypoint Tech,Badulla,Kandy,street,normal,,09:00,17:00,WAY-115,Accessories,USB-C Cable V4,pcs,6,6,0,10,0,6,out_of_stock
OUT115,,Waypoint Tech,Badulla,Kandy,street,normal,,09:00,17:00,WAY-116,Accessories,Lightning Cable V4,pcs,26,1,25,6,10,8,in_stock
OUT115,,Waypoint Tech,Badulla,Kandy,street,normal,,09:00,17:00,WAY-117,Accessories,Power Bank 10000mAh V4,pcs,5,0,5,8,2,5,low_stock
OUT115,,Waypoint Tech,Badulla,Kandy,street,normal,,09:00,17:00,WAY-118,Accessories,Power Bank 20000mAh V4,pcs,27,4,23,8,0,8,in_stock
OUT115,,Waypoint Tech,Badulla,Kandy,street,normal,,09:00,17:00,WAY-119,Accessories,Phone Case V4,pcs,26,3,23,3,10,5,in_stock
OUT115,,Waypoint Tech,Badulla,Kandy,street,normal,,09:00,17:00,WAY-120,Accessories,Screen Protector V4,pcs,18,2,16,12,10,5,in_stock
OUT115,,Waypoint Tech,Badulla,Kandy,street,normal,,09:00,17:00,WAY-121,Mobile Phones,Smartphone V5,pcs,11,5,6,9,0,3,in_stock
OUT115,,Waypoint Tech,Badulla,Kandy,street,normal,,09:00,17:00,WAY-122,Mobile Phones,Feature Phone V5,pcs,5,4,1,8,2,7,low_stock
OUT115,,Waypoint Tech,Badulla,Kandy,street,normal,,09:00,17:00,WAY-123,Tablets,Android Tablet V5,pcs,17,3,14,8,10,3,in_stock
OUT115,,Waypoint Tech,Badulla,Kandy,street,normal,,09:00,17:00,WAY-124,Laptops,Laptop V5,pcs,18,1,17,7,0,9,in_stock
OUT115,,Waypoint Tech,Badulla,Kandy,street,normal,,09:00,17:00,WAY-125,Laptops,Chromebook V5,pcs,21,7,14,6,5,11,in_stock
OUT115,,Waypoint Tech,Badulla,Kandy,street,normal,,09:00,17:00,WAY-126,Computing,Desktop PC V5,pcs,13,5,8,0,10,9,low_stock
OUT115,,Waypoint Tech,Badulla,Kandy,street,normal,,09:00,17:00,WAY-127,Computing,Monitor 24-inch V5,pcs,16,0,16,14,5,11,in_stock
OUT115,,Waypoint Tech,Badulla,Kandy,street,normal,,09:00,17:00,WAY-128,Computing,Monitor 27-inch V5,pcs,4,0,4,12,0,11,low_stock
OUT115,,Waypoint Tech,Badulla,Kandy,street,normal,,09:00,17:00,WAY-129,Computing,Keyboard V5,pcs,5,2,3,6,0,12,low_stock
OUT115,,Waypoint Tech,Badulla,Kandy,street,normal,,09:00,17:00,WAY-130,Computing,Wireless Mouse V5,pcs,18,6,12,7,2,4,in_stock
OUT115,,Waypoint Tech,Badulla,Kandy,street,normal,,09:00,17:00,WAY-131,Computing,Webcam V5,pcs,26,4,22,1,0,6,in_stock
OUT115,,Waypoint Tech,Badulla,Kandy,street,normal,,09:00,17:00,WAY-132,Computing,USB-C Hub V5,pcs,28,2,26,1,2,8,in_stock
OUT115,,Waypoint Tech,Badulla,Kandy,street,normal,,09:00,17:00,WAY-133,Computing,Laptop Stand V5,pcs,13,5,8,13,0,8,low_stock
OUT115,,Waypoint Tech,Badulla,Kandy,street,normal,,09:00,17:00,WAY-134,Storage,USB Flash Drive 64GB V5,pcs,12,3,9,4,10,8,in_stock
OUT115,,Waypoint Tech,Badulla,Kandy,street,normal,,09:00,17:00,WAY-135,Storage,USB Flash Drive 128GB V5,pcs,9,8,1,2,5,5,low_stock
OUT115,,Waypoint Tech,Badulla,Kandy,street,normal,,09:00,17:00,WAY-136,Storage,External SSD 1TB V5,pcs,8,4,4,6,5,4,low_stock
OUT115,,Waypoint Tech,Badulla,Kandy,street,normal,,09:00,17:00,WAY-137,Storage,MicroSD 128GB V5,pcs,20,6,14,9,2,8,in_stock
OUT115,,Waypoint Tech,Badulla,Kandy,street,normal,,09:00,17:00,WAY-138,Networking,Wi-Fi Router V5,pcs,16,4,12,14,0,12,low_stock
OUT115,,Waypoint Tech,Badulla,Kandy,street,normal,,09:00,17:00,WAY-139,Networking,Wi-Fi Extender V5,pcs,26,8,18,9,10,10,in_stock
OUT115,,Waypoint Tech,Badulla,Kandy,street,normal,,09:00,17:00,WAY-140,Networking,Ethernet Cable 5m V5,pcs,4,4,0,16,10,4,out_of_stock
OUT115,,Waypoint Tech,Badulla,Kandy,street,normal,,09:00,17:00,WAY-141,Audio,Bluetooth Earbuds V5,pcs,2,0,2,8,0,6,low_stock
OUT115,,Waypoint Tech,Badulla,Kandy,street,normal,,09:00,17:00,WAY-142,Audio,Bluetooth Headphones V5,pcs,16,5,11,11,2,11,low_stock
OUT115,,Waypoint Tech,Badulla,Kandy,street,normal,,09:00,17:00,WAY-143,Audio,Bluetooth Speaker V5,pcs,8,0,8,14,0,12,low_stock
OUT115,,Waypoint Tech,Badulla,Kandy,street,normal,,09:00,17:00,WAY-144,Accessories,Phone Charger V5,pcs,27,4,23,12,0,8,in_stock
OUT115,,Waypoint Tech,Badulla,Kandy,street,normal,,09:00,17:00,WAY-145,Accessories,USB-C Cable V5,pcs,5,2,3,9,10,12,low_stock
OUT115,,Waypoint Tech,Badulla,Kandy,street,normal,,09:00,17:00,WAY-146,Accessories,Lightning Cable V5,pcs,4,0,4,14,0,5,low_stock
OUT115,,Waypoint Tech,Badulla,Kandy,street,normal,,09:00,17:00,WAY-147,Accessories,Power Bank 10000mAh V5,pcs,28,2,26,16,0,5,in_stock
OUT115,,Waypoint Tech,Badulla,Kandy,street,normal,,09:00,17:00,WAY-148,Accessories,Power Bank 20000mAh V5,pcs,7,0,7,15,2,7,low_stock
OUT115,,Waypoint Tech,Badulla,Kandy,street,normal,,09:00,17:00,WAY-149,Accessories,Phone Case V5,pcs,15,5,10,9,0,5,in_stock
OUT115,,Waypoint Tech,Badulla,Kandy,street,normal,,09:00,17:00,WAY-150,Accessories,Screen Protector V5,pcs,15,7,8,16,5,10,low_stock
OUT115,,Waypoint Tech,Badulla,Kandy,street,normal,,09:00,17:00,WAY-151,Mobile Phones,Smartphone V6,pcs,27,5,22,8,0,12,in_stock
OUT115,,Waypoint Tech,Badulla,Kandy,street,normal,,09:00,17:00,WAY-152,Mobile Phones,Feature Phone V6,pcs,19,4,15,4,5,10,in_stock
OUT115,,Waypoint Tech,Badulla,Kandy,street,normal,,09:00,17:00,WAY-153,Tablets,Android Tablet V6,pcs,4,4,0,2,0,8,out_of_stock
OUT115,,Waypoint Tech,Badulla,Kandy,street,normal,,09:00,17:00,WAY-154,Laptops,Laptop V6,pcs,5,4,1,9,0,7,low_stock
OUT115,,Waypoint Tech,Badulla,Kandy,street,normal,,09:00,17:00,WAY-155,Laptops,Chromebook V6,pcs,28,5,23,11,10,5,in_stock
OUT115,,Waypoint Tech,Badulla,Kandy,street,normal,,09:00,17:00,WAY-156,Computing,Desktop PC V6,pcs,23,7,16,3,5,8,in_stock
OUT115,,Waypoint Tech,Badulla,Kandy,street,normal,,09:00,17:00,WAY-157,Computing,Monitor 24-inch V6,pcs,23,0,23,14,5,3,in_stock
OUT115,,Waypoint Tech,Badulla,Kandy,street,normal,,09:00,17:00,WAY-158,Computing,Monitor 27-inch V6,pcs,15,6,9,16,0,9,low_stock
OUT115,,Waypoint Tech,Badulla,Kandy,street,normal,,09:00,17:00,WAY-159,Computing,Keyboard V6,pcs,7,7,0,12,0,8,out_of_stock
OUT115,,Waypoint Tech,Badulla,Kandy,street,normal,,09:00,17:00,WAY-160,Computing,Wireless Mouse V6,pcs,26,5,21,16,0,6,in_stock
OUT115,,Waypoint Tech,Badulla,Kandy,street,normal,,09:00,17:00,WAY-161,Computing,Webcam V6,pcs,10,3,7,11,10,10,low_stock
OUT115,,Waypoint Tech,Badulla,Kandy,street,normal,,09:00,17:00,WAY-162,Computing,USB-C Hub V6,pcs,21,5,16,10,0,10,in_stock
OUT115,,Waypoint Tech,Badulla,Kandy,street,normal,,09:00,17:00,WAY-163,Computing,Laptop Stand V6,pcs,25,5,20,9,2,10,in_stock
OUT115,,Waypoint Tech,Badulla,Kandy,street,normal,,09:00,17:00,WAY-164,Storage,USB Flash Drive 64GB V6,pcs,19,6,13,5,2,7,in_stock
OUT115,,Waypoint Tech,Badulla,Kandy,street,normal,,09:00,17:00,WAY-165,Storage,USB Flash Drive 128GB V6,pcs,17,0,17,6,10,10,in_stock
OUT115,,Waypoint Tech,Badulla,Kandy,street,normal,,09:00,17:00,WAY-166,Storage,External SSD 1TB V6,pcs,13,6,7,4,5,12,low_stock
OUT115,,Waypoint Tech,Badulla,Kandy,street,normal,,09:00,17:00,WAY-167,Storage,MicroSD 128GB V6,pcs,10,5,5,5,10,7,low_stock
OUT115,,Waypoint Tech,Badulla,Kandy,street,normal,,09:00,17:00,WAY-168,Networking,Wi-Fi Router V6,pcs,16,8,8,14,2,6,in_stock
OUT115,,Waypoint Tech,Badulla,Kandy,street,normal,,09:00,17:00,WAY-169,Networking,Wi-Fi Extender V6,pcs,24,6,18,5,10,4,in_stock
OUT115,,Waypoint Tech,Badulla,Kandy,street,normal,,09:00,17:00,WAY-170,Networking,Ethernet Cable 5m V6,pcs,18,5,13,13,0,8,in_stock
OUT115,,Waypoint Tech,Badulla,Kandy,street,normal,,09:00,17:00,WAY-171,Audio,Bluetooth Earbuds V6,pcs,19,1,18,5,0,3,in_stock
OUT115,,Waypoint Tech,Badulla,Kandy,street,normal,,09:00,17:00,WAY-172,Audio,Bluetooth Headphones V6,pcs,2,0,2,15,0,5,low_stock
OUT115,,Waypoint Tech,Badulla,Kandy,street,normal,,09:00,17:00,WAY-173,Audio,Bluetooth Speaker V6,pcs,3,2,1,8,0,3,low_stock
OUT115,,Waypoint Tech,Badulla,Kandy,street,normal,,09:00,17:00,WAY-174,Accessories,Phone Charger V6,pcs,16,7,9,15,10,11,low_stock
OUT115,,Waypoint Tech,Badulla,Kandy,street,normal,,09:00,17:00,WAY-175,Accessories,USB-C Cable V6,pcs,14,1,13,9,10,10,in_stock
OUT115,,Waypoint Tech,Badulla,Kandy,street,normal,,09:00,17:00,WAY-176,Accessories,Lightning Cable V6,pcs,17,7,10,16,10,12,low_stock
OUT115,,Waypoint Tech,Badulla,Kandy,street,normal,,09:00,17:00,WAY-177,Accessories,Power Bank 10000mAh V6,pcs,6,0,6,2,10,6,low_stock
OUT115,,Waypoint Tech,Badulla,Kandy,street,normal,,09:00,17:00,WAY-178,Accessories,Power Bank 20000mAh V6,pcs,7,7,0,12,0,12,out_of_stock
OUT115,,Waypoint Tech,Badulla,Kandy,street,normal,,09:00,17:00,WAY-179,Accessories,Phone Case V6,pcs,4,0,4,5,0,11,low_stock
OUT115,,Waypoint Tech,Badulla,Kandy,street,normal,,09:00,17:00,WAY-180,Accessories,Screen Protector V6,pcs,12,2,10,9,2,8,in_stock
OUT115,,Waypoint Tech,Badulla,Kandy,street,normal,,09:00,17:00,WAY-181,Mobile Phones,Smartphone V7,pcs,12,1,11,15,10,4,in_stock
OUT115,,Waypoint Tech,Badulla,Kandy,street,normal,,09:00,17:00,WAY-182,Mobile Phones,Feature Phone V7,pcs,16,3,13,16,0,8,in_stock
OUT115,,Waypoint Tech,Badulla,Kandy,street,normal,,09:00,17:00,WAY-183,Tablets,Android Tablet V7,pcs,9,4,5,1,0,7,low_stock
OUT115,,Waypoint Tech,Badulla,Kandy,street,normal,,09:00,17:00,WAY-184,Laptops,Laptop V7,pcs,27,2,25,6,0,7,in_stock
OUT115,,Waypoint Tech,Badulla,Kandy,street,normal,,09:00,17:00,WAY-185,Laptops,Chromebook V7,pcs,4,1,3,11,5,3,low_stock
OUT115,,Waypoint Tech,Badulla,Kandy,street,normal,,09:00,17:00,WAY-186,Computing,Desktop PC V7,pcs,16,3,13,9,5,8,in_stock
OUT115,,Waypoint Tech,Badulla,Kandy,street,normal,,09:00,17:00,WAY-187,Computing,Monitor 24-inch V7,pcs,3,1,2,10,0,5,low_stock
OUT115,,Waypoint Tech,Badulla,Kandy,street,normal,,09:00,17:00,WAY-188,Computing,Monitor 27-inch V7,pcs,28,5,23,16,0,11,in_stock
OUT115,,Waypoint Tech,Badulla,Kandy,street,normal,,09:00,17:00,WAY-189,Computing,Keyboard V7,pcs,7,1,6,9,10,12,low_stock
OUT115,,Waypoint Tech,Badulla,Kandy,street,normal,,09:00,17:00,WAY-190,Computing,Wireless Mouse V7,pcs,19,8,11,10,0,5,in_stock
OUT115,,Waypoint Tech,Badulla,Kandy,street,normal,,09:00,17:00,WAY-191,Computing,Webcam V7,pcs,3,2,1,4,0,8,low_stock
OUT115,,Waypoint Tech,Badulla,Kandy,street,normal,,09:00,17:00,WAY-192,Computing,USB-C Hub V7,pcs,6,6,0,3,5,9,out_of_stock
OUT115,,Waypoint Tech,Badulla,Kandy,street,normal,,09:00,17:00,WAY-193,Computing,Laptop Stand V7,pcs,8,6,2,5,0,5,low_stock
OUT115,,Waypoint Tech,Badulla,Kandy,street,normal,,09:00,17:00,WAY-194,Storage,USB Flash Drive 64GB V7,pcs,10,4,6,9,5,11,low_stock
OUT115,,Waypoint Tech,Badulla,Kandy,street,normal,,09:00,17:00,WAY-195,Storage,USB Flash Drive 128GB V7,pcs,20,0,20,10,0,11,in_stock
OUT115,,Waypoint Tech,Badulla,Kandy,street,normal,,09:00,17:00,WAY-196,Storage,External SSD 1TB V7,pcs,16,3,13,10,10,3,in_stock
OUT115,,Waypoint Tech,Badulla,Kandy,street,normal,,09:00,17:00,WAY-197,Storage,MicroSD 128GB V7,pcs,11,5,6,7,5,11,low_stock
OUT115,,Waypoint Tech,Badulla,Kandy,street,normal,,09:00,17:00,WAY-198,Networking,Wi-Fi Router V7,pcs,6,6,0,0,2,9,out_of_stock
OUT115,,Waypoint Tech,Badulla,Kandy,street,normal,,09:00,17:00,WAY-199,Networking,Wi-Fi Extender V7,pcs,25,1,24,15,10,5,in_stock
OUT115,,Waypoint Tech,Badulla,Kandy,street,normal,,09:00,17:00,WAY-200,Networking,Ethernet Cable 5m V7,pcs,5,0,5,10,2,7,low_stock
